solid ASCII
  facet normal -1.184988e-05 1.459610e-02 9.998935e-01
    outer loop
      vertex   -2.625006e-03 -1.856526e-02 5.437312e-02
      vertex   -2.625006e-03 2.815094e-03 5.406102e-02
      vertex   -3.426732e-03 -1.785582e-02 5.436276e-02
    endloop
  endfacet
  facet normal -1.477941e-05 1.459621e-02 9.998935e-01
    outer loop
      vertex   -3.426732e-03 -1.785582e-02 5.436276e-02
      vertex   -2.625006e-03 2.815094e-03 5.406102e-02
      vertex   -4.173446e-03 1.347426e-03 5.408242e-02
    endloop
  endfacet
  facet normal -1.046456e-05 1.459638e-02 9.998935e-01
    outer loop
      vertex   -3.426732e-03 -1.785582e-02 5.436276e-02
      vertex   -4.173446e-03 1.347426e-03 5.408242e-02
      vertex   -4.054281e-03 -1.746774e-02 5.435709e-02
    endloop
  endfacet
  facet normal 1.041781e-06 1.459645e-02 9.998935e-01
    outer loop
      vertex   -4.054281e-03 -1.746774e-02 5.435709e-02
      vertex   -4.173446e-03 1.347426e-03 5.408242e-02
      vertex   -4.824038e-03 -1.612372e-02 5.433747e-02
    endloop
  endfacet
  facet normal 1.861907e-05 1.459580e-02 9.998935e-01
    outer loop
      vertex   -4.824038e-03 -1.612372e-02 5.433747e-02
      vertex   -4.173446e-03 1.347426e-03 5.408242e-02
      vertex   -4.719480e-03 7.027133e-04 5.409184e-02
    endloop
  endfacet
  facet normal -9.371537e-06 1.459597e-02 9.998935e-01
    outer loop
      vertex   -4.824038e-03 -1.612372e-02 5.433747e-02
      vertex   -4.719480e-03 7.027133e-04 5.409184e-02
      vertex   -5.094134e-03 4.290807e-05 5.410147e-02
    endloop
  endfacet
  facet normal -1.369514e-06 1.459672e-02 9.998935e-01
    outer loop
      vertex   -5.465543e-03 -8.551297e-04 5.411458e-02
      vertex   -5.321435e-03 -1.520670e-02 5.432409e-02
      vertex   -5.094134e-03 4.290807e-05 5.410147e-02
    endloop
  endfacet
  facet normal 4.095446e-05 1.459609e-02 9.998935e-01
    outer loop
      vertex   -5.094134e-03 4.290807e-05 5.410147e-02
      vertex   -5.321435e-03 -1.520670e-02 5.432409e-02
      vertex   -5.061611e-03 -1.580421e-02 5.433280e-02
    endloop
  endfacet
  facet normal -8.160645e-06 1.459599e-02 9.998935e-01
    outer loop
      vertex   -5.094134e-03 4.290807e-05 5.410147e-02
      vertex   -5.061611e-03 -1.580421e-02 5.433280e-02
      vertex   -4.824038e-03 -1.612372e-02 5.433747e-02
    endloop
  endfacet
  facet normal -1.139890e-06 1.459672e-02 9.998935e-01
    outer loop
      vertex   -5.321435e-03 -1.520670e-02 5.432409e-02
      vertex   -5.465543e-03 -8.551297e-04 5.411458e-02
      vertex   -6.051451e-03 -1.318338e-02 5.429455e-02
    endloop
  endfacet
  facet normal -8.745401e-06 1.459709e-02 9.998935e-01
    outer loop
      vertex   -6.051451e-03 -1.318338e-02 5.429455e-02
      vertex   -5.465543e-03 -8.551297e-04 5.411458e-02
      vertex   -6.036950e-03 -1.973546e-03 5.413090e-02
    endloop
  endfacet
  facet normal 3.095531e-05 1.459703e-02 9.998935e-01
    outer loop
      vertex   -6.051451e-03 -1.318338e-02 5.429455e-02
      vertex   -6.036950e-03 -1.973546e-03 5.413090e-02
      vertex   -6.314766e-03 -3.305770e-03 5.415036e-02
    endloop
  endfacet
  facet normal -3.189515e-05 1.459967e-02 9.998934e-01
    outer loop
      vertex   -6.731853e-03 -4.972970e-03 5.417469e-02
      vertex   -6.759146e-03 -6.965765e-03 5.420379e-02
      vertex   -6.314766e-03 -3.305770e-03 5.415036e-02
    endloop
  endfacet
  facet normal 2.792238e-06 1.459546e-02 9.998935e-01
    outer loop
      vertex   -6.314766e-03 -3.305770e-03 5.415036e-02
      vertex   -6.759146e-03 -6.965765e-03 5.420379e-02
      vertex   -6.399635e-03 -1.136819e-02 5.426805e-02
    endloop
  endfacet
  facet normal -1.930076e-05 1.459570e-02 9.998935e-01
    outer loop
      vertex   -6.314766e-03 -3.305770e-03 5.415036e-02
      vertex   -6.399635e-03 -1.136819e-02 5.426805e-02
      vertex   -6.051451e-03 -1.318338e-02 5.429455e-02
    endloop
  endfacet
  facet normal 2.703343e-05 1.459744e-02 9.998935e-01
    outer loop
      vertex   -6.759146e-03 -6.965765e-03 5.420379e-02
      vertex   -6.812121e-03 -8.903589e-03 5.423208e-02
      vertex   -6.399635e-03 -1.136819e-02 5.426805e-02
    endloop
  endfacet
  facet normal -2.342560e-05 1.459634e-02 9.998935e-01
    outer loop
      vertex   2.624994e-03 -1.856527e-02 5.437310e-02
      vertex   3.426732e-03 -1.785582e-02 5.436276e-02
      vertex   2.624994e-03 2.815111e-03 5.406099e-02
    endloop
  endfacet
  facet normal -5.948754e-06 1.459702e-02 9.998935e-01
    outer loop
      vertex   2.624994e-03 2.815111e-03 5.406099e-02
      vertex   3.426732e-03 -1.785582e-02 5.436276e-02
      vertex   4.173446e-03 1.347426e-03 5.408242e-02
    endloop
  endfacet
  facet normal 1.046456e-05 1.459638e-02 9.998935e-01
    outer loop
      vertex   4.173446e-03 1.347426e-03 5.408242e-02
      vertex   3.426732e-03 -1.785582e-02 5.436276e-02
      vertex   4.054281e-03 -1.746774e-02 5.435709e-02
    endloop
  endfacet
  facet normal -1.041781e-06 1.459645e-02 9.998935e-01
    outer loop
      vertex   4.173446e-03 1.347426e-03 5.408242e-02
      vertex   4.054281e-03 -1.746774e-02 5.435709e-02
      vertex   4.824038e-03 -1.612372e-02 5.433747e-02
    endloop
  endfacet
  facet normal 8.160645e-06 1.459599e-02 9.998935e-01
    outer loop
      vertex   5.061611e-03 -1.580421e-02 5.433280e-02
      vertex   5.094134e-03 4.290807e-05 5.410147e-02
      vertex   4.824038e-03 -1.612372e-02 5.433747e-02
    endloop
  endfacet
  facet normal 9.371537e-06 1.459597e-02 9.998935e-01
    outer loop
      vertex   4.824038e-03 -1.612372e-02 5.433747e-02
      vertex   5.094134e-03 4.290807e-05 5.410147e-02
      vertex   4.719480e-03 7.027133e-04 5.409184e-02
    endloop
  endfacet
  facet normal -1.861907e-05 1.459580e-02 9.998935e-01
    outer loop
      vertex   4.824038e-03 -1.612372e-02 5.433747e-02
      vertex   4.719480e-03 7.027133e-04 5.409184e-02
      vertex   4.173446e-03 1.347426e-03 5.408242e-02
    endloop
  endfacet
  facet normal -4.095446e-05 1.459609e-02 9.998935e-01
    outer loop
      vertex   5.061611e-03 -1.580421e-02 5.433280e-02
      vertex   5.321435e-03 -1.520670e-02 5.432409e-02
      vertex   5.094134e-03 4.290807e-05 5.410147e-02
    endloop
  endfacet
  facet normal 1.369514e-06 1.459672e-02 9.998935e-01
    outer loop
      vertex   5.094134e-03 4.290807e-05 5.410147e-02
      vertex   5.321435e-03 -1.520670e-02 5.432409e-02
      vertex   5.465543e-03 -8.551297e-04 5.411458e-02
    endloop
  endfacet
  facet normal 1.139890e-06 1.459672e-02 9.998935e-01
    outer loop
      vertex   5.465543e-03 -8.551297e-04 5.411458e-02
      vertex   5.321435e-03 -1.520670e-02 5.432409e-02
      vertex   6.051451e-03 -1.318338e-02 5.429455e-02
    endloop
  endfacet
  facet normal 8.745401e-06 1.459709e-02 9.998935e-01
    outer loop
      vertex   5.465543e-03 -8.551297e-04 5.411458e-02
      vertex   6.051451e-03 -1.318338e-02 5.429455e-02
      vertex   6.036950e-03 -1.973546e-03 5.413090e-02
    endloop
  endfacet
  facet normal -3.095531e-05 1.459703e-02 9.998935e-01
    outer loop
      vertex   6.036950e-03 -1.973546e-03 5.413090e-02
      vertex   6.051451e-03 -1.318338e-02 5.429455e-02
      vertex   6.314766e-03 -3.305770e-03 5.415036e-02
    endloop
  endfacet
  facet normal 1.930076e-05 1.459570e-02 9.998935e-01
    outer loop
      vertex   6.314766e-03 -3.305770e-03 5.415036e-02
      vertex   6.051451e-03 -1.318338e-02 5.429455e-02
      vertex   6.399635e-03 -1.136819e-02 5.426805e-02
    endloop
  endfacet
  facet normal -2.792238e-06 1.459546e-02 9.998935e-01
    outer loop
      vertex   6.314766e-03 -3.305770e-03 5.415036e-02
      vertex   6.399635e-03 -1.136819e-02 5.426805e-02
      vertex   6.759146e-03 -6.965765e-03 5.420379e-02
    endloop
  endfacet
  facet normal -2.703343e-05 1.459744e-02 9.998935e-01
    outer loop
      vertex   6.759146e-03 -6.965765e-03 5.420379e-02
      vertex   6.399635e-03 -1.136819e-02 5.426805e-02
      vertex   6.812121e-03 -8.903589e-03 5.423208e-02
    endloop
  endfacet
  facet normal 3.189515e-05 1.459967e-02 9.998934e-01
    outer loop
      vertex   6.759146e-03 -6.965765e-03 5.420379e-02
      vertex   6.731853e-03 -4.972970e-03 5.417469e-02
      vertex   6.314766e-03 -3.305770e-03 5.415036e-02
    endloop
  endfacet
  facet normal 8.760507e-01 -3.977018e-01 -2.727058e-01
    outer loop
      vertex   1.115310e-02 -4.238506e-03 -7.470707e-02
      vertex   9.716880e-03 -7.679746e-03 -7.430229e-02
      vertex   9.569070e-03 -6.489151e-03 -7.651343e-02
    endloop
  endfacet
  facet normal 8.765980e-01 -3.803353e-01 -2.948236e-01
    outer loop
      vertex   1.115310e-02 -4.238506e-03 -7.470707e-02
      vertex   9.569070e-03 -6.489151e-03 -7.651343e-02
      vertex   1.058720e-02 -3.634486e-03 -7.716888e-02
    endloop
  endfacet
  facet normal 9.673474e-01 2.530405e-01 1.447176e-02
    outer loop
      vertex   1.270117e-02 9.750929e-03 -6.791255e-02
      vertex   1.247252e-02 1.083698e-02 -7.161771e-02
      vertex   1.148509e-02 1.451758e-02 -6.997070e-02
    endloop
  endfacet
  facet normal 9.620104e-01 2.679739e-01 5.221094e-02
    outer loop
      vertex   1.270117e-02 9.750929e-03 -6.791255e-02
      vertex   1.148509e-02 1.451758e-02 -6.997070e-02
      vertex   1.168461e-02 1.307887e-02 -6.626264e-02
    endloop
  endfacet
  facet normal 4.036673e-01 8.525336e-01 3.320229e-01
    outer loop
      vertex   2.414115e-03 2.006248e-02 -6.770346e-02
      vertex   7.487595e-03 1.799149e-02 -6.855404e-02
      vertex   7.515405e-03 1.913073e-02 -7.151305e-02
    endloop
  endfacet
  facet normal 3.560490e-01 8.984219e-01 2.570355e-01
    outer loop
      vertex   2.414115e-03 2.006248e-02 -6.770346e-02
      vertex   7.515405e-03 1.913073e-02 -7.151305e-02
      vertex   2.428155e-03 2.085403e-02 -7.048964e-02
    endloop
  endfacet
  facet normal 4.400642e-01 8.198930e-01 3.662225e-01
    outer loop
      vertex   7.568580e-03 1.624482e-02 -6.501633e-02
      vertex   9.749370e-03 1.511232e-02 -6.510141e-02
      vertex   9.599205e-03 1.683571e-02 -6.877927e-02
    endloop
  endfacet
  facet normal 4.748760e-01 7.933788e-01 3.808448e-01
    outer loop
      vertex   7.568580e-03 1.624482e-02 -6.501633e-02
      vertex   9.599205e-03 1.683571e-02 -6.877927e-02
      vertex   7.487595e-03 1.799149e-02 -6.855404e-02
    endloop
  endfacet
  facet normal 4.801984e-01 8.132839e-01 3.286013e-01
    outer loop
      vertex   7.487595e-03 1.799149e-02 -6.855404e-02
      vertex   9.599205e-03 1.683571e-02 -6.877927e-02
      vertex   9.279465e-03 1.807311e-02 -7.137456e-02
    endloop
  endfacet
  facet normal 4.682577e-01 8.231046e-01 3.212996e-01
    outer loop
      vertex   7.487595e-03 1.799149e-02 -6.855404e-02
      vertex   9.279465e-03 1.807311e-02 -7.137456e-02
      vertex   7.515405e-03 1.913073e-02 -7.151305e-02
    endloop
  endfacet
  facet normal 4.798034e-02 -1.456723e-01 -9.881687e-01
    outer loop
      vertex   2.717250e-03 -9.751396e-03 -7.737324e-02
      vertex   2.662425e-03 -5.346646e-03 -7.802523e-02
      vertex   8.845980e-03 -4.064776e-03 -7.791396e-02
    endloop
  endfacet
  facet normal 1.398333e-01 -2.420020e-01 -9.601467e-01
    outer loop
      vertex   2.717250e-03 -9.751396e-03 -7.737324e-02
      vertex   8.845980e-03 -4.064776e-03 -7.791396e-02
      vertex   8.196360e-03 -7.562881e-03 -7.712688e-02
    endloop
  endfacet
  facet normal 9.293078e-01 3.265213e-01 -1.725425e-01
    outer loop
      vertex   1.148509e-02 1.451758e-02 -6.997070e-02
      vertex   1.247252e-02 1.083698e-02 -7.161771e-02
      vertex   1.166841e-02 1.162320e-02 -7.446074e-02
    endloop
  endfacet
  facet normal 9.487246e-01 2.819122e-01 -1.429936e-01
    outer loop
      vertex   1.148509e-02 1.451758e-02 -6.997070e-02
      vertex   1.166841e-02 1.162320e-02 -7.446074e-02
      vertex   1.067677e-02 1.576689e-02 -7.287068e-02
    endloop
  endfacet
  facet normal 9.961496e-01 6.815616e-02 -5.514322e-02
    outer loop
      vertex   1.299564e-02 4.121159e-03 -7.046823e-02
      vertex   1.275959e-02 4.822079e-03 -7.386617e-02
      vertex   1.247252e-02 1.083698e-02 -7.161771e-02
    endloop
  endfacet
  facet normal 9.966663e-01 7.065159e-02 -4.079888e-02
    outer loop
      vertex   1.299564e-02 4.121159e-03 -7.046823e-02
      vertex   1.247252e-02 1.083698e-02 -7.161771e-02
      vertex   1.270117e-02 9.750929e-03 -6.791255e-02
    endloop
  endfacet
  facet normal 9.494839e-01 1.486324e-01 -2.763851e-01
    outer loop
      vertex   1.247252e-02 1.083698e-02 -7.161771e-02
      vertex   1.275959e-02 4.822079e-03 -7.386617e-02
      vertex   1.198445e-02 5.295704e-03 -7.627436e-02
    endloop
  endfacet
  facet normal 9.636485e-01 1.169790e-01 -2.402031e-01
    outer loop
      vertex   1.247252e-02 1.083698e-02 -7.161771e-02
      vertex   1.198445e-02 5.295704e-03 -7.627436e-02
      vertex   1.166841e-02 1.162320e-02 -7.446074e-02
    endloop
  endfacet
  facet normal 9.828839e-01 -1.670638e-01 -7.764592e-02
    outer loop
      vertex   1.134565e-02 -4.864531e-03 -7.092264e-02
      vertex   1.115310e-02 -4.238506e-03 -7.470707e-02
      vertex   1.275959e-02 4.822079e-03 -7.386617e-02
    endloop
  endfacet
  facet normal 9.791412e-01 -1.745329e-01 -1.040231e-01
    outer loop
      vertex   1.134565e-02 -4.864531e-03 -7.092264e-02
      vertex   1.275959e-02 4.822079e-03 -7.386617e-02
      vertex   1.299564e-02 4.121159e-03 -7.046823e-02
    endloop
  endfacet
  facet normal 9.557682e-01 -1.457528e-01 -2.554666e-01
    outer loop
      vertex   1.275959e-02 4.822079e-03 -7.386617e-02
      vertex   1.115310e-02 -4.238506e-03 -7.470707e-02
      vertex   1.058720e-02 -3.634486e-03 -7.716888e-02
    endloop
  endfacet
  facet normal 9.388769e-01 -1.143755e-01 -3.246974e-01
    outer loop
      vertex   1.275959e-02 4.822079e-03 -7.386617e-02
      vertex   1.058720e-02 -3.634486e-03 -7.716888e-02
      vertex   1.198445e-02 5.295704e-03 -7.627436e-02
    endloop
  endfacet
  facet normal 9.782237e-01 -1.727265e-01 1.150822e-01
    outer loop
      vertex   8.233425e-03 -1.424142e-02 4.378959e-02
      vertex   8.739270e-03 -1.433591e-02 3.934798e-02
      vertex   9.742785e-03 -8.251456e-03 3.995002e-02
    endloop
  endfacet
  facet normal 9.781184e-01 -1.665290e-01 1.247093e-01
    outer loop
      vertex   8.233425e-03 -1.424142e-02 4.378959e-02
      vertex   9.742785e-03 -8.251456e-03 3.995002e-02
      vertex   9.155085e-03 -8.342791e-03 4.443750e-02
    endloop
  endfacet
  facet normal 5.347037e-01 8.408041e-01 8.450031e-02
    outer loop
      vertex   1.667865e-03 4.429214e-03 4.810447e-02
      vertex   4.776750e-03 2.502360e-03 4.760477e-02
      vertex   5.020575e-03 2.719934e-03 4.389695e-02
    endloop
  endfacet
  facet normal 4.749482e-01 8.797618e-01 2.105862e-02
    outer loop
      vertex   1.667865e-03 4.429214e-03 4.810447e-02
      vertex   5.020575e-03 2.719934e-03 4.389695e-02
      vertex   1.714755e-03 4.491165e-03 4.445883e-02
    endloop
  endfacet
  facet normal 9.801968e-01 -1.714669e-01 9.906264e-02
    outer loop
      vertex   9.742785e-03 -8.251456e-03 3.995002e-02
      vertex   8.739270e-03 -1.433591e-02 3.934798e-02
      vertex   9.231960e-03 -1.443290e-02 3.430507e-02
    endloop
  endfacet
  facet normal 9.781933e-01 -1.782263e-01 1.066457e-01
    outer loop
      vertex   9.742785e-03 -8.251456e-03 3.995002e-02
      vertex   9.231960e-03 -1.443290e-02 3.430507e-02
      vertex   1.034151e-02 -8.030281e-03 3.482793e-02
    endloop
  endfacet
  facet normal 9.741090e-01 -2.037978e-01 9.786768e-02
    outer loop
      vertex   1.036209e-02 -1.467629e-02 2.324901e-02
      vertex   1.090213e-02 -1.479894e-02 1.761835e-02
      vertex   1.256330e-02 -6.600991e-03 1.815553e-02
    endloop
  endfacet
  facet normal 9.743931e-01 -1.950830e-01 1.118071e-01
    outer loop
      vertex   1.036209e-02 -1.467629e-02 2.324901e-02
      vertex   1.256330e-02 -6.600991e-03 1.815553e-02
      vertex   1.181861e-02 -7.103836e-03 2.376810e-02
    endloop
  endfacet
  facet normal 9.766443e-01 -2.025890e-01 7.157971e-02
    outer loop
      vertex   1.256330e-02 -6.600991e-03 1.815553e-02
      vertex   1.090213e-02 -1.479894e-02 1.761835e-02
      vertex   1.129770e-02 -1.481334e-02 1.218045e-02
    endloop
  endfacet
  facet normal 9.740518e-01 -2.105363e-01 8.305191e-02
    outer loop
      vertex   1.256330e-02 -6.600991e-03 1.815553e-02
      vertex   1.129770e-02 -1.481334e-02 1.218045e-02
      vertex   1.312758e-02 -6.131716e-03 1.272708e-02
    endloop
  endfacet
  facet normal 9.768986e-01 -2.135017e-01 -9.276712e-03
    outer loop
      vertex   1.151985e-02 -1.434855e-02 2.154389e-03
      vertex   1.154204e-02 -1.403517e-02 -2.721781e-03
      vertex   1.354308e-02 -4.902016e-03 -2.196451e-03
    endloop
  endfacet
  facet normal 9.772120e-01 -2.121737e-01 -6.247655e-03
    outer loop
      vertex   1.151985e-02 -1.434855e-02 2.154389e-03
      vertex   1.354308e-02 -4.902016e-03 -2.196451e-03
      vertex   1.349006e-02 -5.290201e-03 2.693129e-03
    endloop
  endfacet
  facet normal 9.769030e-01 -2.133469e-01 -1.198445e-02
    outer loop
      vertex   1.354308e-02 -4.902016e-03 -2.196451e-03
      vertex   1.154204e-02 -1.403517e-02 -2.721781e-03
      vertex   1.155950e-02 -1.368341e-02 -7.560646e-03
    endloop
  endfacet
  facet normal 9.765892e-01 -2.149114e-01 -9.307402e-03
    outer loop
      vertex   1.354308e-02 -4.902016e-03 -2.196451e-03
      vertex   1.155950e-02 -1.368341e-02 -7.560646e-03
      vertex   1.358295e-02 -4.510246e-03 -7.059166e-03
    endloop
  endfacet
  facet normal 9.758389e-01 -2.170590e-01 -2.497715e-02
    outer loop
      vertex   1.157569e-02 -1.277429e-02 -1.704309e-02
      vertex   1.157837e-02 -1.220456e-02 -2.188989e-02
      vertex   1.361088e-02 -3.106231e-03 -2.154825e-02
    endloop
  endfacet
  facet normal 9.759030e-01 -2.168298e-01 -2.445618e-02
    outer loop
      vertex   1.157569e-02 -1.277429e-02 -1.704309e-02
      vertex   1.361088e-02 -3.106231e-03 -2.154825e-02
      vertex   1.361665e-02 -3.634621e-03 -1.663307e-02
    endloop
  endfacet
  facet normal 9.757643e-01 -2.168903e-01 -2.902695e-02
    outer loop
      vertex   1.361088e-02 -3.106231e-03 -2.154825e-02
      vertex   1.157837e-02 -1.220456e-02 -2.188989e-02
      vertex   1.157615e-02 -1.142139e-02 -2.781635e-02
    endloop
  endfacet
  facet normal 9.760581e-01 -2.152453e-01 -3.130448e-02
    outer loop
      vertex   1.361088e-02 -3.106231e-03 -2.154825e-02
      vertex   1.157615e-02 -1.142139e-02 -2.781635e-02
      vertex   1.357340e-02 -2.398261e-03 -2.758488e-02
    endloop
  endfacet
  facet normal 9.769348e-01 -2.112613e-01 -3.109804e-02
    outer loop
      vertex   1.157615e-02 -1.142139e-02 -2.781635e-02
      vertex   1.156718e-02 -1.034838e-02 -3.538752e-02
      vertex   1.349360e-02 -1.450336e-03 -3.531761e-02
    endloop
  endfacet
  facet normal 9.759160e-01 -2.150822e-01 -3.643733e-02
    outer loop
      vertex   1.157615e-02 -1.142139e-02 -2.781635e-02
      vertex   1.349360e-02 -1.450336e-03 -3.531761e-02
      vertex   1.357340e-02 -2.398261e-03 -2.758488e-02
    endloop
  endfacet
  facet normal 9.768851e-01 -2.112374e-01 -3.277601e-02
    outer loop
      vertex   1.349360e-02 -1.450336e-03 -3.531761e-02
      vertex   1.156718e-02 -1.034838e-02 -3.538752e-02
      vertex   1.155367e-02 -9.243211e-03 -4.291259e-02
    endloop
  endfacet
  facet normal 9.778043e-01 -2.059683e-01 -3.841720e-02
    outer loop
      vertex   1.349360e-02 -1.450336e-03 -3.531761e-02
      vertex   1.155367e-02 -9.243211e-03 -4.291259e-02
      vertex   1.339829e-02 -4.741660e-04 -4.297707e-02
    endloop
  endfacet
  facet normal 9.800179e-01 -1.964431e-01 -3.122552e-02
    outer loop
      vertex   1.153124e-02 -7.639711e-03 -5.334567e-02
      vertex   1.152965e-02 -6.940096e-03 -5.779692e-02
      vertex   1.326224e-02 1.704210e-03 -5.780156e-02
    endloop
  endfacet
  facet normal 9.796581e-01 -1.977533e-01 -3.411271e-02
    outer loop
      vertex   1.153124e-02 -7.639711e-03 -5.334567e-02
      vertex   1.326224e-02 1.704210e-03 -5.780156e-02
      vertex   1.327424e-02 1.005749e-03 -5.340792e-02
    endloop
  endfacet
  facet normal 9.798990e-01 -1.964213e-01 -3.488041e-02
    outer loop
      vertex   1.326224e-02 1.704210e-03 -5.780156e-02
      vertex   1.152965e-02 -6.940096e-03 -5.779692e-02
      vertex   1.151130e-02 -6.239851e-03 -6.225557e-02
    endloop
  endfacet
  facet normal 9.802652e-01 -1.935783e-01 -4.009506e-02
    outer loop
      vertex   1.326224e-02 1.704210e-03 -5.780156e-02
      vertex   1.151130e-02 -6.239851e-03 -6.225557e-02
      vertex   1.323384e-02 2.466869e-03 -6.217788e-02
    endloop
  endfacet
  facet normal 9.913591e-01 1.626584e-02 1.301638e-01
    outer loop
      vertex   9.155085e-03 -8.342791e-03 4.443750e-02
      vertex   9.742785e-03 -8.251456e-03 3.995002e-02
      vertex   9.625530e-03 -3.830746e-03 4.029063e-02
    endloop
  endfacet
  facet normal 9.915671e-01 1.492800e-02 1.287318e-01
    outer loop
      vertex   9.155085e-03 -8.342791e-03 4.443750e-02
      vertex   9.625530e-03 -3.830746e-03 4.029063e-02
      vertex   9.054855e-03 -4.008736e-03 4.470695e-02
    endloop
  endfacet
  facet normal 9.930016e-01 1.733742e-02 1.168212e-01
    outer loop
      vertex   9.625530e-03 -3.830746e-03 4.029063e-02
      vertex   9.742785e-03 -8.251456e-03 3.995002e-02
      vertex   1.034151e-02 -8.030281e-03 3.482793e-02
    endloop
  endfacet
  facet normal 9.934073e-01 2.338049e-02 1.122287e-01
    outer loop
      vertex   9.625530e-03 -3.830746e-03 4.029063e-02
      vertex   1.034151e-02 -8.030281e-03 3.482793e-02
      vertex   1.018143e-02 -3.429646e-03 3.528645e-02
    endloop
  endfacet
  facet normal 9.889832e-01 5.756097e-02 1.363780e-01
    outer loop
      vertex   1.181861e-02 -7.103836e-03 2.376810e-02
      vertex   1.256330e-02 -6.600991e-03 1.815553e-02
      vertex   1.206612e-02 -6.838805e-04 1.926351e-02
    endloop
  endfacet
  facet normal 9.915416e-01 4.673133e-02 1.210841e-01
    outer loop
      vertex   1.181861e-02 -7.103836e-03 2.376810e-02
      vertex   1.206612e-02 -6.838805e-04 1.926351e-02
      vertex   1.146029e-02 -1.716781e-03 2.462325e-02
    endloop
  endfacet
  facet normal 9.920881e-01 6.302783e-02 1.085756e-01
    outer loop
      vertex   1.206612e-02 -6.838805e-04 1.926351e-02
      vertex   1.256330e-02 -6.600991e-03 1.815553e-02
      vertex   1.312758e-02 -6.131716e-03 1.272708e-02
    endloop
  endfacet
  facet normal 9.922919e-01 7.474571e-02 9.884238e-02
    outer loop
      vertex   1.206612e-02 -6.838805e-04 1.926351e-02
      vertex   1.312758e-02 -6.131716e-03 1.272708e-02
      vertex   1.251511e-02 2.388141e-04 1.405824e-02
    endloop
  endfacet
  facet normal 9.952939e-01 9.514967e-02 1.834691e-02
    outer loop
      vertex   1.349006e-02 -5.290201e-03 2.693129e-03
      vertex   1.354308e-02 -4.902016e-03 -2.196451e-03
      vertex   1.286226e-02 1.903605e-03 -5.578360e-04
    endloop
  endfacet
  facet normal 9.952258e-01 9.564190e-02 1.944926e-02
    outer loop
      vertex   1.349006e-02 -5.290201e-03 2.693129e-03
      vertex   1.286226e-02 1.903605e-03 -5.578360e-04
      vertex   1.281186e-02 1.448819e-03 4.257509e-03
    endloop
  endfacet
  facet normal 9.952794e-01 9.574362e-02 1.587409e-02
    outer loop
      vertex   1.286226e-02 1.903605e-03 -5.578360e-04
      vertex   1.354308e-02 -4.902016e-03 -2.196451e-03
      vertex   1.358295e-02 -4.510246e-03 -7.059166e-03
    endloop
  endfacet
  facet normal 9.952467e-01 9.614867e-02 1.547086e-02
    outer loop
      vertex   1.286226e-02 1.903605e-03 -5.578360e-04
      vertex   1.358295e-02 -4.510246e-03 -7.059166e-03
      vertex   1.289641e-02 2.321385e-03 -5.351371e-03
    endloop
  endfacet
  facet normal 9.951957e-01 9.746205e-02 9.308009e-03
    outer loop
      vertex   1.361665e-02 -3.634621e-03 -1.663307e-02
      vertex   1.361088e-02 -3.106231e-03 -2.154825e-02
      vertex   1.294446e-02 3.523889e-03 -1.971830e-02
    endloop
  endfacet
  facet normal 9.949653e-01 9.929242e-02 1.360515e-02
    outer loop
      vertex   1.361665e-02 -3.634621e-03 -1.663307e-02
      vertex   1.294446e-02 3.523889e-03 -1.971830e-02
      vertex   1.291870e-02 3.110025e-03 -1.481436e-02
    endloop
  endfacet
  facet normal 9.951186e-01 9.853915e-02 5.377476e-03
    outer loop
      vertex   1.294446e-02 3.523889e-03 -1.971830e-02
      vertex   1.361088e-02 -3.106231e-03 -2.154825e-02
      vertex   1.357340e-02 -2.398261e-03 -2.758488e-02
    endloop
  endfacet
  facet normal 9.957904e-01 9.098210e-02 1.112031e-02
    outer loop
      vertex   1.294446e-02 3.523889e-03 -1.971830e-02
      vertex   1.357340e-02 -2.398261e-03 -2.758488e-02
      vertex   1.297090e-02 3.977864e-03 -2.580060e-02
    endloop
  endfacet
  facet normal 9.962642e-01 8.635754e-02 3.050274e-04
    outer loop
      vertex   1.357340e-02 -2.398261e-03 -2.758488e-02
      vertex   1.349360e-02 -1.450336e-03 -3.531761e-02
      vertex   1.297930e-02 4.476869e-03 -3.363747e-02
    endloop
  endfacet
  facet normal 9.957213e-01 9.214692e-02 6.934471e-03
    outer loop
      vertex   1.357340e-02 -2.398261e-03 -2.758488e-02
      vertex   1.297930e-02 4.476869e-03 -3.363747e-02
      vertex   1.297090e-02 3.977864e-03 -2.580060e-02
    endloop
  endfacet
  facet normal 9.962233e-01 8.681800e-02 -1.331890e-03
    outer loop
      vertex   1.297930e-02 4.476869e-03 -3.363747e-02
      vertex   1.349360e-02 -1.450336e-03 -3.531761e-02
      vertex   1.339829e-02 -4.741660e-04 -4.297707e-02
    endloop
  endfacet
  facet normal 9.969764e-01 7.762198e-02 3.576818e-03
    outer loop
      vertex   1.297930e-02 4.476869e-03 -3.363747e-02
      vertex   1.339829e-02 -4.741660e-04 -4.297707e-02
      vertex   1.296876e-02 4.968884e-03 -4.137620e-02
    endloop
  endfacet
  facet normal 9.976581e-01 6.791985e-02 8.072433e-03
    outer loop
      vertex   1.327424e-02 1.005749e-03 -5.340792e-02
      vertex   1.326224e-02 1.704210e-03 -5.780156e-02
      vertex   1.291821e-02 6.531225e-03 -5.589759e-02
    endloop
  endfacet
  facet normal 9.976447e-01 6.807503e-02 8.418763e-03
    outer loop
      vertex   1.327424e-02 1.005749e-03 -5.340792e-02
      vertex   1.291821e-02 6.531225e-03 -5.589759e-02
      vertex   1.292546e-02 5.902304e-03 -5.167059e-02
    endloop
  endfacet
  facet normal 9.976071e-01 6.891622e-02 5.537172e-03
    outer loop
      vertex   1.291821e-02 6.531225e-03 -5.589759e-02
      vertex   1.326224e-02 1.704210e-03 -5.780156e-02
      vertex   1.323384e-02 2.466869e-03 -6.217788e-02
    endloop
  endfacet
  facet normal 9.978405e-01 6.519959e-02 7.954156e-03
    outer loop
      vertex   1.291821e-02 6.531225e-03 -5.589759e-02
      vertex   1.323384e-02 2.466869e-03 -6.217788e-02
      vertex   1.289458e-02 7.396694e-03 -6.002777e-02
    endloop
  endfacet
  facet normal 9.568897e-01 2.576759e-01 1.340342e-01
    outer loop
      vertex   9.054855e-03 -4.008736e-03 4.470695e-02
      vertex   9.625530e-03 -3.830746e-03 4.029063e-02
      vertex   8.724930e-03 -3.991053e-04 4.012294e-02
    endloop
  endfacet
  facet normal 9.594268e-01 2.509469e-01 1.285529e-01
    outer loop
      vertex   9.054855e-03 -4.008736e-03 4.470695e-02
      vertex   8.724930e-03 -3.991053e-04 4.012294e-02
      vertex   8.207190e-03 -6.550656e-04 4.448664e-02
    endloop
  endfacet
  facet normal 9.578646e-01 2.575906e-01 1.270530e-01
    outer loop
      vertex   8.724930e-03 -3.991053e-04 4.012294e-02
      vertex   9.625530e-03 -3.830746e-03 4.029063e-02
      vertex   1.018143e-02 -3.429646e-03 3.528645e-02
    endloop
  endfacet
  facet normal 9.567488e-01 2.636795e-01 1.229017e-01
    outer loop
      vertex   8.724930e-03 -3.991053e-04 4.012294e-02
      vertex   1.018143e-02 -3.429646e-03 3.528645e-02
      vertex   9.212730e-03 1.011441e-04 3.525232e-02
    endloop
  endfacet
  facet normal 9.473125e-01 2.771986e-01 1.604991e-01
    outer loop
      vertex   1.146029e-02 -1.716781e-03 2.462325e-02
      vertex   1.206612e-02 -6.838805e-04 1.926351e-02
      vertex   1.076145e-02 3.467400e-03 1.979436e-02
    endloop
  endfacet
  facet normal 9.478245e-01 2.761430e-01 1.592917e-01
    outer loop
      vertex   1.146029e-02 -1.716781e-03 2.462325e-02
      vertex   1.076145e-02 3.467400e-03 1.979436e-02
      vertex   1.027115e-02 2.177655e-03 2.494765e-02
    endloop
  endfacet
  facet normal 9.503570e-01 2.818088e-01 1.319295e-01
    outer loop
      vertex   1.076145e-02 3.467400e-03 1.979436e-02
      vertex   1.206612e-02 -6.838805e-04 1.926351e-02
      vertex   1.251511e-02 2.388141e-04 1.405824e-02
    endloop
  endfacet
  facet normal 9.507024e-01 2.801504e-01 1.329686e-01
    outer loop
      vertex   1.076145e-02 3.467400e-03 1.979436e-02
      vertex   1.251511e-02 2.388141e-04 1.405824e-02
      vertex   1.112212e-02 4.626344e-03 1.477383e-02
    endloop
  endfacet
  facet normal 9.561448e-01 2.904911e-01 3.744276e-02
    outer loop
      vertex   1.281186e-02 1.448819e-03 4.257509e-03
      vertex   1.286226e-02 1.903605e-03 -5.578360e-04
      vertex   1.139818e-02 6.591239e-03 4.610839e-04
    endloop
  endfacet
  facet normal 9.556402e-01 2.918751e-01 3.950530e-02
    outer loop
      vertex   1.281186e-02 1.448819e-03 4.257509e-03
      vertex   1.139818e-02 6.591239e-03 4.610839e-04
      vertex   1.135784e-02 6.082455e-03 5.196179e-03
    endloop
  endfacet
  facet normal 9.560031e-01 2.915812e-01 3.222415e-02
    outer loop
      vertex   1.139818e-02 6.591239e-03 4.610839e-04
      vertex   1.286226e-02 1.903605e-03 -5.578360e-04
      vertex   1.289641e-02 2.321385e-03 -5.351371e-03
    endloop
  endfacet
  facet normal 9.542786e-01 2.976687e-01 2.730777e-02
    outer loop
      vertex   1.139818e-02 6.591239e-03 4.610839e-04
      vertex   1.289641e-02 2.321385e-03 -5.351371e-03
      vertex   1.139661e-02 7.027695e-03 -4.241461e-03
    endloop
  endfacet
  facet normal 9.496160e-01 3.118485e-01 3.130553e-02
    outer loop
      vertex   1.291870e-02 3.110025e-03 -1.481436e-02
      vertex   1.294446e-02 3.523889e-03 -1.971830e-02
      vertex   1.140315e-02 8.084534e-03 -1.839513e-02
    endloop
  endfacet
  facet normal 9.474466e-01 3.174097e-01 3.994954e-02
    outer loop
      vertex   1.291870e-02 3.110025e-03 -1.481436e-02
      vertex   1.140315e-02 8.084534e-03 -1.839513e-02
      vertex   1.130948e-02 7.749209e-03 -1.350929e-02
    endloop
  endfacet
  facet normal 9.493940e-01 3.128831e-01 2.748095e-02
    outer loop
      vertex   1.140315e-02 8.084534e-03 -1.839513e-02
      vertex   1.294446e-02 3.523889e-03 -1.971830e-02
      vertex   1.297090e-02 3.977864e-03 -2.580060e-02
    endloop
  endfacet
  facet normal 9.540109e-01 2.974798e-01 3.700014e-02
    outer loop
      vertex   1.140315e-02 8.084534e-03 -1.839513e-02
      vertex   1.297090e-02 3.977864e-03 -2.580060e-02
      vertex   1.154975e-02 8.373764e-03 -2.450034e-02
    endloop
  endfacet
  facet normal 9.538703e-01 2.995457e-01 2.009554e-02
    outer loop
      vertex   1.297090e-02 3.977864e-03 -2.580060e-02
      vertex   1.297930e-02 4.476869e-03 -3.363747e-02
      vertex   1.166414e-02 8.579625e-03 -3.236669e-02
    endloop
  endfacet
  facet normal 9.531512e-01 3.017109e-01 2.175616e-02
    outer loop
      vertex   1.297090e-02 3.977864e-03 -2.580060e-02
      vertex   1.166414e-02 8.579625e-03 -3.236669e-02
      vertex   1.154975e-02 8.373764e-03 -2.450034e-02
    endloop
  endfacet
  facet normal 9.537078e-01 3.002085e-01 1.778743e-02
    outer loop
      vertex   1.166414e-02 8.579625e-03 -3.236669e-02
      vertex   1.297930e-02 4.476869e-03 -3.363747e-02
      vertex   1.296876e-02 4.968884e-03 -4.137620e-02
    endloop
  endfacet
  facet normal 9.514460e-01 3.074717e-01 1.454904e-02
    outer loop
      vertex   1.166414e-02 8.579625e-03 -3.236669e-02
      vertex   1.296876e-02 4.968884e-03 -4.137620e-02
      vertex   1.173909e-02 8.715465e-03 -4.013921e-02
    endloop
  endfacet
  facet normal 9.463254e-01 3.199285e-01 4.597913e-02
    outer loop
      vertex   1.292546e-02 5.902304e-03 -5.167059e-02
      vertex   1.291821e-02 6.531225e-03 -5.589759e-02
      vertex   1.182498e-02 9.589739e-03 -5.467864e-02
    endloop
  endfacet
  facet normal 9.475653e-01 3.168268e-01 4.172329e-02
    outer loop
      vertex   1.292546e-02 5.902304e-03 -5.167059e-02
      vertex   1.182498e-02 9.589739e-03 -5.467864e-02
      vertex   1.181325e-02 9.072854e-03 -5.048729e-02
    endloop
  endfacet
  facet normal 9.473268e-01 3.145054e-01 6.048458e-02
    outer loop
      vertex   1.182498e-02 9.589739e-03 -5.467864e-02
      vertex   1.291821e-02 6.531225e-03 -5.589759e-02
      vertex   1.289458e-02 7.396694e-03 -6.002777e-02
    endloop
  endfacet
  facet normal 9.491923e-01 3.082385e-01 6.342689e-02
    outer loop
      vertex   1.182498e-02 9.589739e-03 -5.467864e-02
      vertex   1.289458e-02 7.396694e-03 -6.002777e-02
      vertex   1.181412e-02 1.045019e-02 -5.869769e-02
    endloop
  endfacet
  facet normal 9.061104e-01 -4.097034e-01 1.053899e-01
    outer loop
      vertex   7.145160e-03 -1.680891e-02 4.343985e-02
      vertex   7.576305e-03 -1.698395e-02 3.905254e-02
      vertex   8.739270e-03 -1.433591e-02 3.934798e-02
    endloop
  endfacet
  facet normal 9.093279e-01 -4.006989e-01 1.120854e-01
    outer loop
      vertex   7.145160e-03 -1.680891e-02 4.343985e-02
      vertex   8.739270e-03 -1.433591e-02 3.934798e-02
      vertex   8.233425e-03 -1.424142e-02 4.378959e-02
    endloop
  endfacet
  facet normal 4.462985e-01 8.839782e-01 1.392843e-01
    outer loop
      vertex   1.752240e-03 4.732980e-03 4.011765e-02
      vertex   5.312190e-03 3.022094e-03 3.956902e-02
      vertex   5.641800e-03 3.604094e-03 3.481917e-02
    endloop
  endfacet
  facet normal 4.130465e-01 9.039672e-01 1.106155e-01
    outer loop
      vertex   1.752240e-03 4.732980e-03 4.011765e-02
      vertex   5.641800e-03 3.604094e-03 3.481917e-02
      vertex   1.783575e-03 5.305304e-03 3.532351e-02
    endloop
  endfacet
  facet normal 5.484240e-01 8.286618e-01 1.120300e-01
    outer loop
      vertex   5.020575e-03 2.719934e-03 4.389695e-02
      vertex   6.705270e-03 1.570305e-03 4.415337e-02
      vertex   7.120125e-03 1.879994e-03 3.983181e-02
    endloop
  endfacet
  facet normal 5.218541e-01 8.478006e-01 9.435286e-02
    outer loop
      vertex   5.020575e-03 2.719934e-03 4.389695e-02
      vertex   7.120125e-03 1.879994e-03 3.983181e-02
      vertex   5.312190e-03 3.022094e-03 3.956902e-02
    endloop
  endfacet
  facet normal 5.132292e-01 8.458658e-01 1.452821e-01
    outer loop
      vertex   5.312190e-03 3.022094e-03 3.956902e-02
      vertex   7.120125e-03 1.879994e-03 3.983181e-02
      vertex   7.522560e-03 2.453099e-03 3.507340e-02
    endloop
  endfacet
  facet normal 5.031149e-01 8.528996e-01 1.394189e-01
    outer loop
      vertex   5.312190e-03 3.022094e-03 3.956902e-02
      vertex   7.522560e-03 2.453099e-03 3.507340e-02
      vertex   5.641800e-03 3.604094e-03 3.481917e-02
    endloop
  endfacet
  facet normal 3.930373e-01 -9.084677e-01 -1.421551e-01
    outer loop
      vertex   2.509620e-03 -1.522217e-02 -5.237597e-02
      vertex   2.536110e-03 -1.452605e-02 -5.675141e-02
      vertex   8.135580e-03 -1.212771e-02 -5.659671e-02
    endloop
  endfacet
  facet normal 3.917869e-01 -9.087166e-01 -1.440043e-01
    outer loop
      vertex   2.509620e-03 -1.522217e-02 -5.237597e-02
      vertex   8.135580e-03 -1.212771e-02 -5.659671e-02
      vertex   8.134590e-03 -1.282229e-02 -5.221640e-02
    endloop
  endfacet
  facet normal 3.467550e-01 8.988329e-01 2.680681e-01
    outer loop
      vertex   1.865685e-03 9.160815e-03 2.038131e-02
      vertex   6.674100e-03 7.448475e-03 1.990294e-02
      vertex   6.924225e-03 8.796704e-03 1.505878e-02
    endloop
  endfacet
  facet normal 3.369090e-01 9.054249e-01 2.582595e-01
    outer loop
      vertex   1.865685e-03 9.160815e-03 2.038131e-02
      vertex   6.924225e-03 8.796704e-03 1.505878e-02
      vertex   1.891590e-03 1.053162e-02 1.554165e-02
    endloop
  endfacet
  facet normal 4.640217e-01 8.396617e-01 2.822269e-01
    outer loop
      vertex   6.342480e-03 5.960069e-03 2.485961e-02
      vertex   8.371935e-03 4.768724e-03 2.506729e-02
      vertex   8.774580e-03 6.222362e-03 2.008053e-02
    endloop
  endfacet
  facet normal 4.655699e-01 8.385592e-01 2.829543e-01
    outer loop
      vertex   6.342480e-03 5.960069e-03 2.485961e-02
      vertex   8.774580e-03 6.222362e-03 2.008053e-02
      vertex   6.674100e-03 7.448475e-03 1.990294e-02
    endloop
  endfacet
  facet normal 4.709911e-01 8.440175e-01 2.565188e-01
    outer loop
      vertex   6.674100e-03 7.448475e-03 1.990294e-02
      vertex   8.774580e-03 6.222362e-03 2.008053e-02
      vertex   9.076845e-03 7.534364e-03 1.520869e-02
    endloop
  endfacet
  facet normal 4.751837e-01 8.410240e-01 2.586100e-01
    outer loop
      vertex   6.674100e-03 7.448475e-03 1.990294e-02
      vertex   9.076845e-03 7.534364e-03 1.520869e-02
      vertex   6.924225e-03 8.796704e-03 1.505878e-02
    endloop
  endfacet
  facet normal 4.392554e-01 8.967531e-01 5.374435e-02
    outer loop
      vertex   5.312190e-03 3.022094e-03 3.956902e-02
      vertex   1.752240e-03 4.732980e-03 4.011765e-02
      vertex   1.714755e-03 4.491165e-03 4.445883e-02
    endloop
  endfacet
  facet normal 4.824902e-01 8.709166e-01 9.331440e-02
    outer loop
      vertex   5.312190e-03 3.022094e-03 3.956902e-02
      vertex   1.714755e-03 4.491165e-03 4.445883e-02
      vertex   5.020575e-03 2.719934e-03 4.389695e-02
    endloop
  endfacet
  facet normal 3.359623e-01 9.373652e-01 9.206398e-02
    outer loop
      vertex   1.975905e-03 1.283490e-02 1.545059e-03
      vertex   7.134600e-03 1.103476e-02 1.048199e-03
      vertex   7.132560e-03 1.149039e-02 -3.583381e-03
    endloop
  endfacet
  facet normal 3.385761e-01 9.361293e-01 9.501619e-02
    outer loop
      vertex   1.975905e-03 1.283490e-02 1.545059e-03
      vertex   7.132560e-03 1.149039e-02 -3.583381e-03
      vertex   2.005680e-03 1.329676e-02 -3.111481e-03
    endloop
  endfacet
  facet normal 5.075062e-01 8.552289e-01 1.049807e-01
    outer loop
      vertex   7.098030e-03 1.047354e-02 5.704229e-03
      vertex   9.280860e-03 9.164204e-03 5.818364e-03
      vertex   9.317205e-03 9.715409e-03 1.152254e-03
    endloop
  endfacet
  facet normal 5.106191e-01 8.531425e-01 1.068458e-01
    outer loop
      vertex   7.098030e-03 1.047354e-02 5.704229e-03
      vertex   9.317205e-03 9.715409e-03 1.152254e-03
      vertex   7.134600e-03 1.103476e-02 1.048199e-03
    endloop
  endfacet
  facet normal 5.127680e-01 8.546765e-01 8.122251e-02
    outer loop
      vertex   7.134600e-03 1.103476e-02 1.048199e-03
      vertex   9.317205e-03 9.715409e-03 1.152254e-03
      vertex   9.292965e-03 1.016968e-02 -3.474901e-03
    endloop
  endfacet
  facet normal 5.166969e-01 8.520777e-01 8.359435e-02
    outer loop
      vertex   7.134600e-03 1.103476e-02 1.048199e-03
      vertex   9.292965e-03 1.016968e-02 -3.474901e-03
      vertex   7.132560e-03 1.149039e-02 -3.583381e-03
    endloop
  endfacet
  facet normal 3.467158e-01 8.971536e-01 2.736851e-01
    outer loop
      vertex   6.674100e-03 7.448475e-03 1.990294e-02
      vertex   1.865685e-03 9.160815e-03 2.038131e-02
      vertex   1.839720e-03 7.659254e-03 2.533639e-02
    endloop
  endfacet
  facet normal 3.646165e-01 8.848176e-01 2.900907e-01
    outer loop
      vertex   6.674100e-03 7.448475e-03 1.990294e-02
      vertex   1.839720e-03 7.659254e-03 2.533639e-02
      vertex   6.342480e-03 5.960069e-03 2.485961e-02
    endloop
  endfacet
  facet normal 3.355851e-01 9.414936e-01 3.118480e-02
    outer loop
      vertex   2.098080e-03 1.420950e-02 -1.714109e-02
      vertex   7.152255e-03 1.242169e-02 -1.755470e-02
      vertex   7.311825e-03 1.256568e-02 -2.361890e-02
    endloop
  endfacet
  facet normal 3.250570e-01 9.454453e-01 2.170833e-02
    outer loop
      vertex   2.098080e-03 1.420950e-02 -1.714109e-02
      vertex   7.311825e-03 1.256568e-02 -2.361890e-02
      vertex   2.139150e-03 1.433329e-02 -2.314761e-02
    endloop
  endfacet
  facet normal 5.262401e-01 8.479044e-01 6.426082e-02
    outer loop
      vertex   7.052685e-03 1.215544e-02 -1.272378e-02
      vertex   9.129705e-03 1.085559e-02 -1.258154e-02
      vertex   9.259620e-03 1.114299e-02 -1.743759e-02
    endloop
  endfacet
  facet normal 5.155378e-01 8.549190e-01 5.774353e-02
    outer loop
      vertex   7.052685e-03 1.215544e-02 -1.272378e-02
      vertex   9.259620e-03 1.114299e-02 -1.743759e-02
      vertex   7.152255e-03 1.242169e-02 -1.755470e-02
    endloop
  endfacet
  facet normal 5.165260e-01 8.551933e-01 4.295619e-02
    outer loop
      vertex   7.152255e-03 1.242169e-02 -1.755470e-02
      vertex   9.259620e-03 1.114299e-02 -1.743759e-02
      vertex   9.469740e-03 1.132246e-02 -2.353725e-02
    endloop
  endfacet
  facet normal 4.979592e-01 8.665463e-01 3.367790e-02
    outer loop
      vertex   7.152255e-03 1.242169e-02 -1.755470e-02
      vertex   9.469740e-03 1.132246e-02 -2.353725e-02
      vertex   7.311825e-03 1.256568e-02 -2.361890e-02
    endloop
  endfacet
  facet normal 3.372619e-01 9.340332e-01 1.176287e-01
    outer loop
      vertex   7.134600e-03 1.103476e-02 1.048199e-03
      vertex   1.975905e-03 1.283490e-02 1.545059e-03
      vertex   1.946775e-03 1.225914e-02 6.200414e-03
    endloop
  endfacet
  facet normal 3.352298e-01 9.350494e-01 1.153411e-01
    outer loop
      vertex   7.134600e-03 1.103476e-02 1.048199e-03
      vertex   1.946775e-03 1.225914e-02 6.200414e-03
      vertex   7.098030e-03 1.047354e-02 5.704229e-03
    endloop
  endfacet
  facet normal 3.133443e-01 9.494548e-01 -1.873394e-02
    outer loop
      vertex   2.193975e-03 1.425658e-02 -3.096908e-02
      vertex   7.450830e-03 1.251186e-02 -3.146721e-02
      vertex   7.556730e-03 1.232325e-02 -3.925485e-02
    endloop
  endfacet
  facet normal 3.109159e-01 9.502167e-01 -2.048347e-02
    outer loop
      vertex   2.193975e-03 1.425658e-02 -3.096908e-02
      vertex   7.556730e-03 1.232325e-02 -3.925485e-02
      vertex   2.249100e-03 1.407096e-02 -3.874341e-02
    endloop
  endfacet
  facet normal 4.988837e-01 8.666090e-01 1.019728e-02
    outer loop
      vertex   7.311825e-03 1.256568e-02 -2.361890e-02
      vertex   9.469740e-03 1.132246e-02 -2.353725e-02
      vertex   9.630795e-03 1.132228e-02 -3.140126e-02
    endloop
  endfacet
  facet normal 4.789495e-01 8.778390e-01 2.463093e-03
    outer loop
      vertex   7.311825e-03 1.256568e-02 -2.361890e-02
      vertex   9.630795e-03 1.132228e-02 -3.140126e-02
      vertex   7.450830e-03 1.251186e-02 -3.146721e-02
    endloop
  endfacet
  facet normal 4.791868e-01 8.776730e-01 -8.374572e-03
    outer loop
      vertex   7.450830e-03 1.251186e-02 -3.146721e-02
      vertex   9.630795e-03 1.132228e-02 -3.140126e-02
      vertex   9.738375e-03 1.118923e-02 -3.918953e-02
    endloop
  endfacet
  facet normal 4.615170e-01 8.870010e-01 -1.520645e-02
    outer loop
      vertex   7.450830e-03 1.251186e-02 -3.146721e-02
      vertex   9.738375e-03 1.118923e-02 -3.918953e-02
      vertex   7.556730e-03 1.232325e-02 -3.925485e-02
    endloop
  endfacet
  facet normal 3.368060e-01 9.401394e-01 5.195813e-02
    outer loop
      vertex   7.152255e-03 1.242169e-02 -1.755470e-02
      vertex   2.098080e-03 1.420950e-02 -1.714109e-02
      vertex   2.066160e-03 1.395588e-02 -1.234514e-02
    endloop
  endfacet
  facet normal 3.429586e-01 9.375122e-01 5.873852e-02
    outer loop
      vertex   7.152255e-03 1.242169e-02 -1.755470e-02
      vertex   2.066160e-03 1.395588e-02 -1.234514e-02
      vertex   7.052685e-03 1.215544e-02 -1.272378e-02
    endloop
  endfacet
  facet normal 3.639162e-01 9.105481e-01 1.961302e-01
    outer loop
      vertex   2.347320e-03 1.455336e-02 -5.325944e-02
      vertex   7.691625e-03 1.255117e-02 -5.388042e-02
      vertex   7.675755e-03 1.340589e-02 -5.781905e-02
    endloop
  endfacet
  facet normal 3.802346e-01 8.987929e-01 2.181584e-01
    outer loop
      vertex   2.347320e-03 1.455336e-02 -5.325944e-02
      vertex   7.675755e-03 1.340589e-02 -5.781905e-02
      vertex   2.369175e-03 1.549239e-02 -5.716625e-02
    endloop
  endfacet
  facet normal 4.373187e-01 8.946241e-01 9.165172e-02
    outer loop
      vertex   7.678215e-03 1.213096e-02 -4.969517e-02
      vertex   9.862275e-03 1.105629e-02 -4.962642e-02
      vertex   9.880350e-03 1.147671e-02 -5.381645e-02
    endloop
  endfacet
  facet normal 4.366839e-01 8.949745e-01 9.125687e-02
    outer loop
      vertex   7.678215e-03 1.213096e-02 -4.969517e-02
      vertex   9.880350e-03 1.147671e-02 -5.381645e-02
      vertex   7.691625e-03 1.255117e-02 -5.388042e-02
    endloop
  endfacet
  facet normal 4.284787e-01 8.839668e-01 1.871060e-01
    outer loop
      vertex   7.691625e-03 1.255117e-02 -5.388042e-02
      vertex   9.880350e-03 1.147671e-02 -5.381645e-02
      vertex   9.869325e-03 1.231886e-02 -5.776985e-02
    endloop
  endfacet
  facet normal 4.325593e-01 8.814572e-01 1.895407e-01
    outer loop
      vertex   7.691625e-03 1.255117e-02 -5.388042e-02
      vertex   9.869325e-03 1.231886e-02 -5.776985e-02
      vertex   7.675755e-03 1.340589e-02 -5.781905e-02
    endloop
  endfacet
  facet normal 3.143845e-01 9.492691e-01 -7.106355e-03
    outer loop
      vertex   7.450830e-03 1.251186e-02 -3.146721e-02
      vertex   2.193975e-03 1.425658e-02 -3.096908e-02
      vertex   2.139150e-03 1.433329e-02 -2.314761e-02
    endloop
  endfacet
  facet normal 3.233003e-01 9.462961e-01 -7.631355e-04
    outer loop
      vertex   7.450830e-03 1.251186e-02 -3.146721e-02
      vertex   2.139150e-03 1.433329e-02 -2.314761e-02
      vertex   7.311825e-03 1.256568e-02 -2.361890e-02
    endloop
  endfacet
  facet normal 9.078762e-01 -4.089963e-01 9.210185e-02
    outer loop
      vertex   8.739270e-03 -1.433591e-02 3.934798e-02
      vertex   7.576305e-03 -1.698395e-02 3.905254e-02
      vertex   7.985505e-03 -1.718831e-02 3.411144e-02
    endloop
  endfacet
  facet normal 9.043139e-01 -4.158524e-01 9.634916e-02
    outer loop
      vertex   8.739270e-03 -1.433591e-02 3.934798e-02
      vertex   7.985505e-03 -1.718831e-02 3.411144e-02
      vertex   9.231960e-03 -1.443290e-02 3.430507e-02
    endloop
  endfacet
  facet normal 8.957804e-01 -4.346727e-01 9.293626e-02
    outer loop
      vertex   8.890815e-03 -1.773891e-02 2.325421e-02
      vertex   9.331770e-03 -1.801287e-02 1.772266e-02
      vertex   1.090213e-02 -1.479894e-02 1.761835e-02
    endloop
  endfacet
  facet normal 8.973312e-01 -4.309127e-01 9.545113e-02
    outer loop
      vertex   8.890815e-03 -1.773891e-02 2.325421e-02
      vertex   1.090213e-02 -1.479894e-02 1.761835e-02
      vertex   1.036209e-02 -1.467629e-02 2.324901e-02
    endloop
  endfacet
  facet normal 8.974007e-01 -4.363625e-01 6.526686e-02
    outer loop
      vertex   1.090213e-02 -1.479894e-02 1.761835e-02
      vertex   9.331770e-03 -1.801287e-02 1.772266e-02
      vertex   9.658770e-03 -1.814097e-02 1.237005e-02
    endloop
  endfacet
  facet normal 8.966100e-01 -4.378175e-01 6.638075e-02
    outer loop
      vertex   1.090213e-02 -1.479894e-02 1.761835e-02
      vertex   9.658770e-03 -1.814097e-02 1.237005e-02
      vertex   1.129770e-02 -1.481334e-02 1.218045e-02
    endloop
  endfacet
  facet normal 8.962130e-01 -4.429765e-01 -2.395980e-02
    outer loop
      vertex   9.837825e-03 -1.776239e-02 2.442419e-03
      vertex   9.853920e-03 -1.746818e-02 -2.395006e-03
      vertex   1.154204e-02 -1.403517e-02 -2.721781e-03
    endloop
  endfacet
  facet normal 8.959419e-01 -4.434990e-01 -2.442641e-02
    outer loop
      vertex   9.837825e-03 -1.776239e-02 2.442419e-03
      vertex   1.154204e-02 -1.403517e-02 -2.721781e-03
      vertex   1.151985e-02 -1.434855e-02 2.154389e-03
    endloop
  endfacet
  facet normal 8.959124e-01 -4.432934e-01 -2.884251e-02
    outer loop
      vertex   1.154204e-02 -1.403517e-02 -2.721781e-03
      vertex   9.853920e-03 -1.746818e-02 -2.395006e-03
      vertex   9.866340e-03 -1.713095e-02 -7.192231e-03
    endloop
  endfacet
  facet normal 8.959869e-01 -4.431338e-01 -2.898098e-02
    outer loop
      vertex   1.154204e-02 -1.403517e-02 -2.721781e-03
      vertex   9.866340e-03 -1.713095e-02 -7.192231e-03
      vertex   1.155950e-02 -1.368341e-02 -7.560646e-03
    endloop
  endfacet
  facet normal 8.933391e-01 -4.463390e-01 -5.221802e-02
    outer loop
      vertex   9.875085e-03 -1.623510e-02 -1.657788e-02
      vertex   9.877005e-03 -1.567074e-02 -2.136896e-02
      vertex   1.157837e-02 -1.220456e-02 -2.188989e-02
    endloop
  endfacet
  facet normal 8.935043e-01 -4.460408e-01 -5.193879e-02
    outer loop
      vertex   9.875085e-03 -1.623510e-02 -1.657788e-02
      vertex   1.157837e-02 -1.220456e-02 -2.188989e-02
      vertex   1.157569e-02 -1.277429e-02 -1.704309e-02
    endloop
  endfacet
  facet normal 8.926000e-01 -4.469832e-01 -5.891810e-02
    outer loop
      vertex   1.157837e-02 -1.220456e-02 -2.188989e-02
      vertex   9.877005e-03 -1.567074e-02 -2.136896e-02
      vertex   9.879285e-03 -1.489476e-02 -2.722140e-02
    endloop
  endfacet
  facet normal 8.928828e-01 -4.463647e-01 -5.932032e-02
    outer loop
      vertex   1.157837e-02 -1.220456e-02 -2.188989e-02
      vertex   9.879285e-03 -1.489476e-02 -2.722140e-02
      vertex   1.157615e-02 -1.142139e-02 -2.781635e-02
    endloop
  endfacet
  facet normal 8.933723e-01 -4.448752e-01 -6.302351e-02
    outer loop
      vertex   9.879285e-03 -1.489476e-02 -2.722140e-02
      vertex   9.881985e-03 -1.383089e-02 -3.469289e-02
      vertex   1.156718e-02 -1.034838e-02 -3.538752e-02
    endloop
  endfacet
  facet normal 8.922504e-01 -4.469253e-01 -6.439672e-02
    outer loop
      vertex   9.879285e-03 -1.489476e-02 -2.722140e-02
      vertex   1.156718e-02 -1.034838e-02 -3.538752e-02
      vertex   1.157615e-02 -1.142139e-02 -2.781635e-02
    endloop
  endfacet
  facet normal 8.930276e-01 -4.452064e-01 -6.551997e-02
    outer loop
      vertex   1.156718e-02 -1.034838e-02 -3.538752e-02
      vertex   9.881985e-03 -1.383089e-02 -3.469289e-02
      vertex   9.883920e-03 -1.273413e-02 -4.211894e-02
    endloop
  endfacet
  facet normal 8.941286e-01 -4.428242e-01 -6.663958e-02
    outer loop
      vertex   1.156718e-02 -1.034838e-02 -3.538752e-02
      vertex   9.883920e-03 -1.273413e-02 -4.211894e-02
      vertex   1.155367e-02 -9.243211e-03 -4.291259e-02
    endloop
  endfacet
  facet normal 8.954856e-01 -4.396469e-01 -6.939903e-02
    outer loop
      vertex   9.884220e-03 -1.113948e-02 -5.242520e-02
      vertex   9.884610e-03 -1.044426e-02 -5.682443e-02
      vertex   1.152965e-02 -6.940096e-03 -5.779692e-02
    endloop
  endfacet
  facet normal 8.954705e-01 -4.396736e-01 -6.942452e-02
    outer loop
      vertex   9.884220e-03 -1.113948e-02 -5.242520e-02
      vertex   1.152965e-02 -6.940096e-03 -5.779692e-02
      vertex   1.153124e-02 -7.639711e-03 -5.334567e-02
    endloop
  endfacet
  facet normal 8.953864e-01 -4.397584e-01 -6.996878e-02
    outer loop
      vertex   1.152965e-02 -6.940096e-03 -5.779692e-02
      vertex   9.884610e-03 -1.044426e-02 -5.682443e-02
      vertex   9.880095e-03 -9.752416e-03 -6.123050e-02
    endloop
  endfacet
  facet normal 8.963575e-01 -4.373834e-01 -7.238057e-02
    outer loop
      vertex   1.152965e-02 -6.940096e-03 -5.779692e-02
      vertex   9.880095e-03 -9.752416e-03 -6.123050e-02
      vertex   1.151130e-02 -6.239851e-03 -6.225557e-02
    endloop
  endfacet
  facet normal 8.951301e-01 -4.442109e-01 -3.766592e-02
    outer loop
      vertex   9.866340e-03 -1.713095e-02 -7.192231e-03
      vertex   9.872580e-03 -1.671765e-02 -1.191812e-02
      vertex   1.157007e-02 -1.326186e-02 -1.233296e-02
    endloop
  endfacet
  facet normal 8.953921e-01 -4.437211e-01 -3.721049e-02
    outer loop
      vertex   9.866340e-03 -1.713095e-02 -7.192231e-03
      vertex   1.157007e-02 -1.326186e-02 -1.233296e-02
      vertex   1.155950e-02 -1.368341e-02 -7.560646e-03
    endloop
  endfacet
  facet normal 8.944545e-01 -4.448295e-01 -4.558432e-02
    outer loop
      vertex   1.157007e-02 -1.326186e-02 -1.233296e-02
      vertex   9.872580e-03 -1.671765e-02 -1.191812e-02
      vertex   9.875085e-03 -1.623510e-02 -1.657788e-02
    endloop
  endfacet
  facet normal 8.941761e-01 -4.454439e-01 -4.504279e-02
    outer loop
      vertex   1.157007e-02 -1.326186e-02 -1.233296e-02
      vertex   9.875085e-03 -1.623510e-02 -1.657788e-02
      vertex   1.157569e-02 -1.277429e-02 -1.704309e-02
    endloop
  endfacet
  facet normal 9.498533e-01 3.114061e-01 2.837158e-02
    outer loop
      vertex   1.289641e-02 2.321385e-03 -5.351371e-03
      vertex   1.290865e-02 2.716529e-03 -1.009832e-02
      vertex   1.133553e-02 7.403714e-03 -8.878096e-03
    endloop
  endfacet
  facet normal 9.535273e-01 3.010735e-01 1.185521e-02
    outer loop
      vertex   1.289641e-02 2.321385e-03 -5.351371e-03
      vertex   1.133553e-02 7.403714e-03 -8.878096e-03
      vertex   1.139661e-02 7.027695e-03 -4.241461e-03
    endloop
  endfacet
  facet normal 3.412943e-01 9.379871e-01 6.081404e-02
    outer loop
      vertex   2.035815e-03 1.365776e-02 -7.740046e-03
      vertex   7.074240e-03 1.185132e-02 -8.153971e-03
      vertex   7.052685e-03 1.215544e-02 -1.272378e-02
    endloop
  endfacet
  facet normal 3.431530e-01 9.371689e-01 6.293172e-02
    outer loop
      vertex   2.035815e-03 1.365776e-02 -7.740046e-03
      vertex   7.052685e-03 1.215544e-02 -1.272378e-02
      vertex   2.066160e-03 1.395588e-02 -1.234514e-02
    endloop
  endfacet
  facet normal 5.186841e-01 8.530997e-01 5.645982e-02
    outer loop
      vertex   7.132560e-03 1.149039e-02 -3.583381e-03
      vertex   9.292965e-03 1.016968e-02 -3.474901e-03
      vertex   9.183045e-03 1.053751e-02 -8.022946e-03
    endloop
  endfacet
  facet normal 5.251167e-01 8.488888e-01 6.033458e-02
    outer loop
      vertex   7.132560e-03 1.149039e-02 -3.583381e-03
      vertex   9.183045e-03 1.053751e-02 -8.022946e-03
      vertex   7.074240e-03 1.185132e-02 -8.153971e-03
    endloop
  endfacet
  facet normal 5.256591e-01 8.490370e-01 5.309077e-02
    outer loop
      vertex   7.074240e-03 1.185132e-02 -8.153971e-03
      vertex   9.183045e-03 1.053751e-02 -8.022946e-03
      vertex   9.129705e-03 1.085559e-02 -1.258154e-02
    endloop
  endfacet
  facet normal 5.270720e-01 8.481060e-01 5.395610e-02
    outer loop
      vertex   7.074240e-03 1.185132e-02 -8.153971e-03
      vertex   9.129705e-03 1.085559e-02 -1.258154e-02
      vertex   7.052685e-03 1.215544e-02 -1.272378e-02
    endloop
  endfacet
  facet normal 3.604915e-01 9.250059e-01 1.200411e-01
    outer loop
      vertex   7.691625e-03 1.255117e-02 -5.388042e-02
      vertex   2.347320e-03 1.455336e-02 -5.325944e-02
      vertex   2.321490e-03 1.402578e-02 -4.911647e-02
    endloop
  endfacet
  facet normal 3.410755e-01 9.352241e-01 9.499169e-02
    outer loop
      vertex   7.691625e-03 1.255117e-02 -5.388042e-02
      vertex   2.321490e-03 1.402578e-02 -4.911647e-02
      vertex   7.678215e-03 1.213096e-02 -4.969517e-02
    endloop
  endfacet
  facet normal 9.498354e-01 3.114931e-01 2.801434e-02
    outer loop
      vertex   1.133553e-02 7.403714e-03 -8.878096e-03
      vertex   1.290865e-02 2.716529e-03 -1.009832e-02
      vertex   1.291870e-02 3.110025e-03 -1.481436e-02
    endloop
  endfacet
  facet normal 9.462311e-01 3.229465e-01 1.876888e-02
    outer loop
      vertex   1.133553e-02 7.403714e-03 -8.878096e-03
      vertex   1.291870e-02 3.110025e-03 -1.481436e-02
      vertex   1.130948e-02 7.749209e-03 -1.350929e-02
    endloop
  endfacet
  facet normal 9.950421e-01 9.853034e-02 1.352513e-02
    outer loop
      vertex   1.358295e-02 -4.510246e-03 -7.059166e-03
      vertex   1.360697e-02 -4.092331e-03 -1.187049e-02
      vertex   1.290865e-02 2.716529e-03 -1.009832e-02
    endloop
  endfacet
  facet normal 9.951936e-01 9.734359e-02 1.066954e-02
    outer loop
      vertex   1.358295e-02 -4.510246e-03 -7.059166e-03
      vertex   1.290865e-02 2.716529e-03 -1.009832e-02
      vertex   1.289641e-02 2.321385e-03 -5.351371e-03
    endloop
  endfacet
  facet normal 9.950161e-01 9.904357e-02 1.154301e-02
    outer loop
      vertex   1.290865e-02 2.716529e-03 -1.009832e-02
      vertex   1.360697e-02 -4.092331e-03 -1.187049e-02
      vertex   1.361665e-02 -3.634621e-03 -1.663307e-02
    endloop
  endfacet
  facet normal 9.949191e-01 1.001317e-01 1.047492e-02
    outer loop
      vertex   1.290865e-02 2.716529e-03 -1.009832e-02
      vertex   1.361665e-02 -3.634621e-03 -1.663307e-02
      vertex   1.291870e-02 3.110025e-03 -1.481436e-02
    endloop
  endfacet
  facet normal 9.762452e-01 -2.160073e-01 -1.691707e-02
    outer loop
      vertex   1.155950e-02 -1.368341e-02 -7.560646e-03
      vertex   1.157007e-02 -1.326186e-02 -1.233296e-02
      vertex   1.360697e-02 -4.092331e-03 -1.187049e-02
    endloop
  endfacet
  facet normal 9.765901e-01 -2.146675e-01 -1.377156e-02
    outer loop
      vertex   1.155950e-02 -1.368341e-02 -7.560646e-03
      vertex   1.360697e-02 -4.092331e-03 -1.187049e-02
      vertex   1.358295e-02 -4.510246e-03 -7.059166e-03
    endloop
  endfacet
  facet normal 9.762113e-01 -2.157852e-01 -2.117144e-02
    outer loop
      vertex   1.360697e-02 -4.092331e-03 -1.187049e-02
      vertex   1.157007e-02 -1.326186e-02 -1.233296e-02
      vertex   1.157569e-02 -1.277429e-02 -1.704309e-02
    endloop
  endfacet
  facet normal 9.759680e-01 -2.170945e-01 -1.887839e-02
    outer loop
      vertex   1.360697e-02 -4.092331e-03 -1.187049e-02
      vertex   1.157569e-02 -1.277429e-02 -1.704309e-02
      vertex   1.361665e-02 -3.634621e-03 -1.663307e-02
    endloop
  endfacet
  facet normal 8.952223e-01 -4.405177e-01 -6.723981e-02
    outer loop
      vertex   9.883920e-03 -1.273413e-02 -4.211894e-02
      vertex   9.884175e-03 -1.186061e-02 -4.783839e-02
      vertex   1.153955e-02 -8.364391e-03 -4.870425e-02
    endloop
  endfacet
  facet normal 8.937013e-01 -4.432564e-01 -6.943950e-02
    outer loop
      vertex   9.883920e-03 -1.273413e-02 -4.211894e-02
      vertex   1.153955e-02 -8.364391e-03 -4.870425e-02
      vertex   1.155367e-02 -9.243211e-03 -4.291259e-02
    endloop
  endfacet
  facet normal 8.948905e-01 -4.408718e-01 -6.930376e-02
    outer loop
      vertex   1.153955e-02 -8.364391e-03 -4.870425e-02
      vertex   9.884175e-03 -1.186061e-02 -4.783839e-02
      vertex   9.884220e-03 -1.113948e-02 -5.242520e-02
    endloop
  endfacet
  facet normal 8.953274e-01 -4.398299e-01 -7.027510e-02
    outer loop
      vertex   1.153955e-02 -8.364391e-03 -4.870425e-02
      vertex   9.884220e-03 -1.113948e-02 -5.242520e-02
      vertex   1.153124e-02 -7.639711e-03 -5.334567e-02
    endloop
  endfacet
  facet normal 9.488737e-01 3.149882e-01 2.051928e-02
    outer loop
      vertex   1.296876e-02 4.968884e-03 -4.137620e-02
      vertex   1.294539e-02 5.417084e-03 -4.717574e-02
      vertex   1.178608e-02 8.831264e-03 -4.597641e-02
    endloop
  endfacet
  facet normal 9.513808e-01 3.077096e-01 1.376357e-02
    outer loop
      vertex   1.296876e-02 4.968884e-03 -4.137620e-02
      vertex   1.178608e-02 8.831264e-03 -4.597641e-02
      vertex   1.173909e-02 8.715465e-03 -4.013921e-02
    endloop
  endfacet
  facet normal 3.200355e-01 9.473924e-01 4.988057e-03
    outer loop
      vertex   2.290680e-03 1.392409e-02 -4.460196e-02
      vertex   7.632855e-03 1.212231e-02 -4.514085e-02
      vertex   7.678215e-03 1.213096e-02 -4.969517e-02
    endloop
  endfacet
  facet normal 3.356417e-01 9.416965e-01 2.350149e-02
    outer loop
      vertex   2.290680e-03 1.392409e-02 -4.460196e-02
      vertex   7.678215e-03 1.213096e-02 -4.969517e-02
      vertex   2.321490e-03 1.402578e-02 -4.911647e-02
    endloop
  endfacet
  facet normal 4.615665e-01 8.869163e-01 -1.832942e-02
    outer loop
      vertex   7.556730e-03 1.232325e-02 -3.925485e-02
      vertex   9.738375e-03 1.118923e-02 -3.918953e-02
      vertex   9.814530e-03 1.102801e-02 -4.507289e-02
    endloop
  endfacet
  facet normal 4.488244e-01 8.932788e-01 -2.469068e-02
    outer loop
      vertex   7.556730e-03 1.232325e-02 -3.925485e-02
      vertex   9.814530e-03 1.102801e-02 -4.507289e-02
      vertex   7.632855e-03 1.212231e-02 -4.514085e-02
    endloop
  endfacet
  facet normal 4.480680e-01 8.939408e-01 1.024903e-02
    outer loop
      vertex   7.632855e-03 1.212231e-02 -4.514085e-02
      vertex   9.814530e-03 1.102801e-02 -4.507289e-02
      vertex   9.862275e-03 1.105629e-02 -4.962642e-02
    endloop
  endfacet
  facet normal 4.413381e-01 8.973201e-01 6.101042e-03
    outer loop
      vertex   7.632855e-03 1.212231e-02 -4.514085e-02
      vertex   9.862275e-03 1.105629e-02 -4.962642e-02
      vertex   7.678215e-03 1.213096e-02 -4.969517e-02
    endloop
  endfacet
  facet normal 3.817761e-01 -9.209671e-01 -7.788863e-02
    outer loop
      vertex   2.230380e-03 -2.121084e-02 -7.353766e-03
      vertex   2.260800e-03 -2.080005e-02 -1.206191e-02
      vertex   8.123370e-03 -1.838684e-02 -1.186037e-02
    endloop
  endfacet
  facet normal 3.805020e-01 -9.213321e-01 -7.978344e-02
    outer loop
      vertex   2.230380e-03 -2.121084e-02 -7.353766e-03
      vertex   8.123370e-03 -1.838684e-02 -1.186037e-02
      vertex   8.117880e-03 -1.879718e-02 -7.147981e-03
    endloop
  endfacet
  facet normal 9.495963e-01 3.120865e-01 2.947825e-02
    outer loop
      vertex   1.178608e-02 8.831264e-03 -4.597641e-02
      vertex   1.294539e-02 5.417084e-03 -4.717574e-02
      vertex   1.292546e-02 5.902304e-03 -5.167059e-02
    endloop
  endfacet
  facet normal 9.460267e-01 3.232708e-01 2.301103e-02
    outer loop
      vertex   1.178608e-02 8.831264e-03 -4.597641e-02
      vertex   1.292546e-02 5.902304e-03 -5.167059e-02
      vertex   1.181325e-02 9.072854e-03 -5.048729e-02
    endloop
  endfacet
  facet normal 9.972309e-01 7.429334e-02 -3.324973e-03
    outer loop
      vertex   1.339829e-02 -4.741660e-04 -4.297707e-02
      vertex   1.331964e-02 3.207591e-04 -4.880202e-02
      vertex   1.294539e-02 5.417084e-03 -4.717574e-02
    endloop
  endfacet
  facet normal 9.969452e-01 7.807836e-02 2.016706e-03
    outer loop
      vertex   1.339829e-02 -4.741660e-04 -4.297707e-02
      vertex   1.294539e-02 5.417084e-03 -4.717574e-02
      vertex   1.296876e-02 4.968884e-03 -4.137620e-02
    endloop
  endfacet
  facet normal 9.973375e-01 7.291712e-02 1.012231e-03
    outer loop
      vertex   1.294539e-02 5.417084e-03 -4.717574e-02
      vertex   1.331964e-02 3.207591e-04 -4.880202e-02
      vertex   1.327424e-02 1.005749e-03 -5.340792e-02
    endloop
  endfacet
  facet normal 9.975459e-01 6.994573e-02 3.126471e-03
    outer loop
      vertex   1.294539e-02 5.417084e-03 -4.717574e-02
      vertex   1.327424e-02 1.005749e-03 -5.340792e-02
      vertex   1.292546e-02 5.902304e-03 -5.167059e-02
    endloop
  endfacet
  facet normal 9.790324e-01 -2.010315e-01 -3.289278e-02
    outer loop
      vertex   1.155367e-02 -9.243211e-03 -4.291259e-02
      vertex   1.153955e-02 -8.364391e-03 -4.870425e-02
      vertex   1.331964e-02 3.207591e-04 -4.880202e-02
    endloop
  endfacet
  facet normal 9.776871e-01 -2.059649e-01 -4.130767e-02
    outer loop
      vertex   1.155367e-02 -9.243211e-03 -4.291259e-02
      vertex   1.331964e-02 3.207591e-04 -4.880202e-02
      vertex   1.339829e-02 -4.741660e-04 -4.297707e-02
    endloop
  endfacet
  facet normal 9.790238e-01 -2.010325e-01 -3.314071e-02
    outer loop
      vertex   1.331964e-02 3.207591e-04 -4.880202e-02
      vertex   1.153955e-02 -8.364391e-03 -4.870425e-02
      vertex   1.153124e-02 -7.639711e-03 -5.334567e-02
    endloop
  endfacet
  facet normal 9.794734e-01 -1.977517e-01 -3.906559e-02
    outer loop
      vertex   1.331964e-02 3.207591e-04 -4.880202e-02
      vertex   1.153124e-02 -7.639711e-03 -5.334567e-02
      vertex   1.327424e-02 1.005749e-03 -5.340792e-02
    endloop
  endfacet
  facet normal 9.815281e-01 -1.865254e-01 -4.255531e-02
    outer loop
      vertex   1.151130e-02 -6.239851e-03 -6.225557e-02
      vertex   1.145153e-02 -5.542441e-03 -6.669110e-02
      vertex   1.314138e-02 3.302069e-03 -6.648162e-02
    endloop
  endfacet
  facet normal 9.794028e-01 -1.932431e-01 -5.854281e-02
    outer loop
      vertex   1.151130e-02 -6.239851e-03 -6.225557e-02
      vertex   1.314138e-02 3.302069e-03 -6.648162e-02
      vertex   1.323384e-02 2.466869e-03 -6.217788e-02
    endloop
  endfacet
  facet normal 9.810165e-01 -1.861479e-01 -5.436595e-02
    outer loop
      vertex   1.314138e-02 3.302069e-03 -6.648162e-02
      vertex   1.145153e-02 -5.542441e-03 -6.669110e-02
      vertex   1.134565e-02 -4.864531e-03 -7.092264e-02
    endloop
  endfacet
  facet normal 9.816330e-01 -1.766013e-01 -7.217053e-02
    outer loop
      vertex   1.314138e-02 3.302069e-03 -6.648162e-02
      vertex   1.134565e-02 -4.864531e-03 -7.092264e-02
      vertex   1.299564e-02 4.121159e-03 -7.046823e-02
    endloop
  endfacet
  facet normal 9.978550e-01 6.486161e-02 -8.850452e-03
    outer loop
      vertex   1.323384e-02 2.466869e-03 -6.217788e-02
      vertex   1.314138e-02 3.302069e-03 -6.648162e-02
      vertex   1.282316e-02 8.532584e-03 -6.402777e-02
    endloop
  endfacet
  facet normal 9.976838e-01 6.800545e-02 1.496097e-03
    outer loop
      vertex   1.323384e-02 2.466869e-03 -6.217788e-02
      vertex   1.282316e-02 8.532584e-03 -6.402777e-02
      vertex   1.289458e-02 7.396694e-03 -6.002777e-02
    endloop
  endfacet
  facet normal 9.972407e-01 7.093772e-02 -2.188169e-02
    outer loop
      vertex   1.282316e-02 8.532584e-03 -6.402777e-02
      vertex   1.314138e-02 3.302069e-03 -6.648162e-02
      vertex   1.299564e-02 4.121159e-03 -7.046823e-02
    endloop
  endfacet
  facet normal 9.982213e-01 5.816034e-02 -1.310351e-02
    outer loop
      vertex   1.282316e-02 8.532584e-03 -6.402777e-02
      vertex   1.299564e-02 4.121159e-03 -7.046823e-02
      vertex   1.270117e-02 9.750929e-03 -6.791255e-02
    endloop
  endfacet
  facet normal 9.549229e-01 2.896079e-01 6.518861e-02
    outer loop
      vertex   1.289458e-02 7.396694e-03 -6.002777e-02
      vertex   1.282316e-02 8.532584e-03 -6.402777e-02
      vertex   1.177062e-02 1.166283e-02 -6.251607e-02
    endloop
  endfacet
  facet normal 9.503477e-01 2.995528e-01 8.430546e-02
    outer loop
      vertex   1.289458e-02 7.396694e-03 -6.002777e-02
      vertex   1.177062e-02 1.166283e-02 -6.251607e-02
      vertex   1.181412e-02 1.045019e-02 -5.869769e-02
    endloop
  endfacet
  facet normal 9.546455e-01 2.913460e-01 6.139658e-02
    outer loop
      vertex   1.177062e-02 1.166283e-02 -6.251607e-02
      vertex   1.282316e-02 8.532584e-03 -6.402777e-02
      vertex   1.270117e-02 9.750929e-03 -6.791255e-02
    endloop
  endfacet
  facet normal 9.634674e-01 2.570947e-01 7.505259e-02
    outer loop
      vertex   1.177062e-02 1.166283e-02 -6.251607e-02
      vertex   1.270117e-02 9.750929e-03 -6.791255e-02
      vertex   1.168461e-02 1.307887e-02 -6.626264e-02
    endloop
  endfacet
  facet normal 9.013321e-01 -4.274116e-01 -7.014101e-02
    outer loop
      vertex   9.880095e-03 -9.752416e-03 -6.123050e-02
      vertex   9.862410e-03 -9.065221e-03 -6.564525e-02
      vertex   1.145153e-02 -5.542441e-03 -6.669110e-02
    endloop
  endfacet
  facet normal 8.947320e-01 -4.391762e-01 -8.111057e-02
    outer loop
      vertex   9.880095e-03 -9.752416e-03 -6.123050e-02
      vertex   1.145153e-02 -5.542441e-03 -6.669110e-02
      vertex   1.151130e-02 -6.239851e-03 -6.225557e-02
    endloop
  endfacet
  facet normal 3.884994e-01 8.439500e-01 3.698873e-01
    outer loop
      vertex   2.387070e-03 1.678390e-02 -6.080409e-02
      vertex   7.633965e-03 1.466247e-02 -6.147465e-02
      vertex   7.568580e-03 1.624482e-02 -6.501633e-02
    endloop
  endfacet
  facet normal 3.977763e-01 8.339085e-01 3.825841e-01
    outer loop
      vertex   2.387070e-03 1.678390e-02 -6.080409e-02
      vertex   7.568580e-03 1.624482e-02 -6.501633e-02
      vertex   2.401605e-03 1.838292e-02 -6.430454e-02
    endloop
  endfacet
  facet normal 4.206011e-01 8.616073e-01 2.841260e-01
    outer loop
      vertex   7.675755e-03 1.340589e-02 -5.781905e-02
      vertex   9.869325e-03 1.231886e-02 -5.776985e-02
      vertex   9.828420e-03 1.355636e-02 -6.146199e-02
    endloop
  endfacet
  facet normal 4.295455e-01 8.554985e-01 2.891591e-01
    outer loop
      vertex   7.675755e-03 1.340589e-02 -5.781905e-02
      vertex   9.828420e-03 1.355636e-02 -6.146199e-02
      vertex   7.633965e-03 1.466247e-02 -6.147465e-02
    endloop
  endfacet
  facet normal 4.201984e-01 8.376393e-01 3.489896e-01
    outer loop
      vertex   7.633965e-03 1.466247e-02 -6.147465e-02
      vertex   9.828420e-03 1.355636e-02 -6.146199e-02
      vertex   9.749370e-03 1.511232e-02 -6.510141e-02
    endloop
  endfacet
  facet normal 4.410966e-01 8.224020e-01 3.592891e-01
    outer loop
      vertex   7.633965e-03 1.466247e-02 -6.147465e-02
      vertex   9.749370e-03 1.511232e-02 -6.510141e-02
      vertex   7.568580e-03 1.624482e-02 -6.501633e-02
    endloop
  endfacet
  facet normal 3.959320e-01 -9.076632e-01 -1.392311e-01
    outer loop
      vertex   2.562675e-03 -1.383419e-02 -6.113327e-02
      vertex   2.589300e-03 -1.314738e-02 -6.553491e-02
      vertex   8.132970e-03 -1.075163e-02 -6.538855e-02
    endloop
  endfacet
  facet normal 3.943045e-01 -9.080039e-01 -1.416083e-01
    outer loop
      vertex   2.562675e-03 -1.383419e-02 -6.113327e-02
      vertex   8.132970e-03 -1.075163e-02 -6.538855e-02
      vertex   8.135985e-03 -1.143731e-02 -6.098352e-02
    endloop
  endfacet
  facet normal 9.001685e-01 -4.287723e-01 -7.649228e-02
    outer loop
      vertex   1.145153e-02 -5.542441e-03 -6.669110e-02
      vertex   9.862410e-03 -9.065221e-03 -6.564525e-02
      vertex   9.816975e-03 -8.374711e-03 -7.005054e-02
    endloop
  endfacet
  facet normal 9.048502e-01 -4.162539e-01 -8.932418e-02
    outer loop
      vertex   1.145153e-02 -5.542441e-03 -6.669110e-02
      vertex   9.816975e-03 -8.374711e-03 -7.005054e-02
      vertex   1.134565e-02 -4.864531e-03 -7.092264e-02
    endloop
  endfacet
  facet normal 8.971208e-01 -4.415151e-01 1.545162e-02
    outer loop
      vertex   9.658770e-03 -1.814097e-02 1.237005e-02
      vertex   9.802905e-03 -1.802496e-02 7.316489e-03
      vertex   1.147413e-02 -1.463783e-02 7.069289e-03
    endloop
  endfacet
  facet normal 8.973394e-01 -4.410571e-01 1.582918e-02
    outer loop
      vertex   9.658770e-03 -1.814097e-02 1.237005e-02
      vertex   1.147413e-02 -1.463783e-02 7.069289e-03
      vertex   1.129770e-02 -1.481334e-02 1.218045e-02
    endloop
  endfacet
  facet normal 8.961375e-01 -4.434325e-01 -1.746811e-02
    outer loop
      vertex   1.147413e-02 -1.463783e-02 7.069289e-03
      vertex   9.802905e-03 -1.802496e-02 7.316489e-03
      vertex   9.837825e-03 -1.776239e-02 2.442419e-03
    endloop
  endfacet
  facet normal 8.962927e-01 -4.431079e-01 -1.774218e-02
    outer loop
      vertex   1.147413e-02 -1.463783e-02 7.069289e-03
      vertex   9.837825e-03 -1.776239e-02 2.442419e-03
      vertex   1.151985e-02 -1.434855e-02 2.154389e-03
    endloop
  endfacet
  facet normal 9.544663e-01 2.869498e-01 8.157131e-02
    outer loop
      vertex   1.251511e-02 2.388141e-04 1.405824e-02
      vertex   1.273281e-02 9.269544e-04 9.090282e-03
      vertex   1.129467e-02 5.469960e-03 9.936659e-03
    endloop
  endfacet
  facet normal 9.536030e-01 2.889899e-01 8.441631e-02
    outer loop
      vertex   1.251511e-02 2.388141e-04 1.405824e-02
      vertex   1.129467e-02 5.469960e-03 9.936659e-03
      vertex   1.112212e-02 4.626344e-03 1.477383e-02
    endloop
  endfacet
  facet normal 3.337481e-01 9.316447e-01 1.437022e-01
    outer loop
      vertex   1.918605e-03 1.153682e-02 1.084005e-02
      vertex   7.047405e-03 9.775005e-03 1.035052e-02
      vertex   7.098030e-03 1.047354e-02 5.704229e-03
    endloop
  endfacet
  facet normal 3.365632e-01 9.301395e-01 1.468528e-01
    outer loop
      vertex   1.918605e-03 1.153682e-02 1.084005e-02
      vertex   7.098030e-03 1.047354e-02 5.704229e-03
      vertex   1.946775e-03 1.225914e-02 6.200414e-03
    endloop
  endfacet
  facet normal 4.872804e-01 8.530917e-01 1.865269e-01
    outer loop
      vertex   6.924225e-03 8.796704e-03 1.505878e-02
      vertex   9.076845e-03 7.534364e-03 1.520869e-02
      vertex   9.223680e-03 8.484464e-03 1.047976e-02
    endloop
  endfacet
  facet normal 4.924881e-01 8.494629e-01 1.893894e-01
    outer loop
      vertex   6.924225e-03 8.796704e-03 1.505878e-02
      vertex   9.223680e-03 8.484464e-03 1.047976e-02
      vertex   7.047405e-03 9.775005e-03 1.035052e-02
    endloop
  endfacet
  facet normal 4.999047e-01 8.561198e-01 1.309743e-01
    outer loop
      vertex   7.047405e-03 9.775005e-03 1.035052e-02
      vertex   9.223680e-03 8.484464e-03 1.047976e-02
      vertex   9.280860e-03 9.164204e-03 5.818364e-03
    endloop
  endfacet
  facet normal 5.046193e-01 8.529220e-01 1.337286e-01
    outer loop
      vertex   7.047405e-03 9.775005e-03 1.035052e-02
      vertex   9.280860e-03 9.164204e-03 5.818364e-03
      vertex   7.098030e-03 1.047354e-02 5.704229e-03
    endloop
  endfacet
  facet normal 3.901653e-01 8.670786e-01 3.097510e-01
    outer loop
      vertex   7.633965e-03 1.466247e-02 -6.147465e-02
      vertex   2.387070e-03 1.678390e-02 -6.080409e-02
      vertex   2.369175e-03 1.549239e-02 -5.716625e-02
    endloop
  endfacet
  facet normal 3.808354e-01 8.757546e-01 2.966788e-01
    outer loop
      vertex   7.633965e-03 1.466247e-02 -6.147465e-02
      vertex   2.369175e-03 1.549239e-02 -5.716625e-02
      vertex   7.675755e-03 1.340589e-02 -5.781905e-02
    endloop
  endfacet
  facet normal 9.548060e-01 2.934412e-01 4.730545e-02
    outer loop
      vertex   1.129467e-02 5.469960e-03 9.936659e-03
      vertex   1.273281e-02 9.269544e-04 9.090282e-03
      vertex   1.281186e-02 1.448819e-03 4.257509e-03
    endloop
  endfacet
  facet normal 9.557836e-01 2.897589e-01 5.017388e-02
    outer loop
      vertex   1.129467e-02 5.469960e-03 9.936659e-03
      vertex   1.281186e-02 1.448819e-03 4.257509e-03
      vertex   1.135784e-02 6.082455e-03 5.196179e-03
    endloop
  endfacet
  facet normal 9.944302e-01 8.658164e-02 6.010171e-02
    outer loop
      vertex   1.312758e-02 -6.131716e-03 1.272708e-02
      vertex   1.339863e-02 -5.696686e-03 7.615649e-03
      vertex   1.273281e-02 9.269544e-04 9.090282e-03
    endloop
  endfacet
  facet normal 9.949239e-01 8.410818e-02 5.524738e-02
    outer loop
      vertex   1.312758e-02 -6.131716e-03 1.272708e-02
      vertex   1.273281e-02 9.269544e-04 9.090282e-03
      vertex   1.251511e-02 2.388141e-04 1.405824e-02
    endloop
  endfacet
  facet normal 9.952075e-01 9.419348e-02 2.626238e-02
    outer loop
      vertex   1.273281e-02 9.269544e-04 9.090282e-03
      vertex   1.339863e-02 -5.696686e-03 7.615649e-03
      vertex   1.349006e-02 -5.290201e-03 2.693129e-03
    endloop
  endfacet
  facet normal 9.952193e-01 9.402026e-02 2.643213e-02
    outer loop
      vertex   1.273281e-02 9.269544e-04 9.090282e-03
      vertex   1.349006e-02 -5.290201e-03 2.693129e-03
      vertex   1.281186e-02 1.448819e-03 4.257509e-03
    endloop
  endfacet
  facet normal 9.769351e-01 -2.118926e-01 2.644611e-02
    outer loop
      vertex   1.129770e-02 -1.481334e-02 1.218045e-02
      vertex   1.147413e-02 -1.463783e-02 7.069289e-03
      vertex   1.339863e-02 -5.696686e-03 7.615649e-03
    endloop
  endfacet
  facet normal 9.774951e-01 -2.081809e-01 3.411666e-02
    outer loop
      vertex   1.129770e-02 -1.481334e-02 1.218045e-02
      vertex   1.339863e-02 -5.696686e-03 7.615649e-03
      vertex   1.312758e-02 -6.131716e-03 1.272708e-02
    endloop
  endfacet
  facet normal 9.776466e-01 -2.102293e-01 -3.278922e-03
    outer loop
      vertex   1.339863e-02 -5.696686e-03 7.615649e-03
      vertex   1.147413e-02 -1.463783e-02 7.069289e-03
      vertex   1.151985e-02 -1.434855e-02 2.154389e-03
    endloop
  endfacet
  facet normal 9.771464e-01 -2.125665e-01 5.957248e-04
    outer loop
      vertex   1.339863e-02 -5.696686e-03 7.615649e-03
      vertex   1.151985e-02 -1.434855e-02 2.154389e-03
      vertex   1.349006e-02 -5.290201e-03 2.693129e-03
    endloop
  endfacet
  facet normal 9.006673e-01 -4.239183e-01 9.535016e-02
    outer loop
      vertex   7.985505e-03 -1.718831e-02 3.411144e-02
      vertex   8.427960e-03 -1.744703e-02 2.878180e-02
      vertex   9.783225e-03 -1.454676e-02 2.887444e-02
    endloop
  endfacet
  facet normal 9.038325e-01 -4.159241e-01 1.004690e-01
    outer loop
      vertex   7.985505e-03 -1.718831e-02 3.411144e-02
      vertex   9.783225e-03 -1.454676e-02 2.887444e-02
      vertex   9.231960e-03 -1.443290e-02 3.430507e-02
    endloop
  endfacet
  facet normal 9.004237e-01 -4.238821e-01 9.778047e-02
    outer loop
      vertex   9.783225e-03 -1.454676e-02 2.887444e-02
      vertex   8.427960e-03 -1.744703e-02 2.878180e-02
      vertex   8.890815e-03 -1.773891e-02 2.325421e-02
    endloop
  endfacet
  facet normal 8.967325e-01 -4.306137e-01 1.021899e-01
    outer loop
      vertex   9.783225e-03 -1.454676e-02 2.887444e-02
      vertex   8.890815e-03 -1.773891e-02 2.325421e-02
      vertex   1.036209e-02 -1.467629e-02 2.324901e-02
    endloop
  endfacet
  facet normal 9.508205e-01 2.706912e-01 1.505546e-01
    outer loop
      vertex   1.018143e-02 -3.429646e-03 3.528645e-02
      vertex   1.080613e-02 -2.688151e-03 3.000798e-02
      vertex   9.736485e-03 9.949044e-04 3.014131e-02
    endloop
  endfacet
  facet normal 9.539890e-01 2.631240e-01 1.437732e-01
    outer loop
      vertex   1.018143e-02 -3.429646e-03 3.528645e-02
      vertex   9.736485e-03 9.949044e-04 3.014131e-02
      vertex   9.212730e-03 1.011441e-04 3.525232e-02
    endloop
  endfacet
  facet normal 3.890547e-01 8.825515e-01 2.640819e-01
    outer loop
      vertex   1.812465e-03 6.314294e-03 3.034958e-02
      vertex   5.990400e-03 4.616489e-03 2.986849e-02
      vertex   6.342480e-03 5.960069e-03 2.485961e-02
    endloop
  endfacet
  facet normal 3.648984e-01 8.987488e-01 2.431044e-01
    outer loop
      vertex   1.812465e-03 6.314294e-03 3.034958e-02
      vertex   6.342480e-03 5.960069e-03 2.485961e-02
      vertex   1.839720e-03 7.659254e-03 2.533639e-02
    endloop
  endfacet
  facet normal 4.893072e-01 8.461735e-01 2.111134e-01
    outer loop
      vertex   5.641800e-03 3.604094e-03 3.481917e-02
      vertex   7.522560e-03 2.453099e-03 3.507340e-02
      vertex   7.943685e-03 3.449624e-03 3.010313e-02
    endloop
  endfacet
  facet normal 4.831049e-01 8.505110e-01 2.079440e-01
    outer loop
      vertex   5.641800e-03 3.604094e-03 3.481917e-02
      vertex   7.943685e-03 3.449624e-03 3.010313e-02
      vertex   5.990400e-03 4.616489e-03 2.986849e-02
    endloop
  endfacet
  facet normal 4.718285e-01 8.422524e-01 2.607466e-01
    outer loop
      vertex   5.990400e-03 4.616489e-03 2.986849e-02
      vertex   7.943685e-03 3.449624e-03 3.010313e-02
      vertex   8.371935e-03 4.768724e-03 2.506729e-02
    endloop
  endfacet
  facet normal 4.690320e-01 8.442211e-01 2.594219e-01
    outer loop
      vertex   5.990400e-03 4.616489e-03 2.986849e-02
      vertex   8.371935e-03 4.768724e-03 2.506729e-02
      vertex   6.342480e-03 5.960069e-03 2.485961e-02
    endloop
  endfacet
  facet normal 3.762900e-01 -9.264474e-01 -1.005568e-02
    outer loop
      vertex   2.100105e-03 -2.215118e-02 1.214334e-02
      vertex   2.134740e-03 -2.208245e-02 7.107164e-03
      vertex   8.060835e-03 -1.967783e-02 7.323614e-03
    endloop
  endfacet
  facet normal 3.769187e-01 -9.262011e-01 -9.151748e-03
    outer loop
      vertex   2.100105e-03 -2.215118e-02 1.214334e-02
      vertex   8.060835e-03 -1.967783e-02 7.323614e-03
      vertex   7.936515e-03 -1.977818e-02 1.235935e-02
    endloop
  endfacet
  facet normal 9.489042e-01 2.696509e-01 1.639185e-01
    outer loop
      vertex   9.736485e-03 9.949044e-04 3.014131e-02
      vertex   1.080613e-02 -2.688151e-03 3.000798e-02
      vertex   1.146029e-02 -1.716781e-03 2.462325e-02
    endloop
  endfacet
  facet normal 9.476758e-01 2.760042e-01 1.604126e-01
    outer loop
      vertex   9.736485e-03 9.949044e-04 3.014131e-02
      vertex   1.146029e-02 -1.716781e-03 2.462325e-02
      vertex   1.027115e-02 2.177655e-03 2.494765e-02
    endloop
  endfacet
  facet normal 9.909130e-01 3.174526e-02 1.307047e-01
    outer loop
      vertex   1.034151e-02 -8.030281e-03 3.482793e-02
      vertex   1.104740e-02 -7.616626e-03 2.937593e-02
      vertex   1.080613e-02 -2.688151e-03 3.000798e-02
    endloop
  endfacet
  facet normal 9.924438e-01 2.251090e-02 1.206175e-01
    outer loop
      vertex   1.034151e-02 -8.030281e-03 3.482793e-02
      vertex   1.080613e-02 -2.688151e-03 3.000798e-02
      vertex   1.018143e-02 -3.429646e-03 3.528645e-02
    endloop
  endfacet
  facet normal 9.898286e-01 3.063775e-02 1.389266e-01
    outer loop
      vertex   1.080613e-02 -2.688151e-03 3.000798e-02
      vertex   1.104740e-02 -7.616626e-03 2.937593e-02
      vertex   1.181861e-02 -7.103836e-03 2.376810e-02
    endloop
  endfacet
  facet normal 9.906589e-01 4.548695e-02 1.285532e-01
    outer loop
      vertex   1.080613e-02 -2.688151e-03 3.000798e-02
      vertex   1.181861e-02 -7.103836e-03 2.376810e-02
      vertex   1.146029e-02 -1.716781e-03 2.462325e-02
    endloop
  endfacet
  facet normal 9.771813e-01 -1.857136e-01 1.030878e-01
    outer loop
      vertex   9.231960e-03 -1.443290e-02 3.430507e-02
      vertex   9.783225e-03 -1.454676e-02 2.887444e-02
      vertex   1.104740e-02 -7.616626e-03 2.937593e-02
    endloop
  endfacet
  facet normal 9.774101e-01 -1.786092e-01 1.129965e-01
    outer loop
      vertex   9.231960e-03 -1.443290e-02 3.430507e-02
      vertex   1.104740e-02 -7.616626e-03 2.937593e-02
      vertex   1.034151e-02 -8.030281e-03 3.482793e-02
    endloop
  endfacet
  facet normal 9.769813e-01 -1.858018e-01 1.048108e-01
    outer loop
      vertex   1.104740e-02 -7.616626e-03 2.937593e-02
      vertex   9.783225e-03 -1.454676e-02 2.887444e-02
      vertex   1.036209e-02 -1.467629e-02 2.324901e-02
    endloop
  endfacet
  facet normal 9.738562e-01 -1.952721e-01 1.160724e-01
    outer loop
      vertex   1.104740e-02 -7.616626e-03 2.937593e-02
      vertex   1.036209e-02 -1.467629e-02 2.324901e-02
      vertex   1.181861e-02 -7.103836e-03 2.376810e-02
    endloop
  endfacet
  facet normal 8.988425e-01 -3.885708e-01 2.027188e-01
    outer loop
      vertex   6.067800e-03 -1.635035e-02 5.018706e-02
      vertex   6.637320e-03 -1.661817e-02 4.714848e-02
      vertex   7.645800e-03 -1.412105e-02 4.746342e-02
    endloop
  endfacet
  facet normal 9.014916e-01 -3.757706e-01 2.147306e-01
    outer loop
      vertex   6.067800e-03 -1.635035e-02 5.018706e-02
      vertex   7.645800e-03 -1.412105e-02 4.746342e-02
      vertex   7.022970e-03 -1.393163e-02 5.040969e-02
    endloop
  endfacet
  facet normal 9.110248e-01 -3.861622e-01 1.446119e-01
    outer loop
      vertex   7.645800e-03 -1.412105e-02 4.746342e-02
      vertex   6.637320e-03 -1.661817e-02 4.714848e-02
      vertex   7.145160e-03 -1.680891e-02 4.343985e-02
    endloop
  endfacet
  facet normal 9.013469e-01 -4.034875e-01 1.573899e-01
    outer loop
      vertex   7.645800e-03 -1.412105e-02 4.746342e-02
      vertex   7.145160e-03 -1.680891e-02 4.343985e-02
      vertex   8.233425e-03 -1.424142e-02 4.378959e-02
    endloop
  endfacet
  facet normal 9.410522e-01 2.402141e-01 2.381554e-01
    outer loop
      vertex   7.705260e-03 -4.226746e-03 5.109289e-02
      vertex   8.391750e-03 -4.121881e-03 4.827451e-02
      vertex   7.597740e-03 -8.534555e-04 4.811530e-02
    endloop
  endfacet
  facet normal 9.451108e-01 2.326471e-01 2.294362e-01
    outer loop
      vertex   7.705260e-03 -4.226746e-03 5.109289e-02
      vertex   7.597740e-03 -8.534555e-04 4.811530e-02
      vertex   6.942075e-03 -1.077210e-03 5.104305e-02
    endloop
  endfacet
  facet normal 6.779976e-01 7.140326e-01 1.745758e-01
    outer loop
      vertex   4.550160e-03 2.245169e-03 5.066467e-02
      vertex   5.769180e-03 1.037955e-03 5.086801e-02
      vertex   6.248460e-03 1.323539e-03 4.783857e-02
    endloop
  endfacet
  facet normal 6.104794e-01 7.841985e-01 1.111199e-01
    outer loop
      vertex   4.550160e-03 2.245169e-03 5.066467e-02
      vertex   6.248460e-03 1.323539e-03 4.783857e-02
      vertex   4.776750e-03 2.502360e-03 4.760477e-02
    endloop
  endfacet
  facet normal 6.075898e-01 7.839006e-01 1.278065e-01
    outer loop
      vertex   4.776750e-03 2.502360e-03 4.760477e-02
      vertex   6.248460e-03 1.323539e-03 4.783857e-02
      vertex   6.705270e-03 1.570305e-03 4.415337e-02
    endloop
  endfacet
  facet normal 5.527642e-01 8.289919e-01 8.499482e-02
    outer loop
      vertex   4.776750e-03 2.502360e-03 4.760477e-02
      vertex   6.705270e-03 1.570305e-03 4.415337e-02
      vertex   5.020575e-03 2.719934e-03 4.389695e-02
    endloop
  endfacet
  facet normal 3.875653e-01 -9.189741e-01 7.266156e-02
    outer loop
      vertex   1.940790e-03 -2.064693e-02 3.382869e-02
      vertex   1.980150e-03 -2.105186e-02 2.849752e-02
      vertex   6.896250e-03 -1.896381e-02 2.868400e-02
    endloop
  endfacet
  facet normal 3.932896e-01 -9.160016e-01 7.914781e-02
    outer loop
      vertex   1.940790e-03 -2.064693e-02 3.382869e-02
      vertex   6.896250e-03 -1.896381e-02 2.868400e-02
      vertex   6.528735e-03 -1.866326e-02 3.398862e-02
    endloop
  endfacet
  facet normal 9.529076e-01 2.404924e-01 1.847445e-01
    outer loop
      vertex   7.597740e-03 -8.534555e-04 4.811530e-02
      vertex   8.391750e-03 -4.121881e-03 4.827451e-02
      vertex   9.054855e-03 -4.008736e-03 4.470695e-02
    endloop
  endfacet
  facet normal 9.520062e-01 2.520352e-01 1.736734e-01
    outer loop
      vertex   7.597740e-03 -8.534555e-04 4.811530e-02
      vertex   9.054855e-03 -4.008736e-03 4.470695e-02
      vertex   8.207190e-03 -6.550656e-04 4.448664e-02
    endloop
  endfacet
  facet normal 9.746036e-01 1.078430e-02 2.236774e-01
    outer loop
      vertex   7.843830e-03 -8.360116e-03 5.086624e-02
      vertex   8.492010e-03 -8.373151e-03 4.804263e-02
      vertex   8.391750e-03 -4.121881e-03 4.827451e-02
    endloop
  endfacet
  facet normal 9.712402e-01 1.954828e-02 2.372980e-01
    outer loop
      vertex   7.843830e-03 -8.360116e-03 5.086624e-02
      vertex   8.391750e-03 -4.121881e-03 4.827451e-02
      vertex   7.705260e-03 -4.226746e-03 5.109289e-02
    endloop
  endfacet
  facet normal 9.833959e-01 1.332036e-02 1.809837e-01
    outer loop
      vertex   8.391750e-03 -4.121881e-03 4.827451e-02
      vertex   8.492010e-03 -8.373151e-03 4.804263e-02
      vertex   9.155085e-03 -8.342791e-03 4.443750e-02
    endloop
  endfacet
  facet normal 9.830331e-01 1.135206e-02 1.830767e-01
    outer loop
      vertex   8.391750e-03 -4.121881e-03 4.827451e-02
      vertex   9.155085e-03 -8.342791e-03 4.443750e-02
      vertex   9.054855e-03 -4.008736e-03 4.470695e-02
    endloop
  endfacet
  facet normal 9.630580e-01 -1.633558e-01 2.140891e-01
    outer loop
      vertex   7.022970e-03 -1.393163e-02 5.040969e-02
      vertex   7.645800e-03 -1.412105e-02 4.746342e-02
      vertex   8.492010e-03 -8.373151e-03 4.804263e-02
    endloop
  endfacet
  facet normal 9.619505e-01 -1.598813e-01 2.215607e-01
    outer loop
      vertex   7.022970e-03 -1.393163e-02 5.040969e-02
      vertex   8.492010e-03 -8.373151e-03 4.804263e-02
      vertex   7.843830e-03 -8.360116e-03 5.086624e-02
    endloop
  endfacet
  facet normal 9.739602e-01 -1.596124e-01 1.610136e-01
    outer loop
      vertex   8.492010e-03 -8.373151e-03 4.804263e-02
      vertex   7.645800e-03 -1.412105e-02 4.746342e-02
      vertex   8.233425e-03 -1.424142e-02 4.378959e-02
    endloop
  endfacet
  facet normal 9.692933e-01 -1.708760e-01 1.768387e-01
    outer loop
      vertex   8.492010e-03 -8.373151e-03 4.804263e-02
      vertex   8.233425e-03 -1.424142e-02 4.378959e-02
      vertex   9.155085e-03 -8.342791e-03 4.443750e-02
    endloop
  endfacet
  facet normal 7.773212e-01 -6.060778e-01 1.686459e-01
    outer loop
      vertex   6.067800e-03 -1.635035e-02 5.018706e-02
      vertex   4.982310e-03 -1.777754e-02 5.006127e-02
      vertex   5.437710e-03 -1.804310e-02 4.700787e-02
    endloop
  endfacet
  facet normal 7.406511e-01 -6.428248e-01 1.954794e-01
    outer loop
      vertex   6.067800e-03 -1.635035e-02 5.018706e-02
      vertex   5.437710e-03 -1.804310e-02 4.700787e-02
      vertex   6.637320e-03 -1.661817e-02 4.714848e-02
    endloop
  endfacet
  facet normal 4.457508e-01 -8.934588e-01 5.511430e-02
    outer loop
      vertex   5.437710e-03 -1.804310e-02 4.700787e-02
      vertex   1.777275e-03 -1.987470e-02 4.692041e-02
      vertex   1.852905e-03 -2.006571e-02 4.321227e-02
    endloop
  endfacet
  facet normal 4.148064e-01 -9.053787e-01 9.069209e-02
    outer loop
      vertex   5.437710e-03 -1.804310e-02 4.700787e-02
      vertex   1.852905e-03 -2.006571e-02 4.321227e-02
      vertex   5.838045e-03 -1.823165e-02 4.329455e-02
    endloop
  endfacet
  facet normal 6.020509e-01 7.906986e-01 1.110421e-01
    outer loop
      vertex   1.612755e-03 4.425269e-03 5.106692e-02
      vertex   4.550160e-03 2.245169e-03 5.066467e-02
      vertex   4.776750e-03 2.502360e-03 4.760477e-02
    endloop
  endfacet
  facet normal 5.280503e-01 8.491425e-01 1.095405e-02
    outer loop
      vertex   1.612755e-03 4.425269e-03 5.106692e-02
      vertex   4.776750e-03 2.502360e-03 4.760477e-02
      vertex   1.667865e-03 4.429214e-03 4.810447e-02
    endloop
  endfacet
  facet normal 7.544188e-01 -6.463906e-01 1.141554e-01
    outer loop
      vertex   6.637320e-03 -1.661817e-02 4.714848e-02
      vertex   5.437710e-03 -1.804310e-02 4.700787e-02
      vertex   5.838045e-03 -1.823165e-02 4.329455e-02
    endloop
  endfacet
  facet normal 7.229200e-01 -6.778418e-01 1.338553e-01
    outer loop
      vertex   6.637320e-03 -1.661817e-02 4.714848e-02
      vertex   5.838045e-03 -1.823165e-02 4.329455e-02
      vertex   7.145160e-03 -1.680891e-02 4.343985e-02
    endloop
  endfacet
  facet normal 5.331903e-04 -9.986494e-01 5.195285e-02
    outer loop
      vertex   1.777275e-03 -1.987470e-02 4.692041e-02
      vertex   -1.110223e-18 -1.987571e-02 4.691934e-02
      vertex   -1.110223e-18 -2.006804e-02 4.322233e-02
    endloop
  endfacet
  facet normal 1.532471e-03 -9.986732e-01 5.147384e-02
    outer loop
      vertex   1.777275e-03 -1.987470e-02 4.692041e-02
      vertex   -1.110223e-18 -2.006804e-02 4.322233e-02
      vertex   1.852905e-03 -2.006571e-02 4.321227e-02
    endloop
  endfacet
  facet normal 2.496109e-03 -9.971119e-01 7.590598e-02
    outer loop
      vertex   -1.110223e-18 -2.064984e-02 3.384354e-02
      vertex   -1.110223e-18 -2.105532e-02 2.851713e-02
      vertex   1.980150e-03 -2.105186e-02 2.849752e-02
    endloop
  endfacet
  facet normal 2.076082e-03 -9.971246e-01 7.575136e-02
    outer loop
      vertex   -1.110223e-18 -2.064984e-02 3.384354e-02
      vertex   1.980150e-03 -2.105186e-02 2.849752e-02
      vertex   1.940790e-03 -2.064693e-02 3.382869e-02
    endloop
  endfacet
  facet normal 7.049699e-01 -7.036674e-01 8.871102e-02
    outer loop
      vertex   7.985505e-03 -1.718831e-02 3.411144e-02
      vertex   6.528735e-03 -1.866326e-02 3.398862e-02
      vertex   6.896250e-03 -1.896381e-02 2.868400e-02
    endloop
  endfacet
  facet normal 6.976407e-01 -7.104637e-01 9.240527e-02
    outer loop
      vertex   7.985505e-03 -1.718831e-02 3.411144e-02
      vertex   6.896250e-03 -1.896381e-02 2.868400e-02
      vertex   8.427960e-03 -1.744703e-02 2.878180e-02
    endloop
  endfacet
  facet normal 3.872875e-01 -9.187233e-01 7.717476e-02
    outer loop
      vertex   6.896250e-03 -1.896381e-02 2.868400e-02
      vertex   1.980150e-03 -2.105186e-02 2.849752e-02
      vertex   2.020995e-03 -2.149755e-02 2.298679e-02
    endloop
  endfacet
  facet normal 3.812439e-01 -9.207199e-01 8.323444e-02
    outer loop
      vertex   6.896250e-03 -1.896381e-02 2.868400e-02
      vertex   2.020995e-03 -2.149755e-02 2.298679e-02
      vertex   7.282755e-03 -1.930076e-02 2.318646e-02
    endloop
  endfacet
  facet normal 3.881961e-01 9.027392e-01 1.853802e-01
    outer loop
      vertex   5.990400e-03 4.616489e-03 2.986849e-02
      vertex   1.812465e-03 6.314294e-03 3.034958e-02
      vertex   1.783575e-03 5.305304e-03 3.532351e-02
    endloop
  endfacet
  facet normal 4.173121e-01 8.841227e-01 2.101847e-01
    outer loop
      vertex   5.990400e-03 4.616489e-03 2.986849e-02
      vertex   1.783575e-03 5.305304e-03 3.532351e-02
      vertex   5.641800e-03 3.604094e-03 3.481917e-02
    endloop
  endfacet
  facet normal 6.976226e-01 -7.104574e-01 9.259042e-02
    outer loop
      vertex   8.427960e-03 -1.744703e-02 2.878180e-02
      vertex   6.896250e-03 -1.896381e-02 2.868400e-02
      vertex   7.282755e-03 -1.930076e-02 2.318646e-02
    endloop
  endfacet
  facet normal 6.914471e-01 -7.160590e-01 9.571017e-02
    outer loop
      vertex   8.427960e-03 -1.744703e-02 2.878180e-02
      vertex   7.282755e-03 -1.930076e-02 2.318646e-02
      vertex   8.890815e-03 -1.773891e-02 2.325421e-02
    endloop
  endfacet
  facet normal 2.544681e-03 -9.967205e-01 8.088095e-02
    outer loop
      vertex   1.980150e-03 -2.105186e-02 2.849752e-02
      vertex   -1.110223e-18 -2.105532e-02 2.851713e-02
      vertex   -1.110223e-18 -2.150190e-02 2.301378e-02
    endloop
  endfacet
  facet normal 3.222155e-03 -9.967383e-01 8.063778e-02
    outer loop
      vertex   1.980150e-03 -2.105186e-02 2.849752e-02
      vertex   -1.110223e-18 -2.150190e-02 2.301378e-02
      vertex   2.020995e-03 -2.149755e-02 2.298679e-02
    endloop
  endfacet
  facet normal 2.512709e-03 -9.999039e-01 -1.363020e-02
    outer loop
      vertex   -1.110223e-18 -2.215700e-02 1.218258e-02
      vertex   -1.110223e-18 -2.208836e-02 7.147229e-03
      vertex   2.134740e-03 -2.208245e-02 7.107164e-03
    endloop
  endfacet
  facet normal 2.516297e-03 -9.999040e-01 -1.362869e-02
    outer loop
      vertex   -1.110223e-18 -2.215700e-02 1.218258e-02
      vertex   2.134740e-03 -2.208245e-02 7.107164e-03
      vertex   2.100105e-03 -2.215118e-02 1.214334e-02
    endloop
  endfacet
  facet normal 6.889738e-01 -7.247817e-01 2.565952e-03
    outer loop
      vertex   9.658770e-03 -1.814097e-02 1.237005e-02
      vertex   7.936515e-03 -1.977818e-02 1.235935e-02
      vertex   8.060835e-03 -1.967783e-02 7.323614e-03
    endloop
  endfacet
  facet normal 6.882928e-01 -7.254268e-01 2.978033e-03
    outer loop
      vertex   9.658770e-03 -1.814097e-02 1.237005e-02
      vertex   8.060835e-03 -1.967783e-02 7.323614e-03
      vertex   9.802905e-03 -1.802496e-02 7.316489e-03
    endloop
  endfacet
  facet normal 3.770267e-01 -9.250980e-01 -4.521573e-02
    outer loop
      vertex   8.060835e-03 -1.967783e-02 7.323614e-03
      vertex   2.134740e-03 -2.208245e-02 7.107164e-03
      vertex   2.167110e-03 -2.183180e-02 2.248874e-03
    endloop
  endfacet
  facet normal 3.779348e-01 -9.246661e-01 -4.645365e-02
    outer loop
      vertex   8.060835e-03 -1.967783e-02 7.323614e-03
      vertex   2.167110e-03 -2.183180e-02 2.248874e-03
      vertex   8.091780e-03 -1.942095e-02 2.462249e-03
    endloop
  endfacet
  facet normal 3.353138e-01 9.208901e-01 1.988117e-01
    outer loop
      vertex   7.047405e-03 9.775005e-03 1.035052e-02
      vertex   1.918605e-03 1.153682e-02 1.084005e-02
      vertex   1.891590e-03 1.053162e-02 1.554165e-02
    endloop
  endfacet
  facet normal 3.364226e-01 9.202260e-01 2.000098e-01
    outer loop
      vertex   7.047405e-03 9.775005e-03 1.035052e-02
      vertex   1.891590e-03 1.053162e-02 1.554165e-02
      vertex   6.924225e-03 8.796704e-03 1.505878e-02
    endloop
  endfacet
  facet normal 6.878200e-01 -7.250876e-01 -3.393538e-02
    outer loop
      vertex   9.802905e-03 -1.802496e-02 7.316489e-03
      vertex   8.060835e-03 -1.967783e-02 7.323614e-03
      vertex   8.091780e-03 -1.942095e-02 2.462249e-03
    endloop
  endfacet
  facet normal 6.881061e-01 -7.248076e-01 -3.411675e-02
    outer loop
      vertex   9.802905e-03 -1.802496e-02 7.316489e-03
      vertex   8.091780e-03 -1.942095e-02 2.462249e-03
      vertex   9.837825e-03 -1.776239e-02 2.442419e-03
    endloop
  endfacet
  facet normal 1.797847e-03 -9.986694e-01 -5.153749e-02
    outer loop
      vertex   2.134740e-03 -2.208245e-02 7.107164e-03
      vertex   -1.110223e-18 -2.208836e-02 7.147229e-03
      vertex   -1.110223e-18 -2.183756e-02 2.287334e-03
    endloop
  endfacet
  facet normal 1.740094e-03 -9.986709e-01 -5.151198e-02
    outer loop
      vertex   2.134740e-03 -2.208245e-02 7.107164e-03
      vertex   -1.110223e-18 -2.183756e-02 2.287334e-03
      vertex   2.167110e-03 -2.183180e-02 2.248874e-03
    endloop
  endfacet
  facet normal 6.036600e-04 -9.880447e-01 -1.541667e-01
    outer loop
      vertex   -1.110223e-18 -1.383569e-02 -6.113375e-02
      vertex   -1.110223e-18 -1.314888e-02 -6.553544e-02
      vertex   2.589300e-03 -1.314738e-02 -6.553491e-02
    endloop
  endfacet
  facet normal 6.072422e-04 -9.880450e-01 -1.541646e-01
    outer loop
      vertex   -1.110223e-18 -1.383569e-02 -6.113375e-02
      vertex   2.589300e-03 -1.314738e-02 -6.553491e-02
      vertex   2.562675e-03 -1.383419e-02 -6.113327e-02
    endloop
  endfacet
  facet normal 6.820272e-01 -7.225537e-01 -1.129384e-01
    outer loop
      vertex   9.880095e-03 -9.752416e-03 -6.123050e-02
      vertex   8.135985e-03 -1.143731e-02 -6.098352e-02
      vertex   8.132970e-03 -1.075163e-02 -6.538855e-02
    endloop
  endfacet
  facet normal 6.847452e-01 -7.196889e-01 -1.147689e-01
    outer loop
      vertex   9.880095e-03 -9.752416e-03 -6.123050e-02
      vertex   8.132970e-03 -1.075163e-02 -6.538855e-02
      vertex   9.862410e-03 -9.065221e-03 -6.564525e-02
    endloop
  endfacet
  facet normal 3.959385e-01 -9.076898e-01 -1.390393e-01
    outer loop
      vertex   8.132970e-03 -1.075163e-02 -6.538855e-02
      vertex   2.589300e-03 -1.314738e-02 -6.553491e-02
      vertex   2.615760e-03 -1.245225e-02 -6.999758e-02
    endloop
  endfacet
  facet normal 3.985463e-01 -9.059633e-01 -1.427981e-01
    outer loop
      vertex   8.132970e-03 -1.075163e-02 -6.538855e-02
      vertex   2.615760e-03 -1.245225e-02 -6.999758e-02
      vertex   8.116005e-03 -1.005668e-02 -6.984492e-02
    endloop
  endfacet
  facet normal 3.907578e-01 -9.101669e-01 -1.374938e-01
    outer loop
      vertex   2.447355e-03 -1.681880e-02 -4.212375e-02
      vertex   2.481975e-03 -1.594439e-02 -4.781369e-02
      vertex   8.133600e-03 -1.354287e-02 -4.764905e-02
    endloop
  endfacet
  facet normal 3.891585e-01 -9.105657e-01 -1.393762e-01
    outer loop
      vertex   2.447355e-03 -1.681880e-02 -4.212375e-02
      vertex   8.133600e-03 -1.354287e-02 -4.764905e-02
      vertex   8.132310e-03 -1.441530e-02 -4.195293e-02
    endloop
  endfacet
  facet normal 6.847342e-01 -7.196882e-01 -1.148388e-01
    outer loop
      vertex   9.862410e-03 -9.065221e-03 -6.564525e-02
      vertex   8.132970e-03 -1.075163e-02 -6.538855e-02
      vertex   8.116005e-03 -1.005668e-02 -6.984492e-02
    endloop
  endfacet
  facet normal 6.908294e-01 -7.131723e-01 -1.189117e-01
    outer loop
      vertex   9.862410e-03 -9.065221e-03 -6.564525e-02
      vertex   8.116005e-03 -1.005668e-02 -6.984492e-02
      vertex   9.816975e-03 -8.374711e-03 -7.005054e-02
    endloop
  endfacet
  facet normal 6.036308e-04 -9.880851e-01 -1.539076e-01
    outer loop
      vertex   2.589300e-03 -1.314738e-02 -6.553491e-02
      vertex   -1.110223e-18 -1.314888e-02 -6.553544e-02
      vertex   -1.110223e-18 -1.245377e-02 -6.999807e-02
    endloop
  endfacet
  facet normal 6.012246e-04 -9.880853e-01 -1.539062e-01
    outer loop
      vertex   2.589300e-03 -1.314738e-02 -6.553491e-02
      vertex   -1.110223e-18 -1.245377e-02 -6.999807e-02
      vertex   2.615760e-03 -1.245225e-02 -6.999758e-02
    endloop
  endfacet
  facet normal 6.038314e-04 -9.883967e-01 -1.518931e-01
    outer loop
      vertex   -1.110223e-18 -1.682024e-02 -4.212423e-02
      vertex   -1.110223e-18 -1.594583e-02 -4.781418e-02
      vertex   2.481975e-03 -1.594439e-02 -4.781369e-02
    endloop
  endfacet
  facet normal 6.115057e-04 -9.883972e-01 -1.518898e-01
    outer loop
      vertex   -1.110223e-18 -1.682024e-02 -4.212423e-02
      vertex   2.481975e-03 -1.594439e-02 -4.781369e-02
      vertex   2.447355e-03 -1.681880e-02 -4.212375e-02
    endloop
  endfacet
  facet normal 6.827439e-01 -7.222586e-01 -1.104682e-01
    outer loop
      vertex   9.883920e-03 -1.273413e-02 -4.211894e-02
      vertex   8.132310e-03 -1.441530e-02 -4.195293e-02
      vertex   8.133600e-03 -1.354287e-02 -4.764905e-02
    endloop
  endfacet
  facet normal 6.824393e-01 -7.225681e-01 -1.103265e-01
    outer loop
      vertex   9.883920e-03 -1.273413e-02 -4.211894e-02
      vertex   8.133600e-03 -1.354287e-02 -4.764905e-02
      vertex   9.884175e-03 -1.186061e-02 -4.783839e-02
    endloop
  endfacet
  facet normal 3.906319e-01 -9.095876e-01 -1.416228e-01
    outer loop
      vertex   8.133600e-03 -1.354287e-02 -4.764905e-02
      vertex   2.481975e-03 -1.594439e-02 -4.781369e-02
      vertex   2.509620e-03 -1.522217e-02 -5.237597e-02
    endloop
  endfacet
  facet normal 3.918102e-01 -9.088182e-01 -1.432980e-01
    outer loop
      vertex   8.133600e-03 -1.354287e-02 -4.764905e-02
      vertex   2.509620e-03 -1.522217e-02 -5.237597e-02
      vertex   8.134590e-03 -1.282229e-02 -5.221640e-02
    endloop
  endfacet
  facet normal 3.175648e-01 9.479925e-01 -2.151087e-02
    outer loop
      vertex   7.632855e-03 1.212231e-02 -4.514085e-02
      vertex   2.290680e-03 1.392409e-02 -4.460196e-02
      vertex   2.249100e-03 1.407096e-02 -3.874341e-02
    endloop
  endfacet
  facet normal 3.101638e-01 9.502580e-01 -2.842921e-02
    outer loop
      vertex   7.632855e-03 1.212231e-02 -4.514085e-02
      vertex   2.249100e-03 1.407096e-02 -3.874341e-02
      vertex   7.556730e-03 1.232325e-02 -3.925485e-02
    endloop
  endfacet
  facet normal 6.819661e-01 -7.224706e-01 -1.138353e-01
    outer loop
      vertex   9.884175e-03 -1.186061e-02 -4.783839e-02
      vertex   8.133600e-03 -1.354287e-02 -4.764905e-02
      vertex   8.134590e-03 -1.282229e-02 -5.221640e-02
    endloop
  endfacet
  facet normal 6.816415e-01 -7.228090e-01 -1.136312e-01
    outer loop
      vertex   9.884175e-03 -1.186061e-02 -4.783839e-02
      vertex   8.134590e-03 -1.282229e-02 -5.221640e-02
      vertex   9.884220e-03 -1.113948e-02 -5.242520e-02
    endloop
  endfacet
  facet normal 6.043158e-04 -9.877017e-01 -1.563487e-01
    outer loop
      vertex   2.481975e-03 -1.594439e-02 -4.781369e-02
      vertex   -1.110223e-18 -1.594583e-02 -4.781418e-02
      vertex   -1.110223e-18 -1.522364e-02 -5.237648e-02
    endloop
  endfacet
  facet normal 6.100755e-04 -9.877013e-01 -1.563517e-01
    outer loop
      vertex   2.481975e-03 -1.594439e-02 -4.781369e-02
      vertex   -1.110223e-18 -1.522364e-02 -5.237648e-02
      vertex   2.509620e-03 -1.522217e-02 -5.237597e-02
    endloop
  endfacet
  facet normal 9.978454e-04 -9.962135e-01 -8.693432e-02
    outer loop
      vertex   -1.110223e-18 -2.121617e-02 -7.319431e-03
      vertex   -1.110223e-18 -2.080512e-02 -1.202976e-02
      vertex   2.260800e-03 -2.080005e-02 -1.206191e-02
    endloop
  endfacet
  facet normal 1.040606e-03 -9.962153e-01 -8.691409e-02
    outer loop
      vertex   -1.110223e-18 -2.121617e-02 -7.319431e-03
      vertex   2.260800e-03 -2.080005e-02 -1.206191e-02
      vertex   2.230380e-03 -2.121084e-02 -7.353766e-03
    endloop
  endfacet
  facet normal 6.877184e-01 -7.233096e-01 -6.218239e-02
    outer loop
      vertex   9.866340e-03 -1.713095e-02 -7.192231e-03
      vertex   8.117880e-03 -1.879718e-02 -7.147981e-03
      vertex   8.123370e-03 -1.838684e-02 -1.186037e-02
    endloop
  endfacet
  facet normal 6.879440e-01 -7.230825e-01 -6.232775e-02
    outer loop
      vertex   9.866340e-03 -1.713095e-02 -7.192231e-03
      vertex   8.123370e-03 -1.838684e-02 -1.186037e-02
      vertex   9.872580e-03 -1.671765e-02 -1.191812e-02
    endloop
  endfacet
  facet normal 3.817268e-01 -9.195892e-01 -9.295348e-02
    outer loop
      vertex   8.123370e-03 -1.838684e-02 -1.186037e-02
      vertex   2.260800e-03 -2.080005e-02 -1.206191e-02
      vertex   2.290350e-03 -2.031867e-02 -1.670285e-02
    endloop
  endfacet
  facet normal 3.830127e-01 -9.188667e-01 -9.479065e-02
    outer loop
      vertex   8.123370e-03 -1.838684e-02 -1.186037e-02
      vertex   2.290350e-03 -2.031867e-02 -1.670285e-02
      vertex   8.125350e-03 -1.790679e-02 -1.650575e-02
    endloop
  endfacet
  facet normal 3.420124e-01 9.366752e-01 7.527977e-02
    outer loop
      vertex   7.074240e-03 1.185132e-02 -8.153971e-03
      vertex   2.035815e-03 1.365776e-02 -7.740046e-03
      vertex   2.005680e-03 1.329676e-02 -3.111481e-03
    endloop
  endfacet
  facet normal 3.372117e-01 9.388351e-01 6.983512e-02
    outer loop
      vertex   7.074240e-03 1.185132e-02 -8.153971e-03
      vertex   2.005680e-03 1.329676e-02 -3.111481e-03
      vertex   7.132560e-03 1.149039e-02 -3.583381e-03
    endloop
  endfacet
  facet normal 6.871648e-01 -7.226831e-01 -7.438777e-02
    outer loop
      vertex   9.872580e-03 -1.671765e-02 -1.191812e-02
      vertex   8.123370e-03 -1.838684e-02 -1.186037e-02
      vertex   8.125350e-03 -1.790679e-02 -1.650575e-02
    endloop
  endfacet
  facet normal 6.872736e-01 -7.225725e-01 -7.445786e-02
    outer loop
      vertex   9.872580e-03 -1.671765e-02 -1.191812e-02
      vertex   8.125350e-03 -1.790679e-02 -1.650575e-02
      vertex   9.875085e-03 -1.623510e-02 -1.657788e-02
    endloop
  endfacet
  facet normal 7.624787e-04 -9.946560e-01 -1.032422e-01
    outer loop
      vertex   2.260800e-03 -2.080005e-02 -1.206191e-02
      vertex   -1.110223e-18 -2.080512e-02 -1.202976e-02
      vertex   -1.110223e-18 -2.032002e-02 -1.670331e-02
    endloop
  endfacet
  facet normal 6.070157e-04 -9.946638e-01 -1.031673e-01
    outer loop
      vertex   2.260800e-03 -2.080005e-02 -1.206191e-02
      vertex   -1.110223e-18 -2.032002e-02 -1.670331e-02
      vertex   2.290350e-03 -2.031867e-02 -1.670285e-02
    endloop
  endfacet
  facet normal 6.030943e-04 -9.875791e-01 -1.571215e-01
    outer loop
      vertex   -1.110223e-18 -1.522364e-02 -5.237648e-02
      vertex   -1.110223e-18 -1.452752e-02 -5.675190e-02
      vertex   2.536110e-03 -1.452605e-02 -5.675141e-02
    endloop
  endfacet
  facet normal 6.101595e-04 -9.875797e-01 -1.571175e-01
    outer loop
      vertex   -1.110223e-18 -1.522364e-02 -5.237648e-02
      vertex   2.536110e-03 -1.452605e-02 -5.675141e-02
      vertex   2.509620e-03 -1.522217e-02 -5.237597e-02
    endloop
  endfacet
  facet normal 6.815241e-01 -7.227894e-01 -1.144568e-01
    outer loop
      vertex   9.884220e-03 -1.113948e-02 -5.242520e-02
      vertex   8.134590e-03 -1.282229e-02 -5.221640e-02
      vertex   8.135580e-03 -1.212771e-02 -5.659671e-02
    endloop
  endfacet
  facet normal 6.811722e-01 -7.231582e-01 -1.142219e-01
    outer loop
      vertex   9.884220e-03 -1.113948e-02 -5.242520e-02
      vertex   8.135580e-03 -1.212771e-02 -5.659671e-02
      vertex   9.884610e-03 -1.044426e-02 -5.682443e-02
    endloop
  endfacet
  facet normal 3.930727e-01 -9.086199e-01 -1.410807e-01
    outer loop
      vertex   8.135580e-03 -1.212771e-02 -5.659671e-02
      vertex   2.536110e-03 -1.452605e-02 -5.675141e-02
      vertex   2.562675e-03 -1.383419e-02 -6.113327e-02
    endloop
  endfacet
  facet normal 3.942625e-01 -9.078292e-01 -1.428397e-01
    outer loop
      vertex   8.135580e-03 -1.212771e-02 -5.659671e-02
      vertex   2.562675e-03 -1.383419e-02 -6.113327e-02
      vertex   8.135985e-03 -1.143731e-02 -6.098352e-02
    endloop
  endfacet
  facet normal 3.874508e-01 -9.129287e-01 -1.282304e-01
    outer loop
      vertex   2.356470e-03 -1.897976e-02 -2.729912e-02
      vertex   2.402160e-03 -1.791597e-02 -3.473462e-02
      vertex   8.130420e-03 -1.550997e-02 -3.455594e-02
    endloop
  endfacet
  facet normal 3.853956e-01 -9.135266e-01 -1.301515e-01
    outer loop
      vertex   2.356470e-03 -1.897976e-02 -2.729912e-02
      vertex   8.130420e-03 -1.550997e-02 -3.455594e-02
      vertex   8.128395e-03 -1.657128e-02 -2.711265e-02
    endloop
  endfacet
  facet normal 6.812419e-01 -7.231668e-01 -1.137506e-01
    outer loop
      vertex   9.884610e-03 -1.044426e-02 -5.682443e-02
      vertex   8.135580e-03 -1.212771e-02 -5.659671e-02
      vertex   8.135985e-03 -1.143731e-02 -6.098352e-02
    endloop
  endfacet
  facet normal 6.818409e-01 -7.225388e-01 -1.141524e-01
    outer loop
      vertex   9.884610e-03 -1.044426e-02 -5.682443e-02
      vertex   8.135985e-03 -1.143731e-02 -6.098352e-02
      vertex   9.880095e-03 -9.752416e-03 -6.123050e-02
    endloop
  endfacet
  facet normal 6.029726e-04 -9.877642e-01 -1.559536e-01
    outer loop
      vertex   2.536110e-03 -1.452605e-02 -5.675141e-02
      vertex   -1.110223e-18 -1.452752e-02 -5.675190e-02
      vertex   -1.110223e-18 -1.383569e-02 -6.113375e-02
    endloop
  endfacet
  facet normal 6.074136e-04 -9.877638e-01 -1.559562e-01
    outer loop
      vertex   2.536110e-03 -1.452605e-02 -5.675141e-02
      vertex   -1.110223e-18 -1.383569e-02 -6.113375e-02
      vertex   2.562675e-03 -1.383419e-02 -6.113327e-02
    endloop
  endfacet
  facet normal 6.086689e-04 -9.899209e-01 -1.416203e-01
    outer loop
      vertex   -1.110223e-18 -1.898112e-02 -2.729958e-02
      vertex   -1.110223e-18 -1.791738e-02 -3.473508e-02
      vertex   2.402160e-03 -1.791597e-02 -3.473462e-02
    endloop
  endfacet
  facet normal 6.013141e-04 -9.899205e-01 -1.416227e-01
    outer loop
      vertex   -1.110223e-18 -1.898112e-02 -2.729958e-02
      vertex   2.402160e-03 -1.791597e-02 -3.473462e-02
      vertex   2.356470e-03 -1.897976e-02 -2.729912e-02
    endloop
  endfacet
  facet normal 6.846077e-01 -7.216391e-01 -1.027096e-01
    outer loop
      vertex   9.879285e-03 -1.489476e-02 -2.722140e-02
      vertex   8.128395e-03 -1.657128e-02 -2.711265e-02
      vertex   8.130420e-03 -1.550997e-02 -3.455594e-02
    endloop
  endfacet
  facet normal 6.841724e-01 -7.220717e-01 -1.025695e-01
    outer loop
      vertex   9.879285e-03 -1.489476e-02 -2.722140e-02
      vertex   8.130420e-03 -1.550997e-02 -3.455594e-02
      vertex   9.881985e-03 -1.383089e-02 -3.469289e-02
    endloop
  endfacet
  facet normal 3.873314e-01 -9.122835e-01 -1.330912e-01
    outer loop
      vertex   8.130420e-03 -1.550997e-02 -3.455594e-02
      vertex   2.402160e-03 -1.791597e-02 -3.473462e-02
      vertex   2.447355e-03 -1.681880e-02 -4.212375e-02
    endloop
  endfacet
  facet normal 3.892900e-01 -9.112059e-01 -1.347485e-01
    outer loop
      vertex   8.130420e-03 -1.550997e-02 -3.455594e-02
      vertex   2.447355e-03 -1.681880e-02 -4.212375e-02
      vertex   8.132310e-03 -1.441530e-02 -4.195293e-02
    endloop
  endfacet
  facet normal 3.842348e-01 -9.171397e-01 -1.059167e-01
    outer loop
      vertex   2.290350e-03 -2.031867e-02 -1.670285e-02
      vertex   2.320350e-03 -1.975517e-02 -2.147345e-02
      vertex   8.126745e-03 -1.734480e-02 -2.128106e-02
    endloop
  endfacet
  facet normal 3.828807e-01 -9.174791e-01 -1.078633e-01
    outer loop
      vertex   2.290350e-03 -2.031867e-02 -1.670285e-02
      vertex   8.126745e-03 -1.734480e-02 -2.128106e-02
      vertex   8.125350e-03 -1.790679e-02 -1.650575e-02
    endloop
  endfacet
  facet normal 6.837069e-01 -7.219199e-01 -1.066611e-01
    outer loop
      vertex   9.881985e-03 -1.383089e-02 -3.469289e-02
      vertex   8.130420e-03 -1.550997e-02 -3.455594e-02
      vertex   8.132310e-03 -1.441530e-02 -4.195293e-02
    endloop
  endfacet
  facet normal 6.832396e-01 -7.223843e-01 -1.065111e-01
    outer loop
      vertex   9.881985e-03 -1.383089e-02 -3.469289e-02
      vertex   8.132310e-03 -1.441530e-02 -4.195293e-02
      vertex   9.883920e-03 -1.273413e-02 -4.211894e-02
    endloop
  endfacet
  facet normal 6.092393e-04 -9.891556e-01 -1.468703e-01
    outer loop
      vertex   2.402160e-03 -1.791597e-02 -3.473462e-02
      vertex   -1.110223e-18 -1.791738e-02 -3.473508e-02
      vertex   -1.110223e-18 -1.682024e-02 -4.212423e-02
    endloop
  endfacet
  facet normal 6.109664e-04 -9.891555e-01 -1.468709e-01
    outer loop
      vertex   2.402160e-03 -1.791597e-02 -3.473462e-02
      vertex   -1.110223e-18 -1.682024e-02 -4.212423e-02
      vertex   2.447355e-03 -1.681880e-02 -4.212375e-02
    endloop
  endfacet
  facet normal 6.013888e-04 -9.930958e-01 -1.173048e-01
    outer loop
      vertex   -1.110223e-18 -2.032002e-02 -1.670331e-02
      vertex   -1.110223e-18 -1.975652e-02 -2.147391e-02
      vertex   2.320350e-03 -1.975517e-02 -2.147345e-02
    endloop
  endfacet
  facet normal 6.089627e-04 -9.930962e-01 -1.173012e-01
    outer loop
      vertex   -1.110223e-18 -2.032002e-02 -1.670331e-02
      vertex   2.320350e-03 -1.975517e-02 -2.147345e-02
      vertex   2.290350e-03 -2.031867e-02 -1.670285e-02
    endloop
  endfacet
  facet normal 6.864802e-01 -7.221879e-01 -8.479143e-02
    outer loop
      vertex   9.875085e-03 -1.623510e-02 -1.657788e-02
      vertex   8.125350e-03 -1.790679e-02 -1.650575e-02
      vertex   8.126745e-03 -1.734480e-02 -2.128106e-02
    endloop
  endfacet
  facet normal 6.864840e-01 -7.221840e-01 -8.479380e-02
    outer loop
      vertex   9.875085e-03 -1.623510e-02 -1.657788e-02
      vertex   8.126745e-03 -1.734480e-02 -2.128106e-02
      vertex   9.877005e-03 -1.567074e-02 -2.136896e-02
    endloop
  endfacet
  facet normal 3.840277e-01 -9.155582e-01 -1.194818e-01
    outer loop
      vertex   8.126745e-03 -1.734480e-02 -2.128106e-02
      vertex   2.320350e-03 -1.975517e-02 -2.147345e-02
      vertex   2.356470e-03 -1.897976e-02 -2.729912e-02
    endloop
  endfacet
  facet normal 3.855861e-01 -9.146748e-01 -1.212160e-01
    outer loop
      vertex   8.126745e-03 -1.734480e-02 -2.128106e-02
      vertex   2.356470e-03 -1.897976e-02 -2.729912e-02
      vertex   8.128395e-03 -1.657128e-02 -2.711265e-02
    endloop
  endfacet
  facet normal 3.791683e-01 -9.238239e-01 -5.273315e-02
    outer loop
      vertex   2.167110e-03 -2.183180e-02 2.248874e-03
      vertex   2.199015e-03 -2.154347e-02 -2.572936e-03
      vertex   8.106570e-03 -1.913078e-02 -2.363251e-03
    endloop
  endfacet
  facet normal 3.780291e-01 -9.241931e-01 -5.441647e-02
    outer loop
      vertex   2.167110e-03 -2.183180e-02 2.248874e-03
      vertex   8.106570e-03 -1.913078e-02 -2.363251e-03
      vertex   8.091780e-03 -1.942095e-02 2.462249e-03
    endloop
  endfacet
  facet normal 6.855287e-01 -7.217495e-01 -9.554093e-02
    outer loop
      vertex   9.877005e-03 -1.567074e-02 -2.136896e-02
      vertex   8.126745e-03 -1.734480e-02 -2.128106e-02
      vertex   8.128395e-03 -1.657128e-02 -2.711265e-02
    endloop
  endfacet
  facet normal 6.853434e-01 -7.219368e-01 -9.545514e-02
    outer loop
      vertex   9.877005e-03 -1.567074e-02 -2.136896e-02
      vertex   8.128395e-03 -1.657128e-02 -2.711265e-02
      vertex   9.879285e-03 -1.489476e-02 -2.722140e-02
    endloop
  endfacet
  facet normal 6.032528e-04 -9.912580e-01 -1.319362e-01
    outer loop
      vertex   2.320350e-03 -1.975517e-02 -2.147345e-02
      vertex   -1.110223e-18 -1.975652e-02 -2.147391e-02
      vertex   -1.110223e-18 -1.898112e-02 -2.729958e-02
    endloop
  endfacet
  facet normal 6.001764e-04 -9.912582e-01 -1.319350e-01
    outer loop
      vertex   2.320350e-03 -1.975517e-02 -2.147345e-02
      vertex   -1.110223e-18 -1.898112e-02 -2.729958e-02
      vertex   2.356470e-03 -1.897976e-02 -2.729912e-02
    endloop
  endfacet
  facet normal 1.523532e-03 -9.982145e-01 -5.971168e-02
    outer loop
      vertex   -1.110223e-18 -2.183756e-02 2.287334e-03
      vertex   -1.110223e-18 -2.154900e-02 -2.536516e-03
      vertex   2.199015e-03 -2.154347e-02 -2.572936e-03
    endloop
  endfacet
  facet normal 1.593929e-03 -9.982163e-01 -5.967994e-02
    outer loop
      vertex   -1.110223e-18 -2.183756e-02 2.287334e-03
      vertex   2.199015e-03 -2.154347e-02 -2.572936e-03
      vertex   2.167110e-03 -2.183180e-02 2.248874e-03
    endloop
  endfacet
  facet normal 6.878707e-01 -7.246477e-01 -4.146737e-02
    outer loop
      vertex   9.837825e-03 -1.776239e-02 2.442419e-03
      vertex   8.091780e-03 -1.942095e-02 2.462249e-03
      vertex   8.106570e-03 -1.913078e-02 -2.363251e-03
    endloop
  endfacet
  facet normal 6.883202e-01 -7.242042e-01 -4.175561e-02
    outer loop
      vertex   9.837825e-03 -1.776239e-02 2.442419e-03
      vertex   8.106570e-03 -1.913078e-02 -2.363251e-03
      vertex   9.853920e-03 -1.746818e-02 -2.395006e-03
    endloop
  endfacet
  facet normal 3.792469e-01 -9.232331e-01 -6.174555e-02
    outer loop
      vertex   8.106570e-03 -1.913078e-02 -2.363251e-03
      vertex   2.199015e-03 -2.154347e-02 -2.572936e-03
      vertex   2.230380e-03 -2.121084e-02 -7.353766e-03
    endloop
  endfacet
  facet normal 3.804585e-01 -9.226203e-01 -6.342752e-02
    outer loop
      vertex   8.106570e-03 -1.913078e-02 -2.363251e-03
      vertex   2.230380e-03 -2.121084e-02 -7.353766e-03
      vertex   8.117880e-03 -1.879718e-02 -7.147981e-03
    endloop
  endfacet
  facet normal 3.766848e-01 -9.234628e-01 7.297200e-02
    outer loop
      vertex   2.020995e-03 -2.149755e-02 2.298679e-02
      vertex   2.061690e-03 -2.191641e-02 1.747603e-02
      vertex   7.656465e-03 -1.961771e-02 1.768573e-02
    endloop
  endfacet
  facet normal 3.815145e-01 -9.209820e-01 7.898609e-02
    outer loop
      vertex   2.020995e-03 -2.149755e-02 2.298679e-02
      vertex   7.656465e-03 -1.961771e-02 1.768573e-02
      vertex   7.282755e-03 -1.930076e-02 2.318646e-02
    endloop
  endfacet
  facet normal 6.880305e-01 -7.240353e-01 -4.885477e-02
    outer loop
      vertex   9.853920e-03 -1.746818e-02 -2.395006e-03
      vertex   8.106570e-03 -1.913078e-02 -2.363251e-03
      vertex   8.117880e-03 -1.879718e-02 -7.147981e-03
    endloop
  endfacet
  facet normal 6.883955e-01 -7.236724e-01 -4.908956e-02
    outer loop
      vertex   9.853920e-03 -1.746818e-02 -2.395006e-03
      vertex   8.117880e-03 -1.879718e-02 -7.147981e-03
      vertex   9.866340e-03 -1.713095e-02 -7.192231e-03
    endloop
  endfacet
  facet normal 1.361159e-03 -9.975866e-01 -6.942021e-02
    outer loop
      vertex   2.199015e-03 -2.154347e-02 -2.572936e-03
      vertex   -1.110223e-18 -2.154900e-02 -2.536516e-03
      vertex   -1.110223e-18 -2.121617e-02 -7.319431e-03
    endloop
  endfacet
  facet normal 1.313527e-03 -9.975882e-01 -6.939825e-02
    outer loop
      vertex   2.199015e-03 -2.154347e-02 -2.572936e-03
      vertex   -1.110223e-18 -2.121617e-02 -7.319431e-03
      vertex   2.230380e-03 -2.121084e-02 -7.353766e-03
    endloop
  endfacet
  facet normal 3.790588e-03 -9.970971e-01 7.604576e-02
    outer loop
      vertex   -1.110223e-18 -2.150190e-02 2.301378e-02
      vertex   -1.110223e-18 -2.192163e-02 1.751037e-02
      vertex   2.061690e-03 -2.191641e-02 1.747603e-02
    endloop
  endfacet
  facet normal 3.158537e-03 -9.971171e-01 7.581195e-02
    outer loop
      vertex   -1.110223e-18 -2.150190e-02 2.301378e-02
      vertex   2.061690e-03 -2.191641e-02 1.747603e-02
      vertex   2.020995e-03 -2.149755e-02 2.298679e-02
    endloop
  endfacet
  facet normal 6.920854e-01 -7.163946e-01 8.829750e-02
    outer loop
      vertex   8.890815e-03 -1.773891e-02 2.325421e-02
      vertex   7.282755e-03 -1.930076e-02 2.318646e-02
      vertex   7.656465e-03 -1.961771e-02 1.768573e-02
    endloop
  endfacet
  facet normal 6.878759e-01 -7.201639e-01 9.050238e-02
    outer loop
      vertex   8.890815e-03 -1.773891e-02 2.325421e-02
      vertex   7.656465e-03 -1.961771e-02 1.768573e-02
      vertex   9.331770e-03 -1.801287e-02 1.772266e-02
    endloop
  endfacet
  facet normal 3.782875e-01 -9.246687e-01 4.343233e-02
    outer loop
      vertex   7.656465e-03 -1.961771e-02 1.768573e-02
      vertex   2.061690e-03 -2.191641e-02 1.747603e-02
      vertex   2.100105e-03 -2.215118e-02 1.214334e-02
    endloop
  endfacet
  facet normal 3.747047e-01 -9.259217e-01 4.759683e-02
    outer loop
      vertex   7.656465e-03 -1.961771e-02 1.768573e-02
      vertex   2.100105e-03 -2.215118e-02 1.214334e-02
      vertex   7.936515e-03 -1.977818e-02 1.235935e-02
    endloop
  endfacet
  facet normal 4.019506e-01 -9.139191e-01 5.645964e-02
    outer loop
      vertex   1.852905e-03 -2.006571e-02 4.321227e-02
      vertex   1.901955e-03 -2.031684e-02 3.879799e-02
      vertex   6.188415e-03 -1.842449e-02 3.891337e-02
    endloop
  endfacet
  facet normal 4.157085e-01 -9.065517e-01 7.314745e-02
    outer loop
      vertex   1.852905e-03 -2.006571e-02 4.321227e-02
      vertex   6.188415e-03 -1.842449e-02 3.891337e-02
      vertex   5.838045e-03 -1.823165e-02 4.329455e-02
    endloop
  endfacet
  facet normal 6.899235e-01 -7.215539e-01 5.801330e-02
    outer loop
      vertex   9.331770e-03 -1.801287e-02 1.772266e-02
      vertex   7.656465e-03 -1.961771e-02 1.768573e-02
      vertex   7.936515e-03 -1.977818e-02 1.235935e-02
    endloop
  endfacet
  facet normal 6.875774e-01 -7.236836e-01 5.932463e-02
    outer loop
      vertex   9.331770e-03 -1.801287e-02 1.772266e-02
      vertex   7.936515e-03 -1.977818e-02 1.235935e-02
      vertex   9.658770e-03 -1.814097e-02 1.237005e-02
    endloop
  endfacet
  facet normal 3.263997e-03 -9.990203e-01 4.413361e-02
    outer loop
      vertex   2.061690e-03 -2.191641e-02 1.747603e-02
      vertex   -1.110223e-18 -2.192163e-02 1.751037e-02
      vertex   -1.110223e-18 -2.215700e-02 1.218258e-02
    endloop
  endfacet
  facet normal 3.590759e-03 -9.990248e-01 4.400655e-02
    outer loop
      vertex   2.061690e-03 -2.191641e-02 1.747603e-02
      vertex   -1.110223e-18 -2.215700e-02 1.218258e-02
      vertex   2.100105e-03 -2.215118e-02 1.214334e-02
    endloop
  endfacet
  facet normal 1.850470e-03 -9.983759e-01 5.693984e-02
    outer loop
      vertex   -1.110223e-18 -2.006804e-02 4.322233e-02
      vertex   -1.110223e-18 -2.031959e-02 3.881167e-02
      vertex   1.901955e-03 -2.031684e-02 3.879799e-02
    endloop
  endfacet
  facet normal 1.561122e-03 -9.983835e-01 5.681588e-02
    outer loop
      vertex   -1.110223e-18 -2.006804e-02 4.322233e-02
      vertex   1.901955e-03 -2.031684e-02 3.879799e-02
      vertex   1.852905e-03 -2.006571e-02 4.321227e-02
    endloop
  endfacet
  facet normal 7.290239e-01 -6.787847e-01 8.817851e-02
    outer loop
      vertex   7.145160e-03 -1.680891e-02 4.343985e-02
      vertex   5.838045e-03 -1.823165e-02 4.329455e-02
      vertex   6.188415e-03 -1.842449e-02 3.891337e-02
    endloop
  endfacet
  facet normal 7.119655e-01 -6.953835e-01 9.770849e-02
    outer loop
      vertex   7.145160e-03 -1.680891e-02 4.343985e-02
      vertex   6.188415e-03 -1.842449e-02 3.891337e-02
      vertex   7.576305e-03 -1.698395e-02 3.905254e-02
    endloop
  endfacet
  facet normal 4.016054e-01 -9.135861e-01 6.382405e-02
    outer loop
      vertex   6.188415e-03 -1.842449e-02 3.891337e-02
      vertex   1.901955e-03 -2.031684e-02 3.879799e-02
      vertex   1.940790e-03 -2.064693e-02 3.382869e-02
    endloop
  endfacet
  facet normal 3.937356e-01 -9.164278e-01 7.164034e-02
    outer loop
      vertex   6.188415e-03 -1.842449e-02 3.891337e-02
      vertex   1.940790e-03 -2.064693e-02 3.382869e-02
      vertex   6.528735e-03 -1.866326e-02 3.398862e-02
    endloop
  endfacet
  facet normal -1.057270e-02 1.026539e-01 -9.946609e-01
    outer loop
      vertex   2.662425e-03 -5.346646e-03 -7.802523e-02
      vertex   2.583690e-03 5.131814e-03 -7.694297e-02
      vertex   9.962730e-03 5.371484e-03 -7.699667e-02
    endloop
  endfacet
  facet normal -2.200706e-03 9.701111e-02 -9.952809e-01
    outer loop
      vertex   2.662425e-03 -5.346646e-03 -7.802523e-02
      vertex   9.962730e-03 5.371484e-03 -7.699667e-02
      vertex   8.845980e-03 -4.064776e-03 -7.791396e-02
    endloop
  endfacet
  facet normal 7.136369e-01 -6.955766e-01 8.303913e-02
    outer loop
      vertex   7.576305e-03 -1.698395e-02 3.905254e-02
      vertex   6.188415e-03 -1.842449e-02 3.891337e-02
      vertex   6.528735e-03 -1.866326e-02 3.398862e-02
    endloop
  endfacet
  facet normal 7.050971e-01 -7.036919e-01 8.749697e-02
    outer loop
      vertex   7.576305e-03 -1.698395e-02 3.905254e-02
      vertex   6.528735e-03 -1.866326e-02 3.398862e-02
      vertex   7.985505e-03 -1.718831e-02 3.411144e-02
    endloop
  endfacet
  facet normal 1.917158e-03 -9.977960e-01 6.632848e-02
    outer loop
      vertex   1.901955e-03 -2.031684e-02 3.879799e-02
      vertex   -1.110223e-18 -2.031959e-02 3.881167e-02
      vertex   -1.110223e-18 -2.064984e-02 3.384354e-02
    endloop
  endfacet
  facet normal 2.004737e-03 -9.977981e-01 6.629500e-02
    outer loop
      vertex   1.901955e-03 -2.031684e-02 3.879799e-02
      vertex   -1.110223e-18 -2.064984e-02 3.384354e-02
      vertex   1.940790e-03 -2.064693e-02 3.382869e-02
    endloop
  endfacet
  facet normal -1.639094e-02 1.064648e-01 -9.941814e-01
    outer loop
      vertex   2.662425e-03 -5.346646e-03 -7.802523e-02
      vertex   -1.110223e-18 -5.738176e-03 -7.802327e-02
      vertex   -1.110223e-18 5.066547e-03 -7.686621e-02
    endloop
  endfacet
  facet normal -3.212405e-02 1.024464e-01 -9.942197e-01
    outer loop
      vertex   2.662425e-03 -5.346646e-03 -7.802523e-02
      vertex   -1.110223e-18 5.066547e-03 -7.686621e-02
      vertex   2.583690e-03 5.131814e-03 -7.694297e-02
    endloop
  endfacet
  facet normal 3.837560e-01 4.424715e-02 -9.223738e-01
    outer loop
      vertex   1.058720e-02 -3.634486e-03 -7.716888e-02
      vertex   8.845980e-03 -4.064776e-03 -7.791396e-02
      vertex   9.962730e-03 5.371484e-03 -7.699667e-02
    endloop
  endfacet
  facet normal 3.375359e-01 4.138704e-02 -9.404024e-01
    outer loop
      vertex   1.058720e-02 -3.634486e-03 -7.716888e-02
      vertex   9.962730e-03 5.371484e-03 -7.699667e-02
      vertex   1.198445e-02 5.295704e-03 -7.627436e-02
    endloop
  endfacet
  facet normal -9.606400e-03 2.403808e-01 -9.706311e-01
    outer loop
      vertex   2.583690e-03 5.131814e-03 -7.694297e-02
      vertex   2.520840e-03 1.204289e-02 -7.523079e-02
      vertex   9.566325e-03 1.187546e-02 -7.534199e-02
    endloop
  endfacet
  facet normal -1.503276e-02 2.456685e-01 -9.692373e-01
    outer loop
      vertex   2.583690e-03 5.131814e-03 -7.694297e-02
      vertex   9.566325e-03 1.187546e-02 -7.534199e-02
      vertex   9.962730e-03 5.371484e-03 -7.699667e-02
    endloop
  endfacet
  facet normal -3.494118e-02 2.432253e-01 -9.693403e-01
    outer loop
      vertex   2.583690e-03 5.131814e-03 -7.694297e-02
      vertex   -1.110223e-18 5.066547e-03 -7.686621e-02
      vertex   -1.110223e-18 1.211400e-02 -7.509788e-02
    endloop
  endfacet
  facet normal -4.436711e-02 2.398572e-01 -9.697938e-01
    outer loop
      vertex   2.583690e-03 5.131814e-03 -7.694297e-02
      vertex   -1.110223e-18 1.211400e-02 -7.509788e-02
      vertex   2.520840e-03 1.204289e-02 -7.523079e-02
    endloop
  endfacet
  facet normal 3.339824e-01 2.514668e-01 -9.084163e-01
    outer loop
      vertex   1.198445e-02 5.295704e-03 -7.627436e-02
      vertex   9.962730e-03 5.371484e-03 -7.699667e-02
      vertex   9.566325e-03 1.187546e-02 -7.534199e-02
    endloop
  endfacet
  facet normal 3.996379e-01 2.709614e-01 -8.757109e-01
    outer loop
      vertex   1.198445e-02 5.295704e-03 -7.627436e-02
      vertex   9.566325e-03 1.187546e-02 -7.534199e-02
      vertex   1.166841e-02 1.162320e-02 -7.446074e-02
    endloop
  endfacet
  facet normal 7.792022e-02 6.689946e-01 -7.391716e-01
    outer loop
      vertex   2.469765e-03 1.768620e-02 -7.335233e-02
      vertex   2.428155e-03 2.085403e-02 -7.048964e-02
      vertex   7.515405e-03 1.913073e-02 -7.151305e-02
    endloop
  endfacet
  facet normal 7.998655e-02 6.655025e-01 -7.420974e-01
    outer loop
      vertex   2.469765e-03 1.768620e-02 -7.335233e-02
      vertex   7.515405e-03 1.913073e-02 -7.151305e-02
      vertex   8.525850e-03 1.653555e-02 -7.373147e-02
    endloop
  endfacet
  facet normal -4.047038e-02 3.288621e-01 -9.435104e-01
    outer loop
      vertex   2.520840e-03 1.204289e-02 -7.523079e-02
      vertex   -1.110223e-18 1.211400e-02 -7.509788e-02
      vertex   -1.110223e-18 1.790715e-02 -7.307867e-02
    endloop
  endfacet
  facet normal -7.673185e-02 3.142715e-01 -9.462270e-01
    outer loop
      vertex   2.520840e-03 1.204289e-02 -7.523079e-02
      vertex   -1.110223e-18 1.790715e-02 -7.307867e-02
      vertex   2.469765e-03 1.768620e-02 -7.335233e-02
    endloop
  endfacet
  facet normal 3.961740e-01 3.776860e-01 -8.368987e-01
    outer loop
      vertex   1.166841e-02 1.162320e-02 -7.446074e-02
      vertex   9.566325e-03 1.187546e-02 -7.534199e-02
      vertex   8.525850e-03 1.653555e-02 -7.373147e-02
    endloop
  endfacet
  facet normal 4.616168e-01 4.119404e-01 -7.856303e-01
    outer loop
      vertex   1.166841e-02 1.162320e-02 -7.446074e-02
      vertex   8.525850e-03 1.653555e-02 -7.373147e-02
      vertex   1.067677e-02 1.576689e-02 -7.287068e-02
    endloop
  endfacet
  facet normal 6.626750e-01 -7.485357e-01 2.358197e-02
    outer loop
      vertex   1.518781e-03 -1.954415e-02 5.438739e-02
      vertex   1.576710e-03 -1.955459e-02 5.242815e-02
      vertex   2.624994e-03 -1.856527e-02 5.437310e-02
    endloop
  endfacet
  facet normal 6.626751e-01 -7.485356e-01 2.358191e-02
    outer loop
      vertex   2.624994e-03 -1.856527e-02 5.437310e-02
      vertex   1.576710e-03 -1.955459e-02 5.242815e-02
      vertex   3.426732e-03 -1.785582e-02 5.436276e-02
    endloop
  endfacet
  facet normal 5.127980e-01 -8.257921e-01 2.347460e-01
    outer loop
      vertex   4.054281e-03 -1.746774e-02 5.435709e-02
      vertex   3.426732e-03 -1.785582e-02 5.436276e-02
      vertex   4.467810e-03 -1.772816e-02 5.253765e-02
    endloop
  endfacet
  facet normal 5.127971e-01 -8.257928e-01 2.347455e-01
    outer loop
      vertex   4.467810e-03 -1.772816e-02 5.253765e-02
      vertex   3.426732e-03 -1.785582e-02 5.436276e-02
      vertex   1.576710e-03 -1.955459e-02 5.242815e-02
    endloop
  endfacet
  facet normal 6.098354e-04 -9.861521e-01 -1.658426e-01
    outer loop
      vertex   -1.110223e-18 -1.245377e-02 -6.999807e-02
      vertex   -1.110223e-18 -1.169909e-02 -7.448564e-02
      vertex   2.641335e-03 -1.169754e-02 -7.448511e-02
    endloop
  endfacet
  facet normal 6.023493e-04 -9.861513e-01 -1.658469e-01
    outer loop
      vertex   -1.110223e-18 -1.245377e-02 -6.999807e-02
      vertex   2.641335e-03 -1.169754e-02 -7.448511e-02
      vertex   2.615760e-03 -1.245225e-02 -6.999758e-02
    endloop
  endfacet
  facet normal 5.654610e-01 -2.795965e-01 -7.759379e-01
    outer loop
      vertex   9.569070e-03 -6.489151e-03 -7.651343e-02
      vertex   8.196360e-03 -7.562881e-03 -7.712688e-02
      vertex   8.845980e-03 -4.064776e-03 -7.791396e-02
    endloop
  endfacet
  facet normal 4.401395e-01 -3.471203e-01 -8.281212e-01
    outer loop
      vertex   9.569070e-03 -6.489151e-03 -7.651343e-02
      vertex   8.845980e-03 -4.064776e-03 -7.791396e-02
      vertex   1.058720e-02 -3.634486e-03 -7.716888e-02
    endloop
  endfacet
  facet normal 6.900626e-01 -7.130309e-01 -1.240987e-01
    outer loop
      vertex   9.816975e-03 -8.374711e-03 -7.005054e-02
      vertex   8.116005e-03 -1.005668e-02 -6.984492e-02
      vertex   8.080350e-03 -9.316291e-03 -7.429719e-02
    endloop
  endfacet
  facet normal 7.008018e-01 -7.012035e-01 -1.311128e-01
    outer loop
      vertex   9.816975e-03 -8.374711e-03 -7.005054e-02
      vertex   8.080350e-03 -9.316291e-03 -7.429719e-02
      vertex   9.716880e-03 -7.679746e-03 -7.430229e-02
    endloop
  endfacet
  facet normal 3.586205e-01 -7.784730e-01 -5.151418e-01
    outer loop
      vertex   8.080350e-03 -9.316291e-03 -7.429719e-02
      vertex   2.641335e-03 -1.169754e-02 -7.448511e-02
      vertex   2.717250e-03 -9.751396e-03 -7.737324e-02
    endloop
  endfacet
  facet normal 3.431850e-01 -8.046472e-01 -4.845276e-01
    outer loop
      vertex   8.080350e-03 -9.316291e-03 -7.429719e-02
      vertex   2.717250e-03 -9.751396e-03 -7.737324e-02
      vertex   8.196360e-03 -7.562881e-03 -7.712688e-02
    endloop
  endfacet
  facet normal 4.028792e-01 8.199500e-01 4.066575e-01
    outer loop
      vertex   7.487595e-03 1.799149e-02 -6.855404e-02
      vertex   2.414115e-03 2.006248e-02 -6.770346e-02
      vertex   2.401605e-03 1.838292e-02 -6.430454e-02
    endloop
  endfacet
  facet normal 3.969947e-01 8.265525e-01 3.990065e-01
    outer loop
      vertex   7.487595e-03 1.799149e-02 -6.855404e-02
      vertex   2.401605e-03 1.838292e-02 -6.430454e-02
      vertex   7.568580e-03 1.624482e-02 -6.501633e-02
    endloop
  endfacet
  facet normal 6.537596e-01 -6.549337e-01 -3.790254e-01
    outer loop
      vertex   9.716880e-03 -7.679746e-03 -7.430229e-02
      vertex   8.080350e-03 -9.316291e-03 -7.429719e-02
      vertex   8.196360e-03 -7.562881e-03 -7.712688e-02
    endloop
  endfacet
  facet normal 6.691734e-01 -6.346936e-01 -3.864854e-01
    outer loop
      vertex   9.716880e-03 -7.679746e-03 -7.430229e-02
      vertex   8.196360e-03 -7.562881e-03 -7.712688e-02
      vertex   9.569070e-03 -6.489151e-03 -7.651343e-02
    endloop
  endfacet
  facet normal 6.135657e-04 -9.024678e-01 -4.307570e-01
    outer loop
      vertex   2.641335e-03 -1.169754e-02 -7.448511e-02
      vertex   -1.110223e-18 -1.169909e-02 -7.448564e-02
      vertex   -1.110223e-18 -1.030502e-02 -7.740632e-02
    endloop
  endfacet
  facet normal 1.734903e-01 -8.188250e-01 -5.471989e-01
    outer loop
      vertex   2.641335e-03 -1.169754e-02 -7.448511e-02
      vertex   -1.110223e-18 -1.030502e-02 -7.740632e-02
      vertex   2.717250e-03 -9.751396e-03 -7.737324e-02
    endloop
  endfacet
  facet normal 3.930889e-02 -1.337744e-01 -9.902319e-01
    outer loop
      vertex   2.717250e-03 -9.751396e-03 -7.737324e-02
      vertex   -1.110223e-18 -1.030502e-02 -7.740632e-02
      vertex   -1.110223e-18 -5.738176e-03 -7.802327e-02
    endloop
  endfacet
  facet normal 2.076046e-02 -1.461410e-01 -9.890459e-01
    outer loop
      vertex   2.717250e-03 -9.751396e-03 -7.737324e-02
      vertex   -1.110223e-18 -5.738176e-03 -7.802327e-02
      vertex   2.662425e-03 -5.346646e-03 -7.802523e-02
    endloop
  endfacet
  facet normal 2.064543e-01 8.769004e-01 4.340764e-01
    outer loop
      vertex   2.401605e-03 1.838292e-02 -6.430454e-02
      vertex   2.414115e-03 2.006248e-02 -6.770346e-02
      vertex   -1.110223e-18 2.037901e-02 -6.719471e-02
    endloop
  endfacet
  facet normal 2.149631e-01 8.779675e-01 4.277429e-01
    outer loop
      vertex   2.401605e-03 1.838292e-02 -6.430454e-02
      vertex   -1.110223e-18 2.037901e-02 -6.719471e-02
      vertex   -1.110223e-18 1.869750e-02 -6.374330e-02
    endloop
  endfacet
  facet normal 6.082635e-04 3.158328e-01 -9.488147e-01
    outer loop
      vertex   2.520840e-03 1.204289e-02 -7.523079e-02
      vertex   2.469765e-03 1.768620e-02 -7.335233e-02
      vertex   8.525850e-03 1.653555e-02 -7.373147e-02
    endloop
  endfacet
  facet normal -7.196043e-03 3.251977e-01 -9.456187e-01
    outer loop
      vertex   2.520840e-03 1.204289e-02 -7.523079e-02
      vertex   8.525850e-03 1.653555e-02 -7.373147e-02
      vertex   9.566325e-03 1.187546e-02 -7.534199e-02
    endloop
  endfacet
  facet normal -2.030443e-02 6.803863e-01 -7.325723e-01
    outer loop
      vertex   2.469765e-03 1.768620e-02 -7.335233e-02
      vertex   -1.110223e-18 1.790715e-02 -7.307867e-02
      vertex   -1.110223e-18 2.116719e-02 -7.005086e-02
    endloop
  endfacet
  facet normal -4.764739e-02 6.693638e-01 -7.414053e-01
    outer loop
      vertex   2.469765e-03 1.768620e-02 -7.335233e-02
      vertex   -1.110223e-18 2.116719e-02 -7.005086e-02
      vertex   2.428155e-03 2.085403e-02 -7.048964e-02
    endloop
  endfacet
  facet normal 4.693618e-01 6.721999e-01 -5.725791e-01
    outer loop
      vertex   1.067677e-02 1.576689e-02 -7.287068e-02
      vertex   8.525850e-03 1.653555e-02 -7.373147e-02
      vertex   7.515405e-03 1.913073e-02 -7.151305e-02
    endloop
  endfacet
  facet normal 4.439230e-01 6.612585e-01 -6.047062e-01
    outer loop
      vertex   1.067677e-02 1.576689e-02 -7.287068e-02
      vertex   7.515405e-03 1.913073e-02 -7.151305e-02
      vertex   9.279465e-03 1.807311e-02 -7.137456e-02
    endloop
  endfacet
  facet normal 4.008721e-01 -9.038174e-01 -1.497188e-01
    outer loop
      vertex   2.615760e-03 -1.245225e-02 -6.999758e-02
      vertex   2.641335e-03 -1.169754e-02 -7.448511e-02
      vertex   8.080350e-03 -9.316291e-03 -7.429719e-02
    endloop
  endfacet
  facet normal 3.981523e-01 -9.043716e-01 -1.535798e-01
    outer loop
      vertex   2.615760e-03 -1.245225e-02 -6.999758e-02
      vertex   8.080350e-03 -9.316291e-03 -7.429719e-02
      vertex   8.116005e-03 -1.005668e-02 -6.984492e-02
    endloop
  endfacet
  facet normal 8.155220e-01 5.338546e-01 2.234350e-01
    outer loop
      vertex   6.942075e-03 -1.077210e-03 5.104305e-02
      vertex   7.597740e-03 -8.534555e-04 4.811530e-02
      vertex   6.248460e-03 1.323539e-03 4.783857e-02
    endloop
  endfacet
  facet normal 8.536513e-01 4.883500e-01 1.810905e-01
    outer loop
      vertex   6.942075e-03 -1.077210e-03 5.104305e-02
      vertex   6.248460e-03 1.323539e-03 4.783857e-02
      vertex   5.769180e-03 1.037955e-03 5.086801e-02
    endloop
  endfacet
  facet normal 8.059450e-01 5.652395e-01 1.759459e-01
    outer loop
      vertex   1.168461e-02 1.307887e-02 -6.626264e-02
      vertex   1.148509e-02 1.451758e-02 -6.997070e-02
      vertex   9.599205e-03 1.683571e-02 -6.877927e-02
    endloop
  endfacet
  facet normal 7.683670e-01 5.910216e-01 2.455722e-01
    outer loop
      vertex   1.168461e-02 1.307887e-02 -6.626264e-02
      vertex   9.599205e-03 1.683571e-02 -6.877927e-02
      vertex   9.749370e-03 1.511232e-02 -6.510141e-02
    endloop
  endfacet
  facet normal 8.281319e-01 5.346642e-01 1.683203e-01
    outer loop
      vertex   6.248460e-03 1.323539e-03 4.783857e-02
      vertex   7.597740e-03 -8.534555e-04 4.811530e-02
      vertex   8.207190e-03 -6.550656e-04 4.448664e-02
    endloop
  endfacet
  facet normal 8.111365e-01 5.681983e-01 1.385940e-01
    outer loop
      vertex   6.248460e-03 1.323539e-03 4.783857e-02
      vertex   8.207190e-03 -6.550656e-04 4.448664e-02
      vertex   6.705270e-03 1.570305e-03 4.415337e-02
    endloop
  endfacet
  facet normal 7.925672e-01 5.816960e-01 1.829399e-01
    outer loop
      vertex   9.212730e-03 1.011441e-04 3.525232e-02
      vertex   9.736485e-03 9.949044e-04 3.014131e-02
      vertex   7.943685e-03 3.449624e-03 3.010313e-02
    endloop
  endfacet
  facet normal 7.915284e-01 5.828019e-01 1.839151e-01
    outer loop
      vertex   9.212730e-03 1.011441e-04 3.525232e-02
      vertex   7.943685e-03 3.449624e-03 3.010313e-02
      vertex   7.522560e-03 2.453099e-03 3.507340e-02
    endloop
  endfacet
  facet normal 7.874778e-01 5.784435e-01 2.127954e-01
    outer loop
      vertex   7.943685e-03 3.449624e-03 3.010313e-02
      vertex   9.736485e-03 9.949044e-04 3.014131e-02
      vertex   1.027115e-02 2.177655e-03 2.494765e-02
    endloop
  endfacet
  facet normal 7.920999e-01 5.705842e-01 2.168211e-01
    outer loop
      vertex   7.943685e-03 3.449624e-03 3.010313e-02
      vertex   1.027115e-02 2.177655e-03 2.494765e-02
      vertex   8.371935e-03 4.768724e-03 2.506729e-02
    endloop
  endfacet
  facet normal 8.281376e-01 5.464454e-01 1.248418e-01
    outer loop
      vertex   1.112212e-02 4.626344e-03 1.477383e-02
      vertex   1.129467e-02 5.469960e-03 9.936659e-03
      vertex   9.223680e-03 8.484464e-03 1.047976e-02
    endloop
  endfacet
  facet normal 8.197570e-01 5.560423e-01 1.371696e-01
    outer loop
      vertex   1.112212e-02 4.626344e-03 1.477383e-02
      vertex   9.223680e-03 8.484464e-03 1.047976e-02
      vertex   9.076845e-03 7.534364e-03 1.520869e-02
    endloop
  endfacet
  facet normal 8.282984e-01 5.541597e-01 8.263716e-02
    outer loop
      vertex   9.223680e-03 8.484464e-03 1.047976e-02
      vertex   1.129467e-02 5.469960e-03 9.936659e-03
      vertex   1.135784e-02 6.082455e-03 5.196179e-03
    endloop
  endfacet
  facet normal 8.342028e-01 5.441334e-01 8.958018e-02
    outer loop
      vertex   9.223680e-03 8.484464e-03 1.047976e-02
      vertex   1.135784e-02 6.082455e-03 5.196179e-03
      vertex   9.280860e-03 9.164204e-03 5.818364e-03
    endloop
  endfacet
  facet normal 7.371115e-01 6.464489e-01 1.969023e-01
    outer loop
      vertex   1.181412e-02 1.045019e-02 -5.869769e-02
      vertex   1.177062e-02 1.166283e-02 -6.251607e-02
      vertex   9.828420e-03 1.355636e-02 -6.146199e-02
    endloop
  endfacet
  facet normal 7.277030e-01 6.527241e-01 2.107121e-01
    outer loop
      vertex   1.181412e-02 1.045019e-02 -5.869769e-02
      vertex   9.828420e-03 1.355636e-02 -6.146199e-02
      vertex   9.869325e-03 1.231886e-02 -5.776985e-02
    endloop
  endfacet
  facet normal 7.398474e-01 6.347661e-01 2.229302e-01
    outer loop
      vertex   9.828420e-03 1.355636e-02 -6.146199e-02
      vertex   1.177062e-02 1.166283e-02 -6.251607e-02
      vertex   1.168461e-02 1.307887e-02 -6.626264e-02
    endloop
  endfacet
  facet normal 7.677934e-01 5.949750e-01 2.376933e-01
    outer loop
      vertex   9.828420e-03 1.355636e-02 -6.146199e-02
      vertex   1.168461e-02 1.307887e-02 -6.626264e-02
      vertex   9.749370e-03 1.511232e-02 -6.510141e-02
    endloop
  endfacet
  facet normal 7.479958e-01 6.634262e-01 1.918292e-02
    outer loop
      vertex   1.173909e-02 8.715465e-03 -4.013921e-02
      vertex   1.178608e-02 8.831264e-03 -4.597641e-02
      vertex   9.814530e-03 1.102801e-02 -4.507289e-02
    endloop
  endfacet
  facet normal 7.761513e-01 6.305053e-01 -7.231052e-03
    outer loop
      vertex   1.173909e-02 8.715465e-03 -4.013921e-02
      vertex   9.814530e-03 1.102801e-02 -4.507289e-02
      vertex   9.738375e-03 1.118923e-02 -3.918953e-02
    endloop
  endfacet
  facet normal 7.517130e-01 6.582893e-01 3.978344e-02
    outer loop
      vertex   9.814530e-03 1.102801e-02 -4.507289e-02
      vertex   1.178608e-02 8.831264e-03 -4.597641e-02
      vertex   1.181325e-02 9.072854e-03 -5.048729e-02
    endloop
  endfacet
  facet normal 7.154305e-01 6.985836e-01 1.183936e-02
    outer loop
      vertex   9.814530e-03 1.102801e-02 -4.507289e-02
      vertex   1.181325e-02 9.072854e-03 -5.048729e-02
      vertex   9.862275e-03 1.105629e-02 -4.962642e-02
    endloop
  endfacet
  facet normal 8.281618e-01 5.594289e-01 3.445865e-02
    outer loop
      vertex   1.139661e-02 7.027695e-03 -4.241461e-03
      vertex   1.133553e-02 7.403714e-03 -8.878096e-03
      vertex   9.183045e-03 1.053751e-02 -8.022946e-03
    endloop
  endfacet
  facet normal 8.334559e-01 5.520424e-01 2.450373e-02
    outer loop
      vertex   1.139661e-02 7.027695e-03 -4.241461e-03
      vertex   9.183045e-03 1.053751e-02 -8.022946e-03
      vertex   9.292965e-03 1.016968e-02 -3.474901e-03
    endloop
  endfacet
  facet normal 8.284100e-01 5.588966e-01 3.703404e-02
    outer loop
      vertex   9.183045e-03 1.053751e-02 -8.022946e-03
      vertex   1.133553e-02 7.403714e-03 -8.878096e-03
      vertex   1.130948e-02 7.749209e-03 -1.350929e-02
    endloop
  endfacet
  facet normal 8.223992e-01 5.681184e-01 3.001758e-02
    outer loop
      vertex   9.183045e-03 1.053751e-02 -8.022946e-03
      vertex   1.130948e-02 7.749209e-03 -1.350929e-02
      vertex   9.129705e-03 1.085559e-02 -1.258154e-02
    endloop
  endfacet
  facet normal 7.134630e-01 6.951795e-01 8.772730e-02
    outer loop
      vertex   1.181325e-02 9.072854e-03 -5.048729e-02
      vertex   1.182498e-02 9.589739e-03 -5.467864e-02
      vertex   9.880350e-03 1.147671e-02 -5.381645e-02
    endloop
  endfacet
  facet normal 7.264649e-01 6.834518e-01 7.171032e-02
    outer loop
      vertex   1.181325e-02 9.072854e-03 -5.048729e-02
      vertex   9.880350e-03 1.147671e-02 -5.381645e-02
      vertex   9.862275e-03 1.105629e-02 -4.962642e-02
    endloop
  endfacet
  facet normal 7.211756e-01 6.777981e-01 1.431627e-01
    outer loop
      vertex   9.880350e-03 1.147671e-02 -5.381645e-02
      vertex   1.182498e-02 9.589739e-03 -5.467864e-02
      vertex   1.181412e-02 1.045019e-02 -5.869769e-02
    endloop
  endfacet
  facet normal 7.203034e-01 6.788439e-01 1.425973e-01
    outer loop
      vertex   9.880350e-03 1.147671e-02 -5.381645e-02
      vertex   1.181412e-02 1.045019e-02 -5.869769e-02
      vertex   9.869325e-03 1.231886e-02 -5.776985e-02
    endloop
  endfacet
  facet normal 8.075673e-01 5.891496e-01 2.716134e-02
    outer loop
      vertex   1.154975e-02 8.373764e-03 -2.450034e-02
      vertex   1.166414e-02 8.579625e-03 -3.236669e-02
      vertex   9.630795e-03 1.132228e-02 -3.140126e-02
    endloop
  endfacet
  facet normal 8.196118e-01 5.726737e-01 1.677253e-02
    outer loop
      vertex   1.154975e-02 8.373764e-03 -2.450034e-02
      vertex   9.630795e-03 1.132228e-02 -3.140126e-02
      vertex   9.469740e-03 1.132246e-02 -2.353725e-02
    endloop
  endfacet
  facet normal 8.062208e-01 5.913375e-01 1.810965e-02
    outer loop
      vertex   9.630795e-03 1.132228e-02 -3.140126e-02
      vertex   1.166414e-02 8.579625e-03 -3.236669e-02
      vertex   1.173909e-02 8.715465e-03 -4.013921e-02
    endloop
  endfacet
  facet normal 7.775302e-01 6.288456e-01 -2.700772e-06
    outer loop
      vertex   9.630795e-03 1.132228e-02 -3.140126e-02
      vertex   1.173909e-02 8.715465e-03 -4.013921e-02
      vertex   9.738375e-03 1.118923e-02 -3.918953e-02
    endloop
  endfacet
  facet normal 8.256131e-01 5.616107e-01 5.437365e-02
    outer loop
      vertex   1.130948e-02 7.749209e-03 -1.350929e-02
      vertex   1.140315e-02 8.084534e-03 -1.839513e-02
      vertex   9.259620e-03 1.114299e-02 -1.743759e-02
    endloop
  endfacet
  facet normal 8.250181e-01 5.623885e-01 5.535613e-02
    outer loop
      vertex   1.130948e-02 7.749209e-03 -1.350929e-02
      vertex   9.259620e-03 1.114299e-02 -1.743759e-02
      vertex   9.129705e-03 1.085559e-02 -1.258154e-02
    endloop
  endfacet
  facet normal 8.248016e-01 5.635069e-01 4.650048e-02
    outer loop
      vertex   9.259620e-03 1.114299e-02 -1.743759e-02
      vertex   1.140315e-02 8.084534e-03 -1.839513e-02
      vertex   1.154975e-02 8.373764e-03 -2.450034e-02
    endloop
  endfacet
  facet normal 8.231920e-01 5.659762e-01 4.501034e-02
    outer loop
      vertex   9.259620e-03 1.114299e-02 -1.743759e-02
      vertex   1.154975e-02 8.373764e-03 -2.450034e-02
      vertex   9.469740e-03 1.132246e-02 -2.353725e-02
    endloop
  endfacet
  facet normal 8.371090e-01 5.431019e-01 6.548948e-02
    outer loop
      vertex   1.135784e-02 6.082455e-03 5.196179e-03
      vertex   1.139818e-02 6.591239e-03 4.610839e-04
      vertex   9.317205e-03 9.715409e-03 1.152254e-03
    endloop
  endfacet
  facet normal 8.337460e-01 5.475415e-01 7.117489e-02
    outer loop
      vertex   1.135784e-02 6.082455e-03 5.196179e-03
      vertex   9.317205e-03 9.715409e-03 1.152254e-03
      vertex   9.280860e-03 9.164204e-03 5.818364e-03
    endloop
  endfacet
  facet normal 8.363217e-01 5.459185e-01 5.038800e-02
    outer loop
      vertex   9.317205e-03 9.715409e-03 1.152254e-03
      vertex   1.139818e-02 6.591239e-03 4.610839e-04
      vertex   1.139661e-02 7.027695e-03 -4.241461e-03
    endloop
  endfacet
  facet normal 8.354644e-01 5.473235e-01 4.935736e-02
    outer loop
      vertex   9.317205e-03 9.715409e-03 1.152254e-03
      vertex   1.139661e-02 7.027695e-03 -4.241461e-03
      vertex   9.292965e-03 1.016968e-02 -3.474901e-03
    endloop
  endfacet
  facet normal 8.024875e-01 5.563568e-01 2.155945e-01
    outer loop
      vertex   1.027115e-02 2.177655e-03 2.494765e-02
      vertex   1.076145e-02 3.467400e-03 1.979436e-02
      vertex   8.774580e-03 6.222362e-03 2.008053e-02
    endloop
  endfacet
  facet normal 7.900342e-01 5.684846e-01 2.295022e-01
    outer loop
      vertex   1.027115e-02 2.177655e-03 2.494765e-02
      vertex   8.774580e-03 6.222362e-03 2.008053e-02
      vertex   8.371935e-03 4.768724e-03 2.506729e-02
    endloop
  endfacet
  facet normal 8.058212e-01 5.616744e-01 1.875476e-01
    outer loop
      vertex   8.774580e-03 6.222362e-03 2.008053e-02
      vertex   1.076145e-02 3.467400e-03 1.979436e-02
      vertex   1.112212e-02 4.626344e-03 1.477383e-02
    endloop
  endfacet
  facet normal 8.155314e-01 5.441042e-01 1.971275e-01
    outer loop
      vertex   8.774580e-03 6.222362e-03 2.008053e-02
      vertex   1.112212e-02 4.626344e-03 1.477383e-02
      vertex   9.076845e-03 7.534364e-03 1.520869e-02
    endloop
  endfacet
  facet normal 8.029087e-01 5.818889e-01 1.293944e-01
    outer loop
      vertex   8.207190e-03 -6.550656e-04 4.448664e-02
      vertex   8.724930e-03 -3.991053e-04 4.012294e-02
      vertex   7.120125e-03 1.879994e-03 3.983181e-02
    endloop
  endfacet
  facet normal 8.146596e-01 5.676240e-01 1.188814e-01
    outer loop
      vertex   8.207190e-03 -6.550656e-04 4.448664e-02
      vertex   7.120125e-03 1.879994e-03 3.983181e-02
      vertex   6.705270e-03 1.570305e-03 4.415337e-02
    endloop
  endfacet
  facet normal 8.010791e-01 5.819555e-01 1.400005e-01
    outer loop
      vertex   7.120125e-03 1.879994e-03 3.983181e-02
      vertex   8.724930e-03 -3.991053e-04 4.012294e-02
      vertex   9.212730e-03 1.011441e-04 3.525232e-02
    endloop
  endfacet
  facet normal 7.992833e-01 5.848851e-01 1.380420e-01
    outer loop
      vertex   7.120125e-03 1.879994e-03 3.983181e-02
      vertex   9.212730e-03 1.011441e-04 3.525232e-02
      vertex   7.522560e-03 2.453099e-03 3.507340e-02
    endloop
  endfacet
  facet normal 7.863804e-01 6.160135e-01 4.618702e-02
    outer loop
      vertex   9.599205e-03 1.683571e-02 -6.877927e-02
      vertex   1.148509e-02 1.451758e-02 -6.997070e-02
      vertex   1.067677e-02 1.576689e-02 -7.287068e-02
    endloop
  endfacet
  facet normal 8.803225e-01 4.611110e-01 1.113952e-01
    outer loop
      vertex   9.599205e-03 1.683571e-02 -6.877927e-02
      vertex   1.067677e-02 1.576689e-02 -7.287068e-02
      vertex   9.279465e-03 1.807311e-02 -7.137456e-02
    endloop
  endfacet
  facet normal 1.808354e-01 9.458342e-01 2.696224e-01
    outer loop
      vertex   -1.110223e-18 2.037901e-02 -6.719471e-02
      vertex   2.414115e-03 2.006248e-02 -6.770346e-02
      vertex   2.428155e-03 2.085403e-02 -7.048964e-02
    endloop
  endfacet
  facet normal 1.698857e-01 9.499566e-01 2.621475e-01
    outer loop
      vertex   -1.110223e-18 2.037901e-02 -6.719471e-02
      vertex   2.428155e-03 2.085403e-02 -7.048964e-02
      vertex   -1.110223e-18 2.116719e-02 -7.005086e-02
    endloop
  endfacet
  facet normal 1.221875e-01 9.909117e-01 5.625143e-02
    outer loop
      vertex   1.714755e-03 4.491165e-03 4.445883e-02
      vertex   1.752240e-03 4.732980e-03 4.011765e-02
      vertex   -1.110223e-18 4.916564e-03 4.068982e-02
    endloop
  endfacet
  facet normal 1.249147e-01 9.906430e-01 5.498031e-02
    outer loop
      vertex   1.714755e-03 4.491165e-03 4.445883e-02
      vertex   -1.110223e-18 4.916564e-03 4.068982e-02
      vertex   -1.110223e-18 4.677975e-03 4.498876e-02
    endloop
  endfacet
  facet normal 1.415885e-01 9.828367e-01 1.182567e-01
    outer loop
      vertex   -1.110223e-18 4.916564e-03 4.068982e-02
      vertex   1.752240e-03 4.732980e-03 4.011765e-02
      vertex   1.783575e-03 5.305304e-03 3.532351e-02
    endloop
  endfacet
  facet normal 1.417638e-01 9.828047e-01 1.183126e-01
    outer loop
      vertex   -1.110223e-18 4.916564e-03 4.068982e-02
      vertex   1.783575e-03 5.305304e-03 3.532351e-02
      vertex   -1.110223e-18 5.494410e-03 3.588975e-02
    endloop
  endfacet
  facet normal 1.896782e-01 9.393735e-01 2.856563e-01
    outer loop
      vertex   1.839720e-03 7.659254e-03 2.533639e-02
      vertex   1.865685e-03 9.160815e-03 2.038131e-02
      vertex   -1.110223e-18 9.362340e-03 2.095743e-02
    endloop
  endfacet
  facet normal 1.900613e-01 9.393480e-01 2.854855e-01
    outer loop
      vertex   1.839720e-03 7.659254e-03 2.533639e-02
      vertex   -1.110223e-18 9.362340e-03 2.095743e-02
      vertex   -1.110223e-18 7.858334e-03 2.590614e-02
    endloop
  endfacet
  facet normal 1.850882e-01 9.452650e-01 2.687313e-01
    outer loop
      vertex   -1.110223e-18 9.362340e-03 2.095743e-02
      vertex   1.865685e-03 9.160815e-03 2.038131e-02
      vertex   1.891590e-03 1.053162e-02 1.554165e-02
    endloop
  endfacet
  facet normal 1.840912e-01 9.455416e-01 2.684428e-01
    outer loop
      vertex   -1.110223e-18 9.362340e-03 2.095743e-02
      vertex   1.891590e-03 1.053162e-02 1.554165e-02
      vertex   -1.110223e-18 1.073509e-02 1.612215e-02
    endloop
  endfacet
  facet normal 1.427553e-01 9.821649e-01 1.223644e-01
    outer loop
      vertex   1.946775e-03 1.225914e-02 6.200414e-03
      vertex   1.975905e-03 1.283490e-02 1.545059e-03
      vertex   -1.110223e-18 1.304973e-02 2.125889e-03
    endloop
  endfacet
  facet normal 1.425140e-01 9.821851e-01 1.224836e-01
    outer loop
      vertex   1.946775e-03 1.225914e-02 6.200414e-03
      vertex   -1.110223e-18 1.304973e-02 2.125889e-03
      vertex   -1.110223e-18 1.246911e-02 6.781829e-03
    endloop
  endfacet
  facet normal 1.361739e-01 9.857616e-01 9.864482e-02
    outer loop
      vertex   -1.110223e-18 1.304973e-02 2.125889e-03
      vertex   1.975905e-03 1.283490e-02 1.545059e-03
      vertex   2.005680e-03 1.329676e-02 -3.111481e-03
    endloop
  endfacet
  facet normal 1.369492e-01 9.856250e-01 9.893530e-02
    outer loop
      vertex   -1.110223e-18 1.304973e-02 2.125889e-03
      vertex   2.005680e-03 1.329676e-02 -3.111481e-03
      vertex   -1.110223e-18 1.351720e-02 -2.531251e-03
    endloop
  endfacet
  facet normal 1.258780e-01 9.906170e-01 5.322364e-02
    outer loop
      vertex   2.066160e-03 1.395588e-02 -1.234514e-02
      vertex   2.098080e-03 1.420950e-02 -1.714109e-02
      vertex   -1.110223e-18 1.444509e-02 -1.656385e-02
    endloop
  endfacet
  facet normal 1.259472e-01 9.906100e-01 5.318889e-02
    outer loop
      vertex   2.066160e-03 1.395588e-02 -1.234514e-02
      vertex   -1.110223e-18 1.444509e-02 -1.656385e-02
      vertex   -1.110223e-18 1.418751e-02 -1.176659e-02
    endloop
  endfacet
  facet normal 1.173378e-01 9.928644e-01 2.126535e-02
    outer loop
      vertex   -1.110223e-18 1.444509e-02 -1.656385e-02
      vertex   2.098080e-03 1.420950e-02 -1.714109e-02
      vertex   2.139150e-03 1.433329e-02 -2.314761e-02
    endloop
  endfacet
  facet normal 1.157298e-01 9.930642e-01 2.073949e-02
    outer loop
      vertex   -1.110223e-18 1.444509e-02 -1.656385e-02
      vertex   2.139150e-03 1.433329e-02 -2.314761e-02
      vertex   -1.110223e-18 1.457058e-02 -2.257265e-02
    endloop
  endfacet
  facet normal 1.050244e-01 9.944288e-01 -9.016784e-03
    outer loop
      vertex   2.139150e-03 1.433329e-02 -2.314761e-02
      vertex   2.193975e-03 1.425658e-02 -3.096908e-02
      vertex   -1.110223e-18 1.449348e-02 -3.039746e-02
    endloop
  endfacet
  facet normal 1.076420e-01 9.941415e-01 -9.795492e-03
    outer loop
      vertex   2.139150e-03 1.433329e-02 -2.314761e-02
      vertex   -1.110223e-18 1.449348e-02 -3.039746e-02
      vertex   -1.110223e-18 1.457058e-02 -2.257265e-02
    endloop
  endfacet
  facet normal 1.013902e-01 9.945802e-01 -2.302839e-02
    outer loop
      vertex   -1.110223e-18 1.449348e-02 -3.039746e-02
      vertex   2.193975e-03 1.425658e-02 -3.096908e-02
      vertex   2.249100e-03 1.407096e-02 -3.874341e-02
    endloop
  endfacet
  facet normal 9.973418e-02 9.947370e-01 -2.348259e-02
    outer loop
      vertex   -1.110223e-18 1.449348e-02 -3.039746e-02
      vertex   2.249100e-03 1.407096e-02 -3.874341e-02
      vertex   -1.110223e-18 1.430991e-02 -3.817362e-02
    endloop
  endfacet
  facet normal 1.592014e-01 9.792125e-01 1.256890e-01
    outer loop
      vertex   2.321490e-03 1.402578e-02 -4.911647e-02
      vertex   2.347320e-03 1.455336e-02 -5.325944e-02
      vertex   -1.110223e-18 1.485913e-02 -5.266847e-02
    endloop
  endfacet
  facet normal 1.478554e-01 9.799865e-01 1.332860e-01
    outer loop
      vertex   2.321490e-03 1.402578e-02 -4.911647e-02
      vertex   -1.110223e-18 1.485913e-02 -5.266847e-02
      vertex   -1.110223e-18 1.429719e-02 -4.853676e-02
    endloop
  endfacet
  facet normal 1.825900e-01 9.557305e-01 2.307382e-01
    outer loop
      vertex   -1.110223e-18 1.485913e-02 -5.266847e-02
      vertex   2.347320e-03 1.455336e-02 -5.325944e-02
      vertex   2.369175e-03 1.549239e-02 -5.716625e-02
    endloop
  endfacet
  facet normal 1.919860e-01 9.527794e-01 2.352719e-01
    outer loop
      vertex   -1.110223e-18 1.485913e-02 -5.266847e-02
      vertex   2.369175e-03 1.549239e-02 -5.716625e-02
      vertex   -1.110223e-18 1.582224e-02 -5.656875e-02
    endloop
  endfacet
  facet normal 1.320232e-01 9.881786e-01 7.792945e-02
    outer loop
      vertex   2.005680e-03 1.329676e-02 -3.111481e-03
      vertex   2.035815e-03 1.365776e-02 -7.740046e-03
      vertex   -1.110223e-18 1.388404e-02 -7.160536e-03
    endloop
  endfacet
  facet normal 1.312714e-01 9.882485e-01 7.831202e-02
    outer loop
      vertex   2.005680e-03 1.329676e-02 -3.111481e-03
      vertex   -1.110223e-18 1.388404e-02 -7.160536e-03
      vertex   -1.110223e-18 1.351720e-02 -2.531251e-03
    endloop
  endfacet
  facet normal 1.284738e-01 9.895863e-01 6.491050e-02
    outer loop
      vertex   -1.110223e-18 1.388404e-02 -7.160536e-03
      vertex   2.035815e-03 1.365776e-02 -7.740046e-03
      vertex   2.066160e-03 1.395588e-02 -1.234514e-02
    endloop
  endfacet
  facet normal 1.291808e-01 9.894759e-01 6.519072e-02
    outer loop
      vertex   -1.110223e-18 1.388404e-02 -7.160536e-03
      vertex   2.066160e-03 1.395588e-02 -1.234514e-02
      vertex   -1.110223e-18 1.418751e-02 -1.176659e-02
    endloop
  endfacet
  facet normal 1.020037e-01 9.944895e-01 -2.420638e-02
    outer loop
      vertex   2.249100e-03 1.407096e-02 -3.874341e-02
      vertex   2.290680e-03 1.392409e-02 -4.460196e-02
      vertex   -1.110223e-18 1.417297e-02 -4.402979e-02
    endloop
  endfacet
  facet normal 9.979052e-02 9.947366e-01 -2.326000e-02
    outer loop
      vertex   2.249100e-03 1.407096e-02 -3.874341e-02
      vertex   -1.110223e-18 1.417297e-02 -4.402979e-02
      vertex   -1.110223e-18 1.430991e-02 -3.817362e-02
    endloop
  endfacet
  facet normal 1.136970e-01 9.932458e-01 2.314789e-02
    outer loop
      vertex   -1.110223e-18 1.417297e-02 -4.402979e-02
      vertex   2.290680e-03 1.392409e-02 -4.460196e-02
      vertex   2.321490e-03 1.402578e-02 -4.911647e-02
    endloop
  endfacet
  facet normal 1.228106e-01 9.920534e-01 2.734172e-02
    outer loop
      vertex   -1.110223e-18 1.417297e-02 -4.402979e-02
      vertex   2.321490e-03 1.402578e-02 -4.911647e-02
      vertex   -1.110223e-18 1.429719e-02 -4.853676e-02
    endloop
  endfacet
  facet normal 2.069166e-01 9.216577e-01 3.282263e-01
    outer loop
      vertex   2.369175e-03 1.549239e-02 -5.716625e-02
      vertex   2.387070e-03 1.678390e-02 -6.080409e-02
      vertex   -1.110223e-18 1.710980e-02 -6.021437e-02
    endloop
  endfacet
  facet normal 2.104442e-01 9.218040e-01 3.255621e-01
    outer loop
      vertex   2.369175e-03 1.549239e-02 -5.716625e-02
      vertex   -1.110223e-18 1.710980e-02 -6.021437e-02
      vertex   -1.110223e-18 1.582224e-02 -5.656875e-02
    endloop
  endfacet
  facet normal 2.213453e-01 8.866815e-01 4.059584e-01
    outer loop
      vertex   -1.110223e-18 1.710980e-02 -6.021437e-02
      vertex   2.387070e-03 1.678390e-02 -6.080409e-02
      vertex   2.401605e-03 1.838292e-02 -6.430454e-02
    endloop
  endfacet
  facet normal 2.105121e-01 8.915164e-01 4.011024e-01
    outer loop
      vertex   -1.110223e-18 1.710980e-02 -6.021437e-02
      vertex   2.401605e-03 1.838292e-02 -6.430454e-02
      vertex   -1.110223e-18 1.869750e-02 -6.374330e-02
    endloop
  endfacet
  facet normal 1.663947e-01 9.640713e-01 2.070732e-01
    outer loop
      vertex   1.891590e-03 1.053162e-02 1.554165e-02
      vertex   1.918605e-03 1.153682e-02 1.084005e-02
      vertex   -1.110223e-18 1.174299e-02 1.142187e-02
    endloop
  endfacet
  facet normal 1.671362e-01 9.640194e-01 2.067175e-01
    outer loop
      vertex   1.891590e-03 1.053162e-02 1.554165e-02
      vertex   -1.110223e-18 1.174299e-02 1.142187e-02
      vertex   -1.110223e-18 1.073509e-02 1.612215e-02
    endloop
  endfacet
  facet normal 1.513280e-01 9.765775e-01 1.529579e-01
    outer loop
      vertex   -1.110223e-18 1.174299e-02 1.142187e-02
      vertex   1.918605e-03 1.153682e-02 1.084005e-02
      vertex   1.946775e-03 1.225914e-02 6.200414e-03
    endloop
  endfacet
  facet normal 1.509819e-01 9.766502e-01 1.528360e-01
    outer loop
      vertex   -1.110223e-18 1.174299e-02 1.142187e-02
      vertex   1.946775e-03 1.225914e-02 6.200414e-03
      vertex   -1.110223e-18 1.246911e-02 6.781829e-03
    endloop
  endfacet
  facet normal 1.652446e-01 9.663784e-01 1.969948e-01
    outer loop
      vertex   1.783575e-03 5.305304e-03 3.532351e-02
      vertex   1.812465e-03 6.314294e-03 3.034958e-02
      vertex   -1.110223e-18 6.509220e-03 3.091369e-02
    endloop
  endfacet
  facet normal 1.650322e-01 9.663962e-01 1.970855e-01
    outer loop
      vertex   1.783575e-03 5.305304e-03 3.532351e-02
      vertex   -1.110223e-18 6.509220e-03 3.091369e-02
      vertex   -1.110223e-18 5.494410e-03 3.588975e-02
    endloop
  endfacet
  facet normal 1.817119e-01 9.495175e-01 2.557289e-01
    outer loop
      vertex   -1.110223e-18 6.509220e-03 3.091369e-02
      vertex   1.812465e-03 6.314294e-03 3.034958e-02
      vertex   1.839720e-03 7.659254e-03 2.533639e-02
    endloop
  endfacet
  facet normal 1.819604e-01 9.494515e-01 2.557973e-01
    outer loop
      vertex   -1.110223e-18 6.509220e-03 3.091369e-02
      vertex   1.839720e-03 7.659254e-03 2.533639e-02
      vertex   -1.110223e-18 7.858334e-03 2.590614e-02
    endloop
  endfacet
  facet normal 1.252813e-01 9.921145e-01 3.651790e-03
    outer loop
      vertex   1.612755e-03 4.425269e-03 5.106692e-02
      vertex   1.667865e-03 4.429214e-03 4.810447e-02
      vertex   -1.110223e-18 4.638359e-03 4.850327e-02
    endloop
  endfacet
  facet normal 1.581219e-01 9.872661e-01 -1.741076e-02
    outer loop
      vertex   1.612755e-03 4.425269e-03 5.106692e-02
      vertex   -1.110223e-18 4.638359e-03 4.850327e-02
      vertex   -1.110223e-18 4.687649e-03 5.129821e-02
    endloop
  endfacet
  facet normal 1.287561e-01 9.915036e-01 1.850475e-02
    outer loop
      vertex   -1.110223e-18 4.638359e-03 4.850327e-02
      vertex   1.667865e-03 4.429214e-03 4.810447e-02
      vertex   1.714755e-03 4.491165e-03 4.445883e-02
    endloop
  endfacet
  facet normal 1.117155e-01 9.936771e-01 1.120078e-02
    outer loop
      vertex   -1.110223e-18 4.638359e-03 4.850327e-02
      vertex   1.714755e-03 4.491165e-03 4.445883e-02
      vertex   -1.110223e-18 4.677975e-03 4.498876e-02
    endloop
  endfacet
  facet normal 5.312444e-01 -8.447748e-01 6.430390e-02
    outer loop
      vertex   4.467810e-03 -1.772816e-02 5.253765e-02
      vertex   1.576710e-03 -1.955459e-02 5.242815e-02
      vertex   1.645890e-03 -1.970001e-02 4.994614e-02
    endloop
  endfacet
  facet normal 4.925793e-01 -8.620201e-01 1.195286e-01
    outer loop
      vertex   4.467810e-03 -1.772816e-02 5.253765e-02
      vertex   1.645890e-03 -1.970001e-02 4.994614e-02
      vertex   4.982310e-03 -1.777754e-02 5.006127e-02
    endloop
  endfacet
  facet normal 8.180177e-01 4.236100e-01 3.891036e-01
    outer loop
      vertex   6.036950e-03 -1.973546e-03 5.413090e-02
      vertex   6.288750e-03 -1.723155e-03 5.332895e-02
      vertex   5.465543e-03 -8.551297e-04 5.411458e-02
    endloop
  endfacet
  facet normal 8.180177e-01 4.236111e-01 3.891025e-01
    outer loop
      vertex   5.465543e-03 -8.551297e-04 5.411458e-02
      vertex   6.288750e-03 -1.723155e-03 5.332895e-02
      vertex   5.283555e-03 3.072747e-04 5.323168e-02
    endloop
  endfacet
  facet normal 8.789964e-01 3.679610e-01 3.032657e-01
    outer loop
      vertex   5.094134e-03 4.290807e-05 5.410147e-02
      vertex   5.465543e-03 -8.551297e-04 5.411458e-02
      vertex   5.283555e-03 3.072747e-04 5.323168e-02
    endloop
  endfacet
  facet normal 6.723610e-01 7.123021e-01 2.013863e-01
    outer loop
      vertex   4.173446e-03 1.347426e-03 5.408242e-02
      vertex   4.299525e-03 1.519649e-03 5.305233e-02
      vertex   2.624994e-03 2.815111e-03 5.406099e-02
    endloop
  endfacet
  facet normal 6.723611e-01 7.123017e-01 2.013870e-01
    outer loop
      vertex   2.624994e-03 2.815111e-03 5.406099e-02
      vertex   4.299525e-03 1.519649e-03 5.305233e-02
      vertex   1.543335e-03 4.033574e-03 5.336259e-02
    endloop
  endfacet
  facet normal 6.723668e-01 7.122998e-01 2.013750e-01
    outer loop
      vertex   2.624994e-03 2.815111e-03 5.406099e-02
      vertex   1.543335e-03 4.033574e-03 5.336259e-02
      vertex   2.537786e-03 2.897768e-03 5.405979e-02
    endloop
  endfacet
  facet normal 6.639009e-01 6.932806e-01 2.803525e-01
    outer loop
      vertex   1.543335e-03 4.033574e-03 5.336259e-02
      vertex   4.299525e-03 1.519649e-03 5.305233e-02
      vertex   4.550160e-03 2.245169e-03 5.066467e-02
    endloop
  endfacet
  facet normal 6.023891e-01 7.836123e-01 1.519181e-01
    outer loop
      vertex   1.543335e-03 4.033574e-03 5.336259e-02
      vertex   4.550160e-03 2.245169e-03 5.066467e-02
      vertex   1.612755e-03 4.425269e-03 5.106692e-02
    endloop
  endfacet
  facet normal 2.788158e-01 9.452304e-01 1.697092e-01
    outer loop
      vertex   -1.110223e-18 4.457099e-03 5.353923e-02
      vertex   1.543335e-03 4.033574e-03 5.336259e-02
      vertex   1.612755e-03 4.425269e-03 5.106692e-02
    endloop
  endfacet
  facet normal 1.738261e-01 9.796061e-01 1.007792e-01
    outer loop
      vertex   -1.110223e-18 4.457099e-03 5.353923e-02
      vertex   1.612755e-03 4.425269e-03 5.106692e-02
      vertex   -1.110223e-18 4.687649e-03 5.129821e-02
    endloop
  endfacet
  facet normal -1.582984e-03 -9.999825e-01 5.691880e-03
    outer loop
      vertex   -1.110223e-18 -1.954094e-02 5.438736e-02
      vertex   -1.110223e-18 -1.955222e-02 5.240637e-02
      vertex   2.533335e-04 -1.954134e-02 5.438737e-02
    endloop
  endfacet
  facet normal -1.581722e-03 -9.999826e-01 5.691719e-03
    outer loop
      vertex   2.533335e-04 -1.954134e-02 5.438737e-02
      vertex   -1.110223e-18 -1.955222e-02 5.240637e-02
      vertex   1.576710e-03 -1.955459e-02 5.242815e-02
    endloop
  endfacet
  facet normal -2.216201e-03 -9.999837e-01 5.263162e-03
    outer loop
      vertex   1.518781e-03 -1.954415e-02 5.438739e-02
      vertex   2.533335e-04 -1.954134e-02 5.438737e-02
      vertex   1.576710e-03 -1.955459e-02 5.242815e-02
    endloop
  endfacet
  facet normal 8.298214e-01 4.279697e-01 3.581039e-01
    outer loop
      vertex   5.283555e-03 3.072747e-04 5.323168e-02
      vertex   6.288750e-03 -1.723155e-03 5.332895e-02
      vertex   6.942075e-03 -1.077210e-03 5.104305e-02
    endloop
  endfacet
  facet normal 8.182448e-01 4.799195e-01 3.164690e-01
    outer loop
      vertex   5.283555e-03 3.072747e-04 5.323168e-02
      vertex   6.942075e-03 -1.077210e-03 5.104305e-02
      vertex   5.769180e-03 1.037955e-03 5.086801e-02
    endloop
  endfacet
  facet normal 9.345238e-01 -1.747296e-01 3.100561e-01
    outer loop
      vertex   6.051451e-03 -1.318338e-02 5.429455e-02
      vertex   6.413940e-03 -1.400831e-02 5.273712e-02
      vertex   6.399635e-03 -1.136819e-02 5.426805e-02
    endloop
  endfacet
  facet normal 9.345235e-01 -1.747300e-01 3.100569e-01
    outer loop
      vertex   6.399635e-03 -1.136819e-02 5.426805e-02
      vertex   6.413940e-03 -1.400831e-02 5.273712e-02
      vertex   7.300665e-03 -8.672986e-03 5.307117e-02
    endloop
  endfacet
  facet normal 9.216532e-01 -1.490233e-01 3.582560e-01
    outer loop
      vertex   6.812121e-03 -8.903589e-03 5.423208e-02
      vertex   6.399635e-03 -1.136819e-02 5.426805e-02
      vertex   7.300665e-03 -8.672986e-03 5.307117e-02
    endloop
  endfacet
  facet normal -2.317780e-03 -9.982457e-01 5.916148e-02
    outer loop
      vertex   1.576710e-03 -1.955459e-02 5.242815e-02
      vertex   -1.110223e-18 -1.955222e-02 5.240637e-02
      vertex   -1.110223e-18 -1.969883e-02 4.993258e-02
    endloop
  endfacet
  facet normal -1.200212e-03 -9.982892e-01 5.845791e-02
    outer loop
      vertex   1.576710e-03 -1.955459e-02 5.242815e-02
      vertex   -1.110223e-18 -1.969883e-02 4.993258e-02
      vertex   1.645890e-03 -1.970001e-02 4.994614e-02
    endloop
  endfacet
  facet normal 8.397383e-01 -4.771569e-01 2.591543e-01
    outer loop
      vertex   4.824038e-03 -1.612372e-02 5.433747e-02
      vertex   4.054281e-03 -1.746774e-02 5.435709e-02
      vertex   4.467810e-03 -1.772816e-02 5.253765e-02
    endloop
  endfacet
  facet normal 7.551520e-01 -5.564446e-01 3.465760e-01
    outer loop
      vertex   5.061611e-03 -1.580421e-02 5.433280e-02
      vertex   4.824038e-03 -1.612372e-02 5.433747e-02
      vertex   5.454975e-03 -1.632891e-02 5.263328e-02
    endloop
  endfacet
  facet normal 7.551522e-01 -5.564442e-01 3.465761e-01
    outer loop
      vertex   5.454975e-03 -1.632891e-02 5.263328e-02
      vertex   4.824038e-03 -1.612372e-02 5.433747e-02
      vertex   4.467810e-03 -1.772816e-02 5.253765e-02
    endloop
  endfacet
  facet normal 7.984119e-01 -5.753990e-01 1.773539e-01
    outer loop
      vertex   5.454975e-03 -1.632891e-02 5.263328e-02
      vertex   4.467810e-03 -1.772816e-02 5.253765e-02
      vertex   4.982310e-03 -1.777754e-02 5.006127e-02
    endloop
  endfacet
  facet normal 7.715747e-01 -6.043464e-01 1.985898e-01
    outer loop
      vertex   5.454975e-03 -1.632891e-02 5.263328e-02
      vertex   4.982310e-03 -1.777754e-02 5.006127e-02
      vertex   6.067800e-03 -1.635035e-02 5.018706e-02
    endloop
  endfacet
  facet normal 9.540839e-01 -1.738408e-01 2.439328e-01
    outer loop
      vertex   7.300665e-03 -8.672986e-03 5.307117e-02
      vertex   6.413940e-03 -1.400831e-02 5.273712e-02
      vertex   7.022970e-03 -1.393163e-02 5.040969e-02
    endloop
  endfacet
  facet normal 9.635537e-01 -1.595572e-01 2.147227e-01
    outer loop
      vertex   7.300665e-03 -8.672986e-03 5.307117e-02
      vertex   7.022970e-03 -1.393163e-02 5.040969e-02
      vertex   7.843830e-03 -8.360116e-03 5.086624e-02
    endloop
  endfacet
  facet normal 9.190639e-01 3.086101e-02 3.928985e-01
    outer loop
      vertex   6.812121e-03 -8.903589e-03 5.423208e-02
      vertex   7.300665e-03 -8.672986e-03 5.307117e-02
      vertex   6.759146e-03 -6.965765e-03 5.420379e-02
    endloop
  endfacet
  facet normal 9.190640e-01 3.086129e-02 3.928981e-01
    outer loop
      vertex   6.759146e-03 -6.965765e-03 5.420379e-02
      vertex   7.300665e-03 -8.672986e-03 5.307117e-02
      vertex   7.067220e-03 -4.711771e-03 5.330610e-02
    endloop
  endfacet
  facet normal 9.308889e-01 1.807642e-02 3.648549e-01
    outer loop
      vertex   6.731853e-03 -4.972970e-03 5.417469e-02
      vertex   6.759146e-03 -6.965765e-03 5.420379e-02
      vertex   7.067220e-03 -4.711771e-03 5.330610e-02
    endloop
  endfacet
  facet normal 9.686723e-01 4.257608e-02 2.446655e-01
    outer loop
      vertex   7.067220e-03 -4.711771e-03 5.330610e-02
      vertex   7.300665e-03 -8.672986e-03 5.307117e-02
      vertex   7.843830e-03 -8.360116e-03 5.086624e-02
    endloop
  endfacet
  facet normal 9.597462e-01 1.680135e-02 2.803656e-01
    outer loop
      vertex   7.067220e-03 -4.711771e-03 5.330610e-02
      vertex   7.843830e-03 -8.360116e-03 5.086624e-02
      vertex   7.705260e-03 -4.226746e-03 5.109289e-02
    endloop
  endfacet
  facet normal 8.836335e-01 2.270356e-01 4.094467e-01
    outer loop
      vertex   6.731853e-03 -4.972970e-03 5.417469e-02
      vertex   7.067220e-03 -4.711771e-03 5.330610e-02
      vertex   6.314766e-03 -3.305770e-03 5.415036e-02
    endloop
  endfacet
  facet normal 8.836342e-01 2.270373e-01 4.094444e-01
    outer loop
      vertex   6.314766e-03 -3.305770e-03 5.415036e-02
      vertex   7.067220e-03 -4.711771e-03 5.330610e-02
      vertex   6.288750e-03 -1.723155e-03 5.332895e-02
    endloop
  endfacet
  facet normal 9.163645e-01 1.961914e-01 3.489772e-01
    outer loop
      vertex   6.036950e-03 -1.973546e-03 5.413090e-02
      vertex   6.314766e-03 -3.305770e-03 5.415036e-02
      vertex   6.288750e-03 -1.723155e-03 5.332895e-02
    endloop
  endfacet
  facet normal 9.184886e-01 2.368253e-01 3.166899e-01
    outer loop
      vertex   6.288750e-03 -1.723155e-03 5.332895e-02
      vertex   7.067220e-03 -4.711771e-03 5.330610e-02
      vertex   7.705260e-03 -4.226746e-03 5.109289e-02
    endloop
  endfacet
  facet normal 9.174221e-01 2.274736e-01 3.264849e-01
    outer loop
      vertex   6.288750e-03 -1.723155e-03 5.332895e-02
      vertex   7.705260e-03 -4.226746e-03 5.109289e-02
      vertex   6.942075e-03 -1.077210e-03 5.104305e-02
    endloop
  endfacet
  facet normal 8.713636e-01 -3.742828e-01 3.172347e-01
    outer loop
      vertex   5.061611e-03 -1.580421e-02 5.433280e-02
      vertex   5.454975e-03 -1.632891e-02 5.263328e-02
      vertex   5.321435e-03 -1.520670e-02 5.432409e-02
    endloop
  endfacet
  facet normal 8.713667e-01 -3.742780e-01 3.172318e-01
    outer loop
      vertex   5.321435e-03 -1.520670e-02 5.432409e-02
      vertex   5.454975e-03 -1.632891e-02 5.263328e-02
      vertex   6.413940e-03 -1.400831e-02 5.273712e-02
    endloop
  endfacet
  facet normal 8.761526e-01 -3.107373e-01 3.685091e-01
    outer loop
      vertex   6.051451e-03 -1.318338e-02 5.429455e-02
      vertex   5.321435e-03 -1.520670e-02 5.432409e-02
      vertex   6.413940e-03 -1.400831e-02 5.273712e-02
    endloop
  endfacet
  facet normal 8.212462e-01 4.710222e-01 3.220137e-01
    outer loop
      vertex   4.719480e-03 7.027133e-04 5.409184e-02
      vertex   5.094134e-03 4.290807e-05 5.410147e-02
      vertex   5.283555e-03 3.072747e-04 5.323168e-02
    endloop
  endfacet
  facet normal 7.466189e-01 6.352311e-01 1.975895e-01
    outer loop
      vertex   4.173446e-03 1.347426e-03 5.408242e-02
      vertex   4.719480e-03 7.027133e-04 5.409184e-02
      vertex   4.299525e-03 1.519649e-03 5.305233e-02
    endloop
  endfacet
  facet normal 7.466217e-01 6.352288e-01 1.975866e-01
    outer loop
      vertex   4.299525e-03 1.519649e-03 5.305233e-02
      vertex   4.719480e-03 7.027133e-04 5.409184e-02
      vertex   5.283555e-03 3.072747e-04 5.323168e-02
    endloop
  endfacet
  facet normal 7.058135e-01 6.228106e-01 3.375414e-01
    outer loop
      vertex   4.299525e-03 1.519649e-03 5.305233e-02
      vertex   5.283555e-03 3.072747e-04 5.323168e-02
      vertex   5.769180e-03 1.037955e-03 5.086801e-02
    endloop
  endfacet
  facet normal 6.508054e-01 7.047465e-01 2.824619e-01
    outer loop
      vertex   4.299525e-03 1.519649e-03 5.305233e-02
      vertex   5.769180e-03 1.037955e-03 5.086801e-02
      vertex   4.550160e-03 2.245169e-03 5.066467e-02
    endloop
  endfacet
  facet normal 8.962443e-01 -3.805593e-01 2.278611e-01
    outer loop
      vertex   6.413940e-03 -1.400831e-02 5.273712e-02
      vertex   5.454975e-03 -1.632891e-02 5.263328e-02
      vertex   6.067800e-03 -1.635035e-02 5.018706e-02
    endloop
  endfacet
  facet normal 8.994944e-01 -3.757427e-01 2.229962e-01
    outer loop
      vertex   6.413940e-03 -1.400831e-02 5.273712e-02
      vertex   6.067800e-03 -1.635035e-02 5.018706e-02
      vertex   7.022970e-03 -1.393163e-02 5.040969e-02
    endloop
  endfacet
  facet normal 9.158346e-01 -3.923073e-01 -8.568489e-02
    outer loop
      vertex   9.816975e-03 -8.374711e-03 -7.005054e-02
      vertex   9.716880e-03 -7.679746e-03 -7.430229e-02
      vertex   1.115310e-02 -4.238506e-03 -7.470707e-02
    endloop
  endfacet
  facet normal 8.998984e-01 -4.205655e-01 -1.153582e-01
    outer loop
      vertex   9.816975e-03 -8.374711e-03 -7.005054e-02
      vertex   1.115310e-02 -4.238506e-03 -7.470707e-02
      vertex   1.134565e-02 -4.864531e-03 -7.092264e-02
    endloop
  endfacet
  facet normal 4.450048e-01 -8.927200e-01 7.086430e-02
    outer loop
      vertex   1.645890e-03 -1.970001e-02 4.994614e-02
      vertex   1.777275e-03 -1.987470e-02 4.692041e-02
      vertex   5.437710e-03 -1.804310e-02 4.700787e-02
    endloop
  endfacet
  facet normal 4.899419e-01 -8.591356e-01 1.477937e-01
    outer loop
      vertex   1.645890e-03 -1.970001e-02 4.994614e-02
      vertex   5.437710e-03 -1.804310e-02 4.700787e-02
      vertex   4.982310e-03 -1.777754e-02 5.006127e-02
    endloop
  endfacet
  facet normal 5.289906e-04 -9.982814e-01 5.859991e-02
    outer loop
      vertex   -1.110223e-18 -1.969883e-02 4.993258e-02
      vertex   -1.110223e-18 -1.987571e-02 4.691934e-02
      vertex   1.777275e-03 -1.987470e-02 4.692041e-02
    endloop
  endfacet
  facet normal -1.193074e-03 -9.983398e-01 5.758725e-02
    outer loop
      vertex   -1.110223e-18 -1.969883e-02 4.993258e-02
      vertex   1.777275e-03 -1.987470e-02 4.692041e-02
      vertex   1.645890e-03 -1.970001e-02 4.994614e-02
    endloop
  endfacet
  facet normal -8.765980e-01 -3.803353e-01 -2.948236e-01
    outer loop
      vertex   -1.115310e-02 -4.238506e-03 -7.470707e-02
      vertex   -1.058720e-02 -3.634486e-03 -7.716888e-02
      vertex   -9.569070e-03 -6.489151e-03 -7.651343e-02
    endloop
  endfacet
  facet normal -8.760507e-01 -3.977018e-01 -2.727058e-01
    outer loop
      vertex   -1.115310e-02 -4.238506e-03 -7.470707e-02
      vertex   -9.569070e-03 -6.489151e-03 -7.651343e-02
      vertex   -9.716880e-03 -7.679746e-03 -7.430229e-02
    endloop
  endfacet
  facet normal -9.620104e-01 2.679739e-01 5.221094e-02
    outer loop
      vertex   -1.270117e-02 9.750929e-03 -6.791255e-02
      vertex   -1.168461e-02 1.307887e-02 -6.626264e-02
      vertex   -1.148509e-02 1.451758e-02 -6.997070e-02
    endloop
  endfacet
  facet normal -9.673474e-01 2.530405e-01 1.447176e-02
    outer loop
      vertex   -1.270117e-02 9.750929e-03 -6.791255e-02
      vertex   -1.148509e-02 1.451758e-02 -6.997070e-02
      vertex   -1.247252e-02 1.083698e-02 -7.161771e-02
    endloop
  endfacet
  facet normal -3.560490e-01 8.984219e-01 2.570355e-01
    outer loop
      vertex   -2.414115e-03 2.006248e-02 -6.770346e-02
      vertex   -2.428155e-03 2.085403e-02 -7.048964e-02
      vertex   -7.515405e-03 1.913073e-02 -7.151305e-02
    endloop
  endfacet
  facet normal -4.036673e-01 8.525336e-01 3.320229e-01
    outer loop
      vertex   -2.414115e-03 2.006248e-02 -6.770346e-02
      vertex   -7.515405e-03 1.913073e-02 -7.151305e-02
      vertex   -7.487595e-03 1.799149e-02 -6.855404e-02
    endloop
  endfacet
  facet normal -4.748760e-01 7.933788e-01 3.808448e-01
    outer loop
      vertex   -7.568580e-03 1.624482e-02 -6.501633e-02
      vertex   -7.487595e-03 1.799149e-02 -6.855404e-02
      vertex   -9.599205e-03 1.683571e-02 -6.877927e-02
    endloop
  endfacet
  facet normal -4.400642e-01 8.198930e-01 3.662225e-01
    outer loop
      vertex   -7.568580e-03 1.624482e-02 -6.501633e-02
      vertex   -9.599205e-03 1.683571e-02 -6.877927e-02
      vertex   -9.749370e-03 1.511232e-02 -6.510141e-02
    endloop
  endfacet
  facet normal -4.682577e-01 8.231046e-01 3.212996e-01
    outer loop
      vertex   -7.487595e-03 1.799149e-02 -6.855404e-02
      vertex   -7.515405e-03 1.913073e-02 -7.151305e-02
      vertex   -9.279465e-03 1.807311e-02 -7.137456e-02
    endloop
  endfacet
  facet normal -4.801984e-01 8.132839e-01 3.286013e-01
    outer loop
      vertex   -7.487595e-03 1.799149e-02 -6.855404e-02
      vertex   -9.279465e-03 1.807311e-02 -7.137456e-02
      vertex   -9.599205e-03 1.683571e-02 -6.877927e-02
    endloop
  endfacet
  facet normal -1.398333e-01 -2.420020e-01 -9.601467e-01
    outer loop
      vertex   -2.717250e-03 -9.751396e-03 -7.737324e-02
      vertex   -8.196360e-03 -7.562881e-03 -7.712688e-02
      vertex   -8.845980e-03 -4.064776e-03 -7.791396e-02
    endloop
  endfacet
  facet normal -4.798034e-02 -1.456723e-01 -9.881687e-01
    outer loop
      vertex   -2.717250e-03 -9.751396e-03 -7.737324e-02
      vertex   -8.845980e-03 -4.064776e-03 -7.791396e-02
      vertex   -2.662425e-03 -5.346646e-03 -7.802523e-02
    endloop
  endfacet
  facet normal -9.487246e-01 2.819122e-01 -1.429936e-01
    outer loop
      vertex   -1.148509e-02 1.451758e-02 -6.997070e-02
      vertex   -1.067677e-02 1.576689e-02 -7.287068e-02
      vertex   -1.166841e-02 1.162320e-02 -7.446074e-02
    endloop
  endfacet
  facet normal -9.293078e-01 3.265213e-01 -1.725425e-01
    outer loop
      vertex   -1.148509e-02 1.451758e-02 -6.997070e-02
      vertex   -1.166841e-02 1.162320e-02 -7.446074e-02
      vertex   -1.247252e-02 1.083698e-02 -7.161771e-02
    endloop
  endfacet
  facet normal -9.966663e-01 7.065159e-02 -4.079888e-02
    outer loop
      vertex   -1.299564e-02 4.121159e-03 -7.046823e-02
      vertex   -1.270117e-02 9.750929e-03 -6.791255e-02
      vertex   -1.247252e-02 1.083698e-02 -7.161771e-02
    endloop
  endfacet
  facet normal -9.961496e-01 6.815616e-02 -5.514322e-02
    outer loop
      vertex   -1.299564e-02 4.121159e-03 -7.046823e-02
      vertex   -1.247252e-02 1.083698e-02 -7.161771e-02
      vertex   -1.275959e-02 4.822079e-03 -7.386617e-02
    endloop
  endfacet
  facet normal -9.636485e-01 1.169790e-01 -2.402031e-01
    outer loop
      vertex   -1.247252e-02 1.083698e-02 -7.161771e-02
      vertex   -1.166841e-02 1.162320e-02 -7.446074e-02
      vertex   -1.198445e-02 5.295704e-03 -7.627436e-02
    endloop
  endfacet
  facet normal -9.494839e-01 1.486324e-01 -2.763851e-01
    outer loop
      vertex   -1.247252e-02 1.083698e-02 -7.161771e-02
      vertex   -1.198445e-02 5.295704e-03 -7.627436e-02
      vertex   -1.275959e-02 4.822079e-03 -7.386617e-02
    endloop
  endfacet
  facet normal -9.791412e-01 -1.745329e-01 -1.040231e-01
    outer loop
      vertex   -1.134565e-02 -4.864531e-03 -7.092264e-02
      vertex   -1.299564e-02 4.121159e-03 -7.046823e-02
      vertex   -1.275959e-02 4.822079e-03 -7.386617e-02
    endloop
  endfacet
  facet normal -9.828839e-01 -1.670638e-01 -7.764592e-02
    outer loop
      vertex   -1.134565e-02 -4.864531e-03 -7.092264e-02
      vertex   -1.275959e-02 4.822079e-03 -7.386617e-02
      vertex   -1.115310e-02 -4.238506e-03 -7.470707e-02
    endloop
  endfacet
  facet normal -9.388769e-01 -1.143755e-01 -3.246974e-01
    outer loop
      vertex   -1.275959e-02 4.822079e-03 -7.386617e-02
      vertex   -1.198445e-02 5.295704e-03 -7.627436e-02
      vertex   -1.058720e-02 -3.634486e-03 -7.716888e-02
    endloop
  endfacet
  facet normal -9.557682e-01 -1.457528e-01 -2.554666e-01
    outer loop
      vertex   -1.275959e-02 4.822079e-03 -7.386617e-02
      vertex   -1.058720e-02 -3.634486e-03 -7.716888e-02
      vertex   -1.115310e-02 -4.238506e-03 -7.470707e-02
    endloop
  endfacet
  facet normal -9.781184e-01 -1.665290e-01 1.247093e-01
    outer loop
      vertex   -8.233425e-03 -1.424142e-02 4.378959e-02
      vertex   -9.155085e-03 -8.342791e-03 4.443750e-02
      vertex   -9.742785e-03 -8.251456e-03 3.995002e-02
    endloop
  endfacet
  facet normal -9.782237e-01 -1.727265e-01 1.150822e-01
    outer loop
      vertex   -8.233425e-03 -1.424142e-02 4.378959e-02
      vertex   -9.742785e-03 -8.251456e-03 3.995002e-02
      vertex   -8.739270e-03 -1.433591e-02 3.934798e-02
    endloop
  endfacet
  facet normal -4.749482e-01 8.797618e-01 2.105862e-02
    outer loop
      vertex   -1.667865e-03 4.429214e-03 4.810447e-02
      vertex   -1.714755e-03 4.491165e-03 4.445883e-02
      vertex   -5.020575e-03 2.719934e-03 4.389695e-02
    endloop
  endfacet
  facet normal -5.347037e-01 8.408041e-01 8.450031e-02
    outer loop
      vertex   -1.667865e-03 4.429214e-03 4.810447e-02
      vertex   -5.020575e-03 2.719934e-03 4.389695e-02
      vertex   -4.776750e-03 2.502360e-03 4.760477e-02
    endloop
  endfacet
  facet normal -9.781933e-01 -1.782263e-01 1.066457e-01
    outer loop
      vertex   -9.742785e-03 -8.251456e-03 3.995002e-02
      vertex   -1.034151e-02 -8.030281e-03 3.482793e-02
      vertex   -9.231960e-03 -1.443290e-02 3.430507e-02
    endloop
  endfacet
  facet normal -9.801968e-01 -1.714669e-01 9.906264e-02
    outer loop
      vertex   -9.742785e-03 -8.251456e-03 3.995002e-02
      vertex   -9.231960e-03 -1.443290e-02 3.430507e-02
      vertex   -8.739270e-03 -1.433591e-02 3.934798e-02
    endloop
  endfacet
  facet normal -9.743931e-01 -1.950830e-01 1.118071e-01
    outer loop
      vertex   -1.036209e-02 -1.467629e-02 2.324901e-02
      vertex   -1.181861e-02 -7.103836e-03 2.376810e-02
      vertex   -1.256330e-02 -6.600991e-03 1.815553e-02
    endloop
  endfacet
  facet normal -9.741090e-01 -2.037978e-01 9.786768e-02
    outer loop
      vertex   -1.036209e-02 -1.467629e-02 2.324901e-02
      vertex   -1.256330e-02 -6.600991e-03 1.815553e-02
      vertex   -1.090213e-02 -1.479894e-02 1.761835e-02
    endloop
  endfacet
  facet normal -9.740518e-01 -2.105363e-01 8.305191e-02
    outer loop
      vertex   -1.256330e-02 -6.600991e-03 1.815553e-02
      vertex   -1.312758e-02 -6.131716e-03 1.272708e-02
      vertex   -1.129770e-02 -1.481334e-02 1.218045e-02
    endloop
  endfacet
  facet normal -9.766443e-01 -2.025890e-01 7.157971e-02
    outer loop
      vertex   -1.256330e-02 -6.600991e-03 1.815553e-02
      vertex   -1.129770e-02 -1.481334e-02 1.218045e-02
      vertex   -1.090213e-02 -1.479894e-02 1.761835e-02
    endloop
  endfacet
  facet normal -9.772120e-01 -2.121737e-01 -6.247655e-03
    outer loop
      vertex   -1.151985e-02 -1.434855e-02 2.154389e-03
      vertex   -1.349006e-02 -5.290201e-03 2.693129e-03
      vertex   -1.354308e-02 -4.902016e-03 -2.196451e-03
    endloop
  endfacet
  facet normal -9.768986e-01 -2.135017e-01 -9.276712e-03
    outer loop
      vertex   -1.151985e-02 -1.434855e-02 2.154389e-03
      vertex   -1.354308e-02 -4.902016e-03 -2.196451e-03
      vertex   -1.154204e-02 -1.403517e-02 -2.721781e-03
    endloop
  endfacet
  facet normal -9.765892e-01 -2.149114e-01 -9.307402e-03
    outer loop
      vertex   -1.354308e-02 -4.902016e-03 -2.196451e-03
      vertex   -1.358295e-02 -4.510246e-03 -7.059166e-03
      vertex   -1.155950e-02 -1.368341e-02 -7.560646e-03
    endloop
  endfacet
  facet normal -9.769030e-01 -2.133469e-01 -1.198445e-02
    outer loop
      vertex   -1.354308e-02 -4.902016e-03 -2.196451e-03
      vertex   -1.155950e-02 -1.368341e-02 -7.560646e-03
      vertex   -1.154204e-02 -1.403517e-02 -2.721781e-03
    endloop
  endfacet
  facet normal -9.759030e-01 -2.168298e-01 -2.445618e-02
    outer loop
      vertex   -1.157569e-02 -1.277429e-02 -1.704309e-02
      vertex   -1.361665e-02 -3.634621e-03 -1.663307e-02
      vertex   -1.361088e-02 -3.106231e-03 -2.154825e-02
    endloop
  endfacet
  facet normal -9.758389e-01 -2.170590e-01 -2.497715e-02
    outer loop
      vertex   -1.157569e-02 -1.277429e-02 -1.704309e-02
      vertex   -1.361088e-02 -3.106231e-03 -2.154825e-02
      vertex   -1.157837e-02 -1.220456e-02 -2.188989e-02
    endloop
  endfacet
  facet normal -9.760581e-01 -2.152453e-01 -3.130448e-02
    outer loop
      vertex   -1.361088e-02 -3.106231e-03 -2.154825e-02
      vertex   -1.357340e-02 -2.398261e-03 -2.758488e-02
      vertex   -1.157615e-02 -1.142139e-02 -2.781635e-02
    endloop
  endfacet
  facet normal -9.757643e-01 -2.168903e-01 -2.902695e-02
    outer loop
      vertex   -1.361088e-02 -3.106231e-03 -2.154825e-02
      vertex   -1.157615e-02 -1.142139e-02 -2.781635e-02
      vertex   -1.157837e-02 -1.220456e-02 -2.188989e-02
    endloop
  endfacet
  facet normal -9.759160e-01 -2.150822e-01 -3.643733e-02
    outer loop
      vertex   -1.157615e-02 -1.142139e-02 -2.781635e-02
      vertex   -1.357340e-02 -2.398261e-03 -2.758488e-02
      vertex   -1.349360e-02 -1.450336e-03 -3.531761e-02
    endloop
  endfacet
  facet normal -9.769348e-01 -2.112613e-01 -3.109804e-02
    outer loop
      vertex   -1.157615e-02 -1.142139e-02 -2.781635e-02
      vertex   -1.349360e-02 -1.450336e-03 -3.531761e-02
      vertex   -1.156718e-02 -1.034838e-02 -3.538752e-02
    endloop
  endfacet
  facet normal -9.778043e-01 -2.059683e-01 -3.841720e-02
    outer loop
      vertex   -1.349360e-02 -1.450336e-03 -3.531761e-02
      vertex   -1.339829e-02 -4.741660e-04 -4.297707e-02
      vertex   -1.155367e-02 -9.243211e-03 -4.291259e-02
    endloop
  endfacet
  facet normal -9.768851e-01 -2.112374e-01 -3.277601e-02
    outer loop
      vertex   -1.349360e-02 -1.450336e-03 -3.531761e-02
      vertex   -1.155367e-02 -9.243211e-03 -4.291259e-02
      vertex   -1.156718e-02 -1.034838e-02 -3.538752e-02
    endloop
  endfacet
  facet normal -9.796581e-01 -1.977533e-01 -3.411271e-02
    outer loop
      vertex   -1.153124e-02 -7.639711e-03 -5.334567e-02
      vertex   -1.327424e-02 1.005749e-03 -5.340792e-02
      vertex   -1.326224e-02 1.704210e-03 -5.780156e-02
    endloop
  endfacet
  facet normal -9.800179e-01 -1.964431e-01 -3.122552e-02
    outer loop
      vertex   -1.153124e-02 -7.639711e-03 -5.334567e-02
      vertex   -1.326224e-02 1.704210e-03 -5.780156e-02
      vertex   -1.152965e-02 -6.940096e-03 -5.779692e-02
    endloop
  endfacet
  facet normal -9.802652e-01 -1.935783e-01 -4.009506e-02
    outer loop
      vertex   -1.326224e-02 1.704210e-03 -5.780156e-02
      vertex   -1.323384e-02 2.466869e-03 -6.217788e-02
      vertex   -1.151130e-02 -6.239851e-03 -6.225557e-02
    endloop
  endfacet
  facet normal -9.798990e-01 -1.964213e-01 -3.488041e-02
    outer loop
      vertex   -1.326224e-02 1.704210e-03 -5.780156e-02
      vertex   -1.151130e-02 -6.239851e-03 -6.225557e-02
      vertex   -1.152965e-02 -6.940096e-03 -5.779692e-02
    endloop
  endfacet
  facet normal -9.915671e-01 1.492800e-02 1.287318e-01
    outer loop
      vertex   -9.155085e-03 -8.342791e-03 4.443750e-02
      vertex   -9.054855e-03 -4.008736e-03 4.470695e-02
      vertex   -9.625530e-03 -3.830746e-03 4.029063e-02
    endloop
  endfacet
  facet normal -9.913591e-01 1.626584e-02 1.301638e-01
    outer loop
      vertex   -9.155085e-03 -8.342791e-03 4.443750e-02
      vertex   -9.625530e-03 -3.830746e-03 4.029063e-02
      vertex   -9.742785e-03 -8.251456e-03 3.995002e-02
    endloop
  endfacet
  facet normal -9.934073e-01 2.338049e-02 1.122287e-01
    outer loop
      vertex   -9.625530e-03 -3.830746e-03 4.029063e-02
      vertex   -1.018143e-02 -3.429646e-03 3.528645e-02
      vertex   -1.034151e-02 -8.030281e-03 3.482793e-02
    endloop
  endfacet
  facet normal -9.930016e-01 1.733742e-02 1.168212e-01
    outer loop
      vertex   -9.625530e-03 -3.830746e-03 4.029063e-02
      vertex   -1.034151e-02 -8.030281e-03 3.482793e-02
      vertex   -9.742785e-03 -8.251456e-03 3.995002e-02
    endloop
  endfacet
  facet normal -9.915416e-01 4.673133e-02 1.210841e-01
    outer loop
      vertex   -1.181861e-02 -7.103836e-03 2.376810e-02
      vertex   -1.146029e-02 -1.716781e-03 2.462325e-02
      vertex   -1.206612e-02 -6.838805e-04 1.926351e-02
    endloop
  endfacet
  facet normal -9.889832e-01 5.756097e-02 1.363780e-01
    outer loop
      vertex   -1.181861e-02 -7.103836e-03 2.376810e-02
      vertex   -1.206612e-02 -6.838805e-04 1.926351e-02
      vertex   -1.256330e-02 -6.600991e-03 1.815553e-02
    endloop
  endfacet
  facet normal -9.922919e-01 7.474571e-02 9.884238e-02
    outer loop
      vertex   -1.206612e-02 -6.838805e-04 1.926351e-02
      vertex   -1.251511e-02 2.388141e-04 1.405824e-02
      vertex   -1.312758e-02 -6.131716e-03 1.272708e-02
    endloop
  endfacet
  facet normal -9.920881e-01 6.302783e-02 1.085756e-01
    outer loop
      vertex   -1.206612e-02 -6.838805e-04 1.926351e-02
      vertex   -1.312758e-02 -6.131716e-03 1.272708e-02
      vertex   -1.256330e-02 -6.600991e-03 1.815553e-02
    endloop
  endfacet
  facet normal -9.952258e-01 9.564190e-02 1.944926e-02
    outer loop
      vertex   -1.349006e-02 -5.290201e-03 2.693129e-03
      vertex   -1.281186e-02 1.448819e-03 4.257509e-03
      vertex   -1.286226e-02 1.903605e-03 -5.578360e-04
    endloop
  endfacet
  facet normal -9.952939e-01 9.514967e-02 1.834691e-02
    outer loop
      vertex   -1.349006e-02 -5.290201e-03 2.693129e-03
      vertex   -1.286226e-02 1.903605e-03 -5.578360e-04
      vertex   -1.354308e-02 -4.902016e-03 -2.196451e-03
    endloop
  endfacet
  facet normal -9.952467e-01 9.614867e-02 1.547086e-02
    outer loop
      vertex   -1.286226e-02 1.903605e-03 -5.578360e-04
      vertex   -1.289641e-02 2.321385e-03 -5.351371e-03
      vertex   -1.358295e-02 -4.510246e-03 -7.059166e-03
    endloop
  endfacet
  facet normal -9.952794e-01 9.574362e-02 1.587409e-02
    outer loop
      vertex   -1.286226e-02 1.903605e-03 -5.578360e-04
      vertex   -1.358295e-02 -4.510246e-03 -7.059166e-03
      vertex   -1.354308e-02 -4.902016e-03 -2.196451e-03
    endloop
  endfacet
  facet normal -9.949653e-01 9.929242e-02 1.360515e-02
    outer loop
      vertex   -1.361665e-02 -3.634621e-03 -1.663307e-02
      vertex   -1.291870e-02 3.110025e-03 -1.481436e-02
      vertex   -1.294446e-02 3.523889e-03 -1.971830e-02
    endloop
  endfacet
  facet normal -9.951957e-01 9.746205e-02 9.308009e-03
    outer loop
      vertex   -1.361665e-02 -3.634621e-03 -1.663307e-02
      vertex   -1.294446e-02 3.523889e-03 -1.971830e-02
      vertex   -1.361088e-02 -3.106231e-03 -2.154825e-02
    endloop
  endfacet
  facet normal -9.957904e-01 9.098210e-02 1.112031e-02
    outer loop
      vertex   -1.294446e-02 3.523889e-03 -1.971830e-02
      vertex   -1.297090e-02 3.977864e-03 -2.580060e-02
      vertex   -1.357340e-02 -2.398261e-03 -2.758488e-02
    endloop
  endfacet
  facet normal -9.951186e-01 9.853915e-02 5.377476e-03
    outer loop
      vertex   -1.294446e-02 3.523889e-03 -1.971830e-02
      vertex   -1.357340e-02 -2.398261e-03 -2.758488e-02
      vertex   -1.361088e-02 -3.106231e-03 -2.154825e-02
    endloop
  endfacet
  facet normal -9.957213e-01 9.214692e-02 6.934471e-03
    outer loop
      vertex   -1.357340e-02 -2.398261e-03 -2.758488e-02
      vertex   -1.297090e-02 3.977864e-03 -2.580060e-02
      vertex   -1.297930e-02 4.476869e-03 -3.363747e-02
    endloop
  endfacet
  facet normal -9.962642e-01 8.635754e-02 3.050274e-04
    outer loop
      vertex   -1.357340e-02 -2.398261e-03 -2.758488e-02
      vertex   -1.297930e-02 4.476869e-03 -3.363747e-02
      vertex   -1.349360e-02 -1.450336e-03 -3.531761e-02
    endloop
  endfacet
  facet normal -9.969764e-01 7.762198e-02 3.576818e-03
    outer loop
      vertex   -1.297930e-02 4.476869e-03 -3.363747e-02
      vertex   -1.296876e-02 4.968884e-03 -4.137620e-02
      vertex   -1.339829e-02 -4.741660e-04 -4.297707e-02
    endloop
  endfacet
  facet normal -9.962233e-01 8.681800e-02 -1.331890e-03
    outer loop
      vertex   -1.297930e-02 4.476869e-03 -3.363747e-02
      vertex   -1.339829e-02 -4.741660e-04 -4.297707e-02
      vertex   -1.349360e-02 -1.450336e-03 -3.531761e-02
    endloop
  endfacet
  facet normal -9.976447e-01 6.807503e-02 8.418763e-03
    outer loop
      vertex   -1.327424e-02 1.005749e-03 -5.340792e-02
      vertex   -1.292546e-02 5.902304e-03 -5.167059e-02
      vertex   -1.291821e-02 6.531225e-03 -5.589759e-02
    endloop
  endfacet
  facet normal -9.976581e-01 6.791985e-02 8.072433e-03
    outer loop
      vertex   -1.327424e-02 1.005749e-03 -5.340792e-02
      vertex   -1.291821e-02 6.531225e-03 -5.589759e-02
      vertex   -1.326224e-02 1.704210e-03 -5.780156e-02
    endloop
  endfacet
  facet normal -9.978405e-01 6.519959e-02 7.954156e-03
    outer loop
      vertex   -1.291821e-02 6.531225e-03 -5.589759e-02
      vertex   -1.289458e-02 7.396694e-03 -6.002777e-02
      vertex   -1.323384e-02 2.466869e-03 -6.217788e-02
    endloop
  endfacet
  facet normal -9.976071e-01 6.891622e-02 5.537172e-03
    outer loop
      vertex   -1.291821e-02 6.531225e-03 -5.589759e-02
      vertex   -1.323384e-02 2.466869e-03 -6.217788e-02
      vertex   -1.326224e-02 1.704210e-03 -5.780156e-02
    endloop
  endfacet
  facet normal -9.594268e-01 2.509469e-01 1.285529e-01
    outer loop
      vertex   -9.054855e-03 -4.008736e-03 4.470695e-02
      vertex   -8.207190e-03 -6.550656e-04 4.448664e-02
      vertex   -8.724930e-03 -3.991053e-04 4.012294e-02
    endloop
  endfacet
  facet normal -9.568897e-01 2.576759e-01 1.340342e-01
    outer loop
      vertex   -9.054855e-03 -4.008736e-03 4.470695e-02
      vertex   -8.724930e-03 -3.991053e-04 4.012294e-02
      vertex   -9.625530e-03 -3.830746e-03 4.029063e-02
    endloop
  endfacet
  facet normal -9.567488e-01 2.636795e-01 1.229017e-01
    outer loop
      vertex   -8.724930e-03 -3.991053e-04 4.012294e-02
      vertex   -9.212730e-03 1.011441e-04 3.525232e-02
      vertex   -1.018143e-02 -3.429646e-03 3.528645e-02
    endloop
  endfacet
  facet normal -9.578646e-01 2.575906e-01 1.270530e-01
    outer loop
      vertex   -8.724930e-03 -3.991053e-04 4.012294e-02
      vertex   -1.018143e-02 -3.429646e-03 3.528645e-02
      vertex   -9.625530e-03 -3.830746e-03 4.029063e-02
    endloop
  endfacet
  facet normal -9.478245e-01 2.761430e-01 1.592917e-01
    outer loop
      vertex   -1.146029e-02 -1.716781e-03 2.462325e-02
      vertex   -1.027115e-02 2.177655e-03 2.494765e-02
      vertex   -1.076145e-02 3.467400e-03 1.979436e-02
    endloop
  endfacet
  facet normal -9.473125e-01 2.771986e-01 1.604991e-01
    outer loop
      vertex   -1.146029e-02 -1.716781e-03 2.462325e-02
      vertex   -1.076145e-02 3.467400e-03 1.979436e-02
      vertex   -1.206612e-02 -6.838805e-04 1.926351e-02
    endloop
  endfacet
  facet normal -9.507024e-01 2.801504e-01 1.329686e-01
    outer loop
      vertex   -1.076145e-02 3.467400e-03 1.979436e-02
      vertex   -1.112212e-02 4.626344e-03 1.477383e-02
      vertex   -1.251511e-02 2.388141e-04 1.405824e-02
    endloop
  endfacet
  facet normal -9.503570e-01 2.818088e-01 1.319295e-01
    outer loop
      vertex   -1.076145e-02 3.467400e-03 1.979436e-02
      vertex   -1.251511e-02 2.388141e-04 1.405824e-02
      vertex   -1.206612e-02 -6.838805e-04 1.926351e-02
    endloop
  endfacet
  facet normal -9.556402e-01 2.918751e-01 3.950530e-02
    outer loop
      vertex   -1.281186e-02 1.448819e-03 4.257509e-03
      vertex   -1.135784e-02 6.082455e-03 5.196179e-03
      vertex   -1.139818e-02 6.591239e-03 4.610839e-04
    endloop
  endfacet
  facet normal -9.561448e-01 2.904911e-01 3.744276e-02
    outer loop
      vertex   -1.281186e-02 1.448819e-03 4.257509e-03
      vertex   -1.139818e-02 6.591239e-03 4.610839e-04
      vertex   -1.286226e-02 1.903605e-03 -5.578360e-04
    endloop
  endfacet
  facet normal -9.542786e-01 2.976687e-01 2.730777e-02
    outer loop
      vertex   -1.139818e-02 6.591239e-03 4.610839e-04
      vertex   -1.139661e-02 7.027695e-03 -4.241461e-03
      vertex   -1.289641e-02 2.321385e-03 -5.351371e-03
    endloop
  endfacet
  facet normal -9.560031e-01 2.915812e-01 3.222415e-02
    outer loop
      vertex   -1.139818e-02 6.591239e-03 4.610839e-04
      vertex   -1.289641e-02 2.321385e-03 -5.351371e-03
      vertex   -1.286226e-02 1.903605e-03 -5.578360e-04
    endloop
  endfacet
  facet normal -9.474466e-01 3.174097e-01 3.994954e-02
    outer loop
      vertex   -1.291870e-02 3.110025e-03 -1.481436e-02
      vertex   -1.130948e-02 7.749209e-03 -1.350929e-02
      vertex   -1.140315e-02 8.084534e-03 -1.839513e-02
    endloop
  endfacet
  facet normal -9.496160e-01 3.118485e-01 3.130553e-02
    outer loop
      vertex   -1.291870e-02 3.110025e-03 -1.481436e-02
      vertex   -1.140315e-02 8.084534e-03 -1.839513e-02
      vertex   -1.294446e-02 3.523889e-03 -1.971830e-02
    endloop
  endfacet
  facet normal -9.540109e-01 2.974798e-01 3.700014e-02
    outer loop
      vertex   -1.140315e-02 8.084534e-03 -1.839513e-02
      vertex   -1.154975e-02 8.373764e-03 -2.450034e-02
      vertex   -1.297090e-02 3.977864e-03 -2.580060e-02
    endloop
  endfacet
  facet normal -9.493940e-01 3.128831e-01 2.748095e-02
    outer loop
      vertex   -1.140315e-02 8.084534e-03 -1.839513e-02
      vertex   -1.297090e-02 3.977864e-03 -2.580060e-02
      vertex   -1.294446e-02 3.523889e-03 -1.971830e-02
    endloop
  endfacet
  facet normal -9.531512e-01 3.017109e-01 2.175616e-02
    outer loop
      vertex   -1.297090e-02 3.977864e-03 -2.580060e-02
      vertex   -1.154975e-02 8.373764e-03 -2.450034e-02
      vertex   -1.166414e-02 8.579625e-03 -3.236669e-02
    endloop
  endfacet
  facet normal -9.538703e-01 2.995457e-01 2.009554e-02
    outer loop
      vertex   -1.297090e-02 3.977864e-03 -2.580060e-02
      vertex   -1.166414e-02 8.579625e-03 -3.236669e-02
      vertex   -1.297930e-02 4.476869e-03 -3.363747e-02
    endloop
  endfacet
  facet normal -9.514460e-01 3.074717e-01 1.454904e-02
    outer loop
      vertex   -1.166414e-02 8.579625e-03 -3.236669e-02
      vertex   -1.173909e-02 8.715465e-03 -4.013921e-02
      vertex   -1.296876e-02 4.968884e-03 -4.137620e-02
    endloop
  endfacet
  facet normal -9.537078e-01 3.002085e-01 1.778743e-02
    outer loop
      vertex   -1.166414e-02 8.579625e-03 -3.236669e-02
      vertex   -1.296876e-02 4.968884e-03 -4.137620e-02
      vertex   -1.297930e-02 4.476869e-03 -3.363747e-02
    endloop
  endfacet
  facet normal -9.475653e-01 3.168268e-01 4.172329e-02
    outer loop
      vertex   -1.292546e-02 5.902304e-03 -5.167059e-02
      vertex   -1.181325e-02 9.072854e-03 -5.048729e-02
      vertex   -1.182498e-02 9.589739e-03 -5.467864e-02
    endloop
  endfacet
  facet normal -9.463254e-01 3.199285e-01 4.597913e-02
    outer loop
      vertex   -1.292546e-02 5.902304e-03 -5.167059e-02
      vertex   -1.182498e-02 9.589739e-03 -5.467864e-02
      vertex   -1.291821e-02 6.531225e-03 -5.589759e-02
    endloop
  endfacet
  facet normal -9.491923e-01 3.082385e-01 6.342689e-02
    outer loop
      vertex   -1.182498e-02 9.589739e-03 -5.467864e-02
      vertex   -1.181412e-02 1.045019e-02 -5.869769e-02
      vertex   -1.289458e-02 7.396694e-03 -6.002777e-02
    endloop
  endfacet
  facet normal -9.473268e-01 3.145054e-01 6.048458e-02
    outer loop
      vertex   -1.182498e-02 9.589739e-03 -5.467864e-02
      vertex   -1.289458e-02 7.396694e-03 -6.002777e-02
      vertex   -1.291821e-02 6.531225e-03 -5.589759e-02
    endloop
  endfacet
  facet normal -9.093279e-01 -4.006989e-01 1.120854e-01
    outer loop
      vertex   -7.145160e-03 -1.680891e-02 4.343985e-02
      vertex   -8.233425e-03 -1.424142e-02 4.378959e-02
      vertex   -8.739270e-03 -1.433591e-02 3.934798e-02
    endloop
  endfacet
  facet normal -9.061104e-01 -4.097034e-01 1.053899e-01
    outer loop
      vertex   -7.145160e-03 -1.680891e-02 4.343985e-02
      vertex   -8.739270e-03 -1.433591e-02 3.934798e-02
      vertex   -7.576305e-03 -1.698395e-02 3.905254e-02
    endloop
  endfacet
  facet normal -4.130465e-01 9.039672e-01 1.106155e-01
    outer loop
      vertex   -1.752240e-03 4.732980e-03 4.011765e-02
      vertex   -1.783575e-03 5.305304e-03 3.532351e-02
      vertex   -5.641800e-03 3.604094e-03 3.481917e-02
    endloop
  endfacet
  facet normal -4.462985e-01 8.839782e-01 1.392843e-01
    outer loop
      vertex   -1.752240e-03 4.732980e-03 4.011765e-02
      vertex   -5.641800e-03 3.604094e-03 3.481917e-02
      vertex   -5.312190e-03 3.022094e-03 3.956902e-02
    endloop
  endfacet
  facet normal -5.218541e-01 8.478006e-01 9.435286e-02
    outer loop
      vertex   -5.020575e-03 2.719934e-03 4.389695e-02
      vertex   -5.312190e-03 3.022094e-03 3.956902e-02
      vertex   -7.120125e-03 1.879994e-03 3.983181e-02
    endloop
  endfacet
  facet normal -5.484240e-01 8.286618e-01 1.120300e-01
    outer loop
      vertex   -5.020575e-03 2.719934e-03 4.389695e-02
      vertex   -7.120125e-03 1.879994e-03 3.983181e-02
      vertex   -6.705270e-03 1.570305e-03 4.415337e-02
    endloop
  endfacet
  facet normal -5.031149e-01 8.528996e-01 1.394189e-01
    outer loop
      vertex   -5.312190e-03 3.022094e-03 3.956902e-02
      vertex   -5.641800e-03 3.604094e-03 3.481917e-02
      vertex   -7.522560e-03 2.453099e-03 3.507340e-02
    endloop
  endfacet
  facet normal -5.132292e-01 8.458658e-01 1.452821e-01
    outer loop
      vertex   -5.312190e-03 3.022094e-03 3.956902e-02
      vertex   -7.522560e-03 2.453099e-03 3.507340e-02
      vertex   -7.120125e-03 1.879994e-03 3.983181e-02
    endloop
  endfacet
  facet normal -3.917869e-01 -9.087166e-01 -1.440043e-01
    outer loop
      vertex   -2.509620e-03 -1.522217e-02 -5.237597e-02
      vertex   -8.134590e-03 -1.282229e-02 -5.221640e-02
      vertex   -8.135580e-03 -1.212771e-02 -5.659671e-02
    endloop
  endfacet
  facet normal -3.930373e-01 -9.084677e-01 -1.421551e-01
    outer loop
      vertex   -2.509620e-03 -1.522217e-02 -5.237597e-02
      vertex   -8.135580e-03 -1.212771e-02 -5.659671e-02
      vertex   -2.536110e-03 -1.452605e-02 -5.675141e-02
    endloop
  endfacet
  facet normal -3.369090e-01 9.054249e-01 2.582595e-01
    outer loop
      vertex   -1.865685e-03 9.160815e-03 2.038131e-02
      vertex   -1.891590e-03 1.053162e-02 1.554165e-02
      vertex   -6.924225e-03 8.796704e-03 1.505878e-02
    endloop
  endfacet
  facet normal -3.467550e-01 8.988329e-01 2.680681e-01
    outer loop
      vertex   -1.865685e-03 9.160815e-03 2.038131e-02
      vertex   -6.924225e-03 8.796704e-03 1.505878e-02
      vertex   -6.674100e-03 7.448475e-03 1.990294e-02
    endloop
  endfacet
  facet normal -4.655699e-01 8.385592e-01 2.829543e-01
    outer loop
      vertex   -6.342480e-03 5.960069e-03 2.485961e-02
      vertex   -6.674100e-03 7.448475e-03 1.990294e-02
      vertex   -8.774580e-03 6.222362e-03 2.008053e-02
    endloop
  endfacet
  facet normal -4.640217e-01 8.396617e-01 2.822269e-01
    outer loop
      vertex   -6.342480e-03 5.960069e-03 2.485961e-02
      vertex   -8.774580e-03 6.222362e-03 2.008053e-02
      vertex   -8.371935e-03 4.768724e-03 2.506729e-02
    endloop
  endfacet
  facet normal -4.751837e-01 8.410240e-01 2.586100e-01
    outer loop
      vertex   -6.674100e-03 7.448475e-03 1.990294e-02
      vertex   -6.924225e-03 8.796704e-03 1.505878e-02
      vertex   -9.076845e-03 7.534364e-03 1.520869e-02
    endloop
  endfacet
  facet normal -4.709911e-01 8.440175e-01 2.565188e-01
    outer loop
      vertex   -6.674100e-03 7.448475e-03 1.990294e-02
      vertex   -9.076845e-03 7.534364e-03 1.520869e-02
      vertex   -8.774580e-03 6.222362e-03 2.008053e-02
    endloop
  endfacet
  facet normal -4.824902e-01 8.709166e-01 9.331440e-02
    outer loop
      vertex   -5.312190e-03 3.022094e-03 3.956902e-02
      vertex   -5.020575e-03 2.719934e-03 4.389695e-02
      vertex   -1.714755e-03 4.491165e-03 4.445883e-02
    endloop
  endfacet
  facet normal -4.392554e-01 8.967531e-01 5.374435e-02
    outer loop
      vertex   -5.312190e-03 3.022094e-03 3.956902e-02
      vertex   -1.714755e-03 4.491165e-03 4.445883e-02
      vertex   -1.752240e-03 4.732980e-03 4.011765e-02
    endloop
  endfacet
  facet normal -3.385761e-01 9.361293e-01 9.501619e-02
    outer loop
      vertex   -1.975905e-03 1.283490e-02 1.545059e-03
      vertex   -2.005680e-03 1.329676e-02 -3.111481e-03
      vertex   -7.132560e-03 1.149039e-02 -3.583381e-03
    endloop
  endfacet
  facet normal -3.359623e-01 9.373652e-01 9.206398e-02
    outer loop
      vertex   -1.975905e-03 1.283490e-02 1.545059e-03
      vertex   -7.132560e-03 1.149039e-02 -3.583381e-03
      vertex   -7.134600e-03 1.103476e-02 1.048199e-03
    endloop
  endfacet
  facet normal -5.106191e-01 8.531425e-01 1.068458e-01
    outer loop
      vertex   -7.098030e-03 1.047354e-02 5.704229e-03
      vertex   -7.134600e-03 1.103476e-02 1.048199e-03
      vertex   -9.317205e-03 9.715409e-03 1.152254e-03
    endloop
  endfacet
  facet normal -5.075062e-01 8.552289e-01 1.049807e-01
    outer loop
      vertex   -7.098030e-03 1.047354e-02 5.704229e-03
      vertex   -9.317205e-03 9.715409e-03 1.152254e-03
      vertex   -9.280860e-03 9.164204e-03 5.818364e-03
    endloop
  endfacet
  facet normal -5.166969e-01 8.520777e-01 8.359435e-02
    outer loop
      vertex   -7.134600e-03 1.103476e-02 1.048199e-03
      vertex   -7.132560e-03 1.149039e-02 -3.583381e-03
      vertex   -9.292965e-03 1.016968e-02 -3.474901e-03
    endloop
  endfacet
  facet normal -5.127680e-01 8.546765e-01 8.122251e-02
    outer loop
      vertex   -7.134600e-03 1.103476e-02 1.048199e-03
      vertex   -9.292965e-03 1.016968e-02 -3.474901e-03
      vertex   -9.317205e-03 9.715409e-03 1.152254e-03
    endloop
  endfacet
  facet normal -3.646165e-01 8.848176e-01 2.900907e-01
    outer loop
      vertex   -6.674100e-03 7.448475e-03 1.990294e-02
      vertex   -6.342480e-03 5.960069e-03 2.485961e-02
      vertex   -1.839720e-03 7.659254e-03 2.533639e-02
    endloop
  endfacet
  facet normal -3.467158e-01 8.971536e-01 2.736851e-01
    outer loop
      vertex   -6.674100e-03 7.448475e-03 1.990294e-02
      vertex   -1.839720e-03 7.659254e-03 2.533639e-02
      vertex   -1.865685e-03 9.160815e-03 2.038131e-02
    endloop
  endfacet
  facet normal -3.250570e-01 9.454453e-01 2.170833e-02
    outer loop
      vertex   -2.098080e-03 1.420950e-02 -1.714109e-02
      vertex   -2.139150e-03 1.433329e-02 -2.314761e-02
      vertex   -7.311825e-03 1.256568e-02 -2.361890e-02
    endloop
  endfacet
  facet normal -3.355851e-01 9.414936e-01 3.118480e-02
    outer loop
      vertex   -2.098080e-03 1.420950e-02 -1.714109e-02
      vertex   -7.311825e-03 1.256568e-02 -2.361890e-02
      vertex   -7.152255e-03 1.242169e-02 -1.755470e-02
    endloop
  endfacet
  facet normal -5.155378e-01 8.549190e-01 5.774353e-02
    outer loop
      vertex   -7.052685e-03 1.215544e-02 -1.272378e-02
      vertex   -7.152255e-03 1.242169e-02 -1.755470e-02
      vertex   -9.259620e-03 1.114299e-02 -1.743759e-02
    endloop
  endfacet
  facet normal -5.262401e-01 8.479044e-01 6.426082e-02
    outer loop
      vertex   -7.052685e-03 1.215544e-02 -1.272378e-02
      vertex   -9.259620e-03 1.114299e-02 -1.743759e-02
      vertex   -9.129705e-03 1.085559e-02 -1.258154e-02
    endloop
  endfacet
  facet normal -4.979592e-01 8.665463e-01 3.367790e-02
    outer loop
      vertex   -7.152255e-03 1.242169e-02 -1.755470e-02
      vertex   -7.311825e-03 1.256568e-02 -2.361890e-02
      vertex   -9.469740e-03 1.132246e-02 -2.353725e-02
    endloop
  endfacet
  facet normal -5.165260e-01 8.551933e-01 4.295619e-02
    outer loop
      vertex   -7.152255e-03 1.242169e-02 -1.755470e-02
      vertex   -9.469740e-03 1.132246e-02 -2.353725e-02
      vertex   -9.259620e-03 1.114299e-02 -1.743759e-02
    endloop
  endfacet
  facet normal -3.352298e-01 9.350494e-01 1.153411e-01
    outer loop
      vertex   -7.134600e-03 1.103476e-02 1.048199e-03
      vertex   -7.098030e-03 1.047354e-02 5.704229e-03
      vertex   -1.946775e-03 1.225914e-02 6.200414e-03
    endloop
  endfacet
  facet normal -3.372619e-01 9.340332e-01 1.176287e-01
    outer loop
      vertex   -7.134600e-03 1.103476e-02 1.048199e-03
      vertex   -1.946775e-03 1.225914e-02 6.200414e-03
      vertex   -1.975905e-03 1.283490e-02 1.545059e-03
    endloop
  endfacet
  facet normal -3.109159e-01 9.502167e-01 -2.048347e-02
    outer loop
      vertex   -2.193975e-03 1.425658e-02 -3.096908e-02
      vertex   -2.249100e-03 1.407096e-02 -3.874341e-02
      vertex   -7.556730e-03 1.232325e-02 -3.925485e-02
    endloop
  endfacet
  facet normal -3.133443e-01 9.494548e-01 -1.873394e-02
    outer loop
      vertex   -2.193975e-03 1.425658e-02 -3.096908e-02
      vertex   -7.556730e-03 1.232325e-02 -3.925485e-02
      vertex   -7.450830e-03 1.251186e-02 -3.146721e-02
    endloop
  endfacet
  facet normal -4.789495e-01 8.778390e-01 2.463093e-03
    outer loop
      vertex   -7.311825e-03 1.256568e-02 -2.361890e-02
      vertex   -7.450830e-03 1.251186e-02 -3.146721e-02
      vertex   -9.630795e-03 1.132228e-02 -3.140126e-02
    endloop
  endfacet
  facet normal -4.988837e-01 8.666090e-01 1.019728e-02
    outer loop
      vertex   -7.311825e-03 1.256568e-02 -2.361890e-02
      vertex   -9.630795e-03 1.132228e-02 -3.140126e-02
      vertex   -9.469740e-03 1.132246e-02 -2.353725e-02
    endloop
  endfacet
  facet normal -4.615170e-01 8.870010e-01 -1.520645e-02
    outer loop
      vertex   -7.450830e-03 1.251186e-02 -3.146721e-02
      vertex   -7.556730e-03 1.232325e-02 -3.925485e-02
      vertex   -9.738375e-03 1.118923e-02 -3.918953e-02
    endloop
  endfacet
  facet normal -4.791868e-01 8.776730e-01 -8.374572e-03
    outer loop
      vertex   -7.450830e-03 1.251186e-02 -3.146721e-02
      vertex   -9.738375e-03 1.118923e-02 -3.918953e-02
      vertex   -9.630795e-03 1.132228e-02 -3.140126e-02
    endloop
  endfacet
  facet normal -3.429586e-01 9.375122e-01 5.873852e-02
    outer loop
      vertex   -7.152255e-03 1.242169e-02 -1.755470e-02
      vertex   -7.052685e-03 1.215544e-02 -1.272378e-02
      vertex   -2.066160e-03 1.395588e-02 -1.234514e-02
    endloop
  endfacet
  facet normal -3.368060e-01 9.401394e-01 5.195813e-02
    outer loop
      vertex   -7.152255e-03 1.242169e-02 -1.755470e-02
      vertex   -2.066160e-03 1.395588e-02 -1.234514e-02
      vertex   -2.098080e-03 1.420950e-02 -1.714109e-02
    endloop
  endfacet
  facet normal -3.802346e-01 8.987929e-01 2.181584e-01
    outer loop
      vertex   -2.347320e-03 1.455336e-02 -5.325944e-02
      vertex   -2.369175e-03 1.549239e-02 -5.716625e-02
      vertex   -7.675755e-03 1.340589e-02 -5.781905e-02
    endloop
  endfacet
  facet normal -3.639162e-01 9.105481e-01 1.961302e-01
    outer loop
      vertex   -2.347320e-03 1.455336e-02 -5.325944e-02
      vertex   -7.675755e-03 1.340589e-02 -5.781905e-02
      vertex   -7.691625e-03 1.255117e-02 -5.388042e-02
    endloop
  endfacet
  facet normal -4.366839e-01 8.949745e-01 9.125687e-02
    outer loop
      vertex   -7.678215e-03 1.213096e-02 -4.969517e-02
      vertex   -7.691625e-03 1.255117e-02 -5.388042e-02
      vertex   -9.880350e-03 1.147671e-02 -5.381645e-02
    endloop
  endfacet
  facet normal -4.373187e-01 8.946241e-01 9.165172e-02
    outer loop
      vertex   -7.678215e-03 1.213096e-02 -4.969517e-02
      vertex   -9.880350e-03 1.147671e-02 -5.381645e-02
      vertex   -9.862275e-03 1.105629e-02 -4.962642e-02
    endloop
  endfacet
  facet normal -4.325593e-01 8.814572e-01 1.895407e-01
    outer loop
      vertex   -7.691625e-03 1.255117e-02 -5.388042e-02
      vertex   -7.675755e-03 1.340589e-02 -5.781905e-02
      vertex   -9.869325e-03 1.231886e-02 -5.776985e-02
    endloop
  endfacet
  facet normal -4.284787e-01 8.839668e-01 1.871060e-01
    outer loop
      vertex   -7.691625e-03 1.255117e-02 -5.388042e-02
      vertex   -9.869325e-03 1.231886e-02 -5.776985e-02
      vertex   -9.880350e-03 1.147671e-02 -5.381645e-02
    endloop
  endfacet
  facet normal -3.233003e-01 9.462961e-01 -7.631355e-04
    outer loop
      vertex   -7.450830e-03 1.251186e-02 -3.146721e-02
      vertex   -7.311825e-03 1.256568e-02 -2.361890e-02
      vertex   -2.139150e-03 1.433329e-02 -2.314761e-02
    endloop
  endfacet
  facet normal -3.143845e-01 9.492691e-01 -7.106355e-03
    outer loop
      vertex   -7.450830e-03 1.251186e-02 -3.146721e-02
      vertex   -2.139150e-03 1.433329e-02 -2.314761e-02
      vertex   -2.193975e-03 1.425658e-02 -3.096908e-02
    endloop
  endfacet
  facet normal -9.043139e-01 -4.158524e-01 9.634916e-02
    outer loop
      vertex   -8.739270e-03 -1.433591e-02 3.934798e-02
      vertex   -9.231960e-03 -1.443290e-02 3.430507e-02
      vertex   -7.985505e-03 -1.718831e-02 3.411144e-02
    endloop
  endfacet
  facet normal -9.078762e-01 -4.089963e-01 9.210185e-02
    outer loop
      vertex   -8.739270e-03 -1.433591e-02 3.934798e-02
      vertex   -7.985505e-03 -1.718831e-02 3.411144e-02
      vertex   -7.576305e-03 -1.698395e-02 3.905254e-02
    endloop
  endfacet
  facet normal -8.973312e-01 -4.309127e-01 9.545113e-02
    outer loop
      vertex   -8.890815e-03 -1.773891e-02 2.325421e-02
      vertex   -1.036209e-02 -1.467629e-02 2.324901e-02
      vertex   -1.090213e-02 -1.479894e-02 1.761835e-02
    endloop
  endfacet
  facet normal -8.957804e-01 -4.346727e-01 9.293626e-02
    outer loop
      vertex   -8.890815e-03 -1.773891e-02 2.325421e-02
      vertex   -1.090213e-02 -1.479894e-02 1.761835e-02
      vertex   -9.331770e-03 -1.801287e-02 1.772266e-02
    endloop
  endfacet
  facet normal -8.966100e-01 -4.378175e-01 6.638075e-02
    outer loop
      vertex   -1.090213e-02 -1.479894e-02 1.761835e-02
      vertex   -1.129770e-02 -1.481334e-02 1.218045e-02
      vertex   -9.658770e-03 -1.814097e-02 1.237005e-02
    endloop
  endfacet
  facet normal -8.974007e-01 -4.363625e-01 6.526686e-02
    outer loop
      vertex   -1.090213e-02 -1.479894e-02 1.761835e-02
      vertex   -9.658770e-03 -1.814097e-02 1.237005e-02
      vertex   -9.331770e-03 -1.801287e-02 1.772266e-02
    endloop
  endfacet
  facet normal -8.959419e-01 -4.434990e-01 -2.442641e-02
    outer loop
      vertex   -9.837825e-03 -1.776239e-02 2.442419e-03
      vertex   -1.151985e-02 -1.434855e-02 2.154389e-03
      vertex   -1.154204e-02 -1.403517e-02 -2.721781e-03
    endloop
  endfacet
  facet normal -8.962130e-01 -4.429765e-01 -2.395980e-02
    outer loop
      vertex   -9.837825e-03 -1.776239e-02 2.442419e-03
      vertex   -1.154204e-02 -1.403517e-02 -2.721781e-03
      vertex   -9.853920e-03 -1.746818e-02 -2.395006e-03
    endloop
  endfacet
  facet normal -8.959869e-01 -4.431338e-01 -2.898098e-02
    outer loop
      vertex   -1.154204e-02 -1.403517e-02 -2.721781e-03
      vertex   -1.155950e-02 -1.368341e-02 -7.560646e-03
      vertex   -9.866340e-03 -1.713095e-02 -7.192231e-03
    endloop
  endfacet
  facet normal -8.959124e-01 -4.432934e-01 -2.884251e-02
    outer loop
      vertex   -1.154204e-02 -1.403517e-02 -2.721781e-03
      vertex   -9.866340e-03 -1.713095e-02 -7.192231e-03
      vertex   -9.853920e-03 -1.746818e-02 -2.395006e-03
    endloop
  endfacet
  facet normal -8.935043e-01 -4.460408e-01 -5.193879e-02
    outer loop
      vertex   -9.875085e-03 -1.623510e-02 -1.657788e-02
      vertex   -1.157569e-02 -1.277429e-02 -1.704309e-02
      vertex   -1.157837e-02 -1.220456e-02 -2.188989e-02
    endloop
  endfacet
  facet normal -8.933391e-01 -4.463390e-01 -5.221802e-02
    outer loop
      vertex   -9.875085e-03 -1.623510e-02 -1.657788e-02
      vertex   -1.157837e-02 -1.220456e-02 -2.188989e-02
      vertex   -9.877005e-03 -1.567074e-02 -2.136896e-02
    endloop
  endfacet
  facet normal -8.928828e-01 -4.463647e-01 -5.932032e-02
    outer loop
      vertex   -1.157837e-02 -1.220456e-02 -2.188989e-02
      vertex   -1.157615e-02 -1.142139e-02 -2.781635e-02
      vertex   -9.879285e-03 -1.489476e-02 -2.722140e-02
    endloop
  endfacet
  facet normal -8.926000e-01 -4.469832e-01 -5.891810e-02
    outer loop
      vertex   -1.157837e-02 -1.220456e-02 -2.188989e-02
      vertex   -9.879285e-03 -1.489476e-02 -2.722140e-02
      vertex   -9.877005e-03 -1.567074e-02 -2.136896e-02
    endloop
  endfacet
  facet normal -8.922504e-01 -4.469253e-01 -6.439672e-02
    outer loop
      vertex   -9.879285e-03 -1.489476e-02 -2.722140e-02
      vertex   -1.157615e-02 -1.142139e-02 -2.781635e-02
      vertex   -1.156718e-02 -1.034838e-02 -3.538752e-02
    endloop
  endfacet
  facet normal -8.933723e-01 -4.448752e-01 -6.302351e-02
    outer loop
      vertex   -9.879285e-03 -1.489476e-02 -2.722140e-02
      vertex   -1.156718e-02 -1.034838e-02 -3.538752e-02
      vertex   -9.881985e-03 -1.383089e-02 -3.469289e-02
    endloop
  endfacet
  facet normal -8.941286e-01 -4.428242e-01 -6.663958e-02
    outer loop
      vertex   -1.156718e-02 -1.034838e-02 -3.538752e-02
      vertex   -1.155367e-02 -9.243211e-03 -4.291259e-02
      vertex   -9.883920e-03 -1.273413e-02 -4.211894e-02
    endloop
  endfacet
  facet normal -8.930276e-01 -4.452064e-01 -6.551997e-02
    outer loop
      vertex   -1.156718e-02 -1.034838e-02 -3.538752e-02
      vertex   -9.883920e-03 -1.273413e-02 -4.211894e-02
      vertex   -9.881985e-03 -1.383089e-02 -3.469289e-02
    endloop
  endfacet
  facet normal -8.954705e-01 -4.396736e-01 -6.942452e-02
    outer loop
      vertex   -9.884220e-03 -1.113948e-02 -5.242520e-02
      vertex   -1.153124e-02 -7.639711e-03 -5.334567e-02
      vertex   -1.152965e-02 -6.940096e-03 -5.779692e-02
    endloop
  endfacet
  facet normal -8.954856e-01 -4.396469e-01 -6.939903e-02
    outer loop
      vertex   -9.884220e-03 -1.113948e-02 -5.242520e-02
      vertex   -1.152965e-02 -6.940096e-03 -5.779692e-02
      vertex   -9.884610e-03 -1.044426e-02 -5.682443e-02
    endloop
  endfacet
  facet normal -8.963575e-01 -4.373834e-01 -7.238057e-02
    outer loop
      vertex   -1.152965e-02 -6.940096e-03 -5.779692e-02
      vertex   -1.151130e-02 -6.239851e-03 -6.225557e-02
      vertex   -9.880095e-03 -9.752416e-03 -6.123050e-02
    endloop
  endfacet
  facet normal -8.953864e-01 -4.397584e-01 -6.996878e-02
    outer loop
      vertex   -1.152965e-02 -6.940096e-03 -5.779692e-02
      vertex   -9.880095e-03 -9.752416e-03 -6.123050e-02
      vertex   -9.884610e-03 -1.044426e-02 -5.682443e-02
    endloop
  endfacet
  facet normal -8.953921e-01 -4.437211e-01 -3.721049e-02
    outer loop
      vertex   -9.866340e-03 -1.713095e-02 -7.192231e-03
      vertex   -1.155950e-02 -1.368341e-02 -7.560646e-03
      vertex   -1.157007e-02 -1.326186e-02 -1.233296e-02
    endloop
  endfacet
  facet normal -8.951301e-01 -4.442109e-01 -3.766592e-02
    outer loop
      vertex   -9.866340e-03 -1.713095e-02 -7.192231e-03
      vertex   -1.157007e-02 -1.326186e-02 -1.233296e-02
      vertex   -9.872580e-03 -1.671765e-02 -1.191812e-02
    endloop
  endfacet
  facet normal -8.941761e-01 -4.454439e-01 -4.504279e-02
    outer loop
      vertex   -1.157007e-02 -1.326186e-02 -1.233296e-02
      vertex   -1.157569e-02 -1.277429e-02 -1.704309e-02
      vertex   -9.875085e-03 -1.623510e-02 -1.657788e-02
    endloop
  endfacet
  facet normal -8.944545e-01 -4.448295e-01 -4.558432e-02
    outer loop
      vertex   -1.157007e-02 -1.326186e-02 -1.233296e-02
      vertex   -9.875085e-03 -1.623510e-02 -1.657788e-02
      vertex   -9.872580e-03 -1.671765e-02 -1.191812e-02
    endloop
  endfacet
  facet normal -9.535273e-01 3.010735e-01 1.185521e-02
    outer loop
      vertex   -1.289641e-02 2.321385e-03 -5.351371e-03
      vertex   -1.139661e-02 7.027695e-03 -4.241461e-03
      vertex   -1.133553e-02 7.403714e-03 -8.878096e-03
    endloop
  endfacet
  facet normal -9.498533e-01 3.114061e-01 2.837158e-02
    outer loop
      vertex   -1.289641e-02 2.321385e-03 -5.351371e-03
      vertex   -1.133553e-02 7.403714e-03 -8.878096e-03
      vertex   -1.290865e-02 2.716529e-03 -1.009832e-02
    endloop
  endfacet
  facet normal -3.431530e-01 9.371689e-01 6.293172e-02
    outer loop
      vertex   -2.035815e-03 1.365776e-02 -7.740046e-03
      vertex   -2.066160e-03 1.395588e-02 -1.234514e-02
      vertex   -7.052685e-03 1.215544e-02 -1.272378e-02
    endloop
  endfacet
  facet normal -3.412943e-01 9.379871e-01 6.081404e-02
    outer loop
      vertex   -2.035815e-03 1.365776e-02 -7.740046e-03
      vertex   -7.052685e-03 1.215544e-02 -1.272378e-02
      vertex   -7.074240e-03 1.185132e-02 -8.153971e-03
    endloop
  endfacet
  facet normal -5.251167e-01 8.488888e-01 6.033458e-02
    outer loop
      vertex   -7.132560e-03 1.149039e-02 -3.583381e-03
      vertex   -7.074240e-03 1.185132e-02 -8.153971e-03
      vertex   -9.183045e-03 1.053751e-02 -8.022946e-03
    endloop
  endfacet
  facet normal -5.186841e-01 8.530997e-01 5.645982e-02
    outer loop
      vertex   -7.132560e-03 1.149039e-02 -3.583381e-03
      vertex   -9.183045e-03 1.053751e-02 -8.022946e-03
      vertex   -9.292965e-03 1.016968e-02 -3.474901e-03
    endloop
  endfacet
  facet normal -5.270720e-01 8.481060e-01 5.395610e-02
    outer loop
      vertex   -7.074240e-03 1.185132e-02 -8.153971e-03
      vertex   -7.052685e-03 1.215544e-02 -1.272378e-02
      vertex   -9.129705e-03 1.085559e-02 -1.258154e-02
    endloop
  endfacet
  facet normal -5.256591e-01 8.490370e-01 5.309077e-02
    outer loop
      vertex   -7.074240e-03 1.185132e-02 -8.153971e-03
      vertex   -9.129705e-03 1.085559e-02 -1.258154e-02
      vertex   -9.183045e-03 1.053751e-02 -8.022946e-03
    endloop
  endfacet
  facet normal -3.410755e-01 9.352241e-01 9.499169e-02
    outer loop
      vertex   -7.691625e-03 1.255117e-02 -5.388042e-02
      vertex   -7.678215e-03 1.213096e-02 -4.969517e-02
      vertex   -2.321490e-03 1.402578e-02 -4.911647e-02
    endloop
  endfacet
  facet normal -3.604915e-01 9.250059e-01 1.200411e-01
    outer loop
      vertex   -7.691625e-03 1.255117e-02 -5.388042e-02
      vertex   -2.321490e-03 1.402578e-02 -4.911647e-02
      vertex   -2.347320e-03 1.455336e-02 -5.325944e-02
    endloop
  endfacet
  facet normal -9.462311e-01 3.229465e-01 1.876888e-02
    outer loop
      vertex   -1.133553e-02 7.403714e-03 -8.878096e-03
      vertex   -1.130948e-02 7.749209e-03 -1.350929e-02
      vertex   -1.291870e-02 3.110025e-03 -1.481436e-02
    endloop
  endfacet
  facet normal -9.498354e-01 3.114931e-01 2.801434e-02
    outer loop
      vertex   -1.133553e-02 7.403714e-03 -8.878096e-03
      vertex   -1.291870e-02 3.110025e-03 -1.481436e-02
      vertex   -1.290865e-02 2.716529e-03 -1.009832e-02
    endloop
  endfacet
  facet normal -9.951936e-01 9.734359e-02 1.066954e-02
    outer loop
      vertex   -1.358295e-02 -4.510246e-03 -7.059166e-03
      vertex   -1.289641e-02 2.321385e-03 -5.351371e-03
      vertex   -1.290865e-02 2.716529e-03 -1.009832e-02
    endloop
  endfacet
  facet normal -9.950421e-01 9.853034e-02 1.352513e-02
    outer loop
      vertex   -1.358295e-02 -4.510246e-03 -7.059166e-03
      vertex   -1.290865e-02 2.716529e-03 -1.009832e-02
      vertex   -1.360697e-02 -4.092331e-03 -1.187049e-02
    endloop
  endfacet
  facet normal -9.949191e-01 1.001317e-01 1.047492e-02
    outer loop
      vertex   -1.290865e-02 2.716529e-03 -1.009832e-02
      vertex   -1.291870e-02 3.110025e-03 -1.481436e-02
      vertex   -1.361665e-02 -3.634621e-03 -1.663307e-02
    endloop
  endfacet
  facet normal -9.950161e-01 9.904357e-02 1.154301e-02
    outer loop
      vertex   -1.290865e-02 2.716529e-03 -1.009832e-02
      vertex   -1.361665e-02 -3.634621e-03 -1.663307e-02
      vertex   -1.360697e-02 -4.092331e-03 -1.187049e-02
    endloop
  endfacet
  facet normal -9.765901e-01 -2.146675e-01 -1.377156e-02
    outer loop
      vertex   -1.155950e-02 -1.368341e-02 -7.560646e-03
      vertex   -1.358295e-02 -4.510246e-03 -7.059166e-03
      vertex   -1.360697e-02 -4.092331e-03 -1.187049e-02
    endloop
  endfacet
  facet normal -9.762452e-01 -2.160073e-01 -1.691707e-02
    outer loop
      vertex   -1.155950e-02 -1.368341e-02 -7.560646e-03
      vertex   -1.360697e-02 -4.092331e-03 -1.187049e-02
      vertex   -1.157007e-02 -1.326186e-02 -1.233296e-02
    endloop
  endfacet
  facet normal -9.759680e-01 -2.170945e-01 -1.887839e-02
    outer loop
      vertex   -1.360697e-02 -4.092331e-03 -1.187049e-02
      vertex   -1.361665e-02 -3.634621e-03 -1.663307e-02
      vertex   -1.157569e-02 -1.277429e-02 -1.704309e-02
    endloop
  endfacet
  facet normal -9.762113e-01 -2.157852e-01 -2.117144e-02
    outer loop
      vertex   -1.360697e-02 -4.092331e-03 -1.187049e-02
      vertex   -1.157569e-02 -1.277429e-02 -1.704309e-02
      vertex   -1.157007e-02 -1.326186e-02 -1.233296e-02
    endloop
  endfacet
  facet normal -8.937013e-01 -4.432564e-01 -6.943950e-02
    outer loop
      vertex   -9.883920e-03 -1.273413e-02 -4.211894e-02
      vertex   -1.155367e-02 -9.243211e-03 -4.291259e-02
      vertex   -1.153955e-02 -8.364391e-03 -4.870425e-02
    endloop
  endfacet
  facet normal -8.952223e-01 -4.405177e-01 -6.723981e-02
    outer loop
      vertex   -9.883920e-03 -1.273413e-02 -4.211894e-02
      vertex   -1.153955e-02 -8.364391e-03 -4.870425e-02
      vertex   -9.884175e-03 -1.186061e-02 -4.783839e-02
    endloop
  endfacet
  facet normal -8.953274e-01 -4.398299e-01 -7.027510e-02
    outer loop
      vertex   -1.153955e-02 -8.364391e-03 -4.870425e-02
      vertex   -1.153124e-02 -7.639711e-03 -5.334567e-02
      vertex   -9.884220e-03 -1.113948e-02 -5.242520e-02
    endloop
  endfacet
  facet normal -8.948905e-01 -4.408718e-01 -6.930376e-02
    outer loop
      vertex   -1.153955e-02 -8.364391e-03 -4.870425e-02
      vertex   -9.884220e-03 -1.113948e-02 -5.242520e-02
      vertex   -9.884175e-03 -1.186061e-02 -4.783839e-02
    endloop
  endfacet
  facet normal -9.513808e-01 3.077096e-01 1.376357e-02
    outer loop
      vertex   -1.296876e-02 4.968884e-03 -4.137620e-02
      vertex   -1.173909e-02 8.715465e-03 -4.013921e-02
      vertex   -1.178608e-02 8.831264e-03 -4.597641e-02
    endloop
  endfacet
  facet normal -9.488737e-01 3.149882e-01 2.051928e-02
    outer loop
      vertex   -1.296876e-02 4.968884e-03 -4.137620e-02
      vertex   -1.178608e-02 8.831264e-03 -4.597641e-02
      vertex   -1.294539e-02 5.417084e-03 -4.717574e-02
    endloop
  endfacet
  facet normal -3.356417e-01 9.416965e-01 2.350149e-02
    outer loop
      vertex   -2.290680e-03 1.392409e-02 -4.460196e-02
      vertex   -2.321490e-03 1.402578e-02 -4.911647e-02
      vertex   -7.678215e-03 1.213096e-02 -4.969517e-02
    endloop
  endfacet
  facet normal -3.200355e-01 9.473924e-01 4.988057e-03
    outer loop
      vertex   -2.290680e-03 1.392409e-02 -4.460196e-02
      vertex   -7.678215e-03 1.213096e-02 -4.969517e-02
      vertex   -7.632855e-03 1.212231e-02 -4.514085e-02
    endloop
  endfacet
  facet normal -4.488244e-01 8.932788e-01 -2.469068e-02
    outer loop
      vertex   -7.556730e-03 1.232325e-02 -3.925485e-02
      vertex   -7.632855e-03 1.212231e-02 -4.514085e-02
      vertex   -9.814530e-03 1.102801e-02 -4.507289e-02
    endloop
  endfacet
  facet normal -4.615665e-01 8.869163e-01 -1.832942e-02
    outer loop
      vertex   -7.556730e-03 1.232325e-02 -3.925485e-02
      vertex   -9.814530e-03 1.102801e-02 -4.507289e-02
      vertex   -9.738375e-03 1.118923e-02 -3.918953e-02
    endloop
  endfacet
  facet normal -4.413381e-01 8.973201e-01 6.101042e-03
    outer loop
      vertex   -7.632855e-03 1.212231e-02 -4.514085e-02
      vertex   -7.678215e-03 1.213096e-02 -4.969517e-02
      vertex   -9.862275e-03 1.105629e-02 -4.962642e-02
    endloop
  endfacet
  facet normal -4.480680e-01 8.939408e-01 1.024903e-02
    outer loop
      vertex   -7.632855e-03 1.212231e-02 -4.514085e-02
      vertex   -9.862275e-03 1.105629e-02 -4.962642e-02
      vertex   -9.814530e-03 1.102801e-02 -4.507289e-02
    endloop
  endfacet
  facet normal -3.805020e-01 -9.213321e-01 -7.978344e-02
    outer loop
      vertex   -2.230380e-03 -2.121084e-02 -7.353766e-03
      vertex   -8.117880e-03 -1.879718e-02 -7.147981e-03
      vertex   -8.123370e-03 -1.838684e-02 -1.186037e-02
    endloop
  endfacet
  facet normal -3.817761e-01 -9.209671e-01 -7.788863e-02
    outer loop
      vertex   -2.230380e-03 -2.121084e-02 -7.353766e-03
      vertex   -8.123370e-03 -1.838684e-02 -1.186037e-02
      vertex   -2.260800e-03 -2.080005e-02 -1.206191e-02
    endloop
  endfacet
  facet normal -9.460267e-01 3.232708e-01 2.301103e-02
    outer loop
      vertex   -1.178608e-02 8.831264e-03 -4.597641e-02
      vertex   -1.181325e-02 9.072854e-03 -5.048729e-02
      vertex   -1.292546e-02 5.902304e-03 -5.167059e-02
    endloop
  endfacet
  facet normal -9.495963e-01 3.120865e-01 2.947825e-02
    outer loop
      vertex   -1.178608e-02 8.831264e-03 -4.597641e-02
      vertex   -1.292546e-02 5.902304e-03 -5.167059e-02
      vertex   -1.294539e-02 5.417084e-03 -4.717574e-02
    endloop
  endfacet
  facet normal -9.969452e-01 7.807836e-02 2.016706e-03
    outer loop
      vertex   -1.339829e-02 -4.741660e-04 -4.297707e-02
      vertex   -1.296876e-02 4.968884e-03 -4.137620e-02
      vertex   -1.294539e-02 5.417084e-03 -4.717574e-02
    endloop
  endfacet
  facet normal -9.972309e-01 7.429334e-02 -3.324973e-03
    outer loop
      vertex   -1.339829e-02 -4.741660e-04 -4.297707e-02
      vertex   -1.294539e-02 5.417084e-03 -4.717574e-02
      vertex   -1.331964e-02 3.207591e-04 -4.880202e-02
    endloop
  endfacet
  facet normal -9.975459e-01 6.994573e-02 3.126471e-03
    outer loop
      vertex   -1.294539e-02 5.417084e-03 -4.717574e-02
      vertex   -1.292546e-02 5.902304e-03 -5.167059e-02
      vertex   -1.327424e-02 1.005749e-03 -5.340792e-02
    endloop
  endfacet
  facet normal -9.973375e-01 7.291712e-02 1.012231e-03
    outer loop
      vertex   -1.294539e-02 5.417084e-03 -4.717574e-02
      vertex   -1.327424e-02 1.005749e-03 -5.340792e-02
      vertex   -1.331964e-02 3.207591e-04 -4.880202e-02
    endloop
  endfacet
  facet normal -9.776871e-01 -2.059649e-01 -4.130767e-02
    outer loop
      vertex   -1.155367e-02 -9.243211e-03 -4.291259e-02
      vertex   -1.339829e-02 -4.741660e-04 -4.297707e-02
      vertex   -1.331964e-02 3.207591e-04 -4.880202e-02
    endloop
  endfacet
  facet normal -9.790324e-01 -2.010315e-01 -3.289278e-02
    outer loop
      vertex   -1.155367e-02 -9.243211e-03 -4.291259e-02
      vertex   -1.331964e-02 3.207591e-04 -4.880202e-02
      vertex   -1.153955e-02 -8.364391e-03 -4.870425e-02
    endloop
  endfacet
  facet normal -9.794734e-01 -1.977517e-01 -3.906559e-02
    outer loop
      vertex   -1.331964e-02 3.207591e-04 -4.880202e-02
      vertex   -1.327424e-02 1.005749e-03 -5.340792e-02
      vertex   -1.153124e-02 -7.639711e-03 -5.334567e-02
    endloop
  endfacet
  facet normal -9.790238e-01 -2.010325e-01 -3.314071e-02
    outer loop
      vertex   -1.331964e-02 3.207591e-04 -4.880202e-02
      vertex   -1.153124e-02 -7.639711e-03 -5.334567e-02
      vertex   -1.153955e-02 -8.364391e-03 -4.870425e-02
    endloop
  endfacet
  facet normal -9.794028e-01 -1.932431e-01 -5.854281e-02
    outer loop
      vertex   -1.151130e-02 -6.239851e-03 -6.225557e-02
      vertex   -1.323384e-02 2.466869e-03 -6.217788e-02
      vertex   -1.314138e-02 3.302069e-03 -6.648162e-02
    endloop
  endfacet
  facet normal -9.815281e-01 -1.865254e-01 -4.255531e-02
    outer loop
      vertex   -1.151130e-02 -6.239851e-03 -6.225557e-02
      vertex   -1.314138e-02 3.302069e-03 -6.648162e-02
      vertex   -1.145153e-02 -5.542441e-03 -6.669110e-02
    endloop
  endfacet
  facet normal -9.816330e-01 -1.766013e-01 -7.217053e-02
    outer loop
      vertex   -1.314138e-02 3.302069e-03 -6.648162e-02
      vertex   -1.299564e-02 4.121159e-03 -7.046823e-02
      vertex   -1.134565e-02 -4.864531e-03 -7.092264e-02
    endloop
  endfacet
  facet normal -9.810165e-01 -1.861479e-01 -5.436595e-02
    outer loop
      vertex   -1.314138e-02 3.302069e-03 -6.648162e-02
      vertex   -1.134565e-02 -4.864531e-03 -7.092264e-02
      vertex   -1.145153e-02 -5.542441e-03 -6.669110e-02
    endloop
  endfacet
  facet normal -9.976838e-01 6.800545e-02 1.496097e-03
    outer loop
      vertex   -1.323384e-02 2.466869e-03 -6.217788e-02
      vertex   -1.289458e-02 7.396694e-03 -6.002777e-02
      vertex   -1.282316e-02 8.532584e-03 -6.402777e-02
    endloop
  endfacet
  facet normal -9.978550e-01 6.486161e-02 -8.850452e-03
    outer loop
      vertex   -1.323384e-02 2.466869e-03 -6.217788e-02
      vertex   -1.282316e-02 8.532584e-03 -6.402777e-02
      vertex   -1.314138e-02 3.302069e-03 -6.648162e-02
    endloop
  endfacet
  facet normal -9.982213e-01 5.816034e-02 -1.310351e-02
    outer loop
      vertex   -1.282316e-02 8.532584e-03 -6.402777e-02
      vertex   -1.270117e-02 9.750929e-03 -6.791255e-02
      vertex   -1.299564e-02 4.121159e-03 -7.046823e-02
    endloop
  endfacet
  facet normal -9.972407e-01 7.093772e-02 -2.188169e-02
    outer loop
      vertex   -1.282316e-02 8.532584e-03 -6.402777e-02
      vertex   -1.299564e-02 4.121159e-03 -7.046823e-02
      vertex   -1.314138e-02 3.302069e-03 -6.648162e-02
    endloop
  endfacet
  facet normal -9.503477e-01 2.995528e-01 8.430546e-02
    outer loop
      vertex   -1.289458e-02 7.396694e-03 -6.002777e-02
      vertex   -1.181412e-02 1.045019e-02 -5.869769e-02
      vertex   -1.177062e-02 1.166283e-02 -6.251607e-02
    endloop
  endfacet
  facet normal -9.549229e-01 2.896079e-01 6.518861e-02
    outer loop
      vertex   -1.289458e-02 7.396694e-03 -6.002777e-02
      vertex   -1.177062e-02 1.166283e-02 -6.251607e-02
      vertex   -1.282316e-02 8.532584e-03 -6.402777e-02
    endloop
  endfacet
  facet normal -9.634674e-01 2.570947e-01 7.505259e-02
    outer loop
      vertex   -1.177062e-02 1.166283e-02 -6.251607e-02
      vertex   -1.168461e-02 1.307887e-02 -6.626264e-02
      vertex   -1.270117e-02 9.750929e-03 -6.791255e-02
    endloop
  endfacet
  facet normal -9.546455e-01 2.913460e-01 6.139658e-02
    outer loop
      vertex   -1.177062e-02 1.166283e-02 -6.251607e-02
      vertex   -1.270117e-02 9.750929e-03 -6.791255e-02
      vertex   -1.282316e-02 8.532584e-03 -6.402777e-02
    endloop
  endfacet
  facet normal -8.947320e-01 -4.391762e-01 -8.111057e-02
    outer loop
      vertex   -9.880095e-03 -9.752416e-03 -6.123050e-02
      vertex   -1.151130e-02 -6.239851e-03 -6.225557e-02
      vertex   -1.145153e-02 -5.542441e-03 -6.669110e-02
    endloop
  endfacet
  facet normal -9.013321e-01 -4.274116e-01 -7.014101e-02
    outer loop
      vertex   -9.880095e-03 -9.752416e-03 -6.123050e-02
      vertex   -1.145153e-02 -5.542441e-03 -6.669110e-02
      vertex   -9.862410e-03 -9.065221e-03 -6.564525e-02
    endloop
  endfacet
  facet normal -3.977763e-01 8.339085e-01 3.825841e-01
    outer loop
      vertex   -2.387070e-03 1.678390e-02 -6.080409e-02
      vertex   -2.401605e-03 1.838292e-02 -6.430454e-02
      vertex   -7.568580e-03 1.624482e-02 -6.501633e-02
    endloop
  endfacet
  facet normal -3.884994e-01 8.439500e-01 3.698873e-01
    outer loop
      vertex   -2.387070e-03 1.678390e-02 -6.080409e-02
      vertex   -7.568580e-03 1.624482e-02 -6.501633e-02
      vertex   -7.633965e-03 1.466247e-02 -6.147465e-02
    endloop
  endfacet
  facet normal -4.295455e-01 8.554985e-01 2.891591e-01
    outer loop
      vertex   -7.675755e-03 1.340589e-02 -5.781905e-02
      vertex   -7.633965e-03 1.466247e-02 -6.147465e-02
      vertex   -9.828420e-03 1.355636e-02 -6.146199e-02
    endloop
  endfacet
  facet normal -4.206011e-01 8.616073e-01 2.841260e-01
    outer loop
      vertex   -7.675755e-03 1.340589e-02 -5.781905e-02
      vertex   -9.828420e-03 1.355636e-02 -6.146199e-02
      vertex   -9.869325e-03 1.231886e-02 -5.776985e-02
    endloop
  endfacet
  facet normal -4.410966e-01 8.224020e-01 3.592891e-01
    outer loop
      vertex   -7.633965e-03 1.466247e-02 -6.147465e-02
      vertex   -7.568580e-03 1.624482e-02 -6.501633e-02
      vertex   -9.749370e-03 1.511232e-02 -6.510141e-02
    endloop
  endfacet
  facet normal -4.201984e-01 8.376393e-01 3.489896e-01
    outer loop
      vertex   -7.633965e-03 1.466247e-02 -6.147465e-02
      vertex   -9.749370e-03 1.511232e-02 -6.510141e-02
      vertex   -9.828420e-03 1.355636e-02 -6.146199e-02
    endloop
  endfacet
  facet normal -3.943045e-01 -9.080039e-01 -1.416083e-01
    outer loop
      vertex   -2.562675e-03 -1.383419e-02 -6.113327e-02
      vertex   -8.135985e-03 -1.143731e-02 -6.098352e-02
      vertex   -8.132970e-03 -1.075163e-02 -6.538855e-02
    endloop
  endfacet
  facet normal -3.959320e-01 -9.076632e-01 -1.392311e-01
    outer loop
      vertex   -2.562675e-03 -1.383419e-02 -6.113327e-02
      vertex   -8.132970e-03 -1.075163e-02 -6.538855e-02
      vertex   -2.589300e-03 -1.314738e-02 -6.553491e-02
    endloop
  endfacet
  facet normal -9.048502e-01 -4.162539e-01 -8.932418e-02
    outer loop
      vertex   -1.145153e-02 -5.542441e-03 -6.669110e-02
      vertex   -1.134565e-02 -4.864531e-03 -7.092264e-02
      vertex   -9.816975e-03 -8.374711e-03 -7.005054e-02
    endloop
  endfacet
  facet normal -9.001685e-01 -4.287723e-01 -7.649228e-02
    outer loop
      vertex   -1.145153e-02 -5.542441e-03 -6.669110e-02
      vertex   -9.816975e-03 -8.374711e-03 -7.005054e-02
      vertex   -9.862410e-03 -9.065221e-03 -6.564525e-02
    endloop
  endfacet
  facet normal -8.973394e-01 -4.410571e-01 1.582918e-02
    outer loop
      vertex   -9.658770e-03 -1.814097e-02 1.237005e-02
      vertex   -1.129770e-02 -1.481334e-02 1.218045e-02
      vertex   -1.147413e-02 -1.463783e-02 7.069289e-03
    endloop
  endfacet
  facet normal -8.971208e-01 -4.415151e-01 1.545162e-02
    outer loop
      vertex   -9.658770e-03 -1.814097e-02 1.237005e-02
      vertex   -1.147413e-02 -1.463783e-02 7.069289e-03
      vertex   -9.802905e-03 -1.802496e-02 7.316489e-03
    endloop
  endfacet
  facet normal -8.962927e-01 -4.431079e-01 -1.774218e-02
    outer loop
      vertex   -1.147413e-02 -1.463783e-02 7.069289e-03
      vertex   -1.151985e-02 -1.434855e-02 2.154389e-03
      vertex   -9.837825e-03 -1.776239e-02 2.442419e-03
    endloop
  endfacet
  facet normal -8.961375e-01 -4.434325e-01 -1.746811e-02
    outer loop
      vertex   -1.147413e-02 -1.463783e-02 7.069289e-03
      vertex   -9.837825e-03 -1.776239e-02 2.442419e-03
      vertex   -9.802905e-03 -1.802496e-02 7.316489e-03
    endloop
  endfacet
  facet normal -9.536030e-01 2.889899e-01 8.441631e-02
    outer loop
      vertex   -1.251511e-02 2.388141e-04 1.405824e-02
      vertex   -1.112212e-02 4.626344e-03 1.477383e-02
      vertex   -1.129467e-02 5.469960e-03 9.936659e-03
    endloop
  endfacet
  facet normal -9.544663e-01 2.869498e-01 8.157131e-02
    outer loop
      vertex   -1.251511e-02 2.388141e-04 1.405824e-02
      vertex   -1.129467e-02 5.469960e-03 9.936659e-03
      vertex   -1.273281e-02 9.269544e-04 9.090282e-03
    endloop
  endfacet
  facet normal -3.365632e-01 9.301395e-01 1.468528e-01
    outer loop
      vertex   -1.918605e-03 1.153682e-02 1.084005e-02
      vertex   -1.946775e-03 1.225914e-02 6.200414e-03
      vertex   -7.098030e-03 1.047354e-02 5.704229e-03
    endloop
  endfacet
  facet normal -3.337481e-01 9.316447e-01 1.437022e-01
    outer loop
      vertex   -1.918605e-03 1.153682e-02 1.084005e-02
      vertex   -7.098030e-03 1.047354e-02 5.704229e-03
      vertex   -7.047405e-03 9.775005e-03 1.035052e-02
    endloop
  endfacet
  facet normal -4.924881e-01 8.494629e-01 1.893894e-01
    outer loop
      vertex   -6.924225e-03 8.796704e-03 1.505878e-02
      vertex   -7.047405e-03 9.775005e-03 1.035052e-02
      vertex   -9.223680e-03 8.484464e-03 1.047976e-02
    endloop
  endfacet
  facet normal -4.872804e-01 8.530917e-01 1.865269e-01
    outer loop
      vertex   -6.924225e-03 8.796704e-03 1.505878e-02
      vertex   -9.223680e-03 8.484464e-03 1.047976e-02
      vertex   -9.076845e-03 7.534364e-03 1.520869e-02
    endloop
  endfacet
  facet normal -5.046193e-01 8.529220e-01 1.337286e-01
    outer loop
      vertex   -7.047405e-03 9.775005e-03 1.035052e-02
      vertex   -7.098030e-03 1.047354e-02 5.704229e-03
      vertex   -9.280860e-03 9.164204e-03 5.818364e-03
    endloop
  endfacet
  facet normal -4.999047e-01 8.561198e-01 1.309743e-01
    outer loop
      vertex   -7.047405e-03 9.775005e-03 1.035052e-02
      vertex   -9.280860e-03 9.164204e-03 5.818364e-03
      vertex   -9.223680e-03 8.484464e-03 1.047976e-02
    endloop
  endfacet
  facet normal -3.808354e-01 8.757546e-01 2.966788e-01
    outer loop
      vertex   -7.633965e-03 1.466247e-02 -6.147465e-02
      vertex   -7.675755e-03 1.340589e-02 -5.781905e-02
      vertex   -2.369175e-03 1.549239e-02 -5.716625e-02
    endloop
  endfacet
  facet normal -3.901653e-01 8.670786e-01 3.097510e-01
    outer loop
      vertex   -7.633965e-03 1.466247e-02 -6.147465e-02
      vertex   -2.369175e-03 1.549239e-02 -5.716625e-02
      vertex   -2.387070e-03 1.678390e-02 -6.080409e-02
    endloop
  endfacet
  facet normal -9.557836e-01 2.897589e-01 5.017388e-02
    outer loop
      vertex   -1.129467e-02 5.469960e-03 9.936659e-03
      vertex   -1.135784e-02 6.082455e-03 5.196179e-03
      vertex   -1.281186e-02 1.448819e-03 4.257509e-03
    endloop
  endfacet
  facet normal -9.548060e-01 2.934412e-01 4.730545e-02
    outer loop
      vertex   -1.129467e-02 5.469960e-03 9.936659e-03
      vertex   -1.281186e-02 1.448819e-03 4.257509e-03
      vertex   -1.273281e-02 9.269544e-04 9.090282e-03
    endloop
  endfacet
  facet normal -9.949239e-01 8.410818e-02 5.524738e-02
    outer loop
      vertex   -1.312758e-02 -6.131716e-03 1.272708e-02
      vertex   -1.251511e-02 2.388141e-04 1.405824e-02
      vertex   -1.273281e-02 9.269544e-04 9.090282e-03
    endloop
  endfacet
  facet normal -9.944302e-01 8.658164e-02 6.010171e-02
    outer loop
      vertex   -1.312758e-02 -6.131716e-03 1.272708e-02
      vertex   -1.273281e-02 9.269544e-04 9.090282e-03
      vertex   -1.339863e-02 -5.696686e-03 7.615649e-03
    endloop
  endfacet
  facet normal -9.952193e-01 9.402026e-02 2.643213e-02
    outer loop
      vertex   -1.273281e-02 9.269544e-04 9.090282e-03
      vertex   -1.281186e-02 1.448819e-03 4.257509e-03
      vertex   -1.349006e-02 -5.290201e-03 2.693129e-03
    endloop
  endfacet
  facet normal -9.952075e-01 9.419348e-02 2.626238e-02
    outer loop
      vertex   -1.273281e-02 9.269544e-04 9.090282e-03
      vertex   -1.349006e-02 -5.290201e-03 2.693129e-03
      vertex   -1.339863e-02 -5.696686e-03 7.615649e-03
    endloop
  endfacet
  facet normal -9.774951e-01 -2.081809e-01 3.411666e-02
    outer loop
      vertex   -1.129770e-02 -1.481334e-02 1.218045e-02
      vertex   -1.312758e-02 -6.131716e-03 1.272708e-02
      vertex   -1.339863e-02 -5.696686e-03 7.615649e-03
    endloop
  endfacet
  facet normal -9.769351e-01 -2.118926e-01 2.644611e-02
    outer loop
      vertex   -1.129770e-02 -1.481334e-02 1.218045e-02
      vertex   -1.339863e-02 -5.696686e-03 7.615649e-03
      vertex   -1.147413e-02 -1.463783e-02 7.069289e-03
    endloop
  endfacet
  facet normal -9.771464e-01 -2.125665e-01 5.957248e-04
    outer loop
      vertex   -1.339863e-02 -5.696686e-03 7.615649e-03
      vertex   -1.349006e-02 -5.290201e-03 2.693129e-03
      vertex   -1.151985e-02 -1.434855e-02 2.154389e-03
    endloop
  endfacet
  facet normal -9.776466e-01 -2.102293e-01 -3.278922e-03
    outer loop
      vertex   -1.339863e-02 -5.696686e-03 7.615649e-03
      vertex   -1.151985e-02 -1.434855e-02 2.154389e-03
      vertex   -1.147413e-02 -1.463783e-02 7.069289e-03
    endloop
  endfacet
  facet normal -9.038325e-01 -4.159241e-01 1.004690e-01
    outer loop
      vertex   -7.985505e-03 -1.718831e-02 3.411144e-02
      vertex   -9.231960e-03 -1.443290e-02 3.430507e-02
      vertex   -9.783225e-03 -1.454676e-02 2.887444e-02
    endloop
  endfacet
  facet normal -9.006673e-01 -4.239183e-01 9.535016e-02
    outer loop
      vertex   -7.985505e-03 -1.718831e-02 3.411144e-02
      vertex   -9.783225e-03 -1.454676e-02 2.887444e-02
      vertex   -8.427960e-03 -1.744703e-02 2.878180e-02
    endloop
  endfacet
  facet normal -8.967325e-01 -4.306137e-01 1.021899e-01
    outer loop
      vertex   -9.783225e-03 -1.454676e-02 2.887444e-02
      vertex   -1.036209e-02 -1.467629e-02 2.324901e-02
      vertex   -8.890815e-03 -1.773891e-02 2.325421e-02
    endloop
  endfacet
  facet normal -9.004237e-01 -4.238821e-01 9.778047e-02
    outer loop
      vertex   -9.783225e-03 -1.454676e-02 2.887444e-02
      vertex   -8.890815e-03 -1.773891e-02 2.325421e-02
      vertex   -8.427960e-03 -1.744703e-02 2.878180e-02
    endloop
  endfacet
  facet normal -9.539890e-01 2.631240e-01 1.437732e-01
    outer loop
      vertex   -1.018143e-02 -3.429646e-03 3.528645e-02
      vertex   -9.212730e-03 1.011441e-04 3.525232e-02
      vertex   -9.736485e-03 9.949044e-04 3.014131e-02
    endloop
  endfacet
  facet normal -9.508205e-01 2.706912e-01 1.505546e-01
    outer loop
      vertex   -1.018143e-02 -3.429646e-03 3.528645e-02
      vertex   -9.736485e-03 9.949044e-04 3.014131e-02
      vertex   -1.080613e-02 -2.688151e-03 3.000798e-02
    endloop
  endfacet
  facet normal -3.648984e-01 8.987488e-01 2.431044e-01
    outer loop
      vertex   -1.812465e-03 6.314294e-03 3.034958e-02
      vertex   -1.839720e-03 7.659254e-03 2.533639e-02
      vertex   -6.342480e-03 5.960069e-03 2.485961e-02
    endloop
  endfacet
  facet normal -3.890547e-01 8.825515e-01 2.640819e-01
    outer loop
      vertex   -1.812465e-03 6.314294e-03 3.034958e-02
      vertex   -6.342480e-03 5.960069e-03 2.485961e-02
      vertex   -5.990400e-03 4.616489e-03 2.986849e-02
    endloop
  endfacet
  facet normal -4.831049e-01 8.505110e-01 2.079440e-01
    outer loop
      vertex   -5.641800e-03 3.604094e-03 3.481917e-02
      vertex   -5.990400e-03 4.616489e-03 2.986849e-02
      vertex   -7.943685e-03 3.449624e-03 3.010313e-02
    endloop
  endfacet
  facet normal -4.893072e-01 8.461735e-01 2.111134e-01
    outer loop
      vertex   -5.641800e-03 3.604094e-03 3.481917e-02
      vertex   -7.943685e-03 3.449624e-03 3.010313e-02
      vertex   -7.522560e-03 2.453099e-03 3.507340e-02
    endloop
  endfacet
  facet normal -4.690320e-01 8.442211e-01 2.594219e-01
    outer loop
      vertex   -5.990400e-03 4.616489e-03 2.986849e-02
      vertex   -6.342480e-03 5.960069e-03 2.485961e-02
      vertex   -8.371935e-03 4.768724e-03 2.506729e-02
    endloop
  endfacet
  facet normal -4.718285e-01 8.422524e-01 2.607466e-01
    outer loop
      vertex   -5.990400e-03 4.616489e-03 2.986849e-02
      vertex   -8.371935e-03 4.768724e-03 2.506729e-02
      vertex   -7.943685e-03 3.449624e-03 3.010313e-02
    endloop
  endfacet
  facet normal -3.769187e-01 -9.262011e-01 -9.151748e-03
    outer loop
      vertex   -2.100105e-03 -2.215118e-02 1.214334e-02
      vertex   -7.936515e-03 -1.977818e-02 1.235935e-02
      vertex   -8.060835e-03 -1.967783e-02 7.323614e-03
    endloop
  endfacet
  facet normal -3.762900e-01 -9.264474e-01 -1.005568e-02
    outer loop
      vertex   -2.100105e-03 -2.215118e-02 1.214334e-02
      vertex   -8.060835e-03 -1.967783e-02 7.323614e-03
      vertex   -2.134740e-03 -2.208245e-02 7.107164e-03
    endloop
  endfacet
  facet normal -9.476758e-01 2.760042e-01 1.604126e-01
    outer loop
      vertex   -9.736485e-03 9.949044e-04 3.014131e-02
      vertex   -1.027115e-02 2.177655e-03 2.494765e-02
      vertex   -1.146029e-02 -1.716781e-03 2.462325e-02
    endloop
  endfacet
  facet normal -9.489042e-01 2.696509e-01 1.639185e-01
    outer loop
      vertex   -9.736485e-03 9.949044e-04 3.014131e-02
      vertex   -1.146029e-02 -1.716781e-03 2.462325e-02
      vertex   -1.080613e-02 -2.688151e-03 3.000798e-02
    endloop
  endfacet
  facet normal -9.924438e-01 2.251090e-02 1.206175e-01
    outer loop
      vertex   -1.034151e-02 -8.030281e-03 3.482793e-02
      vertex   -1.018143e-02 -3.429646e-03 3.528645e-02
      vertex   -1.080613e-02 -2.688151e-03 3.000798e-02
    endloop
  endfacet
  facet normal -9.909130e-01 3.174526e-02 1.307047e-01
    outer loop
      vertex   -1.034151e-02 -8.030281e-03 3.482793e-02
      vertex   -1.080613e-02 -2.688151e-03 3.000798e-02
      vertex   -1.104740e-02 -7.616626e-03 2.937593e-02
    endloop
  endfacet
  facet normal -9.906589e-01 4.548695e-02 1.285532e-01
    outer loop
      vertex   -1.080613e-02 -2.688151e-03 3.000798e-02
      vertex   -1.146029e-02 -1.716781e-03 2.462325e-02
      vertex   -1.181861e-02 -7.103836e-03 2.376810e-02
    endloop
  endfacet
  facet normal -9.898286e-01 3.063775e-02 1.389266e-01
    outer loop
      vertex   -1.080613e-02 -2.688151e-03 3.000798e-02
      vertex   -1.181861e-02 -7.103836e-03 2.376810e-02
      vertex   -1.104740e-02 -7.616626e-03 2.937593e-02
    endloop
  endfacet
  facet normal -9.774101e-01 -1.786092e-01 1.129965e-01
    outer loop
      vertex   -9.231960e-03 -1.443290e-02 3.430507e-02
      vertex   -1.034151e-02 -8.030281e-03 3.482793e-02
      vertex   -1.104740e-02 -7.616626e-03 2.937593e-02
    endloop
  endfacet
  facet normal -9.771813e-01 -1.857136e-01 1.030878e-01
    outer loop
      vertex   -9.231960e-03 -1.443290e-02 3.430507e-02
      vertex   -1.104740e-02 -7.616626e-03 2.937593e-02
      vertex   -9.783225e-03 -1.454676e-02 2.887444e-02
    endloop
  endfacet
  facet normal -9.738562e-01 -1.952721e-01 1.160724e-01
    outer loop
      vertex   -1.104740e-02 -7.616626e-03 2.937593e-02
      vertex   -1.181861e-02 -7.103836e-03 2.376810e-02
      vertex   -1.036209e-02 -1.467629e-02 2.324901e-02
    endloop
  endfacet
  facet normal -9.769813e-01 -1.858018e-01 1.048108e-01
    outer loop
      vertex   -1.104740e-02 -7.616626e-03 2.937593e-02
      vertex   -1.036209e-02 -1.467629e-02 2.324901e-02
      vertex   -9.783225e-03 -1.454676e-02 2.887444e-02
    endloop
  endfacet
  facet normal -9.014916e-01 -3.757706e-01 2.147306e-01
    outer loop
      vertex   -6.067800e-03 -1.635035e-02 5.018706e-02
      vertex   -7.022970e-03 -1.393163e-02 5.040969e-02
      vertex   -7.645800e-03 -1.412105e-02 4.746342e-02
    endloop
  endfacet
  facet normal -8.988425e-01 -3.885708e-01 2.027188e-01
    outer loop
      vertex   -6.067800e-03 -1.635035e-02 5.018706e-02
      vertex   -7.645800e-03 -1.412105e-02 4.746342e-02
      vertex   -6.637320e-03 -1.661817e-02 4.714848e-02
    endloop
  endfacet
  facet normal -9.013469e-01 -4.034875e-01 1.573899e-01
    outer loop
      vertex   -7.645800e-03 -1.412105e-02 4.746342e-02
      vertex   -8.233425e-03 -1.424142e-02 4.378959e-02
      vertex   -7.145160e-03 -1.680891e-02 4.343985e-02
    endloop
  endfacet
  facet normal -9.110248e-01 -3.861622e-01 1.446119e-01
    outer loop
      vertex   -7.645800e-03 -1.412105e-02 4.746342e-02
      vertex   -7.145160e-03 -1.680891e-02 4.343985e-02
      vertex   -6.637320e-03 -1.661817e-02 4.714848e-02
    endloop
  endfacet
  facet normal -9.451108e-01 2.326471e-01 2.294362e-01
    outer loop
      vertex   -7.705260e-03 -4.226746e-03 5.109289e-02
      vertex   -6.942075e-03 -1.077210e-03 5.104305e-02
      vertex   -7.597740e-03 -8.534555e-04 4.811530e-02
    endloop
  endfacet
  facet normal -9.410522e-01 2.402141e-01 2.381554e-01
    outer loop
      vertex   -7.705260e-03 -4.226746e-03 5.109289e-02
      vertex   -7.597740e-03 -8.534555e-04 4.811530e-02
      vertex   -8.391750e-03 -4.121881e-03 4.827451e-02
    endloop
  endfacet
  facet normal -6.104794e-01 7.841985e-01 1.111199e-01
    outer loop
      vertex   -4.550160e-03 2.245169e-03 5.066467e-02
      vertex   -4.776750e-03 2.502360e-03 4.760477e-02
      vertex   -6.248460e-03 1.323539e-03 4.783857e-02
    endloop
  endfacet
  facet normal -6.779976e-01 7.140326e-01 1.745758e-01
    outer loop
      vertex   -4.550160e-03 2.245169e-03 5.066467e-02
      vertex   -6.248460e-03 1.323539e-03 4.783857e-02
      vertex   -5.769180e-03 1.037955e-03 5.086801e-02
    endloop
  endfacet
  facet normal -5.527642e-01 8.289919e-01 8.499482e-02
    outer loop
      vertex   -4.776750e-03 2.502360e-03 4.760477e-02
      vertex   -5.020575e-03 2.719934e-03 4.389695e-02
      vertex   -6.705270e-03 1.570305e-03 4.415337e-02
    endloop
  endfacet
  facet normal -6.075898e-01 7.839006e-01 1.278065e-01
    outer loop
      vertex   -4.776750e-03 2.502360e-03 4.760477e-02
      vertex   -6.705270e-03 1.570305e-03 4.415337e-02
      vertex   -6.248460e-03 1.323539e-03 4.783857e-02
    endloop
  endfacet
  facet normal -3.932896e-01 -9.160016e-01 7.914781e-02
    outer loop
      vertex   -1.940790e-03 -2.064693e-02 3.382869e-02
      vertex   -6.528735e-03 -1.866326e-02 3.398862e-02
      vertex   -6.896250e-03 -1.896381e-02 2.868400e-02
    endloop
  endfacet
  facet normal -3.875653e-01 -9.189741e-01 7.266156e-02
    outer loop
      vertex   -1.940790e-03 -2.064693e-02 3.382869e-02
      vertex   -6.896250e-03 -1.896381e-02 2.868400e-02
      vertex   -1.980150e-03 -2.105186e-02 2.849752e-02
    endloop
  endfacet
  facet normal -9.520062e-01 2.520352e-01 1.736734e-01
    outer loop
      vertex   -7.597740e-03 -8.534555e-04 4.811530e-02
      vertex   -8.207190e-03 -6.550656e-04 4.448664e-02
      vertex   -9.054855e-03 -4.008736e-03 4.470695e-02
    endloop
  endfacet
  facet normal -9.529076e-01 2.404924e-01 1.847445e-01
    outer loop
      vertex   -7.597740e-03 -8.534555e-04 4.811530e-02
      vertex   -9.054855e-03 -4.008736e-03 4.470695e-02
      vertex   -8.391750e-03 -4.121881e-03 4.827451e-02
    endloop
  endfacet
  facet normal -9.712402e-01 1.954828e-02 2.372980e-01
    outer loop
      vertex   -7.843830e-03 -8.360116e-03 5.086624e-02
      vertex   -7.705260e-03 -4.226746e-03 5.109289e-02
      vertex   -8.391750e-03 -4.121881e-03 4.827451e-02
    endloop
  endfacet
  facet normal -9.746036e-01 1.078430e-02 2.236774e-01
    outer loop
      vertex   -7.843830e-03 -8.360116e-03 5.086624e-02
      vertex   -8.391750e-03 -4.121881e-03 4.827451e-02
      vertex   -8.492010e-03 -8.373151e-03 4.804263e-02
    endloop
  endfacet
  facet normal -9.830331e-01 1.135206e-02 1.830767e-01
    outer loop
      vertex   -8.391750e-03 -4.121881e-03 4.827451e-02
      vertex   -9.054855e-03 -4.008736e-03 4.470695e-02
      vertex   -9.155085e-03 -8.342791e-03 4.443750e-02
    endloop
  endfacet
  facet normal -9.833959e-01 1.332036e-02 1.809837e-01
    outer loop
      vertex   -8.391750e-03 -4.121881e-03 4.827451e-02
      vertex   -9.155085e-03 -8.342791e-03 4.443750e-02
      vertex   -8.492010e-03 -8.373151e-03 4.804263e-02
    endloop
  endfacet
  facet normal -9.619505e-01 -1.598813e-01 2.215607e-01
    outer loop
      vertex   -7.022970e-03 -1.393163e-02 5.040969e-02
      vertex   -7.843830e-03 -8.360116e-03 5.086624e-02
      vertex   -8.492010e-03 -8.373151e-03 4.804263e-02
    endloop
  endfacet
  facet normal -9.630580e-01 -1.633558e-01 2.140891e-01
    outer loop
      vertex   -7.022970e-03 -1.393163e-02 5.040969e-02
      vertex   -8.492010e-03 -8.373151e-03 4.804263e-02
      vertex   -7.645800e-03 -1.412105e-02 4.746342e-02
    endloop
  endfacet
  facet normal -9.692933e-01 -1.708760e-01 1.768387e-01
    outer loop
      vertex   -8.492010e-03 -8.373151e-03 4.804263e-02
      vertex   -9.155085e-03 -8.342791e-03 4.443750e-02
      vertex   -8.233425e-03 -1.424142e-02 4.378959e-02
    endloop
  endfacet
  facet normal -9.739602e-01 -1.596124e-01 1.610136e-01
    outer loop
      vertex   -8.492010e-03 -8.373151e-03 4.804263e-02
      vertex   -8.233425e-03 -1.424142e-02 4.378959e-02
      vertex   -7.645800e-03 -1.412105e-02 4.746342e-02
    endloop
  endfacet
  facet normal -7.406511e-01 -6.428248e-01 1.954794e-01
    outer loop
      vertex   -6.067800e-03 -1.635035e-02 5.018706e-02
      vertex   -6.637320e-03 -1.661817e-02 4.714848e-02
      vertex   -5.437710e-03 -1.804310e-02 4.700787e-02
    endloop
  endfacet
  facet normal -7.773212e-01 -6.060778e-01 1.686459e-01
    outer loop
      vertex   -6.067800e-03 -1.635035e-02 5.018706e-02
      vertex   -5.437710e-03 -1.804310e-02 4.700787e-02
      vertex   -4.982310e-03 -1.777754e-02 5.006127e-02
    endloop
  endfacet
  facet normal -4.148064e-01 -9.053787e-01 9.069209e-02
    outer loop
      vertex   -5.437710e-03 -1.804310e-02 4.700787e-02
      vertex   -5.838045e-03 -1.823165e-02 4.329455e-02
      vertex   -1.852905e-03 -2.006571e-02 4.321227e-02
    endloop
  endfacet
  facet normal -4.457508e-01 -8.934588e-01 5.511430e-02
    outer loop
      vertex   -5.437710e-03 -1.804310e-02 4.700787e-02
      vertex   -1.852905e-03 -2.006571e-02 4.321227e-02
      vertex   -1.777275e-03 -1.987470e-02 4.692041e-02
    endloop
  endfacet
  facet normal -5.280503e-01 8.491425e-01 1.095405e-02
    outer loop
      vertex   -1.612755e-03 4.425269e-03 5.106692e-02
      vertex   -1.667865e-03 4.429214e-03 4.810447e-02
      vertex   -4.776750e-03 2.502360e-03 4.760477e-02
    endloop
  endfacet
  facet normal -6.020509e-01 7.906986e-01 1.110421e-01
    outer loop
      vertex   -1.612755e-03 4.425269e-03 5.106692e-02
      vertex   -4.776750e-03 2.502360e-03 4.760477e-02
      vertex   -4.550160e-03 2.245169e-03 5.066467e-02
    endloop
  endfacet
  facet normal -7.229200e-01 -6.778418e-01 1.338553e-01
    outer loop
      vertex   -6.637320e-03 -1.661817e-02 4.714848e-02
      vertex   -7.145160e-03 -1.680891e-02 4.343985e-02
      vertex   -5.838045e-03 -1.823165e-02 4.329455e-02
    endloop
  endfacet
  facet normal -7.544188e-01 -6.463906e-01 1.141554e-01
    outer loop
      vertex   -6.637320e-03 -1.661817e-02 4.714848e-02
      vertex   -5.838045e-03 -1.823165e-02 4.329455e-02
      vertex   -5.437710e-03 -1.804310e-02 4.700787e-02
    endloop
  endfacet
  facet normal -1.532471e-03 -9.986732e-01 5.147384e-02
    outer loop
      vertex   -1.777275e-03 -1.987470e-02 4.692041e-02
      vertex   -1.852905e-03 -2.006571e-02 4.321227e-02
      vertex   -1.110223e-18 -2.006804e-02 4.322233e-02
    endloop
  endfacet
  facet normal -5.331903e-04 -9.986494e-01 5.195285e-02
    outer loop
      vertex   -1.777275e-03 -1.987470e-02 4.692041e-02
      vertex   -1.110223e-18 -2.006804e-02 4.322233e-02
      vertex   -1.110223e-18 -1.987571e-02 4.691934e-02
    endloop
  endfacet
  facet normal -2.076082e-03 -9.971246e-01 7.575136e-02
    outer loop
      vertex   -1.110223e-18 -2.064984e-02 3.384354e-02
      vertex   -1.940790e-03 -2.064693e-02 3.382869e-02
      vertex   -1.980150e-03 -2.105186e-02 2.849752e-02
    endloop
  endfacet
  facet normal -2.496109e-03 -9.971119e-01 7.590598e-02
    outer loop
      vertex   -1.110223e-18 -2.064984e-02 3.384354e-02
      vertex   -1.980150e-03 -2.105186e-02 2.849752e-02
      vertex   -1.110223e-18 -2.105532e-02 2.851713e-02
    endloop
  endfacet
  facet normal -6.976407e-01 -7.104637e-01 9.240527e-02
    outer loop
      vertex   -7.985505e-03 -1.718831e-02 3.411144e-02
      vertex   -8.427960e-03 -1.744703e-02 2.878180e-02
      vertex   -6.896250e-03 -1.896381e-02 2.868400e-02
    endloop
  endfacet
  facet normal -7.049699e-01 -7.036674e-01 8.871102e-02
    outer loop
      vertex   -7.985505e-03 -1.718831e-02 3.411144e-02
      vertex   -6.896250e-03 -1.896381e-02 2.868400e-02
      vertex   -6.528735e-03 -1.866326e-02 3.398862e-02
    endloop
  endfacet
  facet normal -3.812439e-01 -9.207199e-01 8.323444e-02
    outer loop
      vertex   -6.896250e-03 -1.896381e-02 2.868400e-02
      vertex   -7.282755e-03 -1.930076e-02 2.318646e-02
      vertex   -2.020995e-03 -2.149755e-02 2.298679e-02
    endloop
  endfacet
  facet normal -3.872875e-01 -9.187233e-01 7.717476e-02
    outer loop
      vertex   -6.896250e-03 -1.896381e-02 2.868400e-02
      vertex   -2.020995e-03 -2.149755e-02 2.298679e-02
      vertex   -1.980150e-03 -2.105186e-02 2.849752e-02
    endloop
  endfacet
  facet normal -4.173121e-01 8.841227e-01 2.101847e-01
    outer loop
      vertex   -5.990400e-03 4.616489e-03 2.986849e-02
      vertex   -5.641800e-03 3.604094e-03 3.481917e-02
      vertex   -1.783575e-03 5.305304e-03 3.532351e-02
    endloop
  endfacet
  facet normal -3.881961e-01 9.027392e-01 1.853802e-01
    outer loop
      vertex   -5.990400e-03 4.616489e-03 2.986849e-02
      vertex   -1.783575e-03 5.305304e-03 3.532351e-02
      vertex   -1.812465e-03 6.314294e-03 3.034958e-02
    endloop
  endfacet
  facet normal -6.914471e-01 -7.160590e-01 9.571017e-02
    outer loop
      vertex   -8.427960e-03 -1.744703e-02 2.878180e-02
      vertex   -8.890815e-03 -1.773891e-02 2.325421e-02
      vertex   -7.282755e-03 -1.930076e-02 2.318646e-02
    endloop
  endfacet
  facet normal -6.976226e-01 -7.104574e-01 9.259042e-02
    outer loop
      vertex   -8.427960e-03 -1.744703e-02 2.878180e-02
      vertex   -7.282755e-03 -1.930076e-02 2.318646e-02
      vertex   -6.896250e-03 -1.896381e-02 2.868400e-02
    endloop
  endfacet
  facet normal -3.222155e-03 -9.967383e-01 8.063778e-02
    outer loop
      vertex   -1.980150e-03 -2.105186e-02 2.849752e-02
      vertex   -2.020995e-03 -2.149755e-02 2.298679e-02
      vertex   -1.110223e-18 -2.150190e-02 2.301378e-02
    endloop
  endfacet
  facet normal -2.544681e-03 -9.967205e-01 8.088095e-02
    outer loop
      vertex   -1.980150e-03 -2.105186e-02 2.849752e-02
      vertex   -1.110223e-18 -2.150190e-02 2.301378e-02
      vertex   -1.110223e-18 -2.105532e-02 2.851713e-02
    endloop
  endfacet
  facet normal -2.516297e-03 -9.999040e-01 -1.362869e-02
    outer loop
      vertex   -1.110223e-18 -2.215700e-02 1.218258e-02
      vertex   -2.100105e-03 -2.215118e-02 1.214334e-02
      vertex   -2.134740e-03 -2.208245e-02 7.107164e-03
    endloop
  endfacet
  facet normal -2.512709e-03 -9.999039e-01 -1.363020e-02
    outer loop
      vertex   -1.110223e-18 -2.215700e-02 1.218258e-02
      vertex   -2.134740e-03 -2.208245e-02 7.107164e-03
      vertex   -1.110223e-18 -2.208836e-02 7.147229e-03
    endloop
  endfacet
  facet normal -6.882928e-01 -7.254268e-01 2.978033e-03
    outer loop
      vertex   -9.658770e-03 -1.814097e-02 1.237005e-02
      vertex   -9.802905e-03 -1.802496e-02 7.316489e-03
      vertex   -8.060835e-03 -1.967783e-02 7.323614e-03
    endloop
  endfacet
  facet normal -6.889738e-01 -7.247817e-01 2.565952e-03
    outer loop
      vertex   -9.658770e-03 -1.814097e-02 1.237005e-02
      vertex   -8.060835e-03 -1.967783e-02 7.323614e-03
      vertex   -7.936515e-03 -1.977818e-02 1.235935e-02
    endloop
  endfacet
  facet normal -3.779348e-01 -9.246661e-01 -4.645365e-02
    outer loop
      vertex   -8.060835e-03 -1.967783e-02 7.323614e-03
      vertex   -8.091780e-03 -1.942095e-02 2.462249e-03
      vertex   -2.167110e-03 -2.183180e-02 2.248874e-03
    endloop
  endfacet
  facet normal -3.770267e-01 -9.250980e-01 -4.521573e-02
    outer loop
      vertex   -8.060835e-03 -1.967783e-02 7.323614e-03
      vertex   -2.167110e-03 -2.183180e-02 2.248874e-03
      vertex   -2.134740e-03 -2.208245e-02 7.107164e-03
    endloop
  endfacet
  facet normal -3.364226e-01 9.202260e-01 2.000098e-01
    outer loop
      vertex   -7.047405e-03 9.775005e-03 1.035052e-02
      vertex   -6.924225e-03 8.796704e-03 1.505878e-02
      vertex   -1.891590e-03 1.053162e-02 1.554165e-02
    endloop
  endfacet
  facet normal -3.353138e-01 9.208901e-01 1.988117e-01
    outer loop
      vertex   -7.047405e-03 9.775005e-03 1.035052e-02
      vertex   -1.891590e-03 1.053162e-02 1.554165e-02
      vertex   -1.918605e-03 1.153682e-02 1.084005e-02
    endloop
  endfacet
  facet normal -6.881061e-01 -7.248076e-01 -3.411675e-02
    outer loop
      vertex   -9.802905e-03 -1.802496e-02 7.316489e-03
      vertex   -9.837825e-03 -1.776239e-02 2.442419e-03
      vertex   -8.091780e-03 -1.942095e-02 2.462249e-03
    endloop
  endfacet
  facet normal -6.878200e-01 -7.250876e-01 -3.393538e-02
    outer loop
      vertex   -9.802905e-03 -1.802496e-02 7.316489e-03
      vertex   -8.091780e-03 -1.942095e-02 2.462249e-03
      vertex   -8.060835e-03 -1.967783e-02 7.323614e-03
    endloop
  endfacet
  facet normal -1.740094e-03 -9.986709e-01 -5.151198e-02
    outer loop
      vertex   -2.134740e-03 -2.208245e-02 7.107164e-03
      vertex   -2.167110e-03 -2.183180e-02 2.248874e-03
      vertex   -1.110223e-18 -2.183756e-02 2.287334e-03
    endloop
  endfacet
  facet normal -1.797847e-03 -9.986694e-01 -5.153749e-02
    outer loop
      vertex   -2.134740e-03 -2.208245e-02 7.107164e-03
      vertex   -1.110223e-18 -2.183756e-02 2.287334e-03
      vertex   -1.110223e-18 -2.208836e-02 7.147229e-03
    endloop
  endfacet
  facet normal -6.072422e-04 -9.880450e-01 -1.541646e-01
    outer loop
      vertex   -1.110223e-18 -1.383569e-02 -6.113375e-02
      vertex   -2.562675e-03 -1.383419e-02 -6.113327e-02
      vertex   -2.589300e-03 -1.314738e-02 -6.553491e-02
    endloop
  endfacet
  facet normal -6.036600e-04 -9.880447e-01 -1.541667e-01
    outer loop
      vertex   -1.110223e-18 -1.383569e-02 -6.113375e-02
      vertex   -2.589300e-03 -1.314738e-02 -6.553491e-02
      vertex   -1.110223e-18 -1.314888e-02 -6.553544e-02
    endloop
  endfacet
  facet normal -6.847452e-01 -7.196889e-01 -1.147689e-01
    outer loop
      vertex   -9.880095e-03 -9.752416e-03 -6.123050e-02
      vertex   -9.862410e-03 -9.065221e-03 -6.564525e-02
      vertex   -8.132970e-03 -1.075163e-02 -6.538855e-02
    endloop
  endfacet
  facet normal -6.820272e-01 -7.225537e-01 -1.129384e-01
    outer loop
      vertex   -9.880095e-03 -9.752416e-03 -6.123050e-02
      vertex   -8.132970e-03 -1.075163e-02 -6.538855e-02
      vertex   -8.135985e-03 -1.143731e-02 -6.098352e-02
    endloop
  endfacet
  facet normal -3.985463e-01 -9.059633e-01 -1.427981e-01
    outer loop
      vertex   -8.132970e-03 -1.075163e-02 -6.538855e-02
      vertex   -8.116005e-03 -1.005668e-02 -6.984492e-02
      vertex   -2.615760e-03 -1.245225e-02 -6.999758e-02
    endloop
  endfacet
  facet normal -3.959385e-01 -9.076898e-01 -1.390393e-01
    outer loop
      vertex   -8.132970e-03 -1.075163e-02 -6.538855e-02
      vertex   -2.615760e-03 -1.245225e-02 -6.999758e-02
      vertex   -2.589300e-03 -1.314738e-02 -6.553491e-02
    endloop
  endfacet
  facet normal -3.891585e-01 -9.105657e-01 -1.393762e-01
    outer loop
      vertex   -2.447355e-03 -1.681880e-02 -4.212375e-02
      vertex   -8.132310e-03 -1.441530e-02 -4.195293e-02
      vertex   -8.133600e-03 -1.354287e-02 -4.764905e-02
    endloop
  endfacet
  facet normal -3.907578e-01 -9.101669e-01 -1.374938e-01
    outer loop
      vertex   -2.447355e-03 -1.681880e-02 -4.212375e-02
      vertex   -8.133600e-03 -1.354287e-02 -4.764905e-02
      vertex   -2.481975e-03 -1.594439e-02 -4.781369e-02
    endloop
  endfacet
  facet normal -6.908294e-01 -7.131723e-01 -1.189117e-01
    outer loop
      vertex   -9.862410e-03 -9.065221e-03 -6.564525e-02
      vertex   -9.816975e-03 -8.374711e-03 -7.005054e-02
      vertex   -8.116005e-03 -1.005668e-02 -6.984492e-02
    endloop
  endfacet
  facet normal -6.847342e-01 -7.196882e-01 -1.148388e-01
    outer loop
      vertex   -9.862410e-03 -9.065221e-03 -6.564525e-02
      vertex   -8.116005e-03 -1.005668e-02 -6.984492e-02
      vertex   -8.132970e-03 -1.075163e-02 -6.538855e-02
    endloop
  endfacet
  facet normal -6.012246e-04 -9.880853e-01 -1.539062e-01
    outer loop
      vertex   -2.589300e-03 -1.314738e-02 -6.553491e-02
      vertex   -2.615760e-03 -1.245225e-02 -6.999758e-02
      vertex   -1.110223e-18 -1.245377e-02 -6.999807e-02
    endloop
  endfacet
  facet normal -6.036308e-04 -9.880851e-01 -1.539076e-01
    outer loop
      vertex   -2.589300e-03 -1.314738e-02 -6.553491e-02
      vertex   -1.110223e-18 -1.245377e-02 -6.999807e-02
      vertex   -1.110223e-18 -1.314888e-02 -6.553544e-02
    endloop
  endfacet
  facet normal -6.115057e-04 -9.883972e-01 -1.518898e-01
    outer loop
      vertex   -1.110223e-18 -1.682024e-02 -4.212423e-02
      vertex   -2.447355e-03 -1.681880e-02 -4.212375e-02
      vertex   -2.481975e-03 -1.594439e-02 -4.781369e-02
    endloop
  endfacet
  facet normal -6.038314e-04 -9.883967e-01 -1.518931e-01
    outer loop
      vertex   -1.110223e-18 -1.682024e-02 -4.212423e-02
      vertex   -2.481975e-03 -1.594439e-02 -4.781369e-02
      vertex   -1.110223e-18 -1.594583e-02 -4.781418e-02
    endloop
  endfacet
  facet normal -6.824393e-01 -7.225681e-01 -1.103265e-01
    outer loop
      vertex   -9.883920e-03 -1.273413e-02 -4.211894e-02
      vertex   -9.884175e-03 -1.186061e-02 -4.783839e-02
      vertex   -8.133600e-03 -1.354287e-02 -4.764905e-02
    endloop
  endfacet
  facet normal -6.827439e-01 -7.222586e-01 -1.104682e-01
    outer loop
      vertex   -9.883920e-03 -1.273413e-02 -4.211894e-02
      vertex   -8.133600e-03 -1.354287e-02 -4.764905e-02
      vertex   -8.132310e-03 -1.441530e-02 -4.195293e-02
    endloop
  endfacet
  facet normal -3.918102e-01 -9.088182e-01 -1.432980e-01
    outer loop
      vertex   -8.133600e-03 -1.354287e-02 -4.764905e-02
      vertex   -8.134590e-03 -1.282229e-02 -5.221640e-02
      vertex   -2.509620e-03 -1.522217e-02 -5.237597e-02
    endloop
  endfacet
  facet normal -3.906319e-01 -9.095876e-01 -1.416228e-01
    outer loop
      vertex   -8.133600e-03 -1.354287e-02 -4.764905e-02
      vertex   -2.509620e-03 -1.522217e-02 -5.237597e-02
      vertex   -2.481975e-03 -1.594439e-02 -4.781369e-02
    endloop
  endfacet
  facet normal -3.101638e-01 9.502580e-01 -2.842921e-02
    outer loop
      vertex   -7.632855e-03 1.212231e-02 -4.514085e-02
      vertex   -7.556730e-03 1.232325e-02 -3.925485e-02
      vertex   -2.249100e-03 1.407096e-02 -3.874341e-02
    endloop
  endfacet
  facet normal -3.175648e-01 9.479925e-01 -2.151087e-02
    outer loop
      vertex   -7.632855e-03 1.212231e-02 -4.514085e-02
      vertex   -2.249100e-03 1.407096e-02 -3.874341e-02
      vertex   -2.290680e-03 1.392409e-02 -4.460196e-02
    endloop
  endfacet
  facet normal -6.816415e-01 -7.228090e-01 -1.136312e-01
    outer loop
      vertex   -9.884175e-03 -1.186061e-02 -4.783839e-02
      vertex   -9.884220e-03 -1.113948e-02 -5.242520e-02
      vertex   -8.134590e-03 -1.282229e-02 -5.221640e-02
    endloop
  endfacet
  facet normal -6.819661e-01 -7.224706e-01 -1.138353e-01
    outer loop
      vertex   -9.884175e-03 -1.186061e-02 -4.783839e-02
      vertex   -8.134590e-03 -1.282229e-02 -5.221640e-02
      vertex   -8.133600e-03 -1.354287e-02 -4.764905e-02
    endloop
  endfacet
  facet normal -6.100755e-04 -9.877013e-01 -1.563517e-01
    outer loop
      vertex   -2.481975e-03 -1.594439e-02 -4.781369e-02
      vertex   -2.509620e-03 -1.522217e-02 -5.237597e-02
      vertex   -1.110223e-18 -1.522364e-02 -5.237648e-02
    endloop
  endfacet
  facet normal -6.043158e-04 -9.877017e-01 -1.563487e-01
    outer loop
      vertex   -2.481975e-03 -1.594439e-02 -4.781369e-02
      vertex   -1.110223e-18 -1.522364e-02 -5.237648e-02
      vertex   -1.110223e-18 -1.594583e-02 -4.781418e-02
    endloop
  endfacet
  facet normal -1.040606e-03 -9.962153e-01 -8.691409e-02
    outer loop
      vertex   -1.110223e-18 -2.121617e-02 -7.319431e-03
      vertex   -2.230380e-03 -2.121084e-02 -7.353766e-03
      vertex   -2.260800e-03 -2.080005e-02 -1.206191e-02
    endloop
  endfacet
  facet normal -9.978454e-04 -9.962135e-01 -8.693432e-02
    outer loop
      vertex   -1.110223e-18 -2.121617e-02 -7.319431e-03
      vertex   -2.260800e-03 -2.080005e-02 -1.206191e-02
      vertex   -1.110223e-18 -2.080512e-02 -1.202976e-02
    endloop
  endfacet
  facet normal -6.879440e-01 -7.230825e-01 -6.232775e-02
    outer loop
      vertex   -9.866340e-03 -1.713095e-02 -7.192231e-03
      vertex   -9.872580e-03 -1.671765e-02 -1.191812e-02
      vertex   -8.123370e-03 -1.838684e-02 -1.186037e-02
    endloop
  endfacet
  facet normal -6.877184e-01 -7.233096e-01 -6.218239e-02
    outer loop
      vertex   -9.866340e-03 -1.713095e-02 -7.192231e-03
      vertex   -8.123370e-03 -1.838684e-02 -1.186037e-02
      vertex   -8.117880e-03 -1.879718e-02 -7.147981e-03
    endloop
  endfacet
  facet normal -3.830127e-01 -9.188667e-01 -9.479065e-02
    outer loop
      vertex   -8.123370e-03 -1.838684e-02 -1.186037e-02
      vertex   -8.125350e-03 -1.790679e-02 -1.650575e-02
      vertex   -2.290350e-03 -2.031867e-02 -1.670285e-02
    endloop
  endfacet
  facet normal -3.817268e-01 -9.195892e-01 -9.295348e-02
    outer loop
      vertex   -8.123370e-03 -1.838684e-02 -1.186037e-02
      vertex   -2.290350e-03 -2.031867e-02 -1.670285e-02
      vertex   -2.260800e-03 -2.080005e-02 -1.206191e-02
    endloop
  endfacet
  facet normal -3.372117e-01 9.388351e-01 6.983512e-02
    outer loop
      vertex   -7.074240e-03 1.185132e-02 -8.153971e-03
      vertex   -7.132560e-03 1.149039e-02 -3.583381e-03
      vertex   -2.005680e-03 1.329676e-02 -3.111481e-03
    endloop
  endfacet
  facet normal -3.420124e-01 9.366752e-01 7.527977e-02
    outer loop
      vertex   -7.074240e-03 1.185132e-02 -8.153971e-03
      vertex   -2.005680e-03 1.329676e-02 -3.111481e-03
      vertex   -2.035815e-03 1.365776e-02 -7.740046e-03
    endloop
  endfacet
  facet normal -6.872736e-01 -7.225725e-01 -7.445786e-02
    outer loop
      vertex   -9.872580e-03 -1.671765e-02 -1.191812e-02
      vertex   -9.875085e-03 -1.623510e-02 -1.657788e-02
      vertex   -8.125350e-03 -1.790679e-02 -1.650575e-02
    endloop
  endfacet
  facet normal -6.871648e-01 -7.226831e-01 -7.438777e-02
    outer loop
      vertex   -9.872580e-03 -1.671765e-02 -1.191812e-02
      vertex   -8.125350e-03 -1.790679e-02 -1.650575e-02
      vertex   -8.123370e-03 -1.838684e-02 -1.186037e-02
    endloop
  endfacet
  facet normal -6.070157e-04 -9.946638e-01 -1.031673e-01
    outer loop
      vertex   -2.260800e-03 -2.080005e-02 -1.206191e-02
      vertex   -2.290350e-03 -2.031867e-02 -1.670285e-02
      vertex   -1.110223e-18 -2.032002e-02 -1.670331e-02
    endloop
  endfacet
  facet normal -7.624787e-04 -9.946560e-01 -1.032422e-01
    outer loop
      vertex   -2.260800e-03 -2.080005e-02 -1.206191e-02
      vertex   -1.110223e-18 -2.032002e-02 -1.670331e-02
      vertex   -1.110223e-18 -2.080512e-02 -1.202976e-02
    endloop
  endfacet
  facet normal -6.101595e-04 -9.875797e-01 -1.571175e-01
    outer loop
      vertex   -1.110223e-18 -1.522364e-02 -5.237648e-02
      vertex   -2.509620e-03 -1.522217e-02 -5.237597e-02
      vertex   -2.536110e-03 -1.452605e-02 -5.675141e-02
    endloop
  endfacet
  facet normal -6.030943e-04 -9.875791e-01 -1.571215e-01
    outer loop
      vertex   -1.110223e-18 -1.522364e-02 -5.237648e-02
      vertex   -2.536110e-03 -1.452605e-02 -5.675141e-02
      vertex   -1.110223e-18 -1.452752e-02 -5.675190e-02
    endloop
  endfacet
  facet normal -6.811722e-01 -7.231582e-01 -1.142219e-01
    outer loop
      vertex   -9.884220e-03 -1.113948e-02 -5.242520e-02
      vertex   -9.884610e-03 -1.044426e-02 -5.682443e-02
      vertex   -8.135580e-03 -1.212771e-02 -5.659671e-02
    endloop
  endfacet
  facet normal -6.815241e-01 -7.227894e-01 -1.144568e-01
    outer loop
      vertex   -9.884220e-03 -1.113948e-02 -5.242520e-02
      vertex   -8.135580e-03 -1.212771e-02 -5.659671e-02
      vertex   -8.134590e-03 -1.282229e-02 -5.221640e-02
    endloop
  endfacet
  facet normal -3.942625e-01 -9.078292e-01 -1.428397e-01
    outer loop
      vertex   -8.135580e-03 -1.212771e-02 -5.659671e-02
      vertex   -8.135985e-03 -1.143731e-02 -6.098352e-02
      vertex   -2.562675e-03 -1.383419e-02 -6.113327e-02
    endloop
  endfacet
  facet normal -3.930727e-01 -9.086199e-01 -1.410807e-01
    outer loop
      vertex   -8.135580e-03 -1.212771e-02 -5.659671e-02
      vertex   -2.562675e-03 -1.383419e-02 -6.113327e-02
      vertex   -2.536110e-03 -1.452605e-02 -5.675141e-02
    endloop
  endfacet
  facet normal -3.853956e-01 -9.135266e-01 -1.301515e-01
    outer loop
      vertex   -2.356470e-03 -1.897976e-02 -2.729912e-02
      vertex   -8.128395e-03 -1.657128e-02 -2.711265e-02
      vertex   -8.130420e-03 -1.550997e-02 -3.455594e-02
    endloop
  endfacet
  facet normal -3.874508e-01 -9.129287e-01 -1.282304e-01
    outer loop
      vertex   -2.356470e-03 -1.897976e-02 -2.729912e-02
      vertex   -8.130420e-03 -1.550997e-02 -3.455594e-02
      vertex   -2.402160e-03 -1.791597e-02 -3.473462e-02
    endloop
  endfacet
  facet normal -6.818409e-01 -7.225388e-01 -1.141524e-01
    outer loop
      vertex   -9.884610e-03 -1.044426e-02 -5.682443e-02
      vertex   -9.880095e-03 -9.752416e-03 -6.123050e-02
      vertex   -8.135985e-03 -1.143731e-02 -6.098352e-02
    endloop
  endfacet
  facet normal -6.812419e-01 -7.231668e-01 -1.137506e-01
    outer loop
      vertex   -9.884610e-03 -1.044426e-02 -5.682443e-02
      vertex   -8.135985e-03 -1.143731e-02 -6.098352e-02
      vertex   -8.135580e-03 -1.212771e-02 -5.659671e-02
    endloop
  endfacet
  facet normal -6.074136e-04 -9.877638e-01 -1.559562e-01
    outer loop
      vertex   -2.536110e-03 -1.452605e-02 -5.675141e-02
      vertex   -2.562675e-03 -1.383419e-02 -6.113327e-02
      vertex   -1.110223e-18 -1.383569e-02 -6.113375e-02
    endloop
  endfacet
  facet normal -6.029726e-04 -9.877642e-01 -1.559536e-01
    outer loop
      vertex   -2.536110e-03 -1.452605e-02 -5.675141e-02
      vertex   -1.110223e-18 -1.383569e-02 -6.113375e-02
      vertex   -1.110223e-18 -1.452752e-02 -5.675190e-02
    endloop
  endfacet
  facet normal -6.013141e-04 -9.899205e-01 -1.416227e-01
    outer loop
      vertex   -1.110223e-18 -1.898112e-02 -2.729958e-02
      vertex   -2.356470e-03 -1.897976e-02 -2.729912e-02
      vertex   -2.402160e-03 -1.791597e-02 -3.473462e-02
    endloop
  endfacet
  facet normal -6.086689e-04 -9.899209e-01 -1.416203e-01
    outer loop
      vertex   -1.110223e-18 -1.898112e-02 -2.729958e-02
      vertex   -2.402160e-03 -1.791597e-02 -3.473462e-02
      vertex   -1.110223e-18 -1.791738e-02 -3.473508e-02
    endloop
  endfacet
  facet normal -6.841724e-01 -7.220717e-01 -1.025695e-01
    outer loop
      vertex   -9.879285e-03 -1.489476e-02 -2.722140e-02
      vertex   -9.881985e-03 -1.383089e-02 -3.469289e-02
      vertex   -8.130420e-03 -1.550997e-02 -3.455594e-02
    endloop
  endfacet
  facet normal -6.846077e-01 -7.216391e-01 -1.027096e-01
    outer loop
      vertex   -9.879285e-03 -1.489476e-02 -2.722140e-02
      vertex   -8.130420e-03 -1.550997e-02 -3.455594e-02
      vertex   -8.128395e-03 -1.657128e-02 -2.711265e-02
    endloop
  endfacet
  facet normal -3.892900e-01 -9.112059e-01 -1.347485e-01
    outer loop
      vertex   -8.130420e-03 -1.550997e-02 -3.455594e-02
      vertex   -8.132310e-03 -1.441530e-02 -4.195293e-02
      vertex   -2.447355e-03 -1.681880e-02 -4.212375e-02
    endloop
  endfacet
  facet normal -3.873314e-01 -9.122835e-01 -1.330912e-01
    outer loop
      vertex   -8.130420e-03 -1.550997e-02 -3.455594e-02
      vertex   -2.447355e-03 -1.681880e-02 -4.212375e-02
      vertex   -2.402160e-03 -1.791597e-02 -3.473462e-02
    endloop
  endfacet
  facet normal -3.828807e-01 -9.174791e-01 -1.078633e-01
    outer loop
      vertex   -2.290350e-03 -2.031867e-02 -1.670285e-02
      vertex   -8.125350e-03 -1.790679e-02 -1.650575e-02
      vertex   -8.126745e-03 -1.734480e-02 -2.128106e-02
    endloop
  endfacet
  facet normal -3.842348e-01 -9.171397e-01 -1.059167e-01
    outer loop
      vertex   -2.290350e-03 -2.031867e-02 -1.670285e-02
      vertex   -8.126745e-03 -1.734480e-02 -2.128106e-02
      vertex   -2.320350e-03 -1.975517e-02 -2.147345e-02
    endloop
  endfacet
  facet normal -6.832396e-01 -7.223843e-01 -1.065111e-01
    outer loop
      vertex   -9.881985e-03 -1.383089e-02 -3.469289e-02
      vertex   -9.883920e-03 -1.273413e-02 -4.211894e-02
      vertex   -8.132310e-03 -1.441530e-02 -4.195293e-02
    endloop
  endfacet
  facet normal -6.837069e-01 -7.219199e-01 -1.066611e-01
    outer loop
      vertex   -9.881985e-03 -1.383089e-02 -3.469289e-02
      vertex   -8.132310e-03 -1.441530e-02 -4.195293e-02
      vertex   -8.130420e-03 -1.550997e-02 -3.455594e-02
    endloop
  endfacet
  facet normal -6.109664e-04 -9.891555e-01 -1.468709e-01
    outer loop
      vertex   -2.402160e-03 -1.791597e-02 -3.473462e-02
      vertex   -2.447355e-03 -1.681880e-02 -4.212375e-02
      vertex   -1.110223e-18 -1.682024e-02 -4.212423e-02
    endloop
  endfacet
  facet normal -6.092393e-04 -9.891556e-01 -1.468703e-01
    outer loop
      vertex   -2.402160e-03 -1.791597e-02 -3.473462e-02
      vertex   -1.110223e-18 -1.682024e-02 -4.212423e-02
      vertex   -1.110223e-18 -1.791738e-02 -3.473508e-02
    endloop
  endfacet
  facet normal -6.089627e-04 -9.930962e-01 -1.173012e-01
    outer loop
      vertex   -1.110223e-18 -2.032002e-02 -1.670331e-02
      vertex   -2.290350e-03 -2.031867e-02 -1.670285e-02
      vertex   -2.320350e-03 -1.975517e-02 -2.147345e-02
    endloop
  endfacet
  facet normal -6.013888e-04 -9.930958e-01 -1.173048e-01
    outer loop
      vertex   -1.110223e-18 -2.032002e-02 -1.670331e-02
      vertex   -2.320350e-03 -1.975517e-02 -2.147345e-02
      vertex   -1.110223e-18 -1.975652e-02 -2.147391e-02
    endloop
  endfacet
  facet normal -6.864840e-01 -7.221840e-01 -8.479380e-02
    outer loop
      vertex   -9.875085e-03 -1.623510e-02 -1.657788e-02
      vertex   -9.877005e-03 -1.567074e-02 -2.136896e-02
      vertex   -8.126745e-03 -1.734480e-02 -2.128106e-02
    endloop
  endfacet
  facet normal -6.864802e-01 -7.221879e-01 -8.479143e-02
    outer loop
      vertex   -9.875085e-03 -1.623510e-02 -1.657788e-02
      vertex   -8.126745e-03 -1.734480e-02 -2.128106e-02
      vertex   -8.125350e-03 -1.790679e-02 -1.650575e-02
    endloop
  endfacet
  facet normal -3.855861e-01 -9.146748e-01 -1.212160e-01
    outer loop
      vertex   -8.126745e-03 -1.734480e-02 -2.128106e-02
      vertex   -8.128395e-03 -1.657128e-02 -2.711265e-02
      vertex   -2.356470e-03 -1.897976e-02 -2.729912e-02
    endloop
  endfacet
  facet normal -3.840277e-01 -9.155582e-01 -1.194818e-01
    outer loop
      vertex   -8.126745e-03 -1.734480e-02 -2.128106e-02
      vertex   -2.356470e-03 -1.897976e-02 -2.729912e-02
      vertex   -2.320350e-03 -1.975517e-02 -2.147345e-02
    endloop
  endfacet
  facet normal -3.780291e-01 -9.241931e-01 -5.441647e-02
    outer loop
      vertex   -2.167110e-03 -2.183180e-02 2.248874e-03
      vertex   -8.091780e-03 -1.942095e-02 2.462249e-03
      vertex   -8.106570e-03 -1.913078e-02 -2.363251e-03
    endloop
  endfacet
  facet normal -3.791683e-01 -9.238239e-01 -5.273315e-02
    outer loop
      vertex   -2.167110e-03 -2.183180e-02 2.248874e-03
      vertex   -8.106570e-03 -1.913078e-02 -2.363251e-03
      vertex   -2.199015e-03 -2.154347e-02 -2.572936e-03
    endloop
  endfacet
  facet normal -6.853434e-01 -7.219368e-01 -9.545514e-02
    outer loop
      vertex   -9.877005e-03 -1.567074e-02 -2.136896e-02
      vertex   -9.879285e-03 -1.489476e-02 -2.722140e-02
      vertex   -8.128395e-03 -1.657128e-02 -2.711265e-02
    endloop
  endfacet
  facet normal -6.855287e-01 -7.217495e-01 -9.554093e-02
    outer loop
      vertex   -9.877005e-03 -1.567074e-02 -2.136896e-02
      vertex   -8.128395e-03 -1.657128e-02 -2.711265e-02
      vertex   -8.126745e-03 -1.734480e-02 -2.128106e-02
    endloop
  endfacet
  facet normal -6.001764e-04 -9.912582e-01 -1.319350e-01
    outer loop
      vertex   -2.320350e-03 -1.975517e-02 -2.147345e-02
      vertex   -2.356470e-03 -1.897976e-02 -2.729912e-02
      vertex   -1.110223e-18 -1.898112e-02 -2.729958e-02
    endloop
  endfacet
  facet normal -6.032528e-04 -9.912580e-01 -1.319362e-01
    outer loop
      vertex   -2.320350e-03 -1.975517e-02 -2.147345e-02
      vertex   -1.110223e-18 -1.898112e-02 -2.729958e-02
      vertex   -1.110223e-18 -1.975652e-02 -2.147391e-02
    endloop
  endfacet
  facet normal -1.593929e-03 -9.982163e-01 -5.967994e-02
    outer loop
      vertex   -1.110223e-18 -2.183756e-02 2.287334e-03
      vertex   -2.167110e-03 -2.183180e-02 2.248874e-03
      vertex   -2.199015e-03 -2.154347e-02 -2.572936e-03
    endloop
  endfacet
  facet normal -1.523532e-03 -9.982145e-01 -5.971168e-02
    outer loop
      vertex   -1.110223e-18 -2.183756e-02 2.287334e-03
      vertex   -2.199015e-03 -2.154347e-02 -2.572936e-03
      vertex   -1.110223e-18 -2.154900e-02 -2.536516e-03
    endloop
  endfacet
  facet normal -6.883202e-01 -7.242042e-01 -4.175561e-02
    outer loop
      vertex   -9.837825e-03 -1.776239e-02 2.442419e-03
      vertex   -9.853920e-03 -1.746818e-02 -2.395006e-03
      vertex   -8.106570e-03 -1.913078e-02 -2.363251e-03
    endloop
  endfacet
  facet normal -6.878707e-01 -7.246477e-01 -4.146737e-02
    outer loop
      vertex   -9.837825e-03 -1.776239e-02 2.442419e-03
      vertex   -8.106570e-03 -1.913078e-02 -2.363251e-03
      vertex   -8.091780e-03 -1.942095e-02 2.462249e-03
    endloop
  endfacet
  facet normal -3.804585e-01 -9.226203e-01 -6.342752e-02
    outer loop
      vertex   -8.106570e-03 -1.913078e-02 -2.363251e-03
      vertex   -8.117880e-03 -1.879718e-02 -7.147981e-03
      vertex   -2.230380e-03 -2.121084e-02 -7.353766e-03
    endloop
  endfacet
  facet normal -3.792469e-01 -9.232331e-01 -6.174555e-02
    outer loop
      vertex   -8.106570e-03 -1.913078e-02 -2.363251e-03
      vertex   -2.230380e-03 -2.121084e-02 -7.353766e-03
      vertex   -2.199015e-03 -2.154347e-02 -2.572936e-03
    endloop
  endfacet
  facet normal -3.815145e-01 -9.209820e-01 7.898609e-02
    outer loop
      vertex   -2.020995e-03 -2.149755e-02 2.298679e-02
      vertex   -7.282755e-03 -1.930076e-02 2.318646e-02
      vertex   -7.656465e-03 -1.961771e-02 1.768573e-02
    endloop
  endfacet
  facet normal -3.766848e-01 -9.234628e-01 7.297200e-02
    outer loop
      vertex   -2.020995e-03 -2.149755e-02 2.298679e-02
      vertex   -7.656465e-03 -1.961771e-02 1.768573e-02
      vertex   -2.061690e-03 -2.191641e-02 1.747603e-02
    endloop
  endfacet
  facet normal -6.883955e-01 -7.236724e-01 -4.908956e-02
    outer loop
      vertex   -9.853920e-03 -1.746818e-02 -2.395006e-03
      vertex   -9.866340e-03 -1.713095e-02 -7.192231e-03
      vertex   -8.117880e-03 -1.879718e-02 -7.147981e-03
    endloop
  endfacet
  facet normal -6.880305e-01 -7.240353e-01 -4.885477e-02
    outer loop
      vertex   -9.853920e-03 -1.746818e-02 -2.395006e-03
      vertex   -8.117880e-03 -1.879718e-02 -7.147981e-03
      vertex   -8.106570e-03 -1.913078e-02 -2.363251e-03
    endloop
  endfacet
  facet normal -1.313527e-03 -9.975882e-01 -6.939825e-02
    outer loop
      vertex   -2.199015e-03 -2.154347e-02 -2.572936e-03
      vertex   -2.230380e-03 -2.121084e-02 -7.353766e-03
      vertex   -1.110223e-18 -2.121617e-02 -7.319431e-03
    endloop
  endfacet
  facet normal -1.361159e-03 -9.975866e-01 -6.942021e-02
    outer loop
      vertex   -2.199015e-03 -2.154347e-02 -2.572936e-03
      vertex   -1.110223e-18 -2.121617e-02 -7.319431e-03
      vertex   -1.110223e-18 -2.154900e-02 -2.536516e-03
    endloop
  endfacet
  facet normal -3.158537e-03 -9.971171e-01 7.581195e-02
    outer loop
      vertex   -1.110223e-18 -2.150190e-02 2.301378e-02
      vertex   -2.020995e-03 -2.149755e-02 2.298679e-02
      vertex   -2.061690e-03 -2.191641e-02 1.747603e-02
    endloop
  endfacet
  facet normal -3.790588e-03 -9.970971e-01 7.604576e-02
    outer loop
      vertex   -1.110223e-18 -2.150190e-02 2.301378e-02
      vertex   -2.061690e-03 -2.191641e-02 1.747603e-02
      vertex   -1.110223e-18 -2.192163e-02 1.751037e-02
    endloop
  endfacet
  facet normal -6.878759e-01 -7.201639e-01 9.050238e-02
    outer loop
      vertex   -8.890815e-03 -1.773891e-02 2.325421e-02
      vertex   -9.331770e-03 -1.801287e-02 1.772266e-02
      vertex   -7.656465e-03 -1.961771e-02 1.768573e-02
    endloop
  endfacet
  facet normal -6.920854e-01 -7.163946e-01 8.829750e-02
    outer loop
      vertex   -8.890815e-03 -1.773891e-02 2.325421e-02
      vertex   -7.656465e-03 -1.961771e-02 1.768573e-02
      vertex   -7.282755e-03 -1.930076e-02 2.318646e-02
    endloop
  endfacet
  facet normal -3.747047e-01 -9.259217e-01 4.759683e-02
    outer loop
      vertex   -7.656465e-03 -1.961771e-02 1.768573e-02
      vertex   -7.936515e-03 -1.977818e-02 1.235935e-02
      vertex   -2.100105e-03 -2.215118e-02 1.214334e-02
    endloop
  endfacet
  facet normal -3.782875e-01 -9.246687e-01 4.343233e-02
    outer loop
      vertex   -7.656465e-03 -1.961771e-02 1.768573e-02
      vertex   -2.100105e-03 -2.215118e-02 1.214334e-02
      vertex   -2.061690e-03 -2.191641e-02 1.747603e-02
    endloop
  endfacet
  facet normal -4.157085e-01 -9.065517e-01 7.314745e-02
    outer loop
      vertex   -1.852905e-03 -2.006571e-02 4.321227e-02
      vertex   -5.838045e-03 -1.823165e-02 4.329455e-02
      vertex   -6.188415e-03 -1.842449e-02 3.891337e-02
    endloop
  endfacet
  facet normal -4.019506e-01 -9.139191e-01 5.645964e-02
    outer loop
      vertex   -1.852905e-03 -2.006571e-02 4.321227e-02
      vertex   -6.188415e-03 -1.842449e-02 3.891337e-02
      vertex   -1.901955e-03 -2.031684e-02 3.879799e-02
    endloop
  endfacet
  facet normal -6.875774e-01 -7.236836e-01 5.932463e-02
    outer loop
      vertex   -9.331770e-03 -1.801287e-02 1.772266e-02
      vertex   -9.658770e-03 -1.814097e-02 1.237005e-02
      vertex   -7.936515e-03 -1.977818e-02 1.235935e-02
    endloop
  endfacet
  facet normal -6.899235e-01 -7.215539e-01 5.801330e-02
    outer loop
      vertex   -9.331770e-03 -1.801287e-02 1.772266e-02
      vertex   -7.936515e-03 -1.977818e-02 1.235935e-02
      vertex   -7.656465e-03 -1.961771e-02 1.768573e-02
    endloop
  endfacet
  facet normal -3.590759e-03 -9.990248e-01 4.400655e-02
    outer loop
      vertex   -2.061690e-03 -2.191641e-02 1.747603e-02
      vertex   -2.100105e-03 -2.215118e-02 1.214334e-02
      vertex   -1.110223e-18 -2.215700e-02 1.218258e-02
    endloop
  endfacet
  facet normal -3.263997e-03 -9.990203e-01 4.413361e-02
    outer loop
      vertex   -2.061690e-03 -2.191641e-02 1.747603e-02
      vertex   -1.110223e-18 -2.215700e-02 1.218258e-02
      vertex   -1.110223e-18 -2.192163e-02 1.751037e-02
    endloop
  endfacet
  facet normal -1.561122e-03 -9.983835e-01 5.681588e-02
    outer loop
      vertex   -1.110223e-18 -2.006804e-02 4.322233e-02
      vertex   -1.852905e-03 -2.006571e-02 4.321227e-02
      vertex   -1.901955e-03 -2.031684e-02 3.879799e-02
    endloop
  endfacet
  facet normal -1.850470e-03 -9.983759e-01 5.693984e-02
    outer loop
      vertex   -1.110223e-18 -2.006804e-02 4.322233e-02
      vertex   -1.901955e-03 -2.031684e-02 3.879799e-02
      vertex   -1.110223e-18 -2.031959e-02 3.881167e-02
    endloop
  endfacet
  facet normal -7.119655e-01 -6.953835e-01 9.770849e-02
    outer loop
      vertex   -7.145160e-03 -1.680891e-02 4.343985e-02
      vertex   -7.576305e-03 -1.698395e-02 3.905254e-02
      vertex   -6.188415e-03 -1.842449e-02 3.891337e-02
    endloop
  endfacet
  facet normal -7.290239e-01 -6.787847e-01 8.817851e-02
    outer loop
      vertex   -7.145160e-03 -1.680891e-02 4.343985e-02
      vertex   -6.188415e-03 -1.842449e-02 3.891337e-02
      vertex   -5.838045e-03 -1.823165e-02 4.329455e-02
    endloop
  endfacet
  facet normal -3.937356e-01 -9.164278e-01 7.164034e-02
    outer loop
      vertex   -6.188415e-03 -1.842449e-02 3.891337e-02
      vertex   -6.528735e-03 -1.866326e-02 3.398862e-02
      vertex   -1.940790e-03 -2.064693e-02 3.382869e-02
    endloop
  endfacet
  facet normal -4.016054e-01 -9.135861e-01 6.382405e-02
    outer loop
      vertex   -6.188415e-03 -1.842449e-02 3.891337e-02
      vertex   -1.940790e-03 -2.064693e-02 3.382869e-02
      vertex   -1.901955e-03 -2.031684e-02 3.879799e-02
    endloop
  endfacet
  facet normal 2.200706e-03 9.701111e-02 -9.952809e-01
    outer loop
      vertex   -2.662425e-03 -5.346646e-03 -7.802523e-02
      vertex   -8.845980e-03 -4.064776e-03 -7.791396e-02
      vertex   -9.962730e-03 5.371484e-03 -7.699667e-02
    endloop
  endfacet
  facet normal 1.057270e-02 1.026539e-01 -9.946609e-01
    outer loop
      vertex   -2.662425e-03 -5.346646e-03 -7.802523e-02
      vertex   -9.962730e-03 5.371484e-03 -7.699667e-02
      vertex   -2.583690e-03 5.131814e-03 -7.694297e-02
    endloop
  endfacet
  facet normal -7.050971e-01 -7.036919e-01 8.749697e-02
    outer loop
      vertex   -7.576305e-03 -1.698395e-02 3.905254e-02
      vertex   -7.985505e-03 -1.718831e-02 3.411144e-02
      vertex   -6.528735e-03 -1.866326e-02 3.398862e-02
    endloop
  endfacet
  facet normal -7.136369e-01 -6.955766e-01 8.303913e-02
    outer loop
      vertex   -7.576305e-03 -1.698395e-02 3.905254e-02
      vertex   -6.528735e-03 -1.866326e-02 3.398862e-02
      vertex   -6.188415e-03 -1.842449e-02 3.891337e-02
    endloop
  endfacet
  facet normal -2.004737e-03 -9.977981e-01 6.629500e-02
    outer loop
      vertex   -1.901955e-03 -2.031684e-02 3.879799e-02
      vertex   -1.940790e-03 -2.064693e-02 3.382869e-02
      vertex   -1.110223e-18 -2.064984e-02 3.384354e-02
    endloop
  endfacet
  facet normal -1.917158e-03 -9.977960e-01 6.632848e-02
    outer loop
      vertex   -1.901955e-03 -2.031684e-02 3.879799e-02
      vertex   -1.110223e-18 -2.064984e-02 3.384354e-02
      vertex   -1.110223e-18 -2.031959e-02 3.881167e-02
    endloop
  endfacet
  facet normal 3.212405e-02 1.024464e-01 -9.942197e-01
    outer loop
      vertex   -2.662425e-03 -5.346646e-03 -7.802523e-02
      vertex   -2.583690e-03 5.131814e-03 -7.694297e-02
      vertex   -1.110223e-18 5.066547e-03 -7.686621e-02
    endloop
  endfacet
  facet normal 1.639094e-02 1.064648e-01 -9.941814e-01
    outer loop
      vertex   -2.662425e-03 -5.346646e-03 -7.802523e-02
      vertex   -1.110223e-18 5.066547e-03 -7.686621e-02
      vertex   -1.110223e-18 -5.738176e-03 -7.802327e-02
    endloop
  endfacet
  facet normal -3.375359e-01 4.138704e-02 -9.404024e-01
    outer loop
      vertex   -1.058720e-02 -3.634486e-03 -7.716888e-02
      vertex   -1.198445e-02 5.295704e-03 -7.627436e-02
      vertex   -9.962730e-03 5.371484e-03 -7.699667e-02
    endloop
  endfacet
  facet normal -3.837560e-01 4.424715e-02 -9.223738e-01
    outer loop
      vertex   -1.058720e-02 -3.634486e-03 -7.716888e-02
      vertex   -9.962730e-03 5.371484e-03 -7.699667e-02
      vertex   -8.845980e-03 -4.064776e-03 -7.791396e-02
    endloop
  endfacet
  facet normal 1.503276e-02 2.456685e-01 -9.692373e-01
    outer loop
      vertex   -2.583690e-03 5.131814e-03 -7.694297e-02
      vertex   -9.962730e-03 5.371484e-03 -7.699667e-02
      vertex   -9.566325e-03 1.187546e-02 -7.534199e-02
    endloop
  endfacet
  facet normal 9.606400e-03 2.403808e-01 -9.706311e-01
    outer loop
      vertex   -2.583690e-03 5.131814e-03 -7.694297e-02
      vertex   -9.566325e-03 1.187546e-02 -7.534199e-02
      vertex   -2.520840e-03 1.204289e-02 -7.523079e-02
    endloop
  endfacet
  facet normal 4.436711e-02 2.398572e-01 -9.697938e-01
    outer loop
      vertex   -2.583690e-03 5.131814e-03 -7.694297e-02
      vertex   -2.520840e-03 1.204289e-02 -7.523079e-02
      vertex   -1.110223e-18 1.211400e-02 -7.509788e-02
    endloop
  endfacet
  facet normal 3.494118e-02 2.432253e-01 -9.693403e-01
    outer loop
      vertex   -2.583690e-03 5.131814e-03 -7.694297e-02
      vertex   -1.110223e-18 1.211400e-02 -7.509788e-02
      vertex   -1.110223e-18 5.066547e-03 -7.686621e-02
    endloop
  endfacet
  facet normal -3.996379e-01 2.709614e-01 -8.757109e-01
    outer loop
      vertex   -1.198445e-02 5.295704e-03 -7.627436e-02
      vertex   -1.166841e-02 1.162320e-02 -7.446074e-02
      vertex   -9.566325e-03 1.187546e-02 -7.534199e-02
    endloop
  endfacet
  facet normal -3.339824e-01 2.514668e-01 -9.084163e-01
    outer loop
      vertex   -1.198445e-02 5.295704e-03 -7.627436e-02
      vertex   -9.566325e-03 1.187546e-02 -7.534199e-02
      vertex   -9.962730e-03 5.371484e-03 -7.699667e-02
    endloop
  endfacet
  facet normal -7.998655e-02 6.655025e-01 -7.420974e-01
    outer loop
      vertex   -2.469765e-03 1.768620e-02 -7.335233e-02
      vertex   -8.525850e-03 1.653555e-02 -7.373147e-02
      vertex   -7.515405e-03 1.913073e-02 -7.151305e-02
    endloop
  endfacet
  facet normal -7.792022e-02 6.689946e-01 -7.391716e-01
    outer loop
      vertex   -2.469765e-03 1.768620e-02 -7.335233e-02
      vertex   -7.515405e-03 1.913073e-02 -7.151305e-02
      vertex   -2.428155e-03 2.085403e-02 -7.048964e-02
    endloop
  endfacet
  facet normal 7.673185e-02 3.142715e-01 -9.462270e-01
    outer loop
      vertex   -2.520840e-03 1.204289e-02 -7.523079e-02
      vertex   -2.469765e-03 1.768620e-02 -7.335233e-02
      vertex   -1.110223e-18 1.790715e-02 -7.307867e-02
    endloop
  endfacet
  facet normal 4.047038e-02 3.288621e-01 -9.435104e-01
    outer loop
      vertex   -2.520840e-03 1.204289e-02 -7.523079e-02
      vertex   -1.110223e-18 1.790715e-02 -7.307867e-02
      vertex   -1.110223e-18 1.211400e-02 -7.509788e-02
    endloop
  endfacet
  facet normal -4.616168e-01 4.119404e-01 -7.856303e-01
    outer loop
      vertex   -1.166841e-02 1.162320e-02 -7.446074e-02
      vertex   -1.067677e-02 1.576689e-02 -7.287068e-02
      vertex   -8.525850e-03 1.653555e-02 -7.373147e-02
    endloop
  endfacet
  facet normal -3.961740e-01 3.776860e-01 -8.368987e-01
    outer loop
      vertex   -1.166841e-02 1.162320e-02 -7.446074e-02
      vertex   -8.525850e-03 1.653555e-02 -7.373147e-02
      vertex   -9.566325e-03 1.187546e-02 -7.534199e-02
    endloop
  endfacet
  facet normal -6.626749e-01 -7.485358e-01 2.358221e-02
    outer loop
      vertex   -3.426732e-03 -1.785582e-02 5.436276e-02
      vertex   -1.576710e-03 -1.955459e-02 5.242815e-02
      vertex   -2.625006e-03 -1.856526e-02 5.437312e-02
    endloop
  endfacet
  facet normal -6.626748e-01 -7.485359e-01 2.358236e-02
    outer loop
      vertex   -2.625006e-03 -1.856526e-02 5.437312e-02
      vertex   -1.576710e-03 -1.955459e-02 5.242815e-02
      vertex   -1.518781e-03 -1.954414e-02 5.438740e-02
    endloop
  endfacet
  facet normal -6.023493e-04 -9.861513e-01 -1.658469e-01
    outer loop
      vertex   -1.110223e-18 -1.245377e-02 -6.999807e-02
      vertex   -2.615760e-03 -1.245225e-02 -6.999758e-02
      vertex   -2.641335e-03 -1.169754e-02 -7.448511e-02
    endloop
  endfacet
  facet normal -6.098354e-04 -9.861521e-01 -1.658426e-01
    outer loop
      vertex   -1.110223e-18 -1.245377e-02 -6.999807e-02
      vertex   -2.641335e-03 -1.169754e-02 -7.448511e-02
      vertex   -1.110223e-18 -1.169909e-02 -7.448564e-02
    endloop
  endfacet
  facet normal -4.401395e-01 -3.471203e-01 -8.281212e-01
    outer loop
      vertex   -9.569070e-03 -6.489151e-03 -7.651343e-02
      vertex   -1.058720e-02 -3.634486e-03 -7.716888e-02
      vertex   -8.845980e-03 -4.064776e-03 -7.791396e-02
    endloop
  endfacet
  facet normal -5.654610e-01 -2.795965e-01 -7.759379e-01
    outer loop
      vertex   -9.569070e-03 -6.489151e-03 -7.651343e-02
      vertex   -8.845980e-03 -4.064776e-03 -7.791396e-02
      vertex   -8.196360e-03 -7.562881e-03 -7.712688e-02
    endloop
  endfacet
  facet normal -7.008018e-01 -7.012035e-01 -1.311128e-01
    outer loop
      vertex   -9.816975e-03 -8.374711e-03 -7.005054e-02
      vertex   -9.716880e-03 -7.679746e-03 -7.430229e-02
      vertex   -8.080350e-03 -9.316291e-03 -7.429719e-02
    endloop
  endfacet
  facet normal -6.900626e-01 -7.130309e-01 -1.240987e-01
    outer loop
      vertex   -9.816975e-03 -8.374711e-03 -7.005054e-02
      vertex   -8.080350e-03 -9.316291e-03 -7.429719e-02
      vertex   -8.116005e-03 -1.005668e-02 -6.984492e-02
    endloop
  endfacet
  facet normal -3.431850e-01 -8.046472e-01 -4.845276e-01
    outer loop
      vertex   -8.080350e-03 -9.316291e-03 -7.429719e-02
      vertex   -8.196360e-03 -7.562881e-03 -7.712688e-02
      vertex   -2.717250e-03 -9.751396e-03 -7.737324e-02
    endloop
  endfacet
  facet normal -3.586205e-01 -7.784730e-01 -5.151418e-01
    outer loop
      vertex   -8.080350e-03 -9.316291e-03 -7.429719e-02
      vertex   -2.717250e-03 -9.751396e-03 -7.737324e-02
      vertex   -2.641335e-03 -1.169754e-02 -7.448511e-02
    endloop
  endfacet
  facet normal -3.969947e-01 8.265525e-01 3.990065e-01
    outer loop
      vertex   -7.487595e-03 1.799149e-02 -6.855404e-02
      vertex   -7.568580e-03 1.624482e-02 -6.501633e-02
      vertex   -2.401605e-03 1.838292e-02 -6.430454e-02
    endloop
  endfacet
  facet normal -4.028792e-01 8.199500e-01 4.066575e-01
    outer loop
      vertex   -7.487595e-03 1.799149e-02 -6.855404e-02
      vertex   -2.401605e-03 1.838292e-02 -6.430454e-02
      vertex   -2.414115e-03 2.006248e-02 -6.770346e-02
    endloop
  endfacet
  facet normal -6.691734e-01 -6.346936e-01 -3.864854e-01
    outer loop
      vertex   -9.716880e-03 -7.679746e-03 -7.430229e-02
      vertex   -9.569070e-03 -6.489151e-03 -7.651343e-02
      vertex   -8.196360e-03 -7.562881e-03 -7.712688e-02
    endloop
  endfacet
  facet normal -6.537596e-01 -6.549337e-01 -3.790254e-01
    outer loop
      vertex   -9.716880e-03 -7.679746e-03 -7.430229e-02
      vertex   -8.196360e-03 -7.562881e-03 -7.712688e-02
      vertex   -8.080350e-03 -9.316291e-03 -7.429719e-02
    endloop
  endfacet
  facet normal -1.734903e-01 -8.188250e-01 -5.471989e-01
    outer loop
      vertex   -2.641335e-03 -1.169754e-02 -7.448511e-02
      vertex   -2.717250e-03 -9.751396e-03 -7.737324e-02
      vertex   -1.110223e-18 -1.030502e-02 -7.740632e-02
    endloop
  endfacet
  facet normal -6.135657e-04 -9.024678e-01 -4.307570e-01
    outer loop
      vertex   -2.641335e-03 -1.169754e-02 -7.448511e-02
      vertex   -1.110223e-18 -1.030502e-02 -7.740632e-02
      vertex   -1.110223e-18 -1.169909e-02 -7.448564e-02
    endloop
  endfacet
  facet normal -2.076046e-02 -1.461410e-01 -9.890459e-01
    outer loop
      vertex   -2.717250e-03 -9.751396e-03 -7.737324e-02
      vertex   -2.662425e-03 -5.346646e-03 -7.802523e-02
      vertex   -1.110223e-18 -5.738176e-03 -7.802327e-02
    endloop
  endfacet
  facet normal -3.930889e-02 -1.337744e-01 -9.902319e-01
    outer loop
      vertex   -2.717250e-03 -9.751396e-03 -7.737324e-02
      vertex   -1.110223e-18 -5.738176e-03 -7.802327e-02
      vertex   -1.110223e-18 -1.030502e-02 -7.740632e-02
    endloop
  endfacet
  facet normal -2.149631e-01 8.779675e-01 4.277429e-01
    outer loop
      vertex   -2.401605e-03 1.838292e-02 -6.430454e-02
      vertex   -1.110223e-18 1.869750e-02 -6.374330e-02
      vertex   -1.110223e-18 2.037901e-02 -6.719471e-02
    endloop
  endfacet
  facet normal -2.064543e-01 8.769004e-01 4.340764e-01
    outer loop
      vertex   -2.401605e-03 1.838292e-02 -6.430454e-02
      vertex   -1.110223e-18 2.037901e-02 -6.719471e-02
      vertex   -2.414115e-03 2.006248e-02 -6.770346e-02
    endloop
  endfacet
  facet normal 7.196043e-03 3.251977e-01 -9.456187e-01
    outer loop
      vertex   -2.520840e-03 1.204289e-02 -7.523079e-02
      vertex   -9.566325e-03 1.187546e-02 -7.534199e-02
      vertex   -8.525850e-03 1.653555e-02 -7.373147e-02
    endloop
  endfacet
  facet normal -6.082635e-04 3.158328e-01 -9.488147e-01
    outer loop
      vertex   -2.520840e-03 1.204289e-02 -7.523079e-02
      vertex   -8.525850e-03 1.653555e-02 -7.373147e-02
      vertex   -2.469765e-03 1.768620e-02 -7.335233e-02
    endloop
  endfacet
  facet normal 4.764739e-02 6.693638e-01 -7.414053e-01
    outer loop
      vertex   -2.469765e-03 1.768620e-02 -7.335233e-02
      vertex   -2.428155e-03 2.085403e-02 -7.048964e-02
      vertex   -1.110223e-18 2.116719e-02 -7.005086e-02
    endloop
  endfacet
  facet normal 2.030443e-02 6.803863e-01 -7.325723e-01
    outer loop
      vertex   -2.469765e-03 1.768620e-02 -7.335233e-02
      vertex   -1.110223e-18 2.116719e-02 -7.005086e-02
      vertex   -1.110223e-18 1.790715e-02 -7.307867e-02
    endloop
  endfacet
  facet normal -4.439230e-01 6.612585e-01 -6.047062e-01
    outer loop
      vertex   -1.067677e-02 1.576689e-02 -7.287068e-02
      vertex   -9.279465e-03 1.807311e-02 -7.137456e-02
      vertex   -7.515405e-03 1.913073e-02 -7.151305e-02
    endloop
  endfacet
  facet normal -4.693618e-01 6.721999e-01 -5.725791e-01
    outer loop
      vertex   -1.067677e-02 1.576689e-02 -7.287068e-02
      vertex   -7.515405e-03 1.913073e-02 -7.151305e-02
      vertex   -8.525850e-03 1.653555e-02 -7.373147e-02
    endloop
  endfacet
  facet normal -3.981523e-01 -9.043716e-01 -1.535798e-01
    outer loop
      vertex   -2.615760e-03 -1.245225e-02 -6.999758e-02
      vertex   -8.116005e-03 -1.005668e-02 -6.984492e-02
      vertex   -8.080350e-03 -9.316291e-03 -7.429719e-02
    endloop
  endfacet
  facet normal -4.008721e-01 -9.038174e-01 -1.497188e-01
    outer loop
      vertex   -2.615760e-03 -1.245225e-02 -6.999758e-02
      vertex   -8.080350e-03 -9.316291e-03 -7.429719e-02
      vertex   -2.641335e-03 -1.169754e-02 -7.448511e-02
    endloop
  endfacet
  facet normal -8.536513e-01 4.883500e-01 1.810905e-01
    outer loop
      vertex   -6.942075e-03 -1.077210e-03 5.104305e-02
      vertex   -5.769180e-03 1.037955e-03 5.086801e-02
      vertex   -6.248460e-03 1.323539e-03 4.783857e-02
    endloop
  endfacet
  facet normal -8.155220e-01 5.338546e-01 2.234350e-01
    outer loop
      vertex   -6.942075e-03 -1.077210e-03 5.104305e-02
      vertex   -6.248460e-03 1.323539e-03 4.783857e-02
      vertex   -7.597740e-03 -8.534555e-04 4.811530e-02
    endloop
  endfacet
  facet normal -7.683670e-01 5.910216e-01 2.455722e-01
    outer loop
      vertex   -1.168461e-02 1.307887e-02 -6.626264e-02
      vertex   -9.749370e-03 1.511232e-02 -6.510141e-02
      vertex   -9.599205e-03 1.683571e-02 -6.877927e-02
    endloop
  endfacet
  facet normal -8.059450e-01 5.652395e-01 1.759459e-01
    outer loop
      vertex   -1.168461e-02 1.307887e-02 -6.626264e-02
      vertex   -9.599205e-03 1.683571e-02 -6.877927e-02
      vertex   -1.148509e-02 1.451758e-02 -6.997070e-02
    endloop
  endfacet
  facet normal -8.111365e-01 5.681983e-01 1.385940e-01
    outer loop
      vertex   -6.248460e-03 1.323539e-03 4.783857e-02
      vertex   -6.705270e-03 1.570305e-03 4.415337e-02
      vertex   -8.207190e-03 -6.550656e-04 4.448664e-02
    endloop
  endfacet
  facet normal -8.281319e-01 5.346642e-01 1.683203e-01
    outer loop
      vertex   -6.248460e-03 1.323539e-03 4.783857e-02
      vertex   -8.207190e-03 -6.550656e-04 4.448664e-02
      vertex   -7.597740e-03 -8.534555e-04 4.811530e-02
    endloop
  endfacet
  facet normal -7.915284e-01 5.828019e-01 1.839151e-01
    outer loop
      vertex   -9.212730e-03 1.011441e-04 3.525232e-02
      vertex   -7.522560e-03 2.453099e-03 3.507340e-02
      vertex   -7.943685e-03 3.449624e-03 3.010313e-02
    endloop
  endfacet
  facet normal -7.925672e-01 5.816960e-01 1.829399e-01
    outer loop
      vertex   -9.212730e-03 1.011441e-04 3.525232e-02
      vertex   -7.943685e-03 3.449624e-03 3.010313e-02
      vertex   -9.736485e-03 9.949044e-04 3.014131e-02
    endloop
  endfacet
  facet normal -7.920999e-01 5.705842e-01 2.168211e-01
    outer loop
      vertex   -7.943685e-03 3.449624e-03 3.010313e-02
      vertex   -8.371935e-03 4.768724e-03 2.506729e-02
      vertex   -1.027115e-02 2.177655e-03 2.494765e-02
    endloop
  endfacet
  facet normal -7.874778e-01 5.784435e-01 2.127954e-01
    outer loop
      vertex   -7.943685e-03 3.449624e-03 3.010313e-02
      vertex   -1.027115e-02 2.177655e-03 2.494765e-02
      vertex   -9.736485e-03 9.949044e-04 3.014131e-02
    endloop
  endfacet
  facet normal -8.197570e-01 5.560423e-01 1.371696e-01
    outer loop
      vertex   -1.112212e-02 4.626344e-03 1.477383e-02
      vertex   -9.076845e-03 7.534364e-03 1.520869e-02
      vertex   -9.223680e-03 8.484464e-03 1.047976e-02
    endloop
  endfacet
  facet normal -8.281376e-01 5.464454e-01 1.248418e-01
    outer loop
      vertex   -1.112212e-02 4.626344e-03 1.477383e-02
      vertex   -9.223680e-03 8.484464e-03 1.047976e-02
      vertex   -1.129467e-02 5.469960e-03 9.936659e-03
    endloop
  endfacet
  facet normal -8.342028e-01 5.441334e-01 8.958018e-02
    outer loop
      vertex   -9.223680e-03 8.484464e-03 1.047976e-02
      vertex   -9.280860e-03 9.164204e-03 5.818364e-03
      vertex   -1.135784e-02 6.082455e-03 5.196179e-03
    endloop
  endfacet
  facet normal -8.282984e-01 5.541597e-01 8.263716e-02
    outer loop
      vertex   -9.223680e-03 8.484464e-03 1.047976e-02
      vertex   -1.135784e-02 6.082455e-03 5.196179e-03
      vertex   -1.129467e-02 5.469960e-03 9.936659e-03
    endloop
  endfacet
  facet normal -7.277030e-01 6.527241e-01 2.107121e-01
    outer loop
      vertex   -1.181412e-02 1.045019e-02 -5.869769e-02
      vertex   -9.869325e-03 1.231886e-02 -5.776985e-02
      vertex   -9.828420e-03 1.355636e-02 -6.146199e-02
    endloop
  endfacet
  facet normal -7.371115e-01 6.464489e-01 1.969023e-01
    outer loop
      vertex   -1.181412e-02 1.045019e-02 -5.869769e-02
      vertex   -9.828420e-03 1.355636e-02 -6.146199e-02
      vertex   -1.177062e-02 1.166283e-02 -6.251607e-02
    endloop
  endfacet
  facet normal -7.677934e-01 5.949750e-01 2.376933e-01
    outer loop
      vertex   -9.828420e-03 1.355636e-02 -6.146199e-02
      vertex   -9.749370e-03 1.511232e-02 -6.510141e-02
      vertex   -1.168461e-02 1.307887e-02 -6.626264e-02
    endloop
  endfacet
  facet normal -7.398474e-01 6.347661e-01 2.229302e-01
    outer loop
      vertex   -9.828420e-03 1.355636e-02 -6.146199e-02
      vertex   -1.168461e-02 1.307887e-02 -6.626264e-02
      vertex   -1.177062e-02 1.166283e-02 -6.251607e-02
    endloop
  endfacet
  facet normal -7.761513e-01 6.305053e-01 -7.231052e-03
    outer loop
      vertex   -1.173909e-02 8.715465e-03 -4.013921e-02
      vertex   -9.738375e-03 1.118923e-02 -3.918953e-02
      vertex   -9.814530e-03 1.102801e-02 -4.507289e-02
    endloop
  endfacet
  facet normal -7.479958e-01 6.634262e-01 1.918292e-02
    outer loop
      vertex   -1.173909e-02 8.715465e-03 -4.013921e-02
      vertex   -9.814530e-03 1.102801e-02 -4.507289e-02
      vertex   -1.178608e-02 8.831264e-03 -4.597641e-02
    endloop
  endfacet
  facet normal -7.154305e-01 6.985836e-01 1.183936e-02
    outer loop
      vertex   -9.814530e-03 1.102801e-02 -4.507289e-02
      vertex   -9.862275e-03 1.105629e-02 -4.962642e-02
      vertex   -1.181325e-02 9.072854e-03 -5.048729e-02
    endloop
  endfacet
  facet normal -7.517130e-01 6.582893e-01 3.978344e-02
    outer loop
      vertex   -9.814530e-03 1.102801e-02 -4.507289e-02
      vertex   -1.181325e-02 9.072854e-03 -5.048729e-02
      vertex   -1.178608e-02 8.831264e-03 -4.597641e-02
    endloop
  endfacet
  facet normal -8.334559e-01 5.520424e-01 2.450373e-02
    outer loop
      vertex   -1.139661e-02 7.027695e-03 -4.241461e-03
      vertex   -9.292965e-03 1.016968e-02 -3.474901e-03
      vertex   -9.183045e-03 1.053751e-02 -8.022946e-03
    endloop
  endfacet
  facet normal -8.281618e-01 5.594289e-01 3.445865e-02
    outer loop
      vertex   -1.139661e-02 7.027695e-03 -4.241461e-03
      vertex   -9.183045e-03 1.053751e-02 -8.022946e-03
      vertex   -1.133553e-02 7.403714e-03 -8.878096e-03
    endloop
  endfacet
  facet normal -8.223992e-01 5.681184e-01 3.001758e-02
    outer loop
      vertex   -9.183045e-03 1.053751e-02 -8.022946e-03
      vertex   -9.129705e-03 1.085559e-02 -1.258154e-02
      vertex   -1.130948e-02 7.749209e-03 -1.350929e-02
    endloop
  endfacet
  facet normal -8.284100e-01 5.588966e-01 3.703404e-02
    outer loop
      vertex   -9.183045e-03 1.053751e-02 -8.022946e-03
      vertex   -1.130948e-02 7.749209e-03 -1.350929e-02
      vertex   -1.133553e-02 7.403714e-03 -8.878096e-03
    endloop
  endfacet
  facet normal -7.264649e-01 6.834518e-01 7.171032e-02
    outer loop
      vertex   -1.181325e-02 9.072854e-03 -5.048729e-02
      vertex   -9.862275e-03 1.105629e-02 -4.962642e-02
      vertex   -9.880350e-03 1.147671e-02 -5.381645e-02
    endloop
  endfacet
  facet normal -7.134630e-01 6.951795e-01 8.772730e-02
    outer loop
      vertex   -1.181325e-02 9.072854e-03 -5.048729e-02
      vertex   -9.880350e-03 1.147671e-02 -5.381645e-02
      vertex   -1.182498e-02 9.589739e-03 -5.467864e-02
    endloop
  endfacet
  facet normal -7.203034e-01 6.788439e-01 1.425973e-01
    outer loop
      vertex   -9.880350e-03 1.147671e-02 -5.381645e-02
      vertex   -9.869325e-03 1.231886e-02 -5.776985e-02
      vertex   -1.181412e-02 1.045019e-02 -5.869769e-02
    endloop
  endfacet
  facet normal -7.211756e-01 6.777981e-01 1.431627e-01
    outer loop
      vertex   -9.880350e-03 1.147671e-02 -5.381645e-02
      vertex   -1.181412e-02 1.045019e-02 -5.869769e-02
      vertex   -1.182498e-02 9.589739e-03 -5.467864e-02
    endloop
  endfacet
  facet normal -8.196118e-01 5.726737e-01 1.677253e-02
    outer loop
      vertex   -1.154975e-02 8.373764e-03 -2.450034e-02
      vertex   -9.469740e-03 1.132246e-02 -2.353725e-02
      vertex   -9.630795e-03 1.132228e-02 -3.140126e-02
    endloop
  endfacet
  facet normal -8.075673e-01 5.891496e-01 2.716134e-02
    outer loop
      vertex   -1.154975e-02 8.373764e-03 -2.450034e-02
      vertex   -9.630795e-03 1.132228e-02 -3.140126e-02
      vertex   -1.166414e-02 8.579625e-03 -3.236669e-02
    endloop
  endfacet
  facet normal -7.775302e-01 6.288456e-01 -2.700772e-06
    outer loop
      vertex   -9.630795e-03 1.132228e-02 -3.140126e-02
      vertex   -9.738375e-03 1.118923e-02 -3.918953e-02
      vertex   -1.173909e-02 8.715465e-03 -4.013921e-02
    endloop
  endfacet
  facet normal -8.062208e-01 5.913375e-01 1.810965e-02
    outer loop
      vertex   -9.630795e-03 1.132228e-02 -3.140126e-02
      vertex   -1.173909e-02 8.715465e-03 -4.013921e-02
      vertex   -1.166414e-02 8.579625e-03 -3.236669e-02
    endloop
  endfacet
  facet normal -8.250181e-01 5.623885e-01 5.535613e-02
    outer loop
      vertex   -1.130948e-02 7.749209e-03 -1.350929e-02
      vertex   -9.129705e-03 1.085559e-02 -1.258154e-02
      vertex   -9.259620e-03 1.114299e-02 -1.743759e-02
    endloop
  endfacet
  facet normal -8.256131e-01 5.616107e-01 5.437365e-02
    outer loop
      vertex   -1.130948e-02 7.749209e-03 -1.350929e-02
      vertex   -9.259620e-03 1.114299e-02 -1.743759e-02
      vertex   -1.140315e-02 8.084534e-03 -1.839513e-02
    endloop
  endfacet
  facet normal -8.231920e-01 5.659762e-01 4.501034e-02
    outer loop
      vertex   -9.259620e-03 1.114299e-02 -1.743759e-02
      vertex   -9.469740e-03 1.132246e-02 -2.353725e-02
      vertex   -1.154975e-02 8.373764e-03 -2.450034e-02
    endloop
  endfacet
  facet normal -8.248016e-01 5.635069e-01 4.650048e-02
    outer loop
      vertex   -9.259620e-03 1.114299e-02 -1.743759e-02
      vertex   -1.154975e-02 8.373764e-03 -2.450034e-02
      vertex   -1.140315e-02 8.084534e-03 -1.839513e-02
    endloop
  endfacet
  facet normal -8.337460e-01 5.475415e-01 7.117489e-02
    outer loop
      vertex   -1.135784e-02 6.082455e-03 5.196179e-03
      vertex   -9.280860e-03 9.164204e-03 5.818364e-03
      vertex   -9.317205e-03 9.715409e-03 1.152254e-03
    endloop
  endfacet
  facet normal -8.371090e-01 5.431019e-01 6.548948e-02
    outer loop
      vertex   -1.135784e-02 6.082455e-03 5.196179e-03
      vertex   -9.317205e-03 9.715409e-03 1.152254e-03
      vertex   -1.139818e-02 6.591239e-03 4.610839e-04
    endloop
  endfacet
  facet normal -8.354644e-01 5.473235e-01 4.935736e-02
    outer loop
      vertex   -9.317205e-03 9.715409e-03 1.152254e-03
      vertex   -9.292965e-03 1.016968e-02 -3.474901e-03
      vertex   -1.139661e-02 7.027695e-03 -4.241461e-03
    endloop
  endfacet
  facet normal -8.363217e-01 5.459185e-01 5.038800e-02
    outer loop
      vertex   -9.317205e-03 9.715409e-03 1.152254e-03
      vertex   -1.139661e-02 7.027695e-03 -4.241461e-03
      vertex   -1.139818e-02 6.591239e-03 4.610839e-04
    endloop
  endfacet
  facet normal -7.900342e-01 5.684846e-01 2.295022e-01
    outer loop
      vertex   -1.027115e-02 2.177655e-03 2.494765e-02
      vertex   -8.371935e-03 4.768724e-03 2.506729e-02
      vertex   -8.774580e-03 6.222362e-03 2.008053e-02
    endloop
  endfacet
  facet normal -8.024875e-01 5.563568e-01 2.155945e-01
    outer loop
      vertex   -1.027115e-02 2.177655e-03 2.494765e-02
      vertex   -8.774580e-03 6.222362e-03 2.008053e-02
      vertex   -1.076145e-02 3.467400e-03 1.979436e-02
    endloop
  endfacet
  facet normal -8.155314e-01 5.441042e-01 1.971275e-01
    outer loop
      vertex   -8.774580e-03 6.222362e-03 2.008053e-02
      vertex   -9.076845e-03 7.534364e-03 1.520869e-02
      vertex   -1.112212e-02 4.626344e-03 1.477383e-02
    endloop
  endfacet
  facet normal -8.058212e-01 5.616744e-01 1.875476e-01
    outer loop
      vertex   -8.774580e-03 6.222362e-03 2.008053e-02
      vertex   -1.112212e-02 4.626344e-03 1.477383e-02
      vertex   -1.076145e-02 3.467400e-03 1.979436e-02
    endloop
  endfacet
  facet normal -8.146596e-01 5.676240e-01 1.188814e-01
    outer loop
      vertex   -8.207190e-03 -6.550656e-04 4.448664e-02
      vertex   -6.705270e-03 1.570305e-03 4.415337e-02
      vertex   -7.120125e-03 1.879994e-03 3.983181e-02
    endloop
  endfacet
  facet normal -8.029087e-01 5.818889e-01 1.293944e-01
    outer loop
      vertex   -8.207190e-03 -6.550656e-04 4.448664e-02
      vertex   -7.120125e-03 1.879994e-03 3.983181e-02
      vertex   -8.724930e-03 -3.991053e-04 4.012294e-02
    endloop
  endfacet
  facet normal -7.992833e-01 5.848851e-01 1.380420e-01
    outer loop
      vertex   -7.120125e-03 1.879994e-03 3.983181e-02
      vertex   -7.522560e-03 2.453099e-03 3.507340e-02
      vertex   -9.212730e-03 1.011441e-04 3.525232e-02
    endloop
  endfacet
  facet normal -8.010791e-01 5.819555e-01 1.400005e-01
    outer loop
      vertex   -7.120125e-03 1.879994e-03 3.983181e-02
      vertex   -9.212730e-03 1.011441e-04 3.525232e-02
      vertex   -8.724930e-03 -3.991053e-04 4.012294e-02
    endloop
  endfacet
  facet normal -8.803225e-01 4.611110e-01 1.113952e-01
    outer loop
      vertex   -9.599205e-03 1.683571e-02 -6.877927e-02
      vertex   -9.279465e-03 1.807311e-02 -7.137456e-02
      vertex   -1.067677e-02 1.576689e-02 -7.287068e-02
    endloop
  endfacet
  facet normal -7.863804e-01 6.160135e-01 4.618702e-02
    outer loop
      vertex   -9.599205e-03 1.683571e-02 -6.877927e-02
      vertex   -1.067677e-02 1.576689e-02 -7.287068e-02
      vertex   -1.148509e-02 1.451758e-02 -6.997070e-02
    endloop
  endfacet
  facet normal -1.698857e-01 9.499566e-01 2.621475e-01
    outer loop
      vertex   -1.110223e-18 2.037901e-02 -6.719471e-02
      vertex   -1.110223e-18 2.116719e-02 -7.005086e-02
      vertex   -2.428155e-03 2.085403e-02 -7.048964e-02
    endloop
  endfacet
  facet normal -1.808354e-01 9.458342e-01 2.696224e-01
    outer loop
      vertex   -1.110223e-18 2.037901e-02 -6.719471e-02
      vertex   -2.428155e-03 2.085403e-02 -7.048964e-02
      vertex   -2.414115e-03 2.006248e-02 -6.770346e-02
    endloop
  endfacet
  facet normal -1.249147e-01 9.906430e-01 5.498031e-02
    outer loop
      vertex   -1.714755e-03 4.491165e-03 4.445883e-02
      vertex   -1.110223e-18 4.677975e-03 4.498876e-02
      vertex   -1.110223e-18 4.916564e-03 4.068982e-02
    endloop
  endfacet
  facet normal -1.221875e-01 9.909117e-01 5.625143e-02
    outer loop
      vertex   -1.714755e-03 4.491165e-03 4.445883e-02
      vertex   -1.110223e-18 4.916564e-03 4.068982e-02
      vertex   -1.752240e-03 4.732980e-03 4.011765e-02
    endloop
  endfacet
  facet normal -1.417638e-01 9.828047e-01 1.183126e-01
    outer loop
      vertex   -1.110223e-18 4.916564e-03 4.068982e-02
      vertex   -1.110223e-18 5.494410e-03 3.588975e-02
      vertex   -1.783575e-03 5.305304e-03 3.532351e-02
    endloop
  endfacet
  facet normal -1.415885e-01 9.828367e-01 1.182567e-01
    outer loop
      vertex   -1.110223e-18 4.916564e-03 4.068982e-02
      vertex   -1.783575e-03 5.305304e-03 3.532351e-02
      vertex   -1.752240e-03 4.732980e-03 4.011765e-02
    endloop
  endfacet
  facet normal -1.900613e-01 9.393480e-01 2.854855e-01
    outer loop
      vertex   -1.839720e-03 7.659254e-03 2.533639e-02
      vertex   -1.110223e-18 7.858334e-03 2.590614e-02
      vertex   -1.110223e-18 9.362340e-03 2.095743e-02
    endloop
  endfacet
  facet normal -1.896782e-01 9.393735e-01 2.856563e-01
    outer loop
      vertex   -1.839720e-03 7.659254e-03 2.533639e-02
      vertex   -1.110223e-18 9.362340e-03 2.095743e-02
      vertex   -1.865685e-03 9.160815e-03 2.038131e-02
    endloop
  endfacet
  facet normal -1.840912e-01 9.455416e-01 2.684428e-01
    outer loop
      vertex   -1.110223e-18 9.362340e-03 2.095743e-02
      vertex   -1.110223e-18 1.073509e-02 1.612215e-02
      vertex   -1.891590e-03 1.053162e-02 1.554165e-02
    endloop
  endfacet
  facet normal -1.850882e-01 9.452650e-01 2.687313e-01
    outer loop
      vertex   -1.110223e-18 9.362340e-03 2.095743e-02
      vertex   -1.891590e-03 1.053162e-02 1.554165e-02
      vertex   -1.865685e-03 9.160815e-03 2.038131e-02
    endloop
  endfacet
  facet normal -1.425140e-01 9.821851e-01 1.224836e-01
    outer loop
      vertex   -1.946775e-03 1.225914e-02 6.200414e-03
      vertex   -1.110223e-18 1.246911e-02 6.781829e-03
      vertex   -1.110223e-18 1.304973e-02 2.125889e-03
    endloop
  endfacet
  facet normal -1.427553e-01 9.821649e-01 1.223644e-01
    outer loop
      vertex   -1.946775e-03 1.225914e-02 6.200414e-03
      vertex   -1.110223e-18 1.304973e-02 2.125889e-03
      vertex   -1.975905e-03 1.283490e-02 1.545059e-03
    endloop
  endfacet
  facet normal -1.369492e-01 9.856250e-01 9.893530e-02
    outer loop
      vertex   -1.110223e-18 1.304973e-02 2.125889e-03
      vertex   -1.110223e-18 1.351720e-02 -2.531251e-03
      vertex   -2.005680e-03 1.329676e-02 -3.111481e-03
    endloop
  endfacet
  facet normal -1.361739e-01 9.857616e-01 9.864482e-02
    outer loop
      vertex   -1.110223e-18 1.304973e-02 2.125889e-03
      vertex   -2.005680e-03 1.329676e-02 -3.111481e-03
      vertex   -1.975905e-03 1.283490e-02 1.545059e-03
    endloop
  endfacet
  facet normal -1.259472e-01 9.906100e-01 5.318889e-02
    outer loop
      vertex   -2.066160e-03 1.395588e-02 -1.234514e-02
      vertex   -1.110223e-18 1.418751e-02 -1.176659e-02
      vertex   -1.110223e-18 1.444509e-02 -1.656385e-02
    endloop
  endfacet
  facet normal -1.258780e-01 9.906170e-01 5.322364e-02
    outer loop
      vertex   -2.066160e-03 1.395588e-02 -1.234514e-02
      vertex   -1.110223e-18 1.444509e-02 -1.656385e-02
      vertex   -2.098080e-03 1.420950e-02 -1.714109e-02
    endloop
  endfacet
  facet normal -1.157298e-01 9.930642e-01 2.073949e-02
    outer loop
      vertex   -1.110223e-18 1.444509e-02 -1.656385e-02
      vertex   -1.110223e-18 1.457058e-02 -2.257265e-02
      vertex   -2.139150e-03 1.433329e-02 -2.314761e-02
    endloop
  endfacet
  facet normal -1.173378e-01 9.928644e-01 2.126535e-02
    outer loop
      vertex   -1.110223e-18 1.444509e-02 -1.656385e-02
      vertex   -2.139150e-03 1.433329e-02 -2.314761e-02
      vertex   -2.098080e-03 1.420950e-02 -1.714109e-02
    endloop
  endfacet
  facet normal -1.076420e-01 9.941415e-01 -9.795492e-03
    outer loop
      vertex   -2.139150e-03 1.433329e-02 -2.314761e-02
      vertex   -1.110223e-18 1.457058e-02 -2.257265e-02
      vertex   -1.110223e-18 1.449348e-02 -3.039746e-02
    endloop
  endfacet
  facet normal -1.050244e-01 9.944288e-01 -9.016784e-03
    outer loop
      vertex   -2.139150e-03 1.433329e-02 -2.314761e-02
      vertex   -1.110223e-18 1.449348e-02 -3.039746e-02
      vertex   -2.193975e-03 1.425658e-02 -3.096908e-02
    endloop
  endfacet
  facet normal -9.973418e-02 9.947370e-01 -2.348259e-02
    outer loop
      vertex   -1.110223e-18 1.449348e-02 -3.039746e-02
      vertex   -1.110223e-18 1.430991e-02 -3.817362e-02
      vertex   -2.249100e-03 1.407096e-02 -3.874341e-02
    endloop
  endfacet
  facet normal -1.013902e-01 9.945802e-01 -2.302839e-02
    outer loop
      vertex   -1.110223e-18 1.449348e-02 -3.039746e-02
      vertex   -2.249100e-03 1.407096e-02 -3.874341e-02
      vertex   -2.193975e-03 1.425658e-02 -3.096908e-02
    endloop
  endfacet
  facet normal -1.478554e-01 9.799865e-01 1.332860e-01
    outer loop
      vertex   -2.321490e-03 1.402578e-02 -4.911647e-02
      vertex   -1.110223e-18 1.429719e-02 -4.853676e-02
      vertex   -1.110223e-18 1.485913e-02 -5.266847e-02
    endloop
  endfacet
  facet normal -1.592014e-01 9.792125e-01 1.256890e-01
    outer loop
      vertex   -2.321490e-03 1.402578e-02 -4.911647e-02
      vertex   -1.110223e-18 1.485913e-02 -5.266847e-02
      vertex   -2.347320e-03 1.455336e-02 -5.325944e-02
    endloop
  endfacet
  facet normal -1.919860e-01 9.527794e-01 2.352719e-01
    outer loop
      vertex   -1.110223e-18 1.485913e-02 -5.266847e-02
      vertex   -1.110223e-18 1.582224e-02 -5.656875e-02
      vertex   -2.369175e-03 1.549239e-02 -5.716625e-02
    endloop
  endfacet
  facet normal -1.825900e-01 9.557305e-01 2.307382e-01
    outer loop
      vertex   -1.110223e-18 1.485913e-02 -5.266847e-02
      vertex   -2.369175e-03 1.549239e-02 -5.716625e-02
      vertex   -2.347320e-03 1.455336e-02 -5.325944e-02
    endloop
  endfacet
  facet normal -1.312714e-01 9.882485e-01 7.831202e-02
    outer loop
      vertex   -2.005680e-03 1.329676e-02 -3.111481e-03
      vertex   -1.110223e-18 1.351720e-02 -2.531251e-03
      vertex   -1.110223e-18 1.388404e-02 -7.160536e-03
    endloop
  endfacet
  facet normal -1.320232e-01 9.881786e-01 7.792945e-02
    outer loop
      vertex   -2.005680e-03 1.329676e-02 -3.111481e-03
      vertex   -1.110223e-18 1.388404e-02 -7.160536e-03
      vertex   -2.035815e-03 1.365776e-02 -7.740046e-03
    endloop
  endfacet
  facet normal -1.291808e-01 9.894759e-01 6.519072e-02
    outer loop
      vertex   -1.110223e-18 1.388404e-02 -7.160536e-03
      vertex   -1.110223e-18 1.418751e-02 -1.176659e-02
      vertex   -2.066160e-03 1.395588e-02 -1.234514e-02
    endloop
  endfacet
  facet normal -1.284738e-01 9.895863e-01 6.491050e-02
    outer loop
      vertex   -1.110223e-18 1.388404e-02 -7.160536e-03
      vertex   -2.066160e-03 1.395588e-02 -1.234514e-02
      vertex   -2.035815e-03 1.365776e-02 -7.740046e-03
    endloop
  endfacet
  facet normal -9.979052e-02 9.947366e-01 -2.326000e-02
    outer loop
      vertex   -2.249100e-03 1.407096e-02 -3.874341e-02
      vertex   -1.110223e-18 1.430991e-02 -3.817362e-02
      vertex   -1.110223e-18 1.417297e-02 -4.402979e-02
    endloop
  endfacet
  facet normal -1.020037e-01 9.944895e-01 -2.420638e-02
    outer loop
      vertex   -2.249100e-03 1.407096e-02 -3.874341e-02
      vertex   -1.110223e-18 1.417297e-02 -4.402979e-02
      vertex   -2.290680e-03 1.392409e-02 -4.460196e-02
    endloop
  endfacet
  facet normal -1.228106e-01 9.920534e-01 2.734172e-02
    outer loop
      vertex   -1.110223e-18 1.417297e-02 -4.402979e-02
      vertex   -1.110223e-18 1.429719e-02 -4.853676e-02
      vertex   -2.321490e-03 1.402578e-02 -4.911647e-02
    endloop
  endfacet
  facet normal -1.136970e-01 9.932458e-01 2.314789e-02
    outer loop
      vertex   -1.110223e-18 1.417297e-02 -4.402979e-02
      vertex   -2.321490e-03 1.402578e-02 -4.911647e-02
      vertex   -2.290680e-03 1.392409e-02 -4.460196e-02
    endloop
  endfacet
  facet normal -2.104442e-01 9.218040e-01 3.255621e-01
    outer loop
      vertex   -2.369175e-03 1.549239e-02 -5.716625e-02
      vertex   -1.110223e-18 1.582224e-02 -5.656875e-02
      vertex   -1.110223e-18 1.710980e-02 -6.021437e-02
    endloop
  endfacet
  facet normal -2.069166e-01 9.216577e-01 3.282263e-01
    outer loop
      vertex   -2.369175e-03 1.549239e-02 -5.716625e-02
      vertex   -1.110223e-18 1.710980e-02 -6.021437e-02
      vertex   -2.387070e-03 1.678390e-02 -6.080409e-02
    endloop
  endfacet
  facet normal -2.105121e-01 8.915164e-01 4.011024e-01
    outer loop
      vertex   -1.110223e-18 1.710980e-02 -6.021437e-02
      vertex   -1.110223e-18 1.869750e-02 -6.374330e-02
      vertex   -2.401605e-03 1.838292e-02 -6.430454e-02
    endloop
  endfacet
  facet normal -2.213453e-01 8.866815e-01 4.059584e-01
    outer loop
      vertex   -1.110223e-18 1.710980e-02 -6.021437e-02
      vertex   -2.401605e-03 1.838292e-02 -6.430454e-02
      vertex   -2.387070e-03 1.678390e-02 -6.080409e-02
    endloop
  endfacet
  facet normal -1.671362e-01 9.640194e-01 2.067175e-01
    outer loop
      vertex   -1.891590e-03 1.053162e-02 1.554165e-02
      vertex   -1.110223e-18 1.073509e-02 1.612215e-02
      vertex   -1.110223e-18 1.174299e-02 1.142187e-02
    endloop
  endfacet
  facet normal -1.663947e-01 9.640713e-01 2.070732e-01
    outer loop
      vertex   -1.891590e-03 1.053162e-02 1.554165e-02
      vertex   -1.110223e-18 1.174299e-02 1.142187e-02
      vertex   -1.918605e-03 1.153682e-02 1.084005e-02
    endloop
  endfacet
  facet normal -1.509819e-01 9.766502e-01 1.528360e-01
    outer loop
      vertex   -1.110223e-18 1.174299e-02 1.142187e-02
      vertex   -1.110223e-18 1.246911e-02 6.781829e-03
      vertex   -1.946775e-03 1.225914e-02 6.200414e-03
    endloop
  endfacet
  facet normal -1.513280e-01 9.765775e-01 1.529579e-01
    outer loop
      vertex   -1.110223e-18 1.174299e-02 1.142187e-02
      vertex   -1.946775e-03 1.225914e-02 6.200414e-03
      vertex   -1.918605e-03 1.153682e-02 1.084005e-02
    endloop
  endfacet
  facet normal -1.650322e-01 9.663962e-01 1.970855e-01
    outer loop
      vertex   -1.783575e-03 5.305304e-03 3.532351e-02
      vertex   -1.110223e-18 5.494410e-03 3.588975e-02
      vertex   -1.110223e-18 6.509220e-03 3.091369e-02
    endloop
  endfacet
  facet normal -1.652446e-01 9.663784e-01 1.969948e-01
    outer loop
      vertex   -1.783575e-03 5.305304e-03 3.532351e-02
      vertex   -1.110223e-18 6.509220e-03 3.091369e-02
      vertex   -1.812465e-03 6.314294e-03 3.034958e-02
    endloop
  endfacet
  facet normal -1.819604e-01 9.494515e-01 2.557973e-01
    outer loop
      vertex   -1.110223e-18 6.509220e-03 3.091369e-02
      vertex   -1.110223e-18 7.858334e-03 2.590614e-02
      vertex   -1.839720e-03 7.659254e-03 2.533639e-02
    endloop
  endfacet
  facet normal -1.817119e-01 9.495175e-01 2.557289e-01
    outer loop
      vertex   -1.110223e-18 6.509220e-03 3.091369e-02
      vertex   -1.839720e-03 7.659254e-03 2.533639e-02
      vertex   -1.812465e-03 6.314294e-03 3.034958e-02
    endloop
  endfacet
  facet normal -1.581219e-01 9.872661e-01 -1.741076e-02
    outer loop
      vertex   -1.612755e-03 4.425269e-03 5.106692e-02
      vertex   -1.110223e-18 4.687649e-03 5.129821e-02
      vertex   -1.110223e-18 4.638359e-03 4.850327e-02
    endloop
  endfacet
  facet normal -1.252813e-01 9.921145e-01 3.651790e-03
    outer loop
      vertex   -1.612755e-03 4.425269e-03 5.106692e-02
      vertex   -1.110223e-18 4.638359e-03 4.850327e-02
      vertex   -1.667865e-03 4.429214e-03 4.810447e-02
    endloop
  endfacet
  facet normal -1.117155e-01 9.936771e-01 1.120078e-02
    outer loop
      vertex   -1.110223e-18 4.638359e-03 4.850327e-02
      vertex   -1.110223e-18 4.677975e-03 4.498876e-02
      vertex   -1.714755e-03 4.491165e-03 4.445883e-02
    endloop
  endfacet
  facet normal -1.287561e-01 9.915036e-01 1.850475e-02
    outer loop
      vertex   -1.110223e-18 4.638359e-03 4.850327e-02
      vertex   -1.714755e-03 4.491165e-03 4.445883e-02
      vertex   -1.667865e-03 4.429214e-03 4.810447e-02
    endloop
  endfacet
  facet normal -4.925793e-01 -8.620201e-01 1.195286e-01
    outer loop
      vertex   -4.467810e-03 -1.772816e-02 5.253765e-02
      vertex   -4.982310e-03 -1.777754e-02 5.006127e-02
      vertex   -1.645890e-03 -1.970001e-02 4.994614e-02
    endloop
  endfacet
  facet normal -5.312444e-01 -8.447748e-01 6.430390e-02
    outer loop
      vertex   -4.467810e-03 -1.772816e-02 5.253765e-02
      vertex   -1.645890e-03 -1.970001e-02 4.994614e-02
      vertex   -1.576710e-03 -1.955459e-02 5.242815e-02
    endloop
  endfacet
  facet normal -6.023891e-01 7.836123e-01 1.519181e-01
    outer loop
      vertex   -1.543335e-03 4.033574e-03 5.336259e-02
      vertex   -1.612755e-03 4.425269e-03 5.106692e-02
      vertex   -4.550160e-03 2.245169e-03 5.066467e-02
    endloop
  endfacet
  facet normal -6.639009e-01 6.932806e-01 2.803525e-01
    outer loop
      vertex   -1.543335e-03 4.033574e-03 5.336259e-02
      vertex   -4.550160e-03 2.245169e-03 5.066467e-02
      vertex   -4.299525e-03 1.519649e-03 5.305233e-02
    endloop
  endfacet
  facet normal -1.738261e-01 9.796061e-01 1.007792e-01
    outer loop
      vertex   -1.110223e-18 4.457099e-03 5.353923e-02
      vertex   -1.110223e-18 4.687649e-03 5.129821e-02
      vertex   -1.612755e-03 4.425269e-03 5.106692e-02
    endloop
  endfacet
  facet normal -2.788158e-01 9.452304e-01 1.697092e-01
    outer loop
      vertex   -1.110223e-18 4.457099e-03 5.353923e-02
      vertex   -1.612755e-03 4.425269e-03 5.106692e-02
      vertex   -1.543335e-03 4.033574e-03 5.336259e-02
    endloop
  endfacet
  facet normal 2.215144e-03 -9.999837e-01 5.263876e-03
    outer loop
      vertex   -2.533335e-04 -1.954134e-02 5.438737e-02
      vertex   -1.518781e-03 -1.954414e-02 5.438740e-02
      vertex   -1.576710e-03 -1.955459e-02 5.242815e-02
    endloop
  endfacet
  facet normal 1.582984e-03 -9.999825e-01 5.691880e-03
    outer loop
      vertex   -1.110223e-18 -1.954094e-02 5.438736e-02
      vertex   -2.533335e-04 -1.954134e-02 5.438737e-02
      vertex   -1.110223e-18 -1.955222e-02 5.240637e-02
    endloop
  endfacet
  facet normal 1.581722e-03 -9.999826e-01 5.691719e-03
    outer loop
      vertex   -1.110223e-18 -1.955222e-02 5.240637e-02
      vertex   -2.533335e-04 -1.954134e-02 5.438737e-02
      vertex   -1.576710e-03 -1.955459e-02 5.242815e-02
    endloop
  endfacet
  facet normal -8.182448e-01 4.799195e-01 3.164690e-01
    outer loop
      vertex   -5.283555e-03 3.072747e-04 5.323168e-02
      vertex   -5.769180e-03 1.037955e-03 5.086801e-02
      vertex   -6.942075e-03 -1.077210e-03 5.104305e-02
    endloop
  endfacet
  facet normal -8.298214e-01 4.279697e-01 3.581039e-01
    outer loop
      vertex   -5.283555e-03 3.072747e-04 5.323168e-02
      vertex   -6.942075e-03 -1.077210e-03 5.104305e-02
      vertex   -6.288750e-03 -1.723155e-03 5.332895e-02
    endloop
  endfacet
  facet normal 1.200212e-03 -9.982892e-01 5.845791e-02
    outer loop
      vertex   -1.576710e-03 -1.955459e-02 5.242815e-02
      vertex   -1.645890e-03 -1.970001e-02 4.994614e-02
      vertex   -1.110223e-18 -1.969883e-02 4.993258e-02
    endloop
  endfacet
  facet normal 2.317780e-03 -9.982457e-01 5.916148e-02
    outer loop
      vertex   -1.576710e-03 -1.955459e-02 5.242815e-02
      vertex   -1.110223e-18 -1.969883e-02 4.993258e-02
      vertex   -1.110223e-18 -1.955222e-02 5.240637e-02
    endloop
  endfacet
  facet normal -7.715747e-01 -6.043464e-01 1.985898e-01
    outer loop
      vertex   -5.454975e-03 -1.632891e-02 5.263328e-02
      vertex   -6.067800e-03 -1.635035e-02 5.018706e-02
      vertex   -4.982310e-03 -1.777754e-02 5.006127e-02
    endloop
  endfacet
  facet normal -7.984119e-01 -5.753990e-01 1.773539e-01
    outer loop
      vertex   -5.454975e-03 -1.632891e-02 5.263328e-02
      vertex   -4.982310e-03 -1.777754e-02 5.006127e-02
      vertex   -4.467810e-03 -1.772816e-02 5.253765e-02
    endloop
  endfacet
  facet normal -9.635537e-01 -1.595572e-01 2.147227e-01
    outer loop
      vertex   -7.300665e-03 -8.672986e-03 5.307117e-02
      vertex   -7.843830e-03 -8.360116e-03 5.086624e-02
      vertex   -7.022970e-03 -1.393163e-02 5.040969e-02
    endloop
  endfacet
  facet normal -9.540839e-01 -1.738408e-01 2.439328e-01
    outer loop
      vertex   -7.300665e-03 -8.672986e-03 5.307117e-02
      vertex   -7.022970e-03 -1.393163e-02 5.040969e-02
      vertex   -6.413940e-03 -1.400831e-02 5.273712e-02
    endloop
  endfacet
  facet normal -9.597462e-01 1.680135e-02 2.803656e-01
    outer loop
      vertex   -7.067220e-03 -4.711771e-03 5.330610e-02
      vertex   -7.705260e-03 -4.226746e-03 5.109289e-02
      vertex   -7.843830e-03 -8.360116e-03 5.086624e-02
    endloop
  endfacet
  facet normal -9.686723e-01 4.257608e-02 2.446655e-01
    outer loop
      vertex   -7.067220e-03 -4.711771e-03 5.330610e-02
      vertex   -7.843830e-03 -8.360116e-03 5.086624e-02
      vertex   -7.300665e-03 -8.672986e-03 5.307117e-02
    endloop
  endfacet
  facet normal -9.174221e-01 2.274736e-01 3.264849e-01
    outer loop
      vertex   -6.288750e-03 -1.723155e-03 5.332895e-02
      vertex   -6.942075e-03 -1.077210e-03 5.104305e-02
      vertex   -7.705260e-03 -4.226746e-03 5.109289e-02
    endloop
  endfacet
  facet normal -9.184886e-01 2.368253e-01 3.166899e-01
    outer loop
      vertex   -6.288750e-03 -1.723155e-03 5.332895e-02
      vertex   -7.705260e-03 -4.226746e-03 5.109289e-02
      vertex   -7.067220e-03 -4.711771e-03 5.330610e-02
    endloop
  endfacet
  facet normal -6.508054e-01 7.047465e-01 2.824619e-01
    outer loop
      vertex   -4.299525e-03 1.519649e-03 5.305233e-02
      vertex   -4.550160e-03 2.245169e-03 5.066467e-02
      vertex   -5.769180e-03 1.037955e-03 5.086801e-02
    endloop
  endfacet
  facet normal -7.058135e-01 6.228106e-01 3.375414e-01
    outer loop
      vertex   -4.299525e-03 1.519649e-03 5.305233e-02
      vertex   -5.769180e-03 1.037955e-03 5.086801e-02
      vertex   -5.283555e-03 3.072747e-04 5.323168e-02
    endloop
  endfacet
  facet normal -8.994944e-01 -3.757427e-01 2.229962e-01
    outer loop
      vertex   -6.413940e-03 -1.400831e-02 5.273712e-02
      vertex   -7.022970e-03 -1.393163e-02 5.040969e-02
      vertex   -6.067800e-03 -1.635035e-02 5.018706e-02
    endloop
  endfacet
  facet normal -8.962443e-01 -3.805593e-01 2.278611e-01
    outer loop
      vertex   -6.413940e-03 -1.400831e-02 5.273712e-02
      vertex   -6.067800e-03 -1.635035e-02 5.018706e-02
      vertex   -5.454975e-03 -1.632891e-02 5.263328e-02
    endloop
  endfacet
  facet normal -8.998984e-01 -4.205655e-01 -1.153582e-01
    outer loop
      vertex   -9.816975e-03 -8.374711e-03 -7.005054e-02
      vertex   -1.134565e-02 -4.864531e-03 -7.092264e-02
      vertex   -1.115310e-02 -4.238506e-03 -7.470707e-02
    endloop
  endfacet
  facet normal -9.158346e-01 -3.923073e-01 -8.568489e-02
    outer loop
      vertex   -9.816975e-03 -8.374711e-03 -7.005054e-02
      vertex   -1.115310e-02 -4.238506e-03 -7.470707e-02
      vertex   -9.716880e-03 -7.679746e-03 -7.430229e-02
    endloop
  endfacet
  facet normal -4.899419e-01 -8.591356e-01 1.477937e-01
    outer loop
      vertex   -1.645890e-03 -1.970001e-02 4.994614e-02
      vertex   -4.982310e-03 -1.777754e-02 5.006127e-02
      vertex   -5.437710e-03 -1.804310e-02 4.700787e-02
    endloop
  endfacet
  facet normal -4.450048e-01 -8.927200e-01 7.086430e-02
    outer loop
      vertex   -1.645890e-03 -1.970001e-02 4.994614e-02
      vertex   -5.437710e-03 -1.804310e-02 4.700787e-02
      vertex   -1.777275e-03 -1.987470e-02 4.692041e-02
    endloop
  endfacet
  facet normal 1.193074e-03 -9.983398e-01 5.758725e-02
    outer loop
      vertex   -1.110223e-18 -1.969883e-02 4.993258e-02
      vertex   -1.645890e-03 -1.970001e-02 4.994614e-02
      vertex   -1.777275e-03 -1.987470e-02 4.692041e-02
    endloop
  endfacet
  facet normal -5.289906e-04 -9.982814e-01 5.859991e-02
    outer loop
      vertex   -1.110223e-18 -1.969883e-02 4.993258e-02
      vertex   -1.777275e-03 -1.987470e-02 4.692041e-02
      vertex   -1.110223e-18 -1.987571e-02 4.691934e-02
    endloop
  endfacet
  facet normal 7.510104e-01 6.602753e-01 4.449097e-03
    outer loop
      vertex   1.520612e-03 4.054836e-03 5.404290e-02
      vertex   2.537786e-03 2.897768e-03 5.405979e-02
      vertex   1.543335e-03 4.033574e-03 5.336259e-02
    endloop
  endfacet
  facet normal 2.623002e-01 9.647492e-01 -2.139059e-02
    outer loop
      vertex   1.520612e-03 4.054836e-03 5.404290e-02
      vertex   1.543335e-03 4.033574e-03 5.336259e-02
      vertex   4.357401e-04 4.349700e-03 5.403860e-02
    endloop
  endfacet
  facet normal 2.623001e-01 9.647492e-01 -2.139080e-02
    outer loop
      vertex   4.357401e-04 4.349700e-03 5.403860e-02
      vertex   1.543335e-03 4.033574e-03 5.336259e-02
      vertex   -1.110223e-18 4.457099e-03 5.353923e-02
    endloop
  endfacet
  facet normal 4.488805e-01 8.698517e-01 -2.046080e-01
    outer loop
      vertex   -1.110223e-18 4.573791e-03 5.403532e-02
      vertex   4.357401e-04 4.349700e-03 5.403860e-02
      vertex   -1.110223e-18 4.457099e-03 5.353923e-02
    endloop
  endfacet
  facet normal -4.488805e-01 8.698517e-01 -2.046080e-01
    outer loop
      vertex   -4.357401e-04 4.349700e-03 5.403860e-02
      vertex   -1.110223e-18 4.573791e-03 5.403532e-02
      vertex   -1.110223e-18 4.457099e-03 5.353923e-02
    endloop
  endfacet
  facet normal -2.623002e-01 9.647492e-01 -2.139059e-02
    outer loop
      vertex   -1.520612e-03 4.054836e-03 5.404290e-02
      vertex   -4.357401e-04 4.349700e-03 5.403860e-02
      vertex   -1.543335e-03 4.033574e-03 5.336259e-02
    endloop
  endfacet
  facet normal -2.623001e-01 9.647492e-01 -2.139080e-02
    outer loop
      vertex   -1.543335e-03 4.033574e-03 5.336259e-02
      vertex   -4.357401e-04 4.349700e-03 5.403860e-02
      vertex   -1.110223e-18 4.457099e-03 5.353923e-02
    endloop
  endfacet
  facet normal -7.510104e-01 6.602753e-01 4.449097e-03
    outer loop
      vertex   -2.537786e-03 2.897768e-03 5.405979e-02
      vertex   -1.520612e-03 4.054836e-03 5.404290e-02
      vertex   -1.543335e-03 4.033574e-03 5.336259e-02
    endloop
  endfacet
  facet normal -6.723415e-01 7.123092e-01 2.014262e-01
    outer loop
      vertex   -2.537786e-03 2.897768e-03 5.405979e-02
      vertex   -1.543335e-03 4.033574e-03 5.336259e-02
      vertex   -2.625006e-03 2.815094e-03 5.406102e-02
    endloop
  endfacet
  facet normal -6.723614e-01 7.123024e-01 2.013837e-01
    outer loop
      vertex   -2.625006e-03 2.815094e-03 5.406102e-02
      vertex   -1.543335e-03 4.033574e-03 5.336259e-02
      vertex   -4.299525e-03 1.519649e-03 5.305233e-02
    endloop
  endfacet
  facet normal -6.723620e-01 7.123012e-01 2.013863e-01
    outer loop
      vertex   -2.625006e-03 2.815094e-03 5.406102e-02
      vertex   -4.299525e-03 1.519649e-03 5.305233e-02
      vertex   -4.173446e-03 1.347426e-03 5.408242e-02
    endloop
  endfacet
  facet normal -7.466189e-01 6.352311e-01 1.975895e-01
    outer loop
      vertex   -4.173446e-03 1.347426e-03 5.408242e-02
      vertex   -4.299525e-03 1.519649e-03 5.305233e-02
      vertex   -4.719480e-03 7.027133e-04 5.409184e-02
    endloop
  endfacet
  facet normal -7.466217e-01 6.352288e-01 1.975866e-01
    outer loop
      vertex   -4.719480e-03 7.027133e-04 5.409184e-02
      vertex   -4.299525e-03 1.519649e-03 5.305233e-02
      vertex   -5.283555e-03 3.072747e-04 5.323168e-02
    endloop
  endfacet
  facet normal -8.212462e-01 4.710222e-01 3.220137e-01
    outer loop
      vertex   -5.094134e-03 4.290807e-05 5.410147e-02
      vertex   -4.719480e-03 7.027133e-04 5.409184e-02
      vertex   -5.283555e-03 3.072747e-04 5.323168e-02
    endloop
  endfacet
  facet normal -8.789964e-01 3.679610e-01 3.032657e-01
    outer loop
      vertex   -5.465543e-03 -8.551297e-04 5.411458e-02
      vertex   -5.094134e-03 4.290807e-05 5.410147e-02
      vertex   -5.283555e-03 3.072747e-04 5.323168e-02
    endloop
  endfacet
  facet normal -8.180177e-01 4.236100e-01 3.891036e-01
    outer loop
      vertex   -6.036950e-03 -1.973546e-03 5.413090e-02
      vertex   -5.465543e-03 -8.551297e-04 5.411458e-02
      vertex   -6.288750e-03 -1.723155e-03 5.332895e-02
    endloop
  endfacet
  facet normal -8.180177e-01 4.236111e-01 3.891025e-01
    outer loop
      vertex   -6.288750e-03 -1.723155e-03 5.332895e-02
      vertex   -5.465543e-03 -8.551297e-04 5.411458e-02
      vertex   -5.283555e-03 3.072747e-04 5.323168e-02
    endloop
  endfacet
  facet normal -9.163645e-01 1.961914e-01 3.489772e-01
    outer loop
      vertex   -6.314766e-03 -3.305770e-03 5.415036e-02
      vertex   -6.036950e-03 -1.973546e-03 5.413090e-02
      vertex   -6.288750e-03 -1.723155e-03 5.332895e-02
    endloop
  endfacet
  facet normal -8.836335e-01 2.270356e-01 4.094467e-01
    outer loop
      vertex   -6.731853e-03 -4.972970e-03 5.417469e-02
      vertex   -6.314766e-03 -3.305770e-03 5.415036e-02
      vertex   -7.067220e-03 -4.711771e-03 5.330610e-02
    endloop
  endfacet
  facet normal -8.836342e-01 2.270373e-01 4.094444e-01
    outer loop
      vertex   -7.067220e-03 -4.711771e-03 5.330610e-02
      vertex   -6.314766e-03 -3.305770e-03 5.415036e-02
      vertex   -6.288750e-03 -1.723155e-03 5.332895e-02
    endloop
  endfacet
  facet normal -9.308889e-01 1.807642e-02 3.648549e-01
    outer loop
      vertex   -6.759146e-03 -6.965765e-03 5.420379e-02
      vertex   -6.731853e-03 -4.972970e-03 5.417469e-02
      vertex   -7.067220e-03 -4.711771e-03 5.330610e-02
    endloop
  endfacet
  facet normal -9.190639e-01 3.086101e-02 3.928985e-01
    outer loop
      vertex   -6.812121e-03 -8.903589e-03 5.423208e-02
      vertex   -6.759146e-03 -6.965765e-03 5.420379e-02
      vertex   -7.300665e-03 -8.672986e-03 5.307117e-02
    endloop
  endfacet
  facet normal -9.190640e-01 3.086129e-02 3.928981e-01
    outer loop
      vertex   -7.300665e-03 -8.672986e-03 5.307117e-02
      vertex   -6.759146e-03 -6.965765e-03 5.420379e-02
      vertex   -7.067220e-03 -4.711771e-03 5.330610e-02
    endloop
  endfacet
  facet normal -9.216532e-01 -1.490233e-01 3.582560e-01
    outer loop
      vertex   -6.399635e-03 -1.136819e-02 5.426805e-02
      vertex   -6.812121e-03 -8.903589e-03 5.423208e-02
      vertex   -7.300665e-03 -8.672986e-03 5.307117e-02
    endloop
  endfacet
  facet normal -9.345238e-01 -1.747296e-01 3.100561e-01
    outer loop
      vertex   -6.051451e-03 -1.318338e-02 5.429455e-02
      vertex   -6.399635e-03 -1.136819e-02 5.426805e-02
      vertex   -6.413940e-03 -1.400831e-02 5.273712e-02
    endloop
  endfacet
  facet normal -9.345235e-01 -1.747300e-01 3.100569e-01
    outer loop
      vertex   -6.413940e-03 -1.400831e-02 5.273712e-02
      vertex   -6.399635e-03 -1.136819e-02 5.426805e-02
      vertex   -7.300665e-03 -8.672986e-03 5.307117e-02
    endloop
  endfacet
  facet normal -8.761526e-01 -3.107373e-01 3.685091e-01
    outer loop
      vertex   -5.321435e-03 -1.520670e-02 5.432409e-02
      vertex   -6.051451e-03 -1.318338e-02 5.429455e-02
      vertex   -6.413940e-03 -1.400831e-02 5.273712e-02
    endloop
  endfacet
  facet normal -8.713636e-01 -3.742828e-01 3.172347e-01
    outer loop
      vertex   -5.061611e-03 -1.580421e-02 5.433280e-02
      vertex   -5.321435e-03 -1.520670e-02 5.432409e-02
      vertex   -5.454975e-03 -1.632891e-02 5.263328e-02
    endloop
  endfacet
  facet normal -8.713667e-01 -3.742780e-01 3.172318e-01
    outer loop
      vertex   -5.454975e-03 -1.632891e-02 5.263328e-02
      vertex   -5.321435e-03 -1.520670e-02 5.432409e-02
      vertex   -6.413940e-03 -1.400831e-02 5.273712e-02
    endloop
  endfacet
  facet normal -7.551520e-01 -5.564446e-01 3.465760e-01
    outer loop
      vertex   -5.061611e-03 -1.580421e-02 5.433280e-02
      vertex   -5.454975e-03 -1.632891e-02 5.263328e-02
      vertex   -4.824038e-03 -1.612372e-02 5.433747e-02
    endloop
  endfacet
  facet normal -7.551522e-01 -5.564442e-01 3.465761e-01
    outer loop
      vertex   -4.824038e-03 -1.612372e-02 5.433747e-02
      vertex   -5.454975e-03 -1.632891e-02 5.263328e-02
      vertex   -4.467810e-03 -1.772816e-02 5.253765e-02
    endloop
  endfacet
  facet normal -8.397383e-01 -4.771569e-01 2.591543e-01
    outer loop
      vertex   -4.054281e-03 -1.746774e-02 5.435709e-02
      vertex   -4.824038e-03 -1.612372e-02 5.433747e-02
      vertex   -4.467810e-03 -1.772816e-02 5.253765e-02
    endloop
  endfacet
  facet normal -5.127980e-01 -8.257921e-01 2.347460e-01
    outer loop
      vertex   -4.054281e-03 -1.746774e-02 5.435709e-02
      vertex   -4.467810e-03 -1.772816e-02 5.253765e-02
      vertex   -3.426732e-03 -1.785582e-02 5.436276e-02
    endloop
  endfacet
  facet normal -5.127971e-01 -8.257928e-01 2.347455e-01
    outer loop
      vertex   -3.426732e-03 -1.785582e-02 5.436276e-02
      vertex   -4.467810e-03 -1.772816e-02 5.253765e-02
      vertex   -1.576710e-03 -1.955459e-02 5.242815e-02
    endloop
  endfacet
  facet normal -6.393286e-06 -1.459857e-02 -9.998934e-01
    outer loop
      vertex   -1.110223e-18 4.573791e-03 5.403532e-02
      vertex   -4.357401e-04 4.349700e-03 5.403860e-02
      vertex   -2.625006e-03 4.573792e-03 5.403534e-02
    endloop
  endfacet
  facet normal -4.053532e-06 -1.457571e-02 -9.998938e-01
    outer loop
      vertex   -2.625006e-03 4.573792e-03 5.403534e-02
      vertex   -4.357401e-04 4.349700e-03 5.403860e-02
      vertex   -1.520612e-03 4.054836e-03 5.404290e-02
    endloop
  endfacet
  facet normal -1.018100e-05 -1.458875e-02 -9.998936e-01
    outer loop
      vertex   -2.625006e-03 4.573792e-03 5.403534e-02
      vertex   -1.520612e-03 4.054836e-03 5.404290e-02
      vertex   -2.537786e-03 2.897768e-03 5.405979e-02
    endloop
  endfacet
  facet normal -2.528926e-04 -1.460138e-02 -9.998934e-01
    outer loop
      vertex   -2.537786e-03 2.897768e-03 5.405979e-02
      vertex   -2.625006e-03 2.815094e-03 5.406102e-02
      vertex   -2.625006e-03 4.573792e-03 5.403534e-02
    endloop
  endfacet
  facet normal -3.682629e-06 -7.639120e-03 -9.999708e-01
    outer loop
      vertex   1.518781e-03 -1.954415e-02 5.438739e-02
      vertex   -1.518781e-03 -1.954414e-02 5.438740e-02
      vertex   2.533335e-04 -1.954134e-02 5.438737e-02
    endloop
  endfacet
  facet normal -0.000000e+00 -9.967110e-03 -9.999503e-01
    outer loop
      vertex   2.533335e-04 -1.954134e-02 5.438737e-02
      vertex   -1.518781e-03 -1.954414e-02 5.438740e-02
      vertex   -2.533335e-04 -1.954134e-02 5.438737e-02
    endloop
  endfacet
  facet normal -0.000000e+00 -4.177535e-02 -9.991270e-01
    outer loop
      vertex   2.533335e-04 -1.954134e-02 5.438737e-02
      vertex   -2.533335e-04 -1.954134e-02 5.438737e-02
      vertex   -1.110223e-18 -1.954094e-02 5.438736e-02
    endloop
  endfacet
  facet normal -1.197876e-04 -1.459200e-02 -9.998935e-01
    outer loop
      vertex   2.624994e-03 2.815111e-03 5.406099e-02
      vertex   2.537786e-03 2.897768e-03 5.405979e-02
      vertex   2.624994e-03 4.573791e-03 5.403532e-02
    endloop
  endfacet
  facet normal -5.727829e-07 -1.459820e-02 -9.998934e-01
    outer loop
      vertex   2.624994e-03 4.573791e-03 5.403532e-02
      vertex   2.537786e-03 2.897768e-03 5.405979e-02
      vertex   1.520612e-03 4.054836e-03 5.404290e-02
    endloop
  endfacet
  facet normal -1.515091e-06 -1.459620e-02 -9.998935e-01
    outer loop
      vertex   2.624994e-03 4.573791e-03 5.403532e-02
      vertex   1.520612e-03 4.054836e-03 5.404290e-02
      vertex   4.357401e-04 4.349700e-03 5.403860e-02
    endloop
  endfacet
  facet normal 6.357110e-20 -1.461100e-02 -9.998933e-01
    outer loop
      vertex   4.357401e-04 4.349700e-03 5.403860e-02
      vertex   -1.110223e-18 4.573791e-03 5.403532e-02
      vertex   2.624994e-03 4.573791e-03 5.403532e-02
    endloop
  endfacet
  facet normal -6.627279e-01 -7.487805e-01 1.093339e-02
    outer loop
      vertex   -1.518781e-03 -1.954414e-02 5.438740e-02
      vertex   -2.320620e-03 -1.796354e-02 1.140324e-01
      vertex   -2.625006e-03 -1.856526e-02 5.437312e-02
    endloop
  endfacet
  facet normal -6.627286e-01 -7.487799e-01 1.093338e-02
    outer loop
      vertex   -2.625006e-03 -1.856526e-02 5.437312e-02
      vertex   -2.320620e-03 -1.796354e-02 1.140324e-01
      vertex   -2.624750e-03 -1.764765e-02 1.172317e-01
    endloop
  endfacet
  facet normal 6.627254e-01 -7.487828e-01 1.092801e-02
    outer loop
      vertex   2.625251e-03 -1.764766e-02 1.172316e-01
      vertex   2.321106e-03 -1.796354e-02 1.140324e-01
      vertex   2.624994e-03 -1.856527e-02 5.437310e-02
    endloop
  endfacet
  facet normal 6.627281e-01 -7.487804e-01 1.092800e-02
    outer loop
      vertex   2.624994e-03 -1.856527e-02 5.437310e-02
      vertex   2.321106e-03 -1.796354e-02 1.140324e-01
      vertex   1.518781e-03 -1.954415e-02 5.438739e-02
    endloop
  endfacet
  facet normal 1.275638e-07 -9.996491e-01 2.649082e-02
    outer loop
      vertex   -2.320620e-03 -1.796354e-02 1.140324e-01
      vertex   -1.518781e-03 -1.954414e-02 5.438740e-02
      vertex   2.321106e-03 -1.796354e-02 1.140324e-01
    endloop
  endfacet
  facet normal -3.622757e-07 -9.996491e-01 2.649086e-02
    outer loop
      vertex   2.321106e-03 -1.796354e-02 1.140324e-01
      vertex   -1.518781e-03 -1.954414e-02 5.438740e-02
      vertex   1.518781e-03 -1.954415e-02 5.438739e-02
    endloop
  endfacet
  facet normal -1.000000e+00 5.955922e-08 4.080055e-06
    outer loop
      vertex   -2.625006e-03 -1.856526e-02 5.437312e-02
      vertex   -2.624750e-03 -1.764765e-02 1.172317e-01
      vertex   -2.625006e-03 2.815094e-03 5.406102e-02
    endloop
  endfacet
  facet normal -1.000000e+00 5.908370e-08 4.079901e-06
    outer loop
      vertex   -2.625006e-03 2.815094e-03 5.406102e-02
      vertex   -2.624750e-03 -1.764765e-02 1.172317e-01
      vertex   -2.624691e-03 1.525350e-02 1.310935e-01
    endloop
  endfacet
  facet normal -1.000000e+00 -2.358504e-08 4.093249e-06
    outer loop
      vertex   -2.625006e-03 2.815094e-03 5.406102e-02
      vertex   -2.624691e-03 1.525350e-02 1.310935e-01
      vertex   -2.624967e-03 9.937094e-03 6.361551e-02
    endloop
  endfacet
  facet normal -1.000000e+00 1.139530e-07 4.082413e-06
    outer loop
      vertex   -2.624967e-03 9.937094e-03 6.361551e-02
      vertex   -2.624691e-03 1.525350e-02 1.310935e-01
      vertex   -2.624943e-03 2.215700e-02 6.917729e-02
    endloop
  endfacet
  facet normal -1.000000e+00 6.711704e-08 4.060834e-06
    outer loop
      vertex   -2.624691e-03 1.525350e-02 1.310935e-01
      vertex   -2.624750e-03 -1.764765e-02 1.172317e-01
      vertex   -2.624565e-03 9.774059e-03 1.622314e-01
    endloop
  endfacet
  facet normal -1.000000e+00 8.202064e-09 4.096735e-06
    outer loop
      vertex   -2.624565e-03 9.774059e-03 1.622314e-01
      vertex   -2.624750e-03 -1.764765e-02 1.172317e-01
      vertex   -2.624603e-03 -1.410461e-02 1.531148e-01
    endloop
  endfacet
  facet normal -1.000000e+00 -1.754232e-10 4.118678e-06
    outer loop
      vertex   -2.624565e-03 9.774059e-03 1.622314e-01
      vertex   -2.624603e-03 -1.410461e-02 1.531148e-01
      vertex   -2.624484e-03 2.725568e-03 1.818612e-01
    endloop
  endfacet
  facet normal -1.000000e+00 1.034114e-07 4.058031e-06
    outer loop
      vertex   -2.624484e-03 2.725568e-03 1.818612e-01
      vertex   -2.624603e-03 -1.410461e-02 1.531148e-01
      vertex   -2.624419e-03 -6.784988e-03 1.980252e-01
    endloop
  endfacet
  facet normal -1.000000e+00 5.887586e-08 4.031782e-06
    outer loop
      vertex   -2.624967e-03 9.937094e-03 6.361551e-02
      vertex   -2.625006e-03 4.573792e-03 5.403534e-02
      vertex   -2.625006e-03 2.815094e-03 5.406102e-02
    endloop
  endfacet
  facet normal -0.000000e+00 8.618801e-01 5.071121e-01
    outer loop
      vertex   -2.624484e-03 2.725568e-03 1.818612e-01
      vertex   -2.624419e-03 -6.784988e-03 1.980252e-01
      vertex   2.625516e-03 2.725568e-03 1.818612e-01
    endloop
  endfacet
  facet normal 4.300116e-08 8.618801e-01 5.071122e-01
    outer loop
      vertex   2.625516e-03 2.725568e-03 1.818612e-01
      vertex   -2.624419e-03 -6.784988e-03 1.980252e-01
      vertex   2.625581e-03 -6.784989e-03 1.980252e-01
    endloop
  endfacet
  facet normal -4.924254e-08 -9.869772e-01 1.608602e-01
    outer loop
      vertex   -2.624419e-03 -6.784988e-03 1.980252e-01
      vertex   -2.624603e-03 -1.410461e-02 1.531148e-01
      vertex   2.625581e-03 -6.784989e-03 1.980252e-01
    endloop
  endfacet
  facet normal -2.626269e-07 -9.869772e-01 1.608602e-01
    outer loop
      vertex   2.625581e-03 -6.784989e-03 1.980252e-01
      vertex   -2.624603e-03 -1.410461e-02 1.531148e-01
      vertex   2.625398e-03 -1.410461e-02 1.531148e-01
    endloop
  endfacet
  facet normal 4.731650e-07 -9.951607e-01 9.826090e-02
    outer loop
      vertex   -2.320620e-03 -1.796354e-02 1.140324e-01
      vertex   2.321106e-03 -1.796354e-02 1.140324e-01
      vertex   -2.624750e-03 -1.764765e-02 1.172317e-01
    endloop
  endfacet
  facet normal 7.116944e-08 -9.951607e-01 9.826028e-02
    outer loop
      vertex   -2.624750e-03 -1.764765e-02 1.172317e-01
      vertex   2.321106e-03 -1.796354e-02 1.140324e-01
      vertex   2.625251e-03 -1.764766e-02 1.172316e-01
    endloop
  endfacet
  facet normal 7.117681e-08 -9.951607e-01 9.826054e-02
    outer loop
      vertex   -2.624750e-03 -1.764765e-02 1.172317e-01
      vertex   2.625251e-03 -1.764766e-02 1.172316e-01
      vertex   2.625398e-03 -1.410461e-02 1.531148e-01
    endloop
  endfacet
  facet normal -2.648045e-07 -9.951607e-01 9.826059e-02
    outer loop
      vertex   2.625398e-03 -1.410461e-02 1.531148e-01
      vertex   -2.624603e-03 -1.410461e-02 1.531148e-01
      vertex   -2.624750e-03 -1.764765e-02 1.172317e-01
    endloop
  endfacet
  facet normal 1.000000e+00 -5.956032e-08 -4.080063e-06
    outer loop
      vertex   2.624994e-03 -1.856527e-02 5.437310e-02
      vertex   2.624994e-03 2.815111e-03 5.406099e-02
      vertex   2.625251e-03 -1.764766e-02 1.172316e-01
    endloop
  endfacet
  facet normal 1.000000e+00 -5.906636e-08 -4.079903e-06
    outer loop
      vertex   2.625251e-03 -1.764766e-02 1.172316e-01
      vertex   2.624994e-03 2.815111e-03 5.406099e-02
      vertex   2.625309e-03 1.525350e-02 1.310935e-01
    endloop
  endfacet
  facet normal 1.000000e+00 -6.710218e-08 -4.060830e-06
    outer loop
      vertex   2.625251e-03 -1.764766e-02 1.172316e-01
      vertex   2.625309e-03 1.525350e-02 1.310935e-01
      vertex   2.625435e-03 9.774059e-03 1.622314e-01
    endloop
  endfacet
  facet normal 1.000000e+00 -5.910215e-08 -4.049881e-06
    outer loop
      vertex   2.624994e-03 4.573791e-03 5.403532e-02
      vertex   2.625033e-03 9.937094e-03 6.361550e-02
      vertex   2.624994e-03 2.815111e-03 5.406099e-02
    endloop
  endfacet
  facet normal 1.000000e+00 -7.699336e-09 -4.088197e-06
    outer loop
      vertex   2.624994e-03 2.815111e-03 5.406099e-02
      vertex   2.625033e-03 9.937094e-03 6.361550e-02
      vertex   2.625309e-03 1.525350e-02 1.310935e-01
    endloop
  endfacet
  facet normal 1.000000e+00 -1.003550e-07 -4.080897e-06
    outer loop
      vertex   2.625033e-03 9.937094e-03 6.361550e-02
      vertex   2.625057e-03 2.215700e-02 6.917727e-02
      vertex   2.625309e-03 1.525350e-02 1.310935e-01
    endloop
  endfacet
  facet normal 1.000000e+00 -8.208645e-09 -4.096718e-06
    outer loop
      vertex   2.625251e-03 -1.764766e-02 1.172316e-01
      vertex   2.625435e-03 9.774059e-03 1.622314e-01
      vertex   2.625398e-03 -1.410461e-02 1.531148e-01
    endloop
  endfacet
  facet normal 1.000000e+00 1.754232e-10 -4.118678e-06
    outer loop
      vertex   2.625398e-03 -1.410461e-02 1.531148e-01
      vertex   2.625435e-03 9.774059e-03 1.622314e-01
      vertex   2.625516e-03 2.725568e-03 1.818612e-01
    endloop
  endfacet
  facet normal 1.000000e+00 -1.034114e-07 -4.058031e-06
    outer loop
      vertex   2.625398e-03 -1.410461e-02 1.531148e-01
      vertex   2.625516e-03 2.725568e-03 1.818612e-01
      vertex   2.625581e-03 -6.784989e-03 1.980252e-01
    endloop
  endfacet
  facet normal -0.000000e+00 9.411663e-01 3.379439e-01
    outer loop
      vertex   -2.624565e-03 9.774059e-03 1.622314e-01
      vertex   -2.624484e-03 2.725568e-03 1.818612e-01
      vertex   2.625435e-03 9.774059e-03 1.622314e-01
    endloop
  endfacet
  facet normal 9.342083e-17 9.411663e-01 3.379439e-01
    outer loop
      vertex   2.625435e-03 9.774059e-03 1.622314e-01
      vertex   -2.624484e-03 2.725568e-03 1.818612e-01
      vertex   2.625516e-03 2.725568e-03 1.818612e-01
    endloop
  endfacet
  facet normal 3.689331e-07 9.848672e-01 1.733107e-01
    outer loop
      vertex   -2.624691e-03 1.525350e-02 1.310935e-01
      vertex   -2.624565e-03 9.774059e-03 1.622314e-01
      vertex   2.625309e-03 1.525350e-02 1.310935e-01
    endloop
  endfacet
  facet normal 7.583576e-18 9.848672e-01 1.733107e-01
    outer loop
      vertex   2.625309e-03 1.525350e-02 1.310935e-01
      vertex   -2.624565e-03 9.774059e-03 1.622314e-01
      vertex   2.625435e-03 9.774059e-03 1.622314e-01
    endloop
  endfacet
  facet normal 3.538303e-07 9.938415e-01 1.108107e-01
    outer loop
      vertex   -2.624943e-03 2.215700e-02 6.917729e-02
      vertex   -2.624691e-03 1.525350e-02 1.310935e-01
      vertex   2.625057e-03 2.215700e-02 6.917727e-02
    endloop
  endfacet
  facet normal 2.358869e-07 9.938415e-01 1.108107e-01
    outer loop
      vertex   2.625057e-03 2.215700e-02 6.917727e-02
      vertex   -2.624691e-03 1.525350e-02 1.310935e-01
      vertex   2.625309e-03 1.525350e-02 1.310935e-01
    endloop
  endfacet
  facet normal -1.937496e-06 4.142521e-01 -9.101622e-01
    outer loop
      vertex   -2.624967e-03 9.937094e-03 6.361551e-02
      vertex   -2.624943e-03 2.215700e-02 6.917729e-02
      vertex   2.625033e-03 9.937094e-03 6.361550e-02
    endloop
  endfacet
  facet normal -2.906245e-06 4.142518e-01 -9.101623e-01
    outer loop
      vertex   2.625033e-03 9.937094e-03 6.361550e-02
      vertex   -2.624943e-03 2.215700e-02 6.917729e-02
      vertex   2.625057e-03 2.215700e-02 6.917727e-02
    endloop
  endfacet
  facet normal -2.655246e-06 8.725679e-01 -4.884929e-01
    outer loop
      vertex   -2.625006e-03 4.573792e-03 5.403534e-02
      vertex   -2.624967e-03 9.937094e-03 6.361551e-02
      vertex   -1.110223e-18 4.573791e-03 5.403532e-02
    endloop
  endfacet
  facet normal -1.039872e-06 8.725680e-01 -4.884926e-01
    outer loop
      vertex   -1.110223e-18 4.573791e-03 5.403532e-02
      vertex   -2.624967e-03 9.937094e-03 6.361551e-02
      vertex   2.625033e-03 9.937094e-03 6.361550e-02
    endloop
  endfacet
  facet normal 0.000000e+00 8.725679e-01 -4.884928e-01
    outer loop
      vertex   -1.110223e-18 4.573791e-03 5.403532e-02
      vertex   2.625033e-03 9.937094e-03 6.361550e-02
      vertex   2.624994e-03 4.573791e-03 5.403532e-02
    endloop
  endfacet
endsolid
