# WaveFront *.obj file (generated by Autodesk ATF)

mtllib thumb_distal.mtl

g thumb_distal.obj

v -0.062560 -0.075960 -0.054293
v -0.062424 -0.075963 -0.055293
v -0.063075 -0.076013 -0.055293
v -0.063075 -0.076013 -0.054293
v -0.063691 -0.076230 -0.055293
v -0.063691 -0.076230 -0.054293
v -0.064229 -0.076599 -0.055293
v -0.064229 -0.076599 -0.054293
v -0.064654 -0.077094 -0.055293
v -0.064654 -0.077094 -0.054293
v -0.064936 -0.077683 -0.055293
v -0.064936 -0.077683 -0.054293
v -0.065056 -0.078325 -0.055293
v -0.065056 -0.078325 -0.054293
v -0.065006 -0.078975 -0.055293
v -0.065006 -0.078975 -0.054293
v -0.064789 -0.079591 -0.055293
v -0.064789 -0.079591 -0.054293
v -0.064420 -0.080129 -0.055293
v -0.064420 -0.080129 -0.054293
v -0.063925 -0.080554 -0.055293
v -0.063925 -0.080554 -0.054293
v -0.063336 -0.080836 -0.055293
v -0.063336 -0.080836 -0.054293
v -0.062695 -0.080956 -0.055293
v -0.062695 -0.080956 -0.054293
v -0.062044 -0.080906 -0.055293
v -0.062044 -0.080906 -0.054293
v -0.061428 -0.080689 -0.055293
v -0.061428 -0.080689 -0.054293
v -0.060890 -0.080320 -0.055293
v -0.060890 -0.080320 -0.054293
v -0.060465 -0.079825 -0.055293
v -0.060465 -0.079825 -0.054293
v -0.060183 -0.079236 -0.055293
v -0.060183 -0.079236 -0.054293
v -0.060063 -0.078595 -0.055293
v -0.060063 -0.078595 -0.054293
v -0.060060 -0.078460 -0.055293
v -0.060113 -0.077944 -0.054293
v -0.060699 -0.076790 -0.055293
v -0.060330 -0.077329 -0.054293
v -0.060330 -0.077329 -0.055293
v -0.060113 -0.077944 -0.055293
v -0.062424 -0.075963 -0.054293
v -0.061783 -0.076083 -0.054293
v -0.061783 -0.076083 -0.055293
v -0.061194 -0.076365 -0.054293
v -0.061194 -0.076365 -0.055293
v -0.060718 -0.076769 -0.054293
v -0.059560 -0.078460 -0.055293
v -0.059662 -0.079236 -0.055293
v -0.059961 -0.079960 -0.055293
v -0.060438 -0.080581 -0.055293
v -0.061060 -0.081058 -0.055293
v -0.061783 -0.081357 -0.055293
v -0.062560 -0.081460 -0.055293
v -0.063336 -0.081357 -0.055293
v -0.064060 -0.081058 -0.055293
v -0.064681 -0.080581 -0.055293
v -0.065158 -0.079960 -0.055293
v -0.065457 -0.079236 -0.055293
v -0.065560 -0.078460 -0.055293
v -0.065457 -0.077683 -0.055293
v -0.065158 -0.076960 -0.055293
v -0.064681 -0.076338 -0.055293
v -0.064060 -0.075862 -0.055293
v -0.063336 -0.075562 -0.055293
v -0.062560 -0.075460 -0.055293
v -0.061783 -0.075562 -0.055293
v -0.061060 -0.075862 -0.055293
v -0.060438 -0.076338 -0.055293
v -0.059961 -0.076960 -0.055293
v -0.059662 -0.077683 -0.055293
v -0.061550 -0.082227 -0.052393
v -0.061421 -0.082710 -0.051893
v -0.060610 -0.081837 -0.052393
v -0.060360 -0.082270 -0.051893
v -0.059802 -0.081217 -0.052393
v -0.059448 -0.081571 -0.051893
v -0.059182 -0.080410 -0.052393
v -0.058749 -0.080660 -0.051893
v -0.058792 -0.079469 -0.052393
v -0.058309 -0.079598 -0.051893
v -0.058660 -0.078460 -0.052393
v -0.058160 -0.078460 -0.051893
v -0.058792 -0.077450 -0.052393
v -0.058309 -0.077321 -0.051893
v -0.059182 -0.076510 -0.052393
v -0.058749 -0.076260 -0.051893
v -0.059802 -0.075702 -0.052393
v -0.059448 -0.075348 -0.051893
v -0.060610 -0.075082 -0.052393
v -0.060360 -0.074649 -0.051893
v -0.061550 -0.074693 -0.052393
v -0.061421 -0.074210 -0.051893
v -0.062560 -0.074560 -0.052393
v -0.062560 -0.074060 -0.051893
v -0.063569 -0.074693 -0.052393
v -0.063698 -0.074210 -0.051893
v -0.064510 -0.075082 -0.052393
v -0.064760 -0.074649 -0.051893
v -0.065317 -0.075702 -0.052393
v -0.065671 -0.075348 -0.051893
v -0.065937 -0.076510 -0.052393
v -0.066370 -0.076260 -0.051893
v -0.066327 -0.077450 -0.052393
v -0.066810 -0.077321 -0.051893
v -0.066460 -0.078460 -0.052393
v -0.066960 -0.078460 -0.051893
v -0.066327 -0.079469 -0.052393
v -0.066810 -0.079598 -0.051893
v -0.065937 -0.080410 -0.052393
v -0.066370 -0.080660 -0.051893
v -0.065317 -0.081217 -0.052393
v -0.065671 -0.081571 -0.051893
v -0.064510 -0.081837 -0.052393
v -0.064760 -0.082270 -0.051893
v -0.063569 -0.082227 -0.052393
v -0.063698 -0.082710 -0.051893
v -0.062560 -0.082360 -0.052393
v -0.062560 -0.082860 -0.051893
v -0.058660 -0.078460 -0.054793
v -0.058792 -0.077450 -0.054793
v -0.059182 -0.076510 -0.054793
v -0.059802 -0.075702 -0.054793
v -0.060610 -0.075082 -0.054793
v -0.061550 -0.074693 -0.054793
v -0.062560 -0.074560 -0.054793
v -0.063569 -0.074693 -0.054793
v -0.064510 -0.075082 -0.054793
v -0.065317 -0.075702 -0.054793
v -0.065937 -0.076510 -0.054793
v -0.066327 -0.077450 -0.054793
v -0.066460 -0.078460 -0.054793
v -0.066327 -0.079469 -0.054793
v -0.065937 -0.080410 -0.054793
v -0.065317 -0.081217 -0.054793
v -0.064510 -0.081837 -0.054793
v -0.063569 -0.082227 -0.054793
v -0.062560 -0.082360 -0.054793
v -0.061550 -0.082227 -0.054793
v -0.060610 -0.081837 -0.054793
v -0.059802 -0.081217 -0.054793
v -0.059182 -0.080410 -0.054793
v -0.058792 -0.079469 -0.054793
v -0.059961 -0.076960 -0.054793
v -0.060438 -0.076338 -0.054793
v -0.061060 -0.075862 -0.054793
v -0.061783 -0.075562 -0.054793
v -0.062560 -0.075460 -0.054793
v -0.063336 -0.075562 -0.054793
v -0.064060 -0.075862 -0.054793
v -0.064681 -0.076338 -0.054793
v -0.065158 -0.076960 -0.054793
v -0.065457 -0.077683 -0.054793
v -0.065560 -0.078460 -0.054793
v -0.065457 -0.079236 -0.054793
v -0.065158 -0.079960 -0.054793
v -0.064681 -0.080581 -0.054793
v -0.064060 -0.081058 -0.054793
v -0.063336 -0.081357 -0.054793
v -0.062560 -0.081460 -0.054793
v -0.061783 -0.081357 -0.054793
v -0.061060 -0.081058 -0.054793
v -0.060438 -0.080581 -0.054793
v -0.059961 -0.079960 -0.054793
v -0.059662 -0.079236 -0.054793
v -0.059560 -0.078460 -0.054793
v -0.059662 -0.077683 -0.054793
v -0.064589 -0.081718 -0.052243
v -0.065364 -0.081082 -0.052243
v -0.065347 -0.081067 -0.052367
v -0.064608 -0.081680 -0.052367
v -0.063677 -0.082133 -0.052243
v -0.063705 -0.082101 -0.052367
v -0.062688 -0.082297 -0.052243
v -0.062723 -0.082273 -0.052367
v -0.061691 -0.082199 -0.052243
v -0.061731 -0.082185 -0.052367
v -0.060752 -0.081847 -0.052243
v -0.060795 -0.081844 -0.052367
v -0.059937 -0.081264 -0.052243
v -0.059979 -0.081272 -0.052367
v -0.059953 -0.081247 -0.052367
v -0.059301 -0.080489 -0.052243
v -0.059339 -0.080508 -0.052367
v -0.058887 -0.079577 -0.052243
v -0.058919 -0.079605 -0.052367
v -0.058723 -0.078588 -0.052243
v -0.058746 -0.078623 -0.052367
v -0.058820 -0.077591 -0.052243
v -0.058834 -0.077631 -0.052367
v -0.059172 -0.076652 -0.052243
v -0.059175 -0.076695 -0.052367
v -0.059756 -0.075837 -0.052243
v -0.059747 -0.075879 -0.052367
v -0.059772 -0.075853 -0.052367
v -0.060530 -0.075201 -0.052243
v -0.060511 -0.075239 -0.052367
v -0.061442 -0.074787 -0.052243
v -0.061414 -0.074819 -0.052367
v -0.062431 -0.074623 -0.052243
v -0.062396 -0.074647 -0.052367
v -0.063429 -0.074720 -0.052243
v -0.063388 -0.074734 -0.052367
v -0.064367 -0.075073 -0.052243
v -0.064324 -0.075075 -0.052367
v -0.064356 -0.075092 -0.052367
v -0.065182 -0.075656 -0.052243
v -0.065140 -0.075648 -0.052367
v -0.065167 -0.075672 -0.052367
v -0.065818 -0.076430 -0.052243
v -0.065780 -0.076411 -0.052367
v -0.066233 -0.077343 -0.052243
v -0.066200 -0.077315 -0.052367
v -0.066397 -0.078331 -0.052243
v -0.066373 -0.078296 -0.052367
v -0.066299 -0.079329 -0.052243
v -0.066285 -0.079288 -0.052367
v -0.065947 -0.080267 -0.052243
v -0.065944 -0.080224 -0.052367
v -0.065927 -0.080256 -0.052367
v -0.065372 -0.081040 -0.052367
v -0.065993 -0.080292 -0.052128
v -0.066350 -0.079341 -0.052128
v -0.066449 -0.078329 -0.052128
v -0.066283 -0.077327 -0.052128
v -0.065863 -0.076402 -0.052128
v -0.065218 -0.075617 -0.052128
v -0.064392 -0.075026 -0.052128
v -0.063441 -0.074669 -0.052128
v -0.062429 -0.074570 -0.052128
v -0.061427 -0.074736 -0.052128
v -0.060502 -0.075156 -0.052128
v -0.059717 -0.075801 -0.052128
v -0.059126 -0.076628 -0.052128
v -0.058769 -0.077579 -0.052128
v -0.058670 -0.078590 -0.052128
v -0.058836 -0.079592 -0.052128
v -0.059256 -0.080517 -0.052128
v -0.059901 -0.081302 -0.052128
v -0.060727 -0.081893 -0.052128
v -0.061679 -0.082251 -0.052128
v -0.062690 -0.082349 -0.052128
v -0.063692 -0.082183 -0.052128
v -0.064617 -0.081763 -0.052128
v -0.065402 -0.081118 -0.052128
v -0.066064 -0.080329 -0.052030
v -0.066428 -0.079359 -0.052030
v -0.066529 -0.078327 -0.052030
v -0.066359 -0.077304 -0.052030
v -0.065931 -0.076360 -0.052030
v -0.065273 -0.075559 -0.052030
v -0.064429 -0.074955 -0.052030
v -0.063459 -0.074591 -0.052030
v -0.062427 -0.074490 -0.052030
v -0.061404 -0.074660 -0.052030
v -0.060460 -0.075088 -0.052030
v -0.059659 -0.075747 -0.052030
v -0.059055 -0.076590 -0.052030
v -0.058691 -0.077561 -0.052030
v -0.058590 -0.078593 -0.052030
v -0.058760 -0.079615 -0.052030
v -0.059188 -0.080560 -0.052030
v -0.059847 -0.081361 -0.052030
v -0.060690 -0.081964 -0.052030
v -0.061660 -0.082328 -0.052030
v -0.062692 -0.082429 -0.052030
v -0.063715 -0.082260 -0.052030
v -0.064659 -0.081831 -0.052030
v -0.065460 -0.081173 -0.052030
v -0.066154 -0.080377 -0.051956
v -0.066527 -0.079382 -0.051956
v -0.066631 -0.078323 -0.051956
v -0.066457 -0.077274 -0.051956
v -0.066017 -0.076306 -0.051956
v -0.065342 -0.075484 -0.051956
v -0.064477 -0.074866 -0.051956
v -0.063482 -0.074492 -0.051956
v -0.062423 -0.074388 -0.051956
v -0.061374 -0.074562 -0.051956
v -0.060406 -0.075002 -0.051956
v -0.059584 -0.075677 -0.051956
v -0.058966 -0.076542 -0.051956
v -0.058592 -0.077538 -0.051956
v -0.058488 -0.078596 -0.051956
v -0.058662 -0.079645 -0.051956
v -0.059102 -0.080613 -0.051956
v -0.060642 -0.082054 -0.051956
v -0.061637 -0.082428 -0.051956
v -0.062696 -0.082531 -0.051956
v -0.063745 -0.082357 -0.051956
v -0.064713 -0.081917 -0.051956
v -0.066257 -0.080432 -0.051909
v -0.066642 -0.079408 -0.051909
v -0.066748 -0.078319 -0.051909
v -0.066569 -0.077240 -0.051909
v -0.066117 -0.076244 -0.051909
v -0.065422 -0.075399 -0.051909
v -0.064532 -0.074762 -0.051909
v -0.063508 -0.074378 -0.051909
v -0.062419 -0.074271 -0.051909
v -0.061340 -0.074450 -0.051909
v -0.060344 -0.074902 -0.051909
v -0.059499 -0.075597 -0.051909
v -0.058862 -0.076487 -0.051909
v -0.058478 -0.077511 -0.051909
v -0.058371 -0.078600 -0.051909
v -0.058550 -0.079679 -0.051909
v -0.059002 -0.080675 -0.051909
v -0.059697 -0.081520 -0.051909
v -0.060587 -0.082157 -0.051909
v -0.061611 -0.082542 -0.051909
v -0.062700 -0.082648 -0.051909
v -0.063779 -0.082469 -0.051909
v -0.064775 -0.082017 -0.051909
v -0.065620 -0.081322 -0.051909
v -0.064841 -0.082123 -0.051893
v -0.065712 -0.081408 -0.051893
v -0.066367 -0.080491 -0.051893
v -0.066763 -0.079437 -0.051893
v -0.066873 -0.078315 -0.051893
v -0.066689 -0.077204 -0.051893
v -0.066223 -0.076178 -0.051893
v -0.065508 -0.075307 -0.051893
v -0.064591 -0.074652 -0.051893
v -0.063537 -0.074256 -0.051893
v -0.062415 -0.074146 -0.051893
v -0.061304 -0.074330 -0.051893
v -0.060278 -0.074796 -0.051893
v -0.059407 -0.075512 -0.051893
v -0.058752 -0.076428 -0.051893
v -0.058356 -0.077483 -0.051893
v -0.058246 -0.078604 -0.051893
v -0.058430 -0.079716 -0.051893
v -0.058896 -0.080742 -0.051893
v -0.059611 -0.081612 -0.051893
v -0.060528 -0.082268 -0.051893
v -0.061583 -0.082664 -0.051893
v -0.062704 -0.082773 -0.051893
v -0.063815 -0.082589 -0.051893
v -0.065280 -0.081004 -0.054119
v -0.065846 -0.080213 -0.054119
v -0.065862 -0.080182 -0.054119
v -0.066188 -0.079303 -0.054119
v -0.066282 -0.078335 -0.054119
v -0.066123 -0.077376 -0.054119
v -0.066113 -0.077342 -0.054119
v -0.065721 -0.076490 -0.054119
v -0.065104 -0.075739 -0.054119
v -0.064313 -0.075173 -0.054119
v -0.063403 -0.074832 -0.054119
v -0.062435 -0.074737 -0.054119
v -0.061476 -0.074896 -0.054119
v -0.061442 -0.074906 -0.054119
v -0.060590 -0.075298 -0.054119
v -0.059839 -0.075915 -0.054119
v -0.059273 -0.076706 -0.054119
v -0.058931 -0.077616 -0.054119
v -0.058924 -0.077651 -0.054119
v -0.058837 -0.078584 -0.054119
v -0.058996 -0.079543 -0.054119
v -0.059006 -0.079577 -0.054119
v -0.059398 -0.080429 -0.054119
v -0.059417 -0.080459 -0.054119
v -0.060015 -0.081180 -0.054119
v -0.060806 -0.081746 -0.054119
v -0.060837 -0.081762 -0.054119
v -0.061716 -0.082088 -0.054119
v -0.061751 -0.082096 -0.054119
v -0.062684 -0.082182 -0.054119
v -0.063643 -0.082023 -0.054119
v -0.063677 -0.082013 -0.054119
v -0.064529 -0.081621 -0.054119
v -0.064559 -0.081603 -0.054119
v -0.059293 -0.076717 -0.054243
v -0.058953 -0.077621 -0.054243
v -0.058859 -0.078583 -0.054243
v -0.059017 -0.079537 -0.054243
v -0.059417 -0.080417 -0.054243
v -0.060031 -0.081164 -0.054243
v -0.060817 -0.081726 -0.054243
v -0.061721 -0.082066 -0.054243
v -0.062683 -0.082160 -0.054243
v -0.063637 -0.082002 -0.054243
v -0.064517 -0.081602 -0.054243
v -0.065264 -0.080989 -0.054243
v -0.065826 -0.080203 -0.054243
v -0.066166 -0.079298 -0.054243
v -0.066260 -0.078336 -0.054243
v -0.066102 -0.077382 -0.054243
v -0.065702 -0.076502 -0.054243
v -0.065089 -0.075756 -0.054243
v -0.064303 -0.075193 -0.054243
v -0.063398 -0.074853 -0.054243
v -0.062436 -0.074759 -0.054243
v -0.061482 -0.074917 -0.054243
v -0.060602 -0.075317 -0.054243
v -0.059856 -0.075931 -0.054243
v -0.059714 -0.076941 -0.054593
v -0.060183 -0.076279 -0.054593
v -0.060112 -0.076171 -0.054577
v -0.060630 -0.075362 -0.054358
v -0.059894 -0.075967 -0.054358
v -0.060672 -0.075430 -0.054456
v -0.059952 -0.076021 -0.054456
v -0.060726 -0.075516 -0.054530
v -0.060027 -0.076091 -0.054530
v -0.060788 -0.075616 -0.054577
v -0.061498 -0.074968 -0.054358
v -0.061521 -0.075044 -0.054456
v -0.061551 -0.075142 -0.054530
v -0.061585 -0.075254 -0.054577
v -0.062438 -0.074812 -0.054358
v -0.062440 -0.074892 -0.054456
v -0.062444 -0.074994 -0.054530
v -0.062448 -0.075111 -0.054577
v -0.063386 -0.074905 -0.054358
v -0.063368 -0.074983 -0.054456
v -0.063345 -0.075082 -0.054530
v -0.063318 -0.075196 -0.054577
v -0.064278 -0.075240 -0.054358
v -0.064240 -0.075310 -0.054456
v -0.064192 -0.075400 -0.054530
v -0.064137 -0.075504 -0.054577
v -0.065052 -0.075794 -0.054358
v -0.064998 -0.075853 -0.054456
v -0.064928 -0.075927 -0.054530
v -0.064848 -0.076013 -0.054577
v -0.065657 -0.076530 -0.054358
v -0.065590 -0.076573 -0.054456
v -0.065503 -0.076626 -0.054530
v -0.065404 -0.076688 -0.054577
v -0.066051 -0.077398 -0.054358
v -0.065975 -0.077421 -0.054456
v -0.065877 -0.077451 -0.054530
v -0.065765 -0.077485 -0.054577
v -0.066207 -0.078338 -0.054358
v -0.066127 -0.078340 -0.054456
v -0.066026 -0.078344 -0.054530
v -0.065908 -0.078348 -0.054577
v -0.066114 -0.079286 -0.054358
v -0.066037 -0.079268 -0.054456
v -0.065937 -0.079245 -0.054530
v -0.065823 -0.079218 -0.054577
v -0.065779 -0.080178 -0.054358
v -0.065709 -0.080140 -0.054456
v -0.065619 -0.080092 -0.054530
v -0.065516 -0.080037 -0.054577
v -0.065225 -0.080953 -0.054358
v -0.065167 -0.080898 -0.054456
v -0.065092 -0.080829 -0.054530
v -0.065007 -0.080748 -0.054577
v -0.064489 -0.081558 -0.054358
v -0.064447 -0.081490 -0.054456
v -0.064393 -0.081403 -0.054530
v -0.064331 -0.081304 -0.054577
v -0.063621 -0.081951 -0.054358
v -0.063598 -0.081875 -0.054456
v -0.063569 -0.081778 -0.054530
v -0.063534 -0.081665 -0.054577
v -0.062682 -0.082107 -0.054358
v -0.062679 -0.082027 -0.054456
v -0.062675 -0.081926 -0.054530
v -0.062672 -0.081809 -0.054577
v -0.061733 -0.082014 -0.054358
v -0.061751 -0.081937 -0.054456
v -0.061774 -0.081838 -0.054530
v -0.061801 -0.081723 -0.054577
v -0.060841 -0.081680 -0.054358
v -0.060879 -0.081609 -0.054456
v -0.060927 -0.081519 -0.054530
v -0.060982 -0.081416 -0.054577
v -0.060067 -0.081125 -0.054358
v -0.060121 -0.081067 -0.054456
v -0.060191 -0.080992 -0.054530
v -0.060271 -0.080907 -0.054577
v -0.059462 -0.080389 -0.054358
v -0.059529 -0.080347 -0.054456
v -0.059616 -0.080293 -0.054530
v -0.059715 -0.080231 -0.054577
v -0.059068 -0.079522 -0.054358
v -0.059144 -0.079498 -0.054456
v -0.059242 -0.079469 -0.054530
v -0.059354 -0.079435 -0.054577
v -0.058912 -0.078582 -0.054358
v -0.058992 -0.078579 -0.054456
v -0.059094 -0.078576 -0.054530
v -0.059211 -0.078572 -0.054577
v -0.059005 -0.077633 -0.054358
v -0.059083 -0.077652 -0.054456
v -0.059182 -0.077675 -0.054530
v -0.059296 -0.077701 -0.054577
v -0.059340 -0.076742 -0.054358
v -0.059410 -0.076779 -0.054456
v -0.059500 -0.076827 -0.054530
v -0.059603 -0.076882 -0.054577
v -0.059418 -0.077729 -0.054593
v -0.059336 -0.078567 -0.054593
v -0.059474 -0.079398 -0.054593
v -0.059822 -0.080165 -0.054593
v -0.060356 -0.080815 -0.054593
v -0.061041 -0.081305 -0.054593
v -0.061829 -0.081601 -0.054593
v -0.062667 -0.081683 -0.054593
v -0.063498 -0.081546 -0.054593
v -0.064265 -0.081198 -0.054593
v -0.064915 -0.080663 -0.054593
v -0.065405 -0.079978 -0.054593
v -0.065701 -0.079190 -0.054593
v -0.065783 -0.078352 -0.054593
v -0.065646 -0.077521 -0.054593
v -0.065297 -0.076754 -0.054593
v -0.064763 -0.076104 -0.054593
v -0.064078 -0.075614 -0.054593
v -0.063290 -0.075318 -0.054593
v -0.062452 -0.075236 -0.054593
v -0.061621 -0.075374 -0.054593
v -0.060854 -0.075722 -0.054593
v -0.060496 -0.076567 -0.054593
v -0.060063 -0.077193 -0.054593
v -0.059820 -0.077882 -0.054593
v -0.059764 -0.078611 -0.054593
v -0.059898 -0.079330 -0.054593
v -0.060214 -0.079989 -0.054593
v -0.060690 -0.080544 -0.054593
v -0.061293 -0.080957 -0.054593
v -0.061982 -0.081199 -0.054593
v -0.062711 -0.081256 -0.054593
v -0.063429 -0.081121 -0.054593
v -0.064089 -0.080805 -0.054593
v -0.064644 -0.080330 -0.054593
v -0.065057 -0.079727 -0.054593
v -0.065299 -0.079037 -0.054593
v -0.065355 -0.078308 -0.054593
v -0.065221 -0.077590 -0.054593
v -0.064905 -0.076931 -0.054593
v -0.064429 -0.076376 -0.054593
v -0.063826 -0.075963 -0.054593
v -0.063137 -0.075720 -0.054593
v -0.062408 -0.075664 -0.054593
v -0.061690 -0.075798 -0.054593
v -0.061030 -0.076114 -0.054593
v -0.054860 -0.073960 -0.073443
v -0.054860 -0.073960 -0.074093
v -0.054836 -0.073779 -0.073443
v -0.054836 -0.073779 -0.074093
v -0.054766 -0.073610 -0.073443
v -0.054766 -0.073610 -0.074093
v -0.054655 -0.073465 -0.073443
v -0.054655 -0.073465 -0.074093
v -0.054510 -0.073353 -0.073443
v -0.054510 -0.073353 -0.074093
v -0.054341 -0.073284 -0.073443
v -0.054341 -0.073284 -0.074093
v -0.054160 -0.073260 -0.073443
v -0.054160 -0.073260 -0.074093
v -0.053978 -0.073284 -0.073443
v -0.053978 -0.073284 -0.074093
v -0.053810 -0.073353 -0.073443
v -0.053810 -0.073353 -0.074093
v -0.053665 -0.073465 -0.073443
v -0.053665 -0.073465 -0.074093
v -0.053553 -0.073610 -0.073443
v -0.053553 -0.073610 -0.074093
v -0.053483 -0.073779 -0.073443
v -0.053483 -0.073779 -0.074093
v -0.053460 -0.073960 -0.073443
v -0.053460 -0.073960 -0.074093
v -0.053483 -0.074141 -0.073443
v -0.053483 -0.074141 -0.074093
v -0.053553 -0.074310 -0.073443
v -0.053553 -0.074310 -0.074093
v -0.053665 -0.074455 -0.073443
v -0.053665 -0.074455 -0.074093
v -0.053810 -0.074566 -0.073443
v -0.053810 -0.074566 -0.074093
v -0.053978 -0.074636 -0.073443
v -0.053978 -0.074636 -0.074093
v -0.054160 -0.074660 -0.073443
v -0.054160 -0.074660 -0.074093
v -0.054341 -0.074636 -0.073443
v -0.054341 -0.074636 -0.074093
v -0.054510 -0.074566 -0.073443
v -0.054510 -0.074566 -0.074093
v -0.054655 -0.074455 -0.073443
v -0.054655 -0.074455 -0.074093
v -0.054766 -0.074310 -0.073443
v -0.054766 -0.074310 -0.074093
v -0.054836 -0.074141 -0.073443
v -0.054836 -0.074141 -0.074093
v -0.054160 -0.073960 -0.074093
v -0.054160 -0.073960 -0.073443
v -0.058360 -0.101360 -0.073443
v -0.058360 -0.101360 -0.074093
v -0.058336 -0.101179 -0.073443
v -0.058336 -0.101179 -0.074093
v -0.058266 -0.101010 -0.073443
v -0.058266 -0.101010 -0.074093
v -0.058155 -0.100865 -0.073443
v -0.058155 -0.100865 -0.074093
v -0.058010 -0.100753 -0.073443
v -0.058010 -0.100753 -0.074093
v -0.057841 -0.100684 -0.073443
v -0.057841 -0.100684 -0.074093
v -0.057660 -0.100660 -0.073443
v -0.057660 -0.100660 -0.074093
v -0.057478 -0.100684 -0.073443
v -0.057478 -0.100684 -0.074093
v -0.057310 -0.100753 -0.073443
v -0.057310 -0.100753 -0.074093
v -0.057165 -0.100865 -0.073443
v -0.057165 -0.100865 -0.074093
v -0.057053 -0.101010 -0.073443
v -0.057053 -0.101010 -0.074093
v -0.056983 -0.101179 -0.073443
v -0.056983 -0.101179 -0.074093
v -0.056960 -0.101360 -0.073443
v -0.056960 -0.101360 -0.074093
v -0.056983 -0.101541 -0.073443
v -0.056983 -0.101541 -0.074093
v -0.057053 -0.101710 -0.073443
v -0.057053 -0.101710 -0.074093
v -0.057165 -0.101855 -0.073443
v -0.057165 -0.101855 -0.074093
v -0.057310 -0.101966 -0.073443
v -0.057310 -0.101966 -0.074093
v -0.057478 -0.102036 -0.073443
v -0.057478 -0.102036 -0.074093
v -0.057660 -0.102060 -0.073443
v -0.057660 -0.102060 -0.074093
v -0.057841 -0.102036 -0.073443
v -0.057841 -0.102036 -0.074093
v -0.058010 -0.101966 -0.073443
v -0.058010 -0.101966 -0.074093
v -0.058155 -0.101855 -0.073443
v -0.058155 -0.101855 -0.074093
v -0.058266 -0.101710 -0.073443
v -0.058266 -0.101710 -0.074093
v -0.058336 -0.101541 -0.073443
v -0.058336 -0.101541 -0.074093
v -0.057660 -0.101360 -0.074093
v -0.057660 -0.101360 -0.073443
v -0.054160 -0.105960 -0.071986
v -0.054352 -0.105960 -0.072066
v -0.054560 -0.105960 -0.071293
v -0.054560 -0.105960 -0.072093
v -0.054767 -0.105960 -0.072066
v -0.053787 -0.105960 -0.071500
v -0.053867 -0.105960 -0.071693
v -0.053994 -0.105960 -0.071859
v -0.053867 -0.105960 -0.070893
v -0.053787 -0.105960 -0.071086
v -0.053760 -0.105960 -0.071293
v -0.054352 -0.105960 -0.070520
v -0.054160 -0.105960 -0.070600
v -0.053994 -0.105960 -0.070727
v -0.054960 -0.105960 -0.070600
v -0.054767 -0.105960 -0.070520
v -0.054560 -0.105960 -0.070493
v -0.055332 -0.105960 -0.071086
v -0.055252 -0.105960 -0.070893
v -0.055125 -0.105960 -0.070727
v -0.055252 -0.105960 -0.071693
v -0.055332 -0.105960 -0.071500
v -0.055360 -0.105960 -0.071293
v -0.054960 -0.105960 -0.071986
v -0.055125 -0.105960 -0.071859
v -0.053760 -0.102960 -0.071293
v -0.053787 -0.102960 -0.071500
v -0.053867 -0.102960 -0.071693
v -0.053994 -0.102960 -0.071859
v -0.054160 -0.102960 -0.071986
v -0.054352 -0.102960 -0.072066
v -0.054560 -0.102960 -0.072093
v -0.054767 -0.102960 -0.072066
v -0.054960 -0.102960 -0.071986
v -0.055125 -0.102960 -0.071859
v -0.055252 -0.102960 -0.071693
v -0.055332 -0.102960 -0.071500
v -0.055360 -0.102960 -0.071293
v -0.055332 -0.102960 -0.071086
v -0.055252 -0.102960 -0.070893
v -0.055125 -0.102960 -0.070727
v -0.054960 -0.102960 -0.070600
v -0.054767 -0.102960 -0.070520
v -0.054560 -0.102960 -0.070493
v -0.054352 -0.102960 -0.070520
v -0.054160 -0.102960 -0.070600
v -0.053994 -0.102960 -0.070727
v -0.053867 -0.102960 -0.070893
v -0.053787 -0.102960 -0.071086
v -0.054560 -0.102960 -0.071293
v -0.070960 -0.102960 -0.071986
v -0.070767 -0.102960 -0.072066
v -0.070560 -0.102960 -0.071293
v -0.070560 -0.102960 -0.072093
v -0.070352 -0.102960 -0.072066
v -0.071332 -0.102960 -0.071500
v -0.071252 -0.102960 -0.071693
v -0.071125 -0.102960 -0.071859
v -0.071252 -0.102960 -0.070893
v -0.071332 -0.102960 -0.071086
v -0.071360 -0.102960 -0.071293
v -0.070767 -0.102960 -0.070520
v -0.070960 -0.102960 -0.070600
v -0.071125 -0.102960 -0.070727
v -0.070160 -0.102960 -0.070600
v -0.070352 -0.102960 -0.070520
v -0.070560 -0.102960 -0.070493
v -0.069787 -0.102960 -0.071086
v -0.069867 -0.102960 -0.070893
v -0.069994 -0.102960 -0.070727
v -0.069867 -0.102960 -0.071693
v -0.069787 -0.102960 -0.071500
v -0.069760 -0.102960 -0.071293
v -0.070160 -0.102960 -0.071986
v -0.069994 -0.102960 -0.071859
v -0.069760 -0.105960 -0.071293
v -0.069787 -0.105960 -0.071500
v -0.069867 -0.105960 -0.071693
v -0.069994 -0.105960 -0.071859
v -0.070160 -0.105960 -0.071986
v -0.070352 -0.105960 -0.072066
v -0.070560 -0.105960 -0.072093
v -0.070767 -0.105960 -0.072066
v -0.070960 -0.105960 -0.071986
v -0.071125 -0.105960 -0.071859
v -0.071252 -0.105960 -0.071693
v -0.071332 -0.105960 -0.071500
v -0.071360 -0.105960 -0.071293
v -0.071332 -0.105960 -0.071086
v -0.071252 -0.105960 -0.070893
v -0.071125 -0.105960 -0.070727
v -0.070960 -0.105960 -0.070600
v -0.070767 -0.105960 -0.070520
v -0.070560 -0.105960 -0.070493
v -0.070352 -0.105960 -0.070520
v -0.070160 -0.105960 -0.070600
v -0.069994 -0.105960 -0.070727
v -0.069867 -0.105960 -0.070893
v -0.069787 -0.105960 -0.071086
v -0.070560 -0.105960 -0.071293
v -0.059661 -0.076989 -0.073593
v -0.059658 -0.076785 -0.073593
v -0.059379 -0.077789 -0.073593
v -0.059324 -0.077593 -0.073593
v -0.059314 -0.078635 -0.073593
v -0.059210 -0.078460 -0.073593
v -0.059470 -0.079469 -0.073593
v -0.059324 -0.079327 -0.073593
v -0.059837 -0.080234 -0.073593
v -0.059658 -0.080135 -0.073593
v -0.060389 -0.080879 -0.073593
v -0.060191 -0.080828 -0.073593
v -0.061089 -0.081358 -0.073593
v -0.060885 -0.081361 -0.073593
v -0.061889 -0.081640 -0.073593
v -0.061692 -0.081696 -0.073593
v -0.062735 -0.081705 -0.073593
v -0.062560 -0.081810 -0.073593
v -0.063569 -0.081549 -0.073593
v -0.063427 -0.081696 -0.073593
v -0.064334 -0.081182 -0.073593
v -0.064235 -0.081361 -0.073593
v -0.064979 -0.080630 -0.073593
v -0.064928 -0.080828 -0.073593
v -0.065458 -0.079930 -0.073593
v -0.065461 -0.080135 -0.073593
v -0.065740 -0.079130 -0.073593
v -0.065795 -0.079327 -0.073593
v -0.065805 -0.078284 -0.073593
v -0.065910 -0.078460 -0.073593
v -0.065649 -0.077450 -0.073593
v -0.065795 -0.077593 -0.073593
v -0.065282 -0.076685 -0.073593
v -0.065461 -0.076785 -0.073593
v -0.064730 -0.076041 -0.073593
v -0.064928 -0.076091 -0.073593
v -0.064030 -0.075561 -0.073593
v -0.064235 -0.075558 -0.073593
v -0.063230 -0.075280 -0.073593
v -0.063427 -0.075224 -0.073593
v -0.062384 -0.075214 -0.073593
v -0.062560 -0.075110 -0.073593
v -0.061550 -0.075370 -0.073593
v -0.061692 -0.075224 -0.073593
v -0.060785 -0.075737 -0.073593
v -0.060885 -0.075558 -0.073593
v -0.060141 -0.076289 -0.073593
v -0.060191 -0.076091 -0.073593
v -0.065910 -0.078460 -0.074593
v -0.065795 -0.077593 -0.074593
v -0.065461 -0.076785 -0.074593
v -0.064928 -0.076091 -0.074593
v -0.064235 -0.075558 -0.074593
v -0.063427 -0.075224 -0.074593
v -0.062560 -0.075110 -0.074593
v -0.061692 -0.075224 -0.074593
v -0.060885 -0.075558 -0.074593
v -0.060191 -0.076091 -0.074593
v -0.059658 -0.076785 -0.074593
v -0.059324 -0.077593 -0.074593
v -0.059210 -0.078460 -0.074593
v -0.059324 -0.079327 -0.074593
v -0.059658 -0.080135 -0.074593
v -0.060191 -0.080828 -0.074593
v -0.060885 -0.081361 -0.074593
v -0.061692 -0.081696 -0.074593
v -0.062560 -0.081810 -0.074593
v -0.063427 -0.081696 -0.074593
v -0.064235 -0.081361 -0.074593
v -0.064928 -0.080828 -0.074593
v -0.065461 -0.080135 -0.074593
v -0.065795 -0.079327 -0.074593
v -0.066041 -0.079154 -0.074793
v -0.066110 -0.078460 -0.074793
v -0.066102 -0.078229 -0.074793
v -0.065922 -0.077320 -0.074793
v -0.065512 -0.076489 -0.074793
v -0.064901 -0.075792 -0.074793
v -0.064131 -0.075277 -0.074793
v -0.063254 -0.074978 -0.074793
v -0.062329 -0.074917 -0.074793
v -0.061420 -0.075098 -0.074793
v -0.060589 -0.075507 -0.074793
v -0.059892 -0.076118 -0.074793
v -0.059376 -0.076888 -0.074793
v -0.059078 -0.077765 -0.074793
v -0.059017 -0.078690 -0.074793
v -0.059197 -0.079599 -0.074793
v -0.059607 -0.080431 -0.074793
v -0.060218 -0.081128 -0.074793
v -0.060988 -0.081643 -0.074793
v -0.061865 -0.081941 -0.074793
v -0.062790 -0.082002 -0.074793
v -0.063699 -0.081822 -0.074793
v -0.064530 -0.081412 -0.074793
v -0.065227 -0.080802 -0.074793
v -0.065743 -0.080031 -0.074793
v -0.065483 -0.079903 -0.074571
v -0.065010 -0.080610 -0.074571
v -0.065002 -0.080604 -0.074493
v -0.065458 -0.079930 -0.074493
v -0.065757 -0.079097 -0.074571
v -0.065740 -0.079130 -0.074493
v -0.065813 -0.078248 -0.074571
v -0.065805 -0.078284 -0.074493
v -0.065803 -0.078249 -0.074493
v -0.065647 -0.077413 -0.074571
v -0.065649 -0.077450 -0.074493
v -0.065271 -0.076650 -0.074571
v -0.065282 -0.076685 -0.074493
v -0.064710 -0.076010 -0.074571
v -0.064730 -0.076041 -0.074493
v -0.064003 -0.075536 -0.074571
v -0.064030 -0.075561 -0.074493
v -0.063998 -0.075546 -0.074493
v -0.063197 -0.075262 -0.074571
v -0.063230 -0.075280 -0.074493
v -0.062348 -0.075206 -0.074571
v -0.062384 -0.075214 -0.074493
v -0.062349 -0.075217 -0.074493
v -0.061513 -0.075372 -0.074571
v -0.061550 -0.075370 -0.074493
v -0.061516 -0.075382 -0.074493
v -0.060750 -0.075748 -0.074571
v -0.060785 -0.075737 -0.074493
v -0.060755 -0.075757 -0.074493
v -0.060109 -0.076309 -0.074571
v -0.060141 -0.076289 -0.074493
v -0.059636 -0.077016 -0.074571
v -0.059661 -0.076989 -0.074493
v -0.059645 -0.077021 -0.074493
v -0.059362 -0.077822 -0.074571
v -0.059379 -0.077789 -0.074493
v -0.059306 -0.078671 -0.074571
v -0.059314 -0.078635 -0.074493
v -0.059316 -0.078671 -0.074493
v -0.059472 -0.079506 -0.074571
v -0.059470 -0.079469 -0.074493
v -0.059848 -0.080270 -0.074571
v -0.059837 -0.080234 -0.074493
v -0.059856 -0.080264 -0.074493
v -0.060409 -0.080910 -0.074571
v -0.060389 -0.080879 -0.074493
v -0.061116 -0.081383 -0.074571
v -0.061089 -0.081358 -0.074493
v -0.061922 -0.081657 -0.074571
v -0.061889 -0.081640 -0.074493
v -0.062771 -0.081713 -0.074571
v -0.062735 -0.081705 -0.074493
v -0.062771 -0.081703 -0.074493
v -0.063606 -0.081547 -0.074571
v -0.063569 -0.081549 -0.074493
v -0.064370 -0.081171 -0.074571
v -0.064334 -0.081182 -0.074493
v -0.064364 -0.081163 -0.074493
v -0.063616 -0.081576 -0.074643
v -0.059443 -0.079516 -0.074643
v -0.059333 -0.077816 -0.074643
v -0.060733 -0.075723 -0.074643
v -0.061503 -0.075344 -0.074643
v -0.063203 -0.075233 -0.074643
v -0.065676 -0.077404 -0.074643
v -0.064413 -0.081236 -0.074705
v -0.063631 -0.081621 -0.074705
v -0.062776 -0.081791 -0.074705
v -0.061907 -0.081733 -0.074705
v -0.061082 -0.081453 -0.074705
v -0.060358 -0.080968 -0.074705
v -0.059783 -0.080313 -0.074705
v -0.059398 -0.079531 -0.074705
v -0.059229 -0.078676 -0.074705
v -0.059286 -0.077807 -0.074705
v -0.059567 -0.076982 -0.074705
v -0.060051 -0.076258 -0.074705
v -0.060706 -0.075683 -0.074705
v -0.061488 -0.075298 -0.074705
v -0.062343 -0.075129 -0.074705
v -0.063212 -0.075186 -0.074705
v -0.064037 -0.075467 -0.074705
v -0.064762 -0.075951 -0.074705
v -0.065336 -0.076607 -0.074705
v -0.065721 -0.077388 -0.074705
v -0.065890 -0.078243 -0.074705
v -0.065833 -0.079112 -0.074705
v -0.065552 -0.079937 -0.074705
v -0.065068 -0.080662 -0.074705
v -0.064447 -0.081288 -0.074753
v -0.063651 -0.081680 -0.074753
v -0.062780 -0.081853 -0.074753
v -0.061895 -0.081794 -0.074753
v -0.061054 -0.081508 -0.074753
v -0.060317 -0.081015 -0.074753
v -0.059732 -0.080347 -0.074753
v -0.059339 -0.079551 -0.074753
v -0.059167 -0.078680 -0.074753
v -0.059225 -0.077795 -0.074753
v -0.059511 -0.076954 -0.074753
v -0.060004 -0.076217 -0.074753
v -0.060672 -0.075632 -0.074753
v -0.061468 -0.075240 -0.074753
v -0.062339 -0.075067 -0.074753
v -0.063224 -0.075125 -0.074753
v -0.064065 -0.075411 -0.074753
v -0.064803 -0.075904 -0.074753
v -0.065387 -0.076572 -0.074753
v -0.065780 -0.077368 -0.074753
v -0.065952 -0.078239 -0.074753
v -0.065894 -0.079125 -0.074753
v -0.065608 -0.079965 -0.074753
v -0.065115 -0.080703 -0.074753
v -0.064487 -0.081348 -0.074783
v -0.060269 -0.081069 -0.074783
v -0.059671 -0.080387 -0.074783
v -0.059095 -0.078685 -0.074783
v -0.060632 -0.075572 -0.074783
v -0.061445 -0.075171 -0.074783
v -0.062334 -0.074995 -0.074783
v -0.064850 -0.075850 -0.074783
v -0.065448 -0.076532 -0.074783
v -0.065848 -0.077345 -0.074783
v -0.065965 -0.079139 -0.074783
v -0.070260 -0.097860 -0.073443
v -0.070260 -0.097860 -0.074093
v -0.070283 -0.098041 -0.073443
v -0.070283 -0.098041 -0.074093
v -0.070353 -0.098210 -0.073443
v -0.070353 -0.098210 -0.074093
v -0.070465 -0.098355 -0.073443
v -0.070465 -0.098355 -0.074093
v -0.070610 -0.098466 -0.073443
v -0.070610 -0.098466 -0.074093
v -0.070778 -0.098536 -0.073443
v -0.070778 -0.098536 -0.074093
v -0.070960 -0.098560 -0.073443
v -0.070960 -0.098560 -0.074093
v -0.071141 -0.098536 -0.073443
v -0.071141 -0.098536 -0.074093
v -0.071310 -0.098466 -0.073443
v -0.071310 -0.098466 -0.074093
v -0.071455 -0.098355 -0.073443
v -0.071455 -0.098355 -0.074093
v -0.071566 -0.098210 -0.073443
v -0.071566 -0.098210 -0.074093
v -0.071636 -0.098041 -0.073443
v -0.071636 -0.098041 -0.074093
v -0.071660 -0.097860 -0.073443
v -0.071660 -0.097860 -0.074093
v -0.071636 -0.097679 -0.073443
v -0.071636 -0.097679 -0.074093
v -0.071566 -0.097510 -0.073443
v -0.071566 -0.097510 -0.074093
v -0.071455 -0.097365 -0.073443
v -0.071455 -0.097365 -0.074093
v -0.071310 -0.097253 -0.073443
v -0.071310 -0.097253 -0.074093
v -0.071141 -0.097184 -0.073443
v -0.071141 -0.097184 -0.074093
v -0.070960 -0.097160 -0.073443
v -0.070960 -0.097160 -0.074093
v -0.070778 -0.097184 -0.073443
v -0.070778 -0.097184 -0.074093
v -0.070610 -0.097253 -0.073443
v -0.070610 -0.097253 -0.074093
v -0.070465 -0.097365 -0.073443
v -0.070465 -0.097365 -0.074093
v -0.070353 -0.097510 -0.073443
v -0.070353 -0.097510 -0.074093
v -0.070283 -0.097679 -0.073443
v -0.070283 -0.097679 -0.074093
v -0.070960 -0.097860 -0.074093
v -0.070960 -0.097860 -0.073443
v -0.071310 -0.074566 -0.074093
v -0.071141 -0.074636 -0.074093
v -0.070960 -0.073960 -0.074093
v -0.070960 -0.074660 -0.074093
v -0.070778 -0.074636 -0.074093
v -0.071636 -0.074141 -0.074093
v -0.071566 -0.074310 -0.074093
v -0.071455 -0.074455 -0.074093
v -0.071566 -0.073610 -0.074093
v -0.071636 -0.073779 -0.074093
v -0.071660 -0.073960 -0.074093
v -0.071141 -0.073284 -0.074093
v -0.071310 -0.073353 -0.074093
v -0.071455 -0.073465 -0.074093
v -0.070610 -0.073353 -0.074093
v -0.070778 -0.073284 -0.074093
v -0.070960 -0.073260 -0.074093
v -0.070283 -0.073779 -0.074093
v -0.070353 -0.073610 -0.074093
v -0.070465 -0.073465 -0.074093
v -0.070353 -0.074310 -0.074093
v -0.070283 -0.074141 -0.074093
v -0.070260 -0.073960 -0.074093
v -0.070610 -0.074566 -0.074093
v -0.070465 -0.074455 -0.074093
v -0.070960 -0.073260 -0.073443
v -0.070778 -0.073284 -0.073443
v -0.070610 -0.073353 -0.073443
v -0.070465 -0.073465 -0.073443
v -0.070353 -0.073610 -0.073443
v -0.070283 -0.073779 -0.073443
v -0.070260 -0.073960 -0.073443
v -0.070283 -0.074141 -0.073443
v -0.070353 -0.074310 -0.073443
v -0.070465 -0.074455 -0.073443
v -0.070610 -0.074566 -0.073443
v -0.070778 -0.074636 -0.073443
v -0.070960 -0.074660 -0.073443
v -0.071141 -0.074636 -0.073443
v -0.071310 -0.074566 -0.073443
v -0.071455 -0.074455 -0.073443
v -0.071566 -0.074310 -0.073443
v -0.071636 -0.074141 -0.073443
v -0.071660 -0.073960 -0.073443
v -0.071636 -0.073779 -0.073443
v -0.071566 -0.073610 -0.073443
v -0.071455 -0.073465 -0.073443
v -0.071310 -0.073353 -0.073443
v -0.071141 -0.073284 -0.073443
v -0.070960 -0.073960 -0.073443
v -0.060060 -0.070960 -0.070293
v -0.065060 -0.070960 -0.070293
v -0.060060 -0.070854 -0.070293
v -0.065060 -0.070854 -0.070293
v -0.065060 -0.070960 -0.070894
v -0.060060 -0.070960 -0.070894
v -0.063664 -0.108060 -0.057930
v -0.063791 -0.108060 -0.057623
v -0.062560 -0.108060 -0.057293
v -0.063835 -0.108060 -0.057293
v -0.063791 -0.108060 -0.056963
v -0.062890 -0.108060 -0.058524
v -0.063197 -0.108060 -0.058397
v -0.063461 -0.108060 -0.058194
v -0.061922 -0.108060 -0.058397
v -0.062230 -0.108060 -0.058524
v -0.062560 -0.108060 -0.058568
v -0.061328 -0.108060 -0.057623
v -0.061455 -0.108060 -0.057930
v -0.061658 -0.108060 -0.058194
v -0.061455 -0.108060 -0.056655
v -0.061328 -0.108060 -0.056963
v -0.061285 -0.108060 -0.057293
v -0.062230 -0.108060 -0.056061
v -0.061922 -0.108060 -0.056189
v -0.061658 -0.108060 -0.056391
v -0.063197 -0.108060 -0.056189
v -0.062890 -0.108060 -0.056061
v -0.062560 -0.108060 -0.056018
v -0.063664 -0.108060 -0.056655
v -0.063461 -0.108060 -0.056391
v -0.063664 -0.108060 -0.069930
v -0.063791 -0.108060 -0.069623
v -0.062560 -0.108060 -0.069293
v -0.063835 -0.108060 -0.069293
v -0.063791 -0.108060 -0.068963
v -0.062890 -0.108060 -0.070524
v -0.063197 -0.108060 -0.070397
v -0.063461 -0.108060 -0.070194
v -0.061922 -0.108060 -0.070397
v -0.062230 -0.108060 -0.070524
v -0.062560 -0.108060 -0.070568
v -0.061328 -0.108060 -0.069623
v -0.061455 -0.108060 -0.069930
v -0.061658 -0.108060 -0.070194
v -0.061455 -0.108060 -0.068655
v -0.061328 -0.108060 -0.068963
v -0.061285 -0.108060 -0.069293
v -0.062230 -0.108060 -0.068061
v -0.061922 -0.108060 -0.068189
v -0.061658 -0.108060 -0.068391
v -0.063197 -0.108060 -0.068189
v -0.062890 -0.108060 -0.068061
v -0.062560 -0.108060 -0.068018
v -0.063664 -0.108060 -0.068655
v -0.063461 -0.108060 -0.068391
v -0.057012 -0.108060 -0.061603
v -0.054869 -0.108060 -0.063746
v -0.063810 -0.108060 -0.072293
v -0.063869 -0.108060 -0.072746
v -0.064044 -0.108060 -0.073168
v -0.064685 -0.108060 -0.070777
v -0.067075 -0.108060 -0.071418
v -0.055685 -0.108060 -0.061777
v -0.058310 -0.108060 -0.063293
v -0.072060 -0.108060 -0.077293
v -0.056107 -0.108060 -0.064983
v -0.066435 -0.108060 -0.070777
v -0.058322 -0.108060 -0.053055
v -0.065560 -0.108060 -0.074043
v -0.057810 -0.108060 -0.072293
v -0.069435 -0.108060 -0.064808
v -0.068107 -0.108060 -0.064983
v -0.067322 -0.108060 -0.064530
v -0.067310 -0.108060 -0.072293
v -0.067685 -0.108060 -0.061777
v -0.068560 -0.108060 -0.061543
v -0.070250 -0.108060 -0.063746
v -0.070250 -0.108060 -0.062840
v -0.067250 -0.108060 -0.072746
v -0.066810 -0.108060 -0.063293
v -0.058322 -0.108060 -0.055530
v -0.059560 -0.108060 -0.056043
v -0.060435 -0.108060 -0.055808
v -0.061250 -0.108060 -0.053840
v -0.060797 -0.108060 -0.053055
v -0.059560 -0.108060 -0.052543
v -0.053060 -0.108060 -0.077293
v -0.072060 -0.108060 -0.049309
v -0.054869 -0.108060 -0.062840
v -0.064455 -0.108060 -0.054930
v -0.064328 -0.108060 -0.054623
v -0.064285 -0.108060 -0.054293
v -0.064328 -0.108060 -0.053963
v -0.064455 -0.108060 -0.053655
v -0.064658 -0.108060 -0.053391
v -0.064922 -0.108060 -0.053189
v -0.065230 -0.108060 -0.053061
v -0.065560 -0.108060 -0.053018
v -0.065890 -0.108060 -0.053061
v -0.066197 -0.108060 -0.053189
v -0.066461 -0.108060 -0.053391
v -0.066664 -0.108060 -0.053655
v -0.066791 -0.108060 -0.053963
v -0.066835 -0.108060 -0.054293
v -0.066791 -0.108060 -0.054623
v -0.066664 -0.108060 -0.054930
v -0.066461 -0.108060 -0.055194
v -0.066197 -0.108060 -0.055397
v -0.065890 -0.108060 -0.055524
v -0.065560 -0.108060 -0.055568
v -0.065230 -0.108060 -0.055524
v -0.064922 -0.108060 -0.055397
v -0.064658 -0.108060 -0.055194
v -0.058455 -0.108060 -0.072930
v -0.058328 -0.108060 -0.072623
v -0.058285 -0.108060 -0.072293
v -0.058328 -0.108060 -0.071963
v -0.058455 -0.108060 -0.071655
v -0.058658 -0.108060 -0.071391
v -0.058922 -0.108060 -0.071189
v -0.059230 -0.108060 -0.071061
v -0.059560 -0.108060 -0.071018
v -0.059890 -0.108060 -0.071061
v -0.060197 -0.108060 -0.071189
v -0.060461 -0.108060 -0.071391
v -0.060664 -0.108060 -0.071655
v -0.060791 -0.108060 -0.071963
v -0.060835 -0.108060 -0.072293
v -0.060791 -0.108060 -0.072623
v -0.060664 -0.108060 -0.072930
v -0.060461 -0.108060 -0.073194
v -0.060197 -0.108060 -0.073397
v -0.059890 -0.108060 -0.073524
v -0.059560 -0.108060 -0.073568
v -0.059230 -0.108060 -0.073524
v -0.058922 -0.108060 -0.073397
v -0.058658 -0.108060 -0.073194
v -0.067455 -0.108060 -0.063930
v -0.067328 -0.108060 -0.063623
v -0.067285 -0.108060 -0.063293
v -0.067328 -0.108060 -0.062963
v -0.067455 -0.108060 -0.062655
v -0.067658 -0.108060 -0.062391
v -0.067922 -0.108060 -0.062189
v -0.068230 -0.108060 -0.062061
v -0.068560 -0.108060 -0.062018
v -0.068890 -0.108060 -0.062061
v -0.069197 -0.108060 -0.062189
v -0.069461 -0.108060 -0.062391
v -0.069664 -0.108060 -0.062655
v -0.069791 -0.108060 -0.062963
v -0.069835 -0.108060 -0.063293
v -0.069791 -0.108060 -0.063623
v -0.069664 -0.108060 -0.063930
v -0.069461 -0.108060 -0.064194
v -0.069197 -0.108060 -0.064397
v -0.068890 -0.108060 -0.064524
v -0.068560 -0.108060 -0.064568
v -0.068230 -0.108060 -0.064524
v -0.067922 -0.108060 -0.064397
v -0.067658 -0.108060 -0.064194
v -0.058455 -0.108060 -0.054930
v -0.058328 -0.108060 -0.054623
v -0.058285 -0.108060 -0.054293
v -0.058328 -0.108060 -0.053963
v -0.058455 -0.108060 -0.053655
v -0.058658 -0.108060 -0.053391
v -0.058922 -0.108060 -0.053189
v -0.059230 -0.108060 -0.053061
v -0.059560 -0.108060 -0.053018
v -0.059890 -0.108060 -0.053061
v -0.060197 -0.108060 -0.053189
v -0.060461 -0.108060 -0.053391
v -0.060664 -0.108060 -0.053655
v -0.060791 -0.108060 -0.053963
v -0.060835 -0.108060 -0.054293
v -0.060791 -0.108060 -0.054623
v -0.060664 -0.108060 -0.054930
v -0.060461 -0.108060 -0.055194
v -0.060197 -0.108060 -0.055397
v -0.059890 -0.108060 -0.055524
v -0.059560 -0.108060 -0.055568
v -0.059230 -0.108060 -0.055524
v -0.058922 -0.108060 -0.055397
v -0.058658 -0.108060 -0.055194
v -0.064455 -0.108060 -0.072930
v -0.064328 -0.108060 -0.072623
v -0.064285 -0.108060 -0.072293
v -0.064328 -0.108060 -0.071963
v -0.064455 -0.108060 -0.071655
v -0.064658 -0.108060 -0.071391
v -0.064922 -0.108060 -0.071189
v -0.065230 -0.108060 -0.071061
v -0.065560 -0.108060 -0.071018
v -0.065890 -0.108060 -0.071061
v -0.066197 -0.108060 -0.071189
v -0.066461 -0.108060 -0.071391
v -0.066664 -0.108060 -0.071655
v -0.066791 -0.108060 -0.071963
v -0.066835 -0.108060 -0.072293
v -0.066791 -0.108060 -0.072623
v -0.066664 -0.108060 -0.072930
v -0.066461 -0.108060 -0.073194
v -0.066197 -0.108060 -0.073397
v -0.065890 -0.108060 -0.073524
v -0.065560 -0.108060 -0.073568
v -0.065230 -0.108060 -0.073524
v -0.064922 -0.108060 -0.073397
v -0.064658 -0.108060 -0.073194
v -0.072560 -0.108060 -0.049309
v -0.072560 -0.108060 -0.077293
v -0.052560 -0.108060 -0.077293
v -0.052560 -0.108060 -0.076293
v -0.044060 -0.108060 -0.076293
v -0.044060 -0.108060 -0.067496
v -0.049060 -0.108060 -0.067496
v -0.052560 -0.108060 -0.049309
v -0.052560 -0.108060 -0.051293
v -0.049060 -0.108060 -0.054293
v -0.044060 -0.108060 -0.054293
v -0.044060 -0.108060 -0.052293
v -0.045060 -0.108060 -0.051293
v -0.044094 -0.108060 -0.052034
v -0.044194 -0.108060 -0.051793
v -0.044352 -0.108060 -0.051586
v -0.044560 -0.108060 -0.051427
v -0.044801 -0.108060 -0.051327
v -0.052560 -0.105960 -0.076293
v -0.052560 -0.105960 -0.051293
v -0.052560 -0.105760 -0.076060
v -0.052560 -0.105760 -0.051293
v -0.052560 -0.083960 -0.065793
v -0.052560 -0.083960 -0.069293
v -0.052560 -0.092710 -0.065793
v -0.052560 -0.092710 -0.069293
v -0.072360 -0.105960 -0.076593
v -0.052760 -0.105960 -0.076593
v -0.052560 -0.105960 -0.077293
v -0.052760 -0.105960 -0.049993
v -0.072360 -0.105960 -0.049993
v -0.072560 -0.105960 -0.049309
v -0.072560 -0.105960 -0.077293
v -0.052560 -0.105960 -0.049309
v -0.067704 -0.105960 -0.069837
v -0.067951 -0.105960 -0.069940
v -0.068216 -0.105960 -0.068950
v -0.068216 -0.105960 -0.069975
v -0.068482 -0.105960 -0.069940
v -0.067226 -0.105960 -0.069215
v -0.067329 -0.105960 -0.069462
v -0.067492 -0.105960 -0.069675
v -0.067329 -0.105960 -0.068437
v -0.067226 -0.105960 -0.068684
v -0.067191 -0.105960 -0.068950
v -0.067951 -0.105960 -0.067960
v -0.067704 -0.105960 -0.068062
v -0.067492 -0.105960 -0.068225
v -0.068729 -0.105960 -0.068062
v -0.068482 -0.105960 -0.067960
v -0.068216 -0.105960 -0.067925
v -0.069206 -0.105960 -0.068684
v -0.069104 -0.105960 -0.068437
v -0.068941 -0.105960 -0.068225
v -0.069104 -0.105960 -0.069462
v -0.069206 -0.105960 -0.069215
v -0.069241 -0.105960 -0.068950
v -0.068729 -0.105960 -0.069837
v -0.068941 -0.105960 -0.069675
v -0.067704 -0.105960 -0.058524
v -0.067951 -0.105960 -0.058626
v -0.068216 -0.105960 -0.057636
v -0.068216 -0.105960 -0.058661
v -0.068482 -0.105960 -0.058626
v -0.067226 -0.105960 -0.057901
v -0.067329 -0.105960 -0.058149
v -0.067492 -0.105960 -0.058361
v -0.067329 -0.105960 -0.057124
v -0.067226 -0.105960 -0.057371
v -0.067191 -0.105960 -0.057636
v -0.067951 -0.105960 -0.056646
v -0.067704 -0.105960 -0.056748
v -0.067492 -0.105960 -0.056911
v -0.068729 -0.105960 -0.056748
v -0.068482 -0.105960 -0.056646
v -0.068216 -0.105960 -0.056611
v -0.069206 -0.105960 -0.057371
v -0.069104 -0.105960 -0.057124
v -0.068941 -0.105960 -0.056911
v -0.069104 -0.105960 -0.058149
v -0.069206 -0.105960 -0.057901
v -0.069241 -0.105960 -0.057636
v -0.068729 -0.105960 -0.058524
v -0.068941 -0.105960 -0.058361
v -0.056390 -0.105960 -0.058524
v -0.056637 -0.105960 -0.058626
v -0.056903 -0.105960 -0.057636
v -0.056903 -0.105960 -0.058661
v -0.057168 -0.105960 -0.058626
v -0.055913 -0.105960 -0.057901
v -0.056015 -0.105960 -0.058149
v -0.056178 -0.105960 -0.058361
v -0.056015 -0.105960 -0.057124
v -0.055913 -0.105960 -0.057371
v -0.055878 -0.105960 -0.057636
v -0.056637 -0.105960 -0.056646
v -0.056390 -0.105960 -0.056748
v -0.056178 -0.105960 -0.056911
v -0.057415 -0.105960 -0.056748
v -0.057168 -0.105960 -0.056646
v -0.056903 -0.105960 -0.056611
v -0.057893 -0.105960 -0.057371
v -0.057790 -0.105960 -0.057124
v -0.057627 -0.105960 -0.056911
v -0.057790 -0.105960 -0.058149
v -0.057893 -0.105960 -0.057901
v -0.057928 -0.105960 -0.057636
v -0.057415 -0.105960 -0.058524
v -0.057627 -0.105960 -0.058361
v -0.056390 -0.105960 -0.069837
v -0.056637 -0.105960 -0.069940
v -0.056903 -0.105960 -0.068950
v -0.056903 -0.105960 -0.069975
v -0.057168 -0.105960 -0.069940
v -0.055913 -0.105960 -0.069215
v -0.056015 -0.105960 -0.069462
v -0.056178 -0.105960 -0.069675
v -0.056015 -0.105960 -0.068437
v -0.055913 -0.105960 -0.068684
v -0.055878 -0.105960 -0.068950
v -0.056637 -0.105960 -0.067960
v -0.056390 -0.105960 -0.068062
v -0.056178 -0.105960 -0.068225
v -0.057415 -0.105960 -0.068062
v -0.057168 -0.105960 -0.067960
v -0.056903 -0.105960 -0.067925
v -0.057893 -0.105960 -0.068684
v -0.057790 -0.105960 -0.068437
v -0.057627 -0.105960 -0.068225
v -0.057790 -0.105960 -0.069462
v -0.057893 -0.105960 -0.069215
v -0.057928 -0.105960 -0.068950
v -0.057415 -0.105960 -0.069837
v -0.057627 -0.105960 -0.069675
v -0.054160 -0.105960 -0.055986
v -0.054352 -0.105960 -0.056066
v -0.054560 -0.105960 -0.055293
v -0.054560 -0.105960 -0.056093
v -0.054767 -0.105960 -0.056066
v -0.053787 -0.105960 -0.055500
v -0.053867 -0.105960 -0.055693
v -0.053994 -0.105960 -0.055859
v -0.053867 -0.105960 -0.054893
v -0.053787 -0.105960 -0.055086
v -0.053760 -0.105960 -0.055293
v -0.054352 -0.105960 -0.054520
v -0.054160 -0.105960 -0.054600
v -0.053994 -0.105960 -0.054727
v -0.054960 -0.105960 -0.054600
v -0.054767 -0.105960 -0.054520
v -0.054560 -0.105960 -0.054493
v -0.055332 -0.105960 -0.055086
v -0.055252 -0.105960 -0.054893
v -0.055125 -0.105960 -0.054727
v -0.055252 -0.105960 -0.055693
v -0.055332 -0.105960 -0.055500
v -0.055360 -0.105960 -0.055293
v -0.054960 -0.105960 -0.055986
v -0.055125 -0.105960 -0.055859
v -0.070160 -0.105960 -0.055986
v -0.070352 -0.105960 -0.056066
v -0.070560 -0.105960 -0.055293
v -0.070560 -0.105960 -0.056093
v -0.070767 -0.105960 -0.056066
v -0.069787 -0.105960 -0.055500
v -0.069867 -0.105960 -0.055693
v -0.069994 -0.105960 -0.055859
v -0.069867 -0.105960 -0.054893
v -0.069787 -0.105960 -0.055086
v -0.069760 -0.105960 -0.055293
v -0.070352 -0.105960 -0.054520
v -0.070160 -0.105960 -0.054600
v -0.069994 -0.105960 -0.054727
v -0.070960 -0.105960 -0.054600
v -0.070767 -0.105960 -0.054520
v -0.070560 -0.105960 -0.054493
v -0.071332 -0.105960 -0.055086
v -0.071252 -0.105960 -0.054893
v -0.071125 -0.105960 -0.054727
v -0.071252 -0.105960 -0.055693
v -0.071332 -0.105960 -0.055500
v -0.071360 -0.105960 -0.055293
v -0.070960 -0.105960 -0.055986
v -0.071125 -0.105960 -0.055859
v -0.060560 -0.105960 -0.066757
v -0.061524 -0.105960 -0.067157
v -0.062560 -0.105960 -0.063293
v -0.062560 -0.105960 -0.067293
v -0.063595 -0.105960 -0.067157
v -0.058696 -0.105960 -0.064328
v -0.059095 -0.105960 -0.065293
v -0.059731 -0.105960 -0.066121
v -0.059095 -0.105960 -0.061293
v -0.058696 -0.105960 -0.062258
v -0.058560 -0.105960 -0.063293
v -0.061524 -0.105960 -0.059429
v -0.060560 -0.105960 -0.059829
v -0.059731 -0.105960 -0.060464
v -0.064560 -0.105960 -0.059829
v -0.063595 -0.105960 -0.059429
v -0.062560 -0.105960 -0.059293
v -0.066423 -0.105960 -0.062258
v -0.066024 -0.105960 -0.061293
v -0.065388 -0.105960 -0.060464
v -0.066024 -0.105960 -0.065293
v -0.066423 -0.105960 -0.064328
v -0.066560 -0.105960 -0.063293
v -0.064560 -0.105960 -0.066757
v -0.065388 -0.105960 -0.066121
v -0.045060 -0.099960 -0.069293
v -0.045060 -0.083960 -0.069293
v -0.044929 -0.099952 -0.069284
v -0.044801 -0.083960 -0.069259
v -0.044801 -0.099930 -0.069259
v -0.044677 -0.099894 -0.069217
v -0.044560 -0.083960 -0.069159
v -0.044560 -0.099845 -0.069159
v -0.044451 -0.099783 -0.069086
v -0.044352 -0.083960 -0.069000
v -0.044352 -0.099709 -0.069000
v -0.044194 -0.083960 -0.068793
v -0.044194 -0.099531 -0.068793
v -0.044094 -0.083960 -0.068552
v -0.044094 -0.099324 -0.068552
v -0.044060 -0.083960 -0.068293
v -0.044060 -0.099103 -0.068293
v -0.044060 -0.099231 -0.064121
v -0.044060 -0.100060 -0.064757
v -0.044060 -0.101024 -0.054429
v -0.044060 -0.083960 -0.052293
v -0.044060 -0.102060 -0.054293
v -0.044060 -0.100060 -0.054829
v -0.044060 -0.099231 -0.055464
v -0.044060 -0.098596 -0.056293
v -0.044060 -0.101024 -0.065157
v -0.044060 -0.102060 -0.065293
v -0.044060 -0.105960 -0.076293
v -0.044060 -0.098196 -0.057258
v -0.044060 -0.098060 -0.058293
v -0.044060 -0.098060 -0.061293
v -0.044060 -0.098196 -0.062328
v -0.044060 -0.098596 -0.063293
v -0.045060 -0.083960 -0.051293
v -0.047301 -0.083960 -0.054827
v -0.047560 -0.083960 -0.054793
v -0.046852 -0.083960 -0.065500
v -0.046694 -0.083960 -0.065293
v -0.047560 -0.083960 -0.065793
v -0.052560 -0.083960 -0.054793
v -0.052560 -0.083960 -0.051993
v -0.052560 -0.083960 -0.051293
v -0.046594 -0.083960 -0.065052
v -0.046560 -0.083960 -0.064793
v -0.046560 -0.083960 -0.055793
v -0.046594 -0.083960 -0.055534
v -0.044560 -0.083960 -0.051427
v -0.044352 -0.083960 -0.051586
v -0.047060 -0.083960 -0.054927
v -0.047301 -0.083960 -0.065759
v -0.047060 -0.083960 -0.065659
v -0.046694 -0.083960 -0.055293
v -0.046852 -0.083960 -0.055086
v -0.044094 -0.083960 -0.052034
v -0.044194 -0.083960 -0.051793
v -0.044801 -0.083960 -0.051327
v -0.045812 -0.098060 -0.061293
v -0.045812 -0.098060 -0.058293
v -0.046807 -0.099690 -0.055070
v -0.046915 -0.099749 -0.055028
v -0.047107 -0.099939 -0.054901
v -0.046585 -0.099541 -0.055185
v -0.046395 -0.099374 -0.055329
v -0.047560 -0.100123 -0.054793
v -0.047440 -0.100110 -0.054800
v -0.047327 -0.100074 -0.054820
v -0.045814 -0.098094 -0.057769
v -0.045878 -0.098477 -0.056513
v -0.045824 -0.098196 -0.057258
v -0.046266 -0.099231 -0.055464
v -0.046077 -0.098960 -0.055765
v -0.045913 -0.098596 -0.056293
v -0.049060 -0.102060 -0.054293
v -0.049060 -0.101024 -0.054429
v -0.049060 -0.100123 -0.054793
v -0.049060 -0.102060 -0.065293
v -0.046621 -0.100960 -0.065139
v -0.049060 -0.100960 -0.065139
v -0.049060 -0.101024 -0.065157
v -0.046598 -0.100737 -0.065068
v -0.046560 -0.100123 -0.064793
v -0.045913 -0.098596 -0.063293
v -0.046560 -0.099521 -0.064384
v -0.046391 -0.099370 -0.064253
v -0.046266 -0.099231 -0.064121
v -0.046077 -0.098960 -0.063821
v -0.045814 -0.098094 -0.061815
v -0.045824 -0.098196 -0.062328
v -0.045878 -0.098477 -0.063072
v -0.049060 -0.100960 -0.054793
v -0.046560 -0.099521 -0.064793
v -0.046852 -0.099716 -0.065500
v -0.046805 -0.099689 -0.065450
v -0.046810 -0.099692 -0.069293
v -0.046636 -0.099579 -0.065177
v -0.046594 -0.099548 -0.065052
v -0.046395 -0.099374 -0.069293
v -0.046694 -0.099619 -0.065293
v -0.046568 -0.099528 -0.064924
v -0.047810 -0.099960 -0.069293
v -0.047810 -0.099960 -0.065793
v -0.047292 -0.099892 -0.069293
v -0.047560 -0.099944 -0.065793
v -0.047428 -0.099923 -0.065784
v -0.047301 -0.099894 -0.065759
v -0.047060 -0.099814 -0.065659
v -0.047810 -0.099960 -0.054793
v -0.047810 -0.099960 -0.051293
v -0.047560 -0.099944 -0.054793
v -0.047292 -0.099892 -0.051293
v -0.047327 -0.099901 -0.054820
v -0.047107 -0.099832 -0.054901
v -0.046810 -0.099692 -0.051293
v -0.046395 -0.099374 -0.051293
v -0.046077 -0.098960 -0.051293
v -0.045878 -0.098477 -0.051293
v -0.045810 -0.097960 -0.051293
v -0.045810 -0.097960 -0.069293
v -0.045878 -0.098477 -0.069293
v -0.046077 -0.098960 -0.069293
v -0.049724 -0.099374 -0.054793
v -0.049310 -0.099692 -0.054793
v -0.049724 -0.087795 -0.054793
v -0.050042 -0.088210 -0.054793
v -0.049310 -0.087478 -0.054793
v -0.048827 -0.099892 -0.054793
v -0.048310 -0.099960 -0.054793
v -0.047560 -0.087225 -0.054793
v -0.047810 -0.087210 -0.054793
v -0.048310 -0.087210 -0.054793
v -0.048827 -0.087278 -0.054793
v -0.052560 -0.100960 -0.054793
v -0.050042 -0.098960 -0.054793
v -0.050241 -0.098477 -0.054793
v -0.050241 -0.088692 -0.054793
v -0.050310 -0.089210 -0.054793
v -0.050310 -0.097960 -0.054793
v -0.047428 -0.087246 -0.054802
v -0.047301 -0.087276 -0.054827
v -0.047060 -0.087356 -0.054927
v -0.046852 -0.087454 -0.055086
v -0.046805 -0.087480 -0.055136
v -0.046694 -0.087550 -0.055293
v -0.046636 -0.087590 -0.055409
v -0.046594 -0.087622 -0.055534
v -0.046568 -0.087642 -0.055662
v -0.046560 -0.087648 -0.055793
v -0.046560 -0.087648 -0.064793
v -0.046568 -0.087642 -0.064924
v -0.046594 -0.087622 -0.065052
v -0.046636 -0.087590 -0.065177
v -0.046694 -0.087550 -0.065293
v -0.046805 -0.087480 -0.065450
v -0.046852 -0.087454 -0.065500
v -0.047060 -0.087356 -0.065659
v -0.047560 -0.087225 -0.065793
v -0.047428 -0.087246 -0.065784
v -0.047301 -0.087275 -0.065759
v -0.047560 -0.100960 -0.065793
v -0.047301 -0.100960 -0.065759
v -0.046852 -0.100960 -0.065500
v -0.047060 -0.100960 -0.065659
v -0.046694 -0.100960 -0.065293
v -0.047810 -0.087210 -0.065793
v -0.050042 -0.088210 -0.065793
v -0.049724 -0.087795 -0.065793
v -0.049310 -0.087478 -0.065793
v -0.048827 -0.087278 -0.065793
v -0.048310 -0.087210 -0.065793
v -0.048827 -0.099892 -0.065793
v -0.052560 -0.100960 -0.065793
v -0.048310 -0.099960 -0.065793
v -0.049310 -0.099692 -0.065793
v -0.049724 -0.099374 -0.065793
v -0.050042 -0.098960 -0.065793
v -0.050241 -0.098477 -0.065793
v -0.050310 -0.097960 -0.065793
v -0.050310 -0.089210 -0.065793
v -0.050241 -0.088692 -0.065793
v -0.052560 -0.100960 -0.055793
v -0.046810 -0.087478 -0.051293
v -0.047292 -0.087278 -0.069293
v -0.047810 -0.087210 -0.069293
v -0.046810 -0.087478 -0.069293
v -0.046395 -0.087795 -0.051293
v -0.046395 -0.087795 -0.069293
v -0.047810 -0.087210 -0.051293
v -0.047292 -0.087278 -0.051293
v -0.046077 -0.088210 -0.051293
v -0.046077 -0.088210 -0.069293
v -0.045878 -0.088692 -0.051293
v -0.045878 -0.088692 -0.069293
v -0.045810 -0.089210 -0.051293
v -0.045810 -0.089210 -0.069293
v -0.048310 -0.099960 -0.069293
v -0.048827 -0.099892 -0.069293
v -0.049310 -0.099692 -0.069293
v -0.049724 -0.099374 -0.069293
v -0.050042 -0.098960 -0.069293
v -0.050241 -0.098477 -0.069293
v -0.050310 -0.097960 -0.069293
v -0.048310 -0.099960 -0.051293
v -0.048827 -0.099892 -0.051293
v -0.049310 -0.099692 -0.051293
v -0.049724 -0.099374 -0.051293
v -0.050042 -0.098960 -0.051293
v -0.050241 -0.098477 -0.051293
v -0.050310 -0.097960 -0.051293
v -0.050310 -0.089210 -0.069293
v -0.050310 -0.089210 -0.051293
v -0.048310 -0.087210 -0.069293
v -0.048310 -0.087210 -0.051293
v -0.050241 -0.088692 -0.069293
v -0.050042 -0.088210 -0.069293
v -0.049724 -0.087795 -0.069293
v -0.049310 -0.087478 -0.069293
v -0.048827 -0.087278 -0.069293
v -0.050241 -0.088692 -0.051293
v -0.050042 -0.088210 -0.051293
v -0.049724 -0.087795 -0.051293
v -0.049310 -0.087478 -0.051293
v -0.048827 -0.087278 -0.051293
v -0.052560 -0.100960 -0.051293
v -0.052560 -0.099960 -0.069293
v -0.052560 -0.102965 -0.072793
v -0.052560 -0.101960 -0.071626
v -0.052560 -0.100388 -0.069793
v -0.052560 -0.100345 -0.069743
v -0.052560 -0.101960 -0.069793
v -0.052560 -0.100960 -0.051793
v -0.052560 -0.101960 -0.051993
v -0.052560 -0.102970 -0.051793
v -0.052560 -0.101960 -0.055793
v -0.052560 -0.101960 -0.069743
v -0.060835 -0.105960 -0.054293
v -0.060791 -0.105960 -0.053963
v -0.060664 -0.105960 -0.053655
v -0.060461 -0.105960 -0.053391
v -0.060197 -0.105960 -0.053189
v -0.059890 -0.105960 -0.053061
v -0.059560 -0.105960 -0.053018
v -0.059230 -0.105960 -0.053061
v -0.058922 -0.105960 -0.053189
v -0.058658 -0.105960 -0.053391
v -0.058455 -0.105960 -0.053655
v -0.058328 -0.105960 -0.053963
v -0.058285 -0.105960 -0.054293
v -0.058328 -0.105960 -0.054623
v -0.058455 -0.105960 -0.054930
v -0.058658 -0.105960 -0.055194
v -0.058922 -0.105960 -0.055397
v -0.059230 -0.105960 -0.055524
v -0.059560 -0.105960 -0.055568
v -0.059890 -0.105960 -0.055524
v -0.060197 -0.105960 -0.055397
v -0.060461 -0.105960 -0.055194
v -0.060664 -0.105960 -0.054930
v -0.060791 -0.105960 -0.054623
v -0.066835 -0.105960 -0.072293
v -0.066791 -0.105960 -0.071963
v -0.066664 -0.105960 -0.071655
v -0.066461 -0.105960 -0.071391
v -0.066197 -0.105960 -0.071189
v -0.065890 -0.105960 -0.071061
v -0.065560 -0.105960 -0.071018
v -0.065230 -0.105960 -0.071061
v -0.064922 -0.105960 -0.071189
v -0.064658 -0.105960 -0.071391
v -0.064455 -0.105960 -0.071655
v -0.064328 -0.105960 -0.071963
v -0.064285 -0.105960 -0.072293
v -0.064328 -0.105960 -0.072623
v -0.064455 -0.105960 -0.072930
v -0.064658 -0.105960 -0.073194
v -0.064922 -0.105960 -0.073397
v -0.065230 -0.105960 -0.073524
v -0.065560 -0.105960 -0.073568
v -0.065890 -0.105960 -0.073524
v -0.066197 -0.105960 -0.073397
v -0.066461 -0.105960 -0.073194
v -0.066664 -0.105960 -0.072930
v -0.066791 -0.105960 -0.072623
v -0.057835 -0.108060 -0.063293
v -0.057835 -0.105960 -0.063293
v -0.057791 -0.108060 -0.062963
v -0.057791 -0.105960 -0.062963
v -0.057664 -0.108060 -0.062655
v -0.057664 -0.105960 -0.062655
v -0.057461 -0.108060 -0.062391
v -0.057461 -0.105960 -0.062391
v -0.057197 -0.108060 -0.062189
v -0.057197 -0.105960 -0.062189
v -0.056890 -0.108060 -0.062061
v -0.056890 -0.105960 -0.062061
v -0.056560 -0.108060 -0.062018
v -0.056560 -0.105960 -0.062018
v -0.056230 -0.108060 -0.062061
v -0.056230 -0.105960 -0.062061
v -0.055922 -0.108060 -0.062189
v -0.055922 -0.105960 -0.062189
v -0.055658 -0.108060 -0.062391
v -0.055658 -0.105960 -0.062391
v -0.055455 -0.108060 -0.062655
v -0.055455 -0.105960 -0.062655
v -0.055328 -0.108060 -0.062963
v -0.055328 -0.105960 -0.062963
v -0.055285 -0.108060 -0.063293
v -0.055285 -0.105960 -0.063293
v -0.055328 -0.108060 -0.063623
v -0.055328 -0.105960 -0.063623
v -0.055455 -0.108060 -0.063930
v -0.055455 -0.105960 -0.063930
v -0.055658 -0.108060 -0.064194
v -0.055658 -0.105960 -0.064194
v -0.055922 -0.108060 -0.064397
v -0.055922 -0.105960 -0.064397
v -0.056230 -0.108060 -0.064524
v -0.056230 -0.105960 -0.064524
v -0.056560 -0.108060 -0.064568
v -0.056560 -0.105960 -0.064568
v -0.056890 -0.108060 -0.064524
v -0.056890 -0.105960 -0.064524
v -0.057197 -0.108060 -0.064397
v -0.057197 -0.105960 -0.064397
v -0.057461 -0.108060 -0.064194
v -0.057461 -0.105960 -0.064194
v -0.057664 -0.108060 -0.063930
v -0.057664 -0.105960 -0.063930
v -0.057791 -0.108060 -0.063623
v -0.057791 -0.105960 -0.063623
v -0.063835 -0.105960 -0.069293
v -0.063791 -0.105960 -0.068963
v -0.063664 -0.105960 -0.068655
v -0.063461 -0.105960 -0.068391
v -0.063197 -0.105960 -0.068189
v -0.062890 -0.105960 -0.068061
v -0.062560 -0.105960 -0.068018
v -0.062230 -0.105960 -0.068061
v -0.061922 -0.105960 -0.068189
v -0.061658 -0.105960 -0.068391
v -0.061455 -0.105960 -0.068655
v -0.061328 -0.105960 -0.068963
v -0.061285 -0.105960 -0.069293
v -0.061328 -0.105960 -0.069623
v -0.061455 -0.105960 -0.069930
v -0.061658 -0.105960 -0.070194
v -0.061922 -0.105960 -0.070397
v -0.062230 -0.105960 -0.070524
v -0.062560 -0.105960 -0.070568
v -0.062890 -0.105960 -0.070524
v -0.063197 -0.105960 -0.070397
v -0.063461 -0.105960 -0.070194
v -0.063664 -0.105960 -0.069930
v -0.063791 -0.105960 -0.069623
v -0.066835 -0.105960 -0.054293
v -0.066791 -0.105960 -0.053963
v -0.066664 -0.105960 -0.053655
v -0.066461 -0.105960 -0.053391
v -0.066197 -0.105960 -0.053189
v -0.065890 -0.105960 -0.053061
v -0.065560 -0.105960 -0.053018
v -0.065230 -0.105960 -0.053061
v -0.064922 -0.105960 -0.053189
v -0.064658 -0.105960 -0.053391
v -0.064455 -0.105960 -0.053655
v -0.064328 -0.105960 -0.053963
v -0.064285 -0.105960 -0.054293
v -0.064328 -0.105960 -0.054623
v -0.064455 -0.105960 -0.054930
v -0.064658 -0.105960 -0.055194
v -0.064922 -0.105960 -0.055397
v -0.065230 -0.105960 -0.055524
v -0.065560 -0.105960 -0.055568
v -0.065890 -0.105960 -0.055524
v -0.066197 -0.105960 -0.055397
v -0.066461 -0.105960 -0.055194
v -0.066664 -0.105960 -0.054930
v -0.066791 -0.105960 -0.054623
v -0.060835 -0.105960 -0.072293
v -0.060791 -0.105960 -0.071963
v -0.060664 -0.105960 -0.071655
v -0.060461 -0.105960 -0.071391
v -0.060197 -0.105960 -0.071189
v -0.059890 -0.105960 -0.071061
v -0.059560 -0.105960 -0.071018
v -0.059230 -0.105960 -0.071061
v -0.058922 -0.105960 -0.071189
v -0.058658 -0.105960 -0.071391
v -0.058455 -0.105960 -0.071655
v -0.058328 -0.105960 -0.071963
v -0.058285 -0.105960 -0.072293
v -0.058328 -0.105960 -0.072623
v -0.058455 -0.105960 -0.072930
v -0.058658 -0.105960 -0.073194
v -0.058922 -0.105960 -0.073397
v -0.059230 -0.105960 -0.073524
v -0.059560 -0.105960 -0.073568
v -0.059890 -0.105960 -0.073524
v -0.060197 -0.105960 -0.073397
v -0.060461 -0.105960 -0.073194
v -0.060664 -0.105960 -0.072930
v -0.060791 -0.105960 -0.072623
v -0.069835 -0.105960 -0.063293
v -0.069791 -0.105960 -0.062963
v -0.069664 -0.105960 -0.062655
v -0.069461 -0.105960 -0.062391
v -0.069197 -0.105960 -0.062189
v -0.068890 -0.105960 -0.062061
v -0.068560 -0.105960 -0.062018
v -0.068230 -0.105960 -0.062061
v -0.067922 -0.105960 -0.062189
v -0.067658 -0.105960 -0.062391
v -0.067455 -0.105960 -0.062655
v -0.067328 -0.105960 -0.062963
v -0.067285 -0.105960 -0.063293
v -0.067328 -0.105960 -0.063623
v -0.067455 -0.105960 -0.063930
v -0.067658 -0.105960 -0.064194
v -0.067922 -0.105960 -0.064397
v -0.068230 -0.105960 -0.064524
v -0.068560 -0.105960 -0.064568
v -0.068890 -0.105960 -0.064524
v -0.069197 -0.105960 -0.064397
v -0.069461 -0.105960 -0.064194
v -0.069664 -0.105960 -0.063930
v -0.069791 -0.105960 -0.063623
v -0.063835 -0.105960 -0.057293
v -0.063791 -0.105960 -0.056963
v -0.063664 -0.105960 -0.056655
v -0.063461 -0.105960 -0.056391
v -0.063197 -0.105960 -0.056189
v -0.062890 -0.105960 -0.056061
v -0.062560 -0.105960 -0.056018
v -0.062230 -0.105960 -0.056061
v -0.061922 -0.105960 -0.056189
v -0.061658 -0.105960 -0.056391
v -0.061455 -0.105960 -0.056655
v -0.061328 -0.105960 -0.056963
v -0.061285 -0.105960 -0.057293
v -0.061328 -0.105960 -0.057623
v -0.061455 -0.105960 -0.057930
v -0.061658 -0.105960 -0.058194
v -0.061922 -0.105960 -0.058397
v -0.062230 -0.105960 -0.058524
v -0.062560 -0.105960 -0.058568
v -0.062890 -0.105960 -0.058524
v -0.063197 -0.105960 -0.058397
v -0.063461 -0.105960 -0.058194
v -0.063664 -0.105960 -0.057930
v -0.063791 -0.105960 -0.057623
v -0.052560 -0.092710 -0.069743
v -0.052560 -0.082210 -0.069743
v -0.052560 -0.069960 -0.069743
v -0.052560 -0.082210 -0.065493
v -0.052560 -0.069960 -0.055843
v -0.052560 -0.092710 -0.065493
v -0.052560 -0.102969 -0.074793
v -0.052560 -0.104877 -0.077393
v -0.052560 -0.103210 -0.077393
v -0.052560 -0.103210 -0.076093
v -0.052560 -0.100960 -0.076093
v -0.052560 -0.100960 -0.074793
v -0.052560 -0.105760 -0.076510
v -0.061672 -0.105960 -0.057805
v -0.061569 -0.105960 -0.057558
v -0.061535 -0.105960 -0.057293
v -0.061569 -0.105960 -0.057028
v -0.061672 -0.105960 -0.056780
v -0.061835 -0.105960 -0.056568
v -0.062047 -0.105960 -0.056405
v -0.062294 -0.105960 -0.056303
v -0.062560 -0.105960 -0.056268
v -0.062825 -0.105960 -0.056303
v -0.063072 -0.105960 -0.056405
v -0.063284 -0.105960 -0.056568
v -0.063447 -0.105960 -0.056780
v -0.063550 -0.105960 -0.057028
v -0.063585 -0.105960 -0.057293
v -0.063550 -0.105960 -0.057558
v -0.063447 -0.105960 -0.057805
v -0.063284 -0.105960 -0.058018
v -0.063072 -0.105960 -0.058181
v -0.062825 -0.105960 -0.058283
v -0.062560 -0.105960 -0.058318
v -0.062294 -0.105960 -0.058283
v -0.062047 -0.105960 -0.058181
v -0.061835 -0.105960 -0.058018
v -0.067835 -0.105960 -0.062568
v -0.068047 -0.105960 -0.062405
v -0.068294 -0.105960 -0.062303
v -0.068560 -0.105960 -0.062268
v -0.068825 -0.105960 -0.062303
v -0.069072 -0.105960 -0.062405
v -0.069284 -0.105960 -0.062568
v -0.069447 -0.105960 -0.062780
v -0.069550 -0.105960 -0.063028
v -0.069585 -0.105960 -0.063293
v -0.069550 -0.105960 -0.063558
v -0.069447 -0.105960 -0.063805
v -0.069284 -0.105960 -0.064018
v -0.069072 -0.105960 -0.064181
v -0.068825 -0.105960 -0.064283
v -0.068560 -0.105960 -0.064318
v -0.068294 -0.105960 -0.064283
v -0.068047 -0.105960 -0.064181
v -0.067835 -0.105960 -0.064018
v -0.067672 -0.105960 -0.063805
v -0.067569 -0.105960 -0.063558
v -0.067535 -0.105960 -0.063293
v -0.067569 -0.105960 -0.063028
v -0.067672 -0.105960 -0.062780
v -0.058835 -0.105960 -0.073018
v -0.058672 -0.105960 -0.072805
v -0.058569 -0.105960 -0.072558
v -0.058535 -0.105960 -0.072293
v -0.058569 -0.105960 -0.072028
v -0.058672 -0.105960 -0.071780
v -0.058835 -0.105960 -0.071568
v -0.059047 -0.105960 -0.071405
v -0.059294 -0.105960 -0.071303
v -0.059560 -0.105960 -0.071268
v -0.059825 -0.105960 -0.071303
v -0.060072 -0.105960 -0.071405
v -0.060284 -0.105960 -0.071568
v -0.060447 -0.105960 -0.071780
v -0.060550 -0.105960 -0.072028
v -0.060585 -0.105960 -0.072293
v -0.060550 -0.105960 -0.072558
v -0.060447 -0.105960 -0.072805
v -0.060284 -0.105960 -0.073018
v -0.060072 -0.105960 -0.073181
v -0.059825 -0.105960 -0.073283
v -0.059560 -0.105960 -0.073318
v -0.059294 -0.105960 -0.073283
v -0.059047 -0.105960 -0.073181
v -0.064835 -0.105960 -0.053568
v -0.065047 -0.105960 -0.053405
v -0.065294 -0.105960 -0.053303
v -0.065560 -0.105960 -0.053268
v -0.065825 -0.105960 -0.053303
v -0.066072 -0.105960 -0.053405
v -0.066284 -0.105960 -0.053568
v -0.066447 -0.105960 -0.053780
v -0.066550 -0.105960 -0.054028
v -0.066585 -0.105960 -0.054293
v -0.066550 -0.105960 -0.054558
v -0.066447 -0.105960 -0.054805
v -0.066284 -0.105960 -0.055018
v -0.066072 -0.105960 -0.055181
v -0.065825 -0.105960 -0.055283
v -0.065560 -0.105960 -0.055318
v -0.065294 -0.105960 -0.055283
v -0.065047 -0.105960 -0.055181
v -0.064835 -0.105960 -0.055018
v -0.064672 -0.105960 -0.054805
v -0.064569 -0.105960 -0.054558
v -0.064535 -0.105960 -0.054293
v -0.064569 -0.105960 -0.054028
v -0.064672 -0.105960 -0.053780
v -0.061835 -0.105960 -0.070018
v -0.061672 -0.105960 -0.069805
v -0.061569 -0.105960 -0.069558
v -0.061535 -0.105960 -0.069293
v -0.061569 -0.105960 -0.069028
v -0.061672 -0.105960 -0.068780
v -0.061835 -0.105960 -0.068568
v -0.062047 -0.105960 -0.068405
v -0.062294 -0.105960 -0.068303
v -0.062560 -0.105960 -0.068268
v -0.062825 -0.105960 -0.068303
v -0.063072 -0.105960 -0.068405
v -0.063284 -0.105960 -0.068568
v -0.063447 -0.105960 -0.068780
v -0.063550 -0.105960 -0.069028
v -0.063585 -0.105960 -0.069293
v -0.063550 -0.105960 -0.069558
v -0.063447 -0.105960 -0.069805
v -0.063284 -0.105960 -0.070018
v -0.063072 -0.105960 -0.070181
v -0.062825 -0.105960 -0.070283
v -0.062560 -0.105960 -0.070318
v -0.062294 -0.105960 -0.070283
v -0.062047 -0.105960 -0.070181
v -0.056560 -0.105960 -0.062268
v -0.056825 -0.105960 -0.062303
v -0.057072 -0.105960 -0.062405
v -0.057284 -0.105960 -0.062568
v -0.057447 -0.105960 -0.062780
v -0.057550 -0.105960 -0.063028
v -0.057585 -0.105960 -0.063293
v -0.057550 -0.105960 -0.063558
v -0.057447 -0.105960 -0.063805
v -0.057284 -0.105960 -0.064018
v -0.057072 -0.105960 -0.064181
v -0.056825 -0.105960 -0.064283
v -0.056560 -0.105960 -0.064318
v -0.056294 -0.105960 -0.064283
v -0.056047 -0.105960 -0.064181
v -0.055835 -0.105960 -0.064018
v -0.055672 -0.105960 -0.063805
v -0.055569 -0.105960 -0.063558
v -0.055535 -0.105960 -0.063293
v -0.055569 -0.105960 -0.063028
v -0.055672 -0.105960 -0.062780
v -0.055835 -0.105960 -0.062568
v -0.056047 -0.105960 -0.062405
v -0.056294 -0.105960 -0.062303
v -0.064835 -0.105960 -0.071568
v -0.065047 -0.105960 -0.071405
v -0.065294 -0.105960 -0.071303
v -0.065560 -0.105960 -0.071268
v -0.065825 -0.105960 -0.071303
v -0.066072 -0.105960 -0.071405
v -0.066284 -0.105960 -0.071568
v -0.066447 -0.105960 -0.071780
v -0.066550 -0.105960 -0.072028
v -0.066585 -0.105960 -0.072293
v -0.066550 -0.105960 -0.072558
v -0.066447 -0.105960 -0.072805
v -0.066284 -0.105960 -0.073018
v -0.066072 -0.105960 -0.073181
v -0.065825 -0.105960 -0.073283
v -0.065560 -0.105960 -0.073318
v -0.065294 -0.105960 -0.073283
v -0.065047 -0.105960 -0.073181
v -0.064835 -0.105960 -0.073018
v -0.064672 -0.105960 -0.072805
v -0.064569 -0.105960 -0.072558
v -0.064535 -0.105960 -0.072293
v -0.064569 -0.105960 -0.072028
v -0.064672 -0.105960 -0.071780
v -0.067580 -0.104460 -0.074793
v -0.067580 -0.102960 -0.074793
v -0.071560 -0.104460 -0.074793
v -0.067810 -0.102960 -0.074793
v -0.071560 -0.102970 -0.074793
v -0.067810 -0.102760 -0.074793
v -0.071477 -0.102760 -0.074793
v -0.072560 -0.102969 -0.074793
v -0.072360 -0.101877 -0.074793
v -0.072360 -0.100088 -0.074793
v -0.072491 -0.100442 -0.074793
v -0.072560 -0.100960 -0.074793
v -0.070960 -0.099660 -0.051793
v -0.072079 -0.099660 -0.051793
v -0.071974 -0.099545 -0.051793
v -0.070560 -0.098960 -0.051793
v -0.069535 -0.098960 -0.051793
v -0.069786 -0.099224 -0.051793
v -0.071560 -0.099228 -0.051793
v -0.071077 -0.099028 -0.051793
v -0.070559 -0.099615 -0.051793
v -0.070149 -0.099467 -0.051793
v -0.057310 -0.100969 -0.051706
v -0.057310 -0.101102 -0.051686
v -0.057310 -0.099888 -0.049993
v -0.057310 -0.104460 -0.051293
v -0.057310 -0.104460 -0.049993
v -0.057310 -0.102960 -0.051293
v -0.057310 -0.102077 -0.051793
v -0.057310 -0.102960 -0.051793
v -0.057310 -0.102007 -0.051770
v -0.057310 -0.101750 -0.051706
v -0.057310 -0.101618 -0.051686
v -0.057310 -0.101618 -0.051793
v -0.057310 -0.101102 -0.051793
v -0.057310 -0.099888 -0.051793
v -0.057310 -0.100642 -0.051793
v -0.057310 -0.100712 -0.051770
v -0.067810 -0.102960 -0.051793
v -0.067810 -0.102960 -0.051293
v -0.067580 -0.102960 -0.051793
v -0.066060 -0.102960 -0.051293
v -0.063827 -0.102960 -0.051293
v -0.063423 -0.102960 -0.051993
v -0.065060 -0.102960 -0.051293
v -0.067696 -0.102960 -0.051993
v -0.066060 -0.102960 -0.049993
v -0.065060 -0.102960 -0.049993
v -0.067226 -0.102960 -0.055843
v -0.069979 -0.102960 -0.055843
v -0.069935 -0.102960 -0.055793
v -0.071560 -0.102966 -0.051793
v -0.071555 -0.102965 -0.053796
v -0.072560 -0.102969 -0.051793
v -0.071552 -0.102969 -0.055793
v -0.071555 -0.102965 -0.061561
v -0.071555 -0.102965 -0.065025
v -0.071184 -0.102965 -0.055793
v -0.071140 -0.102965 -0.055843
v -0.071555 -0.102965 -0.056790
v -0.071554 -0.102965 -0.069794
v -0.071555 -0.102965 -0.072790
v -0.066060 -0.102960 -0.075293
v -0.067810 -0.102960 -0.075293
v -0.065060 -0.102960 -0.076593
v -0.066060 -0.102960 -0.076593
v -0.065060 -0.102960 -0.075293
v -0.067696 -0.102960 -0.074593
v -0.063423 -0.102960 -0.074593
v -0.063827 -0.102960 -0.075293
v -0.057310 -0.102960 -0.074793
v -0.057310 -0.102960 -0.075293
v -0.057539 -0.102960 -0.074793
v -0.059060 -0.102960 -0.075293
v -0.061292 -0.102960 -0.075293
v -0.061696 -0.102960 -0.074593
v -0.060060 -0.102960 -0.075293
v -0.057423 -0.102960 -0.074593
v -0.059060 -0.102960 -0.076593
v -0.060060 -0.102960 -0.076593
v -0.055343 -0.102960 -0.069743
v -0.053644 -0.102960 -0.069743
v -0.055369 -0.102960 -0.069793
v -0.053565 -0.102965 -0.069794
v -0.071475 -0.102960 -0.069743
v -0.069776 -0.102960 -0.069743
v -0.069750 -0.102960 -0.069793
v -0.060510 -0.102960 -0.069743
v -0.058463 -0.102960 -0.069743
v -0.060539 -0.102960 -0.069793
v -0.058436 -0.102960 -0.069793
v -0.066656 -0.102960 -0.069743
v -0.064609 -0.102960 -0.069743
v -0.066683 -0.102960 -0.069793
v -0.064580 -0.102960 -0.069793
v -0.053565 -0.102965 -0.053796
v -0.053560 -0.102970 -0.051793
v -0.053979 -0.102965 -0.055843
v -0.053935 -0.102965 -0.055793
v -0.053567 -0.102969 -0.055843
v -0.053565 -0.102965 -0.065025
v -0.053565 -0.102965 -0.061561
v -0.053565 -0.102965 -0.056790
v -0.053565 -0.102965 -0.072790
v -0.053560 -0.102970 -0.074793
v -0.061696 -0.102960 -0.051993
v -0.061292 -0.102960 -0.051293
v -0.059260 -0.102960 -0.051993
v -0.060060 -0.102960 -0.051293
v -0.059060 -0.102960 -0.051293
v -0.060060 -0.102960 -0.049993
v -0.059060 -0.102960 -0.049993
v -0.058405 -0.102960 -0.052293
v -0.057539 -0.102960 -0.051793
v -0.057952 -0.102960 -0.053076
v -0.056673 -0.102960 -0.053293
v -0.057827 -0.102960 -0.053293
v -0.059260 -0.102960 -0.052293
v -0.055140 -0.102960 -0.055843
v -0.057893 -0.102960 -0.055843
v -0.055184 -0.102960 -0.055793
v -0.059060 -0.104460 -0.075293
v -0.057310 -0.104460 -0.075293
v -0.061292 -0.104460 -0.075293
v -0.060060 -0.104460 -0.075293
v -0.065718 -0.104460 -0.058785
v -0.065518 -0.104460 -0.058168
v -0.064560 -0.104460 -0.059829
v -0.066024 -0.104460 -0.061293
v -0.067684 -0.104460 -0.060334
v -0.067068 -0.104460 -0.060135
v -0.065388 -0.104460 -0.060464
v -0.066515 -0.104460 -0.059796
v -0.066056 -0.104460 -0.059338
v -0.058052 -0.104460 -0.060135
v -0.057435 -0.104460 -0.060334
v -0.059095 -0.104460 -0.061293
v -0.060560 -0.104460 -0.059829
v -0.059601 -0.104460 -0.058168
v -0.059401 -0.104460 -0.058785
v -0.059731 -0.104460 -0.060464
v -0.059063 -0.104460 -0.059338
v -0.058604 -0.104460 -0.059796
v -0.057435 -0.104460 -0.066252
v -0.058052 -0.104460 -0.066451
v -0.059095 -0.104460 -0.065293
v -0.058604 -0.104460 -0.066790
v -0.059731 -0.104460 -0.066121
v -0.059063 -0.104460 -0.067248
v -0.060560 -0.104460 -0.066757
v -0.059401 -0.104460 -0.067801
v -0.059601 -0.104460 -0.068418
v -0.067068 -0.104460 -0.066451
v -0.067684 -0.104460 -0.066252
v -0.066024 -0.104460 -0.065293
v -0.064560 -0.104460 -0.066757
v -0.065518 -0.104460 -0.068418
v -0.065718 -0.104460 -0.067801
v -0.065388 -0.104460 -0.066121
v -0.066056 -0.104460 -0.067248
v -0.066515 -0.104460 -0.066790
v -0.054484 -0.104460 -0.067642
v -0.054856 -0.104460 -0.067113
v -0.053560 -0.104460 -0.065025
v -0.055342 -0.104460 -0.066686
v -0.055913 -0.104460 -0.066384
v -0.054214 -0.104460 -0.069526
v -0.054154 -0.104460 -0.068883
v -0.053873 -0.104460 -0.069629
v -0.053560 -0.104460 -0.069796
v -0.054245 -0.104460 -0.068243
v -0.069206 -0.104460 -0.066384
v -0.069778 -0.104460 -0.066686
v -0.071560 -0.104460 -0.065025
v -0.070263 -0.104460 -0.067113
v -0.070635 -0.104460 -0.067642
v -0.070874 -0.104460 -0.068243
v -0.071560 -0.104460 -0.069796
v -0.070966 -0.104460 -0.068883
v -0.071246 -0.104460 -0.069629
v -0.070905 -0.104460 -0.069526
v -0.055913 -0.104460 -0.060202
v -0.055342 -0.104460 -0.059900
v -0.053560 -0.104460 -0.061561
v -0.054856 -0.104460 -0.059473
v -0.054484 -0.104460 -0.058944
v -0.054245 -0.104460 -0.058343
v -0.053560 -0.104460 -0.056790
v -0.054154 -0.104460 -0.057703
v -0.053873 -0.104460 -0.056957
v -0.054214 -0.104460 -0.057059
v -0.071246 -0.104460 -0.056957
v -0.070905 -0.104460 -0.057059
v -0.070966 -0.104460 -0.057703
v -0.071560 -0.104460 -0.061561
v -0.070874 -0.104460 -0.058343
v -0.070635 -0.104460 -0.058944
v -0.071560 -0.104460 -0.056790
v -0.070263 -0.104460 -0.059473
v -0.069778 -0.104460 -0.059900
v -0.069206 -0.104460 -0.060202
v -0.071560 -0.104460 -0.053796
v -0.071560 -0.104460 -0.051793
v -0.071196 -0.104460 -0.053609
v -0.070800 -0.104460 -0.053509
v -0.067580 -0.104460 -0.051793
v -0.069042 -0.104460 -0.054325
v -0.069299 -0.104460 -0.054008
v -0.069622 -0.104460 -0.053757
v -0.069992 -0.104460 -0.053585
v -0.070392 -0.104460 -0.053501
v -0.067810 -0.104460 -0.049993
v -0.066060 -0.104460 -0.049993
v -0.067810 -0.104460 -0.051293
v -0.066060 -0.104460 -0.051293
v -0.063827 -0.104460 -0.051293
v -0.065060 -0.104460 -0.051293
v -0.065060 -0.104460 -0.049993
v -0.062560 -0.104460 -0.053489
v -0.061292 -0.104460 -0.051293
v -0.060060 -0.104460 -0.051293
v -0.060060 -0.104460 -0.049993
v -0.059060 -0.104460 -0.049993
v -0.059060 -0.104460 -0.051293
v -0.056077 -0.104460 -0.054325
v -0.057539 -0.104460 -0.051793
v -0.055820 -0.104460 -0.054008
v -0.055497 -0.104460 -0.053757
v -0.053560 -0.104460 -0.051793
v -0.053560 -0.104460 -0.053796
v -0.053923 -0.104460 -0.053609
v -0.054319 -0.104460 -0.053509
v -0.054727 -0.104460 -0.053501
v -0.055127 -0.104460 -0.053585
v -0.066060 -0.104460 -0.076593
v -0.067810 -0.104460 -0.076593
v -0.066060 -0.104460 -0.075293
v -0.067810 -0.104460 -0.075293
v -0.071560 -0.104460 -0.072790
v -0.071196 -0.104460 -0.072977
v -0.069992 -0.104460 -0.073001
v -0.070392 -0.104460 -0.073085
v -0.070800 -0.104460 -0.073077
v -0.069622 -0.104460 -0.072829
v -0.069299 -0.104460 -0.072578
v -0.069042 -0.104460 -0.072261
v -0.060060 -0.104460 -0.076593
v -0.062560 -0.104460 -0.073097
v -0.063827 -0.104460 -0.075293
v -0.065060 -0.104460 -0.075293
v -0.065060 -0.104460 -0.076593
v -0.053560 -0.104460 -0.072790
v -0.053560 -0.104460 -0.074793
v -0.053923 -0.104460 -0.072977
v -0.054319 -0.104460 -0.073077
v -0.057539 -0.104460 -0.074793
v -0.056077 -0.104460 -0.072261
v -0.055820 -0.104460 -0.072578
v -0.055497 -0.104460 -0.072829
v -0.055127 -0.104460 -0.073001
v -0.054727 -0.104460 -0.073085
v -0.057310 -0.104460 -0.076593
v -0.059060 -0.104460 -0.076593
v -0.066024 -0.103460 -0.065293
v -0.066389 -0.103460 -0.064448
v -0.066389 -0.104760 -0.064448
v -0.060560 -0.103460 -0.066757
v -0.061405 -0.103460 -0.067123
v -0.061405 -0.104760 -0.067123
v -0.061524 -0.104760 -0.067157
v -0.062560 -0.104760 -0.067293
v -0.063595 -0.104760 -0.067157
v -0.063714 -0.104760 -0.067123
v -0.063714 -0.103460 -0.067123
v -0.064560 -0.103460 -0.066757
v -0.059095 -0.103460 -0.061293
v -0.058730 -0.103460 -0.062138
v -0.058730 -0.104760 -0.062138
v -0.058696 -0.104760 -0.062258
v -0.058560 -0.104760 -0.063293
v -0.058696 -0.104760 -0.064328
v -0.058730 -0.104760 -0.064448
v -0.058730 -0.103460 -0.064448
v -0.059095 -0.103460 -0.065293
v -0.064560 -0.103460 -0.059829
v -0.063714 -0.103460 -0.059463
v -0.063714 -0.104760 -0.059463
v -0.063595 -0.104760 -0.059429
v -0.062560 -0.104760 -0.059293
v -0.061524 -0.104760 -0.059429
v -0.061405 -0.104760 -0.059463
v -0.061405 -0.103460 -0.059463
v -0.060560 -0.103460 -0.059829
v -0.066423 -0.104760 -0.064328
v -0.066560 -0.104760 -0.063293
v -0.066423 -0.104760 -0.062258
v -0.066389 -0.104760 -0.062138
v -0.066389 -0.103460 -0.062138
v -0.066024 -0.103460 -0.061293
v -0.067836 -0.104760 -0.065046
v -0.067776 -0.104760 -0.065150
v -0.068560 -0.104760 -0.065602
v -0.068560 -0.104760 -0.060984
v -0.067776 -0.104760 -0.061436
v -0.067836 -0.104760 -0.061540
v -0.070560 -0.104760 -0.064448
v -0.070560 -0.104760 -0.063543
v -0.070440 -0.104760 -0.063543
v -0.070560 -0.104760 -0.063043
v -0.070560 -0.104760 -0.062138
v -0.070440 -0.104760 -0.063043
v -0.066560 -0.104760 -0.064448
v -0.069550 -0.104760 -0.063558
v -0.069447 -0.104760 -0.063805
v -0.067343 -0.104760 -0.061686
v -0.066560 -0.104760 -0.062138
v -0.067403 -0.104760 -0.061790
v -0.067403 -0.104760 -0.064796
v -0.067343 -0.104760 -0.064900
v -0.067835 -0.104760 -0.062568
v -0.068047 -0.104760 -0.062405
v -0.068294 -0.104760 -0.062303
v -0.068560 -0.104760 -0.062268
v -0.068825 -0.104760 -0.062303
v -0.068560 -0.104760 -0.064318
v -0.068294 -0.104760 -0.064283
v -0.067835 -0.104760 -0.064018
v -0.067672 -0.104760 -0.063805
v -0.069585 -0.104760 -0.063293
v -0.069550 -0.104760 -0.063028
v -0.068047 -0.104760 -0.064181
v -0.069072 -0.104760 -0.062405
v -0.069284 -0.104760 -0.062568
v -0.069447 -0.104760 -0.062780
v -0.069284 -0.104760 -0.064018
v -0.069072 -0.104760 -0.064181
v -0.068825 -0.104760 -0.064283
v -0.067569 -0.104760 -0.063558
v -0.067535 -0.104760 -0.063293
v -0.067569 -0.104760 -0.063028
v -0.067672 -0.104760 -0.062780
v -0.063550 -0.104760 -0.069558
v -0.063447 -0.104760 -0.069805
v -0.064313 -0.104760 -0.068569
v -0.067186 -0.104760 -0.070793
v -0.065810 -0.104760 -0.070413
v -0.065310 -0.104760 -0.070413
v -0.063714 -0.104760 -0.067293
v -0.064167 -0.104760 -0.068076
v -0.064734 -0.104760 -0.070283
v -0.061060 -0.104760 -0.070793
v -0.064063 -0.104760 -0.068136
v -0.062825 -0.104760 -0.068303
v -0.063072 -0.104760 -0.068405
v -0.063585 -0.104760 -0.069293
v -0.065810 -0.104760 -0.070293
v -0.066714 -0.104760 -0.070293
v -0.066882 -0.104760 -0.070082
v -0.067415 -0.104760 -0.070505
v -0.069478 -0.104760 -0.070163
v -0.064811 -0.104760 -0.070293
v -0.062294 -0.104760 -0.070283
v -0.062047 -0.104760 -0.070181
v -0.063284 -0.104760 -0.068568
v -0.063447 -0.104760 -0.068780
v -0.063550 -0.104760 -0.069028
v -0.067835 -0.104760 -0.070658
v -0.068280 -0.104760 -0.070699
v -0.069129 -0.104760 -0.070443
v -0.068721 -0.104760 -0.070625
v -0.063072 -0.104760 -0.070181
v -0.062825 -0.104760 -0.070283
v -0.061405 -0.104760 -0.067293
v -0.061569 -0.104760 -0.069028
v -0.061672 -0.104760 -0.068780
v -0.061835 -0.104760 -0.068568
v -0.062047 -0.104760 -0.068405
v -0.062294 -0.104760 -0.068303
v -0.061569 -0.104760 -0.069558
v -0.061535 -0.104760 -0.069293
v -0.062560 -0.104760 -0.070318
v -0.061835 -0.104760 -0.070018
v -0.061672 -0.104760 -0.069805
v -0.067951 -0.104760 -0.069940
v -0.068216 -0.104760 -0.069975
v -0.068482 -0.104760 -0.069940
v -0.068729 -0.104760 -0.069837
v -0.062560 -0.104760 -0.068268
v -0.067704 -0.104760 -0.069837
v -0.067492 -0.104760 -0.069675
v -0.066639 -0.104760 -0.069707
v -0.067329 -0.104760 -0.069462
v -0.066498 -0.104760 -0.069282
v -0.067226 -0.104760 -0.069215
v -0.066470 -0.104760 -0.068836
v -0.067191 -0.104760 -0.068950
v -0.066556 -0.104760 -0.068397
v -0.067226 -0.104760 -0.068684
v -0.066750 -0.104760 -0.067995
v -0.067329 -0.104760 -0.068437
v -0.067040 -0.104760 -0.067654
v -0.067492 -0.104760 -0.068225
v -0.067406 -0.104760 -0.067399
v -0.067704 -0.104760 -0.068062
v -0.067826 -0.104760 -0.067244
v -0.067951 -0.104760 -0.067960
v -0.068271 -0.104760 -0.067201
v -0.068216 -0.104760 -0.067925
v -0.068712 -0.104760 -0.067271
v -0.068482 -0.104760 -0.067960
v -0.069121 -0.104760 -0.067452
v -0.068729 -0.104760 -0.068062
v -0.069471 -0.104760 -0.067730
v -0.068941 -0.104760 -0.068225
v -0.069739 -0.104760 -0.068088
v -0.069104 -0.104760 -0.068437
v -0.069908 -0.104760 -0.068502
v -0.069206 -0.104760 -0.068684
v -0.069966 -0.104760 -0.068945
v -0.069241 -0.104760 -0.068950
v -0.069910 -0.104760 -0.069389
v -0.069206 -0.104760 -0.069215
v -0.069744 -0.104760 -0.069803
v -0.069104 -0.104760 -0.069462
v -0.068941 -0.104760 -0.069675
v -0.063284 -0.104760 -0.070018
v -0.064599 -0.104760 -0.070205
v -0.064551 -0.104760 -0.070143
v -0.064521 -0.104760 -0.070071
v -0.064511 -0.104760 -0.069993
v -0.064521 -0.104760 -0.069915
v -0.064551 -0.104760 -0.069843
v -0.064869 -0.104760 -0.069293
v -0.064417 -0.104760 -0.068509
v -0.061063 -0.104760 -0.073449
v -0.061313 -0.104760 -0.073016
v -0.064056 -0.104760 -0.073449
v -0.063952 -0.104760 -0.073509
v -0.064405 -0.104760 -0.074293
v -0.067417 -0.104760 -0.073076
v -0.067869 -0.104760 -0.072293
v -0.067313 -0.104760 -0.073016
v -0.067080 -0.104760 -0.070927
v -0.062310 -0.104760 -0.071173
v -0.062810 -0.104760 -0.071173
v -0.061521 -0.104760 -0.071515
v -0.061551 -0.104760 -0.071443
v -0.061661 -0.104760 -0.071333
v -0.062310 -0.104760 -0.071293
v -0.061811 -0.104760 -0.071293
v -0.063308 -0.104760 -0.071293
v -0.063386 -0.104760 -0.071303
v -0.063458 -0.104760 -0.071333
v -0.063520 -0.104760 -0.071381
v -0.063568 -0.104760 -0.071443
v -0.064835 -0.104760 -0.071568
v -0.065047 -0.104760 -0.071405
v -0.065294 -0.104760 -0.071303
v -0.065560 -0.104760 -0.071268
v -0.061417 -0.104760 -0.073076
v -0.061869 -0.104760 -0.072293
v -0.065310 -0.104760 -0.070293
v -0.062810 -0.104760 -0.071293
v -0.061551 -0.104760 -0.071743
v -0.061521 -0.104760 -0.071671
v -0.061511 -0.104760 -0.071593
v -0.065825 -0.104760 -0.071303
v -0.066072 -0.104760 -0.071405
v -0.066284 -0.104760 -0.071568
v -0.063598 -0.104760 -0.071515
v -0.063608 -0.104760 -0.071593
v -0.064672 -0.104760 -0.071780
v -0.066447 -0.104760 -0.071780
v -0.066550 -0.104760 -0.072028
v -0.066585 -0.104760 -0.072293
v -0.066072 -0.104760 -0.073181
v -0.065825 -0.104760 -0.073283
v -0.067063 -0.104760 -0.073449
v -0.065560 -0.104760 -0.073318
v -0.064569 -0.104760 -0.072558
v -0.064535 -0.104760 -0.072293
v -0.063806 -0.104760 -0.073016
v -0.064569 -0.104760 -0.072028
v -0.066550 -0.104760 -0.072558
v -0.066447 -0.104760 -0.072805
v -0.066284 -0.104760 -0.073018
v -0.066714 -0.104760 -0.074293
v -0.067167 -0.104760 -0.073509
v -0.065294 -0.104760 -0.073283
v -0.065047 -0.104760 -0.073181
v -0.064835 -0.104760 -0.073018
v -0.064672 -0.104760 -0.072805
v -0.063598 -0.104760 -0.071671
v -0.063250 -0.104760 -0.072293
v -0.063702 -0.104760 -0.073076
v -0.058039 -0.104760 -0.070927
v -0.057250 -0.104760 -0.072293
v -0.057702 -0.104760 -0.073076
v -0.057952 -0.104760 -0.073509
v -0.058405 -0.104760 -0.074293
v -0.058056 -0.104760 -0.073449
v -0.060714 -0.104760 -0.074293
v -0.059560 -0.104760 -0.071268
v -0.059825 -0.104760 -0.071303
v -0.060072 -0.104760 -0.071405
v -0.057806 -0.104760 -0.073016
v -0.058569 -0.104760 -0.072558
v -0.058535 -0.104760 -0.072293
v -0.060585 -0.104760 -0.072293
v -0.060550 -0.104760 -0.072558
v -0.061060 -0.104760 -0.073695
v -0.058569 -0.104760 -0.072028
v -0.058672 -0.104760 -0.071780
v -0.058835 -0.104760 -0.071568
v -0.059047 -0.104760 -0.071405
v -0.059294 -0.104760 -0.071303
v -0.060284 -0.104760 -0.071568
v -0.060447 -0.104760 -0.071780
v -0.060550 -0.104760 -0.072028
v -0.058835 -0.104760 -0.073018
v -0.058672 -0.104760 -0.072805
v -0.061167 -0.104760 -0.073509
v -0.060447 -0.104760 -0.072805
v -0.060284 -0.104760 -0.073018
v -0.060072 -0.104760 -0.073181
v -0.059825 -0.104760 -0.073283
v -0.059560 -0.104760 -0.073318
v -0.059294 -0.104760 -0.073283
v -0.059047 -0.104760 -0.073181
v -0.061060 -0.104760 -0.067891
v -0.060952 -0.104760 -0.068076
v -0.061056 -0.104760 -0.068136
v -0.060806 -0.104760 -0.068569
v -0.059810 -0.104760 -0.070413
v -0.059310 -0.104760 -0.070413
v -0.057933 -0.104760 -0.070793
v -0.060598 -0.104760 -0.070071
v -0.060520 -0.104760 -0.070205
v -0.060458 -0.104760 -0.070253
v -0.059810 -0.104760 -0.070293
v -0.060308 -0.104760 -0.070293
v -0.060386 -0.104760 -0.070283
v -0.060702 -0.104760 -0.068509
v -0.060250 -0.104760 -0.069293
v -0.060568 -0.104760 -0.069843
v -0.060598 -0.104760 -0.069915
v -0.060608 -0.104760 -0.069993
v -0.059310 -0.104760 -0.070293
v -0.058405 -0.104760 -0.070293
v -0.057704 -0.104760 -0.070505
v -0.058237 -0.104760 -0.070082
v -0.057284 -0.104760 -0.070658
v -0.055641 -0.104760 -0.070163
v -0.056839 -0.104760 -0.070699
v -0.055990 -0.104760 -0.070443
v -0.056398 -0.104760 -0.070625
v -0.057415 -0.104760 -0.069837
v -0.057168 -0.104760 -0.069940
v -0.056903 -0.104760 -0.069975
v -0.056637 -0.104760 -0.069940
v -0.056390 -0.104760 -0.069837
v -0.056178 -0.104760 -0.069675
v -0.055375 -0.104760 -0.069803
v -0.056015 -0.104760 -0.069462
v -0.055209 -0.104760 -0.069389
v -0.055913 -0.104760 -0.069215
v -0.055153 -0.104760 -0.068945
v -0.055878 -0.104760 -0.068950
v -0.055211 -0.104760 -0.068502
v -0.055913 -0.104760 -0.068684
v -0.055380 -0.104760 -0.068088
v -0.056015 -0.104760 -0.068437
v -0.055648 -0.104760 -0.067730
v -0.056178 -0.104760 -0.068225
v -0.055998 -0.104760 -0.067452
v -0.056390 -0.104760 -0.068062
v -0.056407 -0.104760 -0.067271
v -0.056637 -0.104760 -0.067960
v -0.056848 -0.104760 -0.067201
v -0.056903 -0.104760 -0.067925
v -0.057293 -0.104760 -0.067244
v -0.057168 -0.104760 -0.067960
v -0.057713 -0.104760 -0.067399
v -0.057415 -0.104760 -0.068062
v -0.058079 -0.104760 -0.067654
v -0.057627 -0.104760 -0.068225
v -0.058369 -0.104760 -0.067995
v -0.057790 -0.104760 -0.068437
v -0.058563 -0.104760 -0.068397
v -0.057893 -0.104760 -0.068684
v -0.058649 -0.104760 -0.068836
v -0.057928 -0.104760 -0.068950
v -0.058621 -0.104760 -0.069282
v -0.057893 -0.104760 -0.069215
v -0.058480 -0.104760 -0.069707
v -0.057790 -0.104760 -0.069462
v -0.057627 -0.104760 -0.069675
v -0.057283 -0.104760 -0.061540
v -0.057343 -0.104760 -0.061436
v -0.056560 -0.104760 -0.060984
v -0.054560 -0.104760 -0.064448
v -0.056560 -0.104760 -0.065602
v -0.057343 -0.104760 -0.065150
v -0.054560 -0.104760 -0.062138
v -0.054560 -0.104760 -0.063043
v -0.054680 -0.104760 -0.063043
v -0.056294 -0.104760 -0.062303
v -0.056560 -0.104760 -0.062268
v -0.057283 -0.104760 -0.065046
v -0.054680 -0.104760 -0.063543
v -0.054560 -0.104760 -0.063543
v -0.058560 -0.104760 -0.062138
v -0.057776 -0.104760 -0.061686
v -0.057716 -0.104760 -0.064796
v -0.057716 -0.104760 -0.061790
v -0.058560 -0.104760 -0.064448
v -0.057776 -0.104760 -0.064900
v -0.057284 -0.104760 -0.062568
v -0.057447 -0.104760 -0.062780
v -0.056825 -0.104760 -0.062303
v -0.057072 -0.104760 -0.062405
v -0.057550 -0.104760 -0.063028
v -0.057585 -0.104760 -0.063293
v -0.057550 -0.104760 -0.063558
v -0.057447 -0.104760 -0.063805
v -0.057284 -0.104760 -0.064018
v -0.057072 -0.104760 -0.064181
v -0.056825 -0.104760 -0.064283
v -0.056560 -0.104760 -0.064318
v -0.056294 -0.104760 -0.064283
v -0.056047 -0.104760 -0.064181
v -0.055835 -0.104760 -0.064018
v -0.055672 -0.104760 -0.063805
v -0.055569 -0.104760 -0.063028
v -0.055535 -0.104760 -0.063293
v -0.055569 -0.104760 -0.063558
v -0.055672 -0.104760 -0.062780
v -0.055835 -0.104760 -0.062568
v -0.056047 -0.104760 -0.062405
v -0.061063 -0.104760 -0.053136
v -0.061167 -0.104760 -0.053076
v -0.061060 -0.104760 -0.052891
v -0.057806 -0.104760 -0.053569
v -0.057702 -0.104760 -0.053509
v -0.057250 -0.104760 -0.054293
v -0.061056 -0.104760 -0.058449
v -0.060952 -0.104760 -0.058509
v -0.061060 -0.104760 -0.058695
v -0.062294 -0.104760 -0.056303
v -0.062560 -0.104760 -0.056268
v -0.061060 -0.104760 -0.055793
v -0.065310 -0.104760 -0.056173
v -0.065810 -0.104760 -0.056173
v -0.067186 -0.104760 -0.055793
v -0.063714 -0.104760 -0.059293
v -0.064313 -0.104760 -0.058016
v -0.063447 -0.104760 -0.056780
v -0.063550 -0.104760 -0.057028
v -0.062825 -0.104760 -0.056303
v -0.063072 -0.104760 -0.056405
v -0.063284 -0.104760 -0.056568
v -0.064167 -0.104760 -0.058509
v -0.064063 -0.104760 -0.058449
v -0.061405 -0.104760 -0.059293
v -0.061672 -0.104760 -0.057805
v -0.061569 -0.104760 -0.057558
v -0.062047 -0.104760 -0.056405
v -0.067415 -0.104760 -0.056080
v -0.067226 -0.104760 -0.057371
v -0.067329 -0.104760 -0.057124
v -0.063585 -0.104760 -0.057293
v -0.063550 -0.104760 -0.057558
v -0.063447 -0.104760 -0.057805
v -0.063284 -0.104760 -0.058018
v -0.061535 -0.104760 -0.057293
v -0.061569 -0.104760 -0.057028
v -0.062560 -0.104760 -0.058318
v -0.062825 -0.104760 -0.058283
v -0.063072 -0.104760 -0.058181
v -0.062294 -0.104760 -0.058283
v -0.062047 -0.104760 -0.058181
v -0.061835 -0.104760 -0.058018
v -0.061672 -0.104760 -0.056780
v -0.061835 -0.104760 -0.056568
v -0.064521 -0.104760 -0.056515
v -0.064551 -0.104760 -0.056443
v -0.064417 -0.104760 -0.058076
v -0.064869 -0.104760 -0.057293
v -0.064551 -0.104760 -0.056743
v -0.064521 -0.104760 -0.056671
v -0.064511 -0.104760 -0.056593
v -0.064661 -0.104760 -0.056333
v -0.064811 -0.104760 -0.056293
v -0.065310 -0.104760 -0.056293
v -0.065810 -0.104760 -0.056293
v -0.066714 -0.104760 -0.056293
v -0.066882 -0.104760 -0.056504
v -0.067191 -0.104760 -0.057636
v -0.067492 -0.104760 -0.056911
v -0.067704 -0.104760 -0.056748
v -0.067835 -0.104760 -0.055928
v -0.067951 -0.104760 -0.056646
v -0.068280 -0.104760 -0.055887
v -0.068216 -0.104760 -0.056611
v -0.068721 -0.104760 -0.055960
v -0.068482 -0.104760 -0.056646
v -0.069129 -0.104760 -0.056143
v -0.068729 -0.104760 -0.056748
v -0.069478 -0.104760 -0.056423
v -0.068941 -0.104760 -0.056911
v -0.069744 -0.104760 -0.056782
v -0.069104 -0.104760 -0.057124
v -0.069910 -0.104760 -0.057197
v -0.069206 -0.104760 -0.057371
v -0.069966 -0.104760 -0.057641
v -0.069241 -0.104760 -0.057636
v -0.069908 -0.104760 -0.058084
v -0.069206 -0.104760 -0.057901
v -0.069739 -0.104760 -0.058498
v -0.069104 -0.104760 -0.058149
v -0.069471 -0.104760 -0.058856
v -0.068941 -0.104760 -0.058361
v -0.069121 -0.104760 -0.059134
v -0.068729 -0.104760 -0.058524
v -0.068712 -0.104760 -0.059314
v -0.068482 -0.104760 -0.058626
v -0.068271 -0.104760 -0.059385
v -0.068216 -0.104760 -0.058661
v -0.067826 -0.104760 -0.059342
v -0.067951 -0.104760 -0.058626
v -0.067406 -0.104760 -0.059187
v -0.067704 -0.104760 -0.058524
v -0.067040 -0.104760 -0.058931
v -0.067492 -0.104760 -0.058361
v -0.066750 -0.104760 -0.058591
v -0.067329 -0.104760 -0.058149
v -0.066556 -0.104760 -0.058188
v -0.067226 -0.104760 -0.057901
v -0.066470 -0.104760 -0.057750
v -0.066498 -0.104760 -0.057303
v -0.066639 -0.104760 -0.056879
v -0.059310 -0.104760 -0.056173
v -0.059810 -0.104760 -0.056173
v -0.060806 -0.104760 -0.058016
v -0.058405 -0.104760 -0.056293
v -0.059310 -0.104760 -0.056293
v -0.058237 -0.104760 -0.056504
v -0.056903 -0.104760 -0.056611
v -0.057168 -0.104760 -0.056646
v -0.060386 -0.104760 -0.056303
v -0.060458 -0.104760 -0.056333
v -0.057933 -0.104760 -0.055793
v -0.057704 -0.104760 -0.056080
v -0.060520 -0.104760 -0.056381
v -0.060568 -0.104760 -0.056443
v -0.060598 -0.104760 -0.056515
v -0.059810 -0.104760 -0.056293
v -0.060308 -0.104760 -0.056293
v -0.060250 -0.104760 -0.057293
v -0.060702 -0.104760 -0.058076
v -0.060568 -0.104760 -0.056743
v -0.060608 -0.104760 -0.056593
v -0.057284 -0.104760 -0.055928
v -0.056839 -0.104760 -0.055887
v -0.056637 -0.104760 -0.056646
v -0.056398 -0.104760 -0.055960
v -0.056390 -0.104760 -0.056748
v -0.055990 -0.104760 -0.056143
v -0.056178 -0.104760 -0.056911
v -0.055641 -0.104760 -0.056423
v -0.056015 -0.104760 -0.057124
v -0.055375 -0.104760 -0.056782
v -0.055913 -0.104760 -0.057371
v -0.055209 -0.104760 -0.057197
v -0.055878 -0.104760 -0.057636
v -0.055153 -0.104760 -0.057641
v -0.055913 -0.104760 -0.057901
v -0.055211 -0.104760 -0.058084
v -0.056015 -0.104760 -0.058149
v -0.055380 -0.104760 -0.058498
v -0.056178 -0.104760 -0.058361
v -0.055648 -0.104760 -0.058856
v -0.056390 -0.104760 -0.058524
v -0.055998 -0.104760 -0.059134
v -0.056637 -0.104760 -0.058626
v -0.056407 -0.104760 -0.059314
v -0.056903 -0.104760 -0.058661
v -0.056848 -0.104760 -0.059385
v -0.057168 -0.104760 -0.058626
v -0.057293 -0.104760 -0.059342
v -0.057415 -0.104760 -0.058524
v -0.057713 -0.104760 -0.059187
v -0.057627 -0.104760 -0.058361
v -0.058079 -0.104760 -0.058931
v -0.057790 -0.104760 -0.058149
v -0.058369 -0.104760 -0.058591
v -0.057893 -0.104760 -0.057901
v -0.058563 -0.104760 -0.058188
v -0.057928 -0.104760 -0.057636
v -0.058649 -0.104760 -0.057750
v -0.057893 -0.104760 -0.057371
v -0.058621 -0.104760 -0.057303
v -0.057790 -0.104760 -0.057124
v -0.058480 -0.104760 -0.056879
v -0.057627 -0.104760 -0.056911
v -0.057415 -0.104760 -0.056748
v -0.059294 -0.104760 -0.053303
v -0.059560 -0.104760 -0.053268
v -0.058405 -0.104760 -0.052293
v -0.057952 -0.104760 -0.053076
v -0.058056 -0.104760 -0.053136
v -0.060714 -0.104760 -0.052293
v -0.058569 -0.104760 -0.054028
v -0.058672 -0.104760 -0.053780
v -0.058835 -0.104760 -0.053568
v -0.059047 -0.104760 -0.053405
v -0.060447 -0.104760 -0.053780
v -0.060550 -0.104760 -0.054028
v -0.059825 -0.104760 -0.053303
v -0.060072 -0.104760 -0.053405
v -0.060284 -0.104760 -0.053568
v -0.060585 -0.104760 -0.054293
v -0.060550 -0.104760 -0.054558
v -0.060447 -0.104760 -0.054805
v -0.060284 -0.104760 -0.055018
v -0.058039 -0.104760 -0.055659
v -0.058672 -0.104760 -0.054805
v -0.058569 -0.104760 -0.054558
v -0.060072 -0.104760 -0.055181
v -0.059825 -0.104760 -0.055283
v -0.059560 -0.104760 -0.055318
v -0.059294 -0.104760 -0.055283
v -0.059047 -0.104760 -0.055181
v -0.058835 -0.104760 -0.055018
v -0.058535 -0.104760 -0.054293
v -0.064405 -0.104760 -0.052293
v -0.063952 -0.104760 -0.053076
v -0.065560 -0.104760 -0.053268
v -0.064056 -0.104760 -0.053136
v -0.065294 -0.104760 -0.053303
v -0.065047 -0.104760 -0.053405
v -0.067869 -0.104760 -0.054293
v -0.067417 -0.104760 -0.053509
v -0.067080 -0.104760 -0.055659
v -0.067313 -0.104760 -0.053569
v -0.061313 -0.104760 -0.053569
v -0.064672 -0.104760 -0.054805
v -0.064569 -0.104760 -0.054558
v -0.063806 -0.104760 -0.053569
v -0.064535 -0.104760 -0.054293
v -0.063308 -0.104760 -0.055293
v -0.062810 -0.104760 -0.055293
v -0.062810 -0.104760 -0.055413
v -0.062310 -0.104760 -0.055413
v -0.064569 -0.104760 -0.054028
v -0.064672 -0.104760 -0.053780
v -0.064835 -0.104760 -0.053568
v -0.061734 -0.104760 -0.055283
v -0.061599 -0.104760 -0.055205
v -0.063598 -0.104760 -0.055071
v -0.064835 -0.104760 -0.055018
v -0.061869 -0.104760 -0.054293
v -0.061417 -0.104760 -0.053509
v -0.061551 -0.104760 -0.054843
v -0.061521 -0.104760 -0.054915
v -0.061511 -0.104760 -0.054993
v -0.066550 -0.104760 -0.054028
v -0.066585 -0.104760 -0.054293
v -0.063520 -0.104760 -0.055205
v -0.062310 -0.104760 -0.055293
v -0.061811 -0.104760 -0.055293
v -0.061551 -0.104760 -0.055143
v -0.061521 -0.104760 -0.055071
v -0.067167 -0.104760 -0.053076
v -0.066714 -0.104760 -0.052293
v -0.067063 -0.104760 -0.053136
v -0.065825 -0.104760 -0.053303
v -0.063458 -0.104760 -0.055253
v -0.063386 -0.104760 -0.055283
v -0.066550 -0.104760 -0.054558
v -0.066447 -0.104760 -0.054805
v -0.066284 -0.104760 -0.055018
v -0.066072 -0.104760 -0.055181
v -0.065825 -0.104760 -0.055283
v -0.066072 -0.104760 -0.053405
v -0.066284 -0.104760 -0.053568
v -0.066447 -0.104760 -0.053780
v -0.065560 -0.104760 -0.055318
v -0.065294 -0.104760 -0.055283
v -0.065047 -0.104760 -0.055181
v -0.063702 -0.104760 -0.053509
v -0.063250 -0.104760 -0.054293
v -0.063568 -0.104760 -0.054843
v -0.063598 -0.104760 -0.054915
v -0.063608 -0.104760 -0.054993
v -0.059560 -0.105960 -0.053268
v -0.059825 -0.105960 -0.053303
v -0.060072 -0.105960 -0.053405
v -0.060284 -0.105960 -0.053568
v -0.060447 -0.105960 -0.053780
v -0.060550 -0.105960 -0.054028
v -0.060585 -0.105960 -0.054293
v -0.060550 -0.105960 -0.054558
v -0.060447 -0.105960 -0.054805
v -0.060284 -0.105960 -0.055018
v -0.060072 -0.105960 -0.055181
v -0.059825 -0.105960 -0.055283
v -0.059560 -0.105960 -0.055318
v -0.059294 -0.105960 -0.055283
v -0.059047 -0.105960 -0.055181
v -0.058835 -0.105960 -0.055018
v -0.058672 -0.105960 -0.054805
v -0.058569 -0.105960 -0.054558
v -0.058535 -0.105960 -0.054293
v -0.058569 -0.105960 -0.054028
v -0.058672 -0.105960 -0.053780
v -0.058835 -0.105960 -0.053568
v -0.059047 -0.105960 -0.053405
v -0.059294 -0.105960 -0.053303
v -0.069994 -0.102960 -0.055859
v -0.070160 -0.102960 -0.055986
v -0.070352 -0.102960 -0.056066
v -0.070560 -0.102960 -0.056093
v -0.070767 -0.102960 -0.056066
v -0.070960 -0.102960 -0.055986
v -0.071125 -0.102960 -0.055859
v -0.071252 -0.102960 -0.055693
v -0.071332 -0.102960 -0.055500
v -0.071360 -0.102960 -0.055293
v -0.071332 -0.102960 -0.055086
v -0.071252 -0.102960 -0.054893
v -0.071125 -0.102960 -0.054727
v -0.070960 -0.102960 -0.054600
v -0.070767 -0.102960 -0.054520
v -0.070560 -0.102960 -0.054493
v -0.070352 -0.102960 -0.054520
v -0.070160 -0.102960 -0.054600
v -0.069994 -0.102960 -0.054727
v -0.069867 -0.102960 -0.054893
v -0.069787 -0.102960 -0.055086
v -0.069760 -0.102960 -0.055293
v -0.069787 -0.102960 -0.055500
v -0.069867 -0.102960 -0.055693
v -0.053994 -0.102960 -0.055859
v -0.054160 -0.102960 -0.055986
v -0.054352 -0.102960 -0.056066
v -0.054560 -0.102960 -0.056093
v -0.054767 -0.102960 -0.056066
v -0.054960 -0.102960 -0.055986
v -0.055125 -0.102960 -0.055859
v -0.055252 -0.102960 -0.055693
v -0.055332 -0.102960 -0.055500
v -0.055360 -0.102960 -0.055293
v -0.055332 -0.102960 -0.055086
v -0.055252 -0.102960 -0.054893
v -0.055125 -0.102960 -0.054727
v -0.054960 -0.102960 -0.054600
v -0.054767 -0.102960 -0.054520
v -0.054560 -0.102960 -0.054493
v -0.054352 -0.102960 -0.054520
v -0.054160 -0.102960 -0.054600
v -0.053994 -0.102960 -0.054727
v -0.053867 -0.102960 -0.054893
v -0.053787 -0.102960 -0.055086
v -0.053760 -0.102960 -0.055293
v -0.053787 -0.102960 -0.055500
v -0.053867 -0.102960 -0.055693
v -0.066403 -0.103347 -0.064448
v -0.066459 -0.103210 -0.064448
v -0.066542 -0.103106 -0.064448
v -0.066560 -0.103090 -0.064448
v -0.067343 -0.102960 -0.064900
v -0.066859 -0.102960 -0.064621
v -0.066656 -0.103015 -0.064504
v -0.066637 -0.103027 -0.064492
v -0.066744 -0.102977 -0.064554
v -0.066768 -0.102970 -0.064568
v -0.068560 -0.102960 -0.065602
v -0.067776 -0.102960 -0.065150
v -0.067403 -0.104460 -0.064796
v -0.067836 -0.104460 -0.065046
v -0.066038 -0.103330 -0.065301
v -0.066082 -0.103210 -0.065326
v -0.066150 -0.103106 -0.065366
v -0.066240 -0.103027 -0.065418
v -0.066345 -0.102977 -0.065478
v -0.066457 -0.102960 -0.065543
v -0.067684 -0.102960 -0.066252
v -0.065518 -0.102960 -0.068418
v -0.065718 -0.102960 -0.067801
v -0.066056 -0.102960 -0.067248
v -0.066515 -0.102960 -0.066790
v -0.067068 -0.102960 -0.066451
v -0.064810 -0.102960 -0.067190
v -0.064745 -0.102977 -0.067078
v -0.064568 -0.103330 -0.066772
v -0.064593 -0.103210 -0.066815
v -0.064633 -0.103106 -0.066884
v -0.064685 -0.103027 -0.066974
v -0.063887 -0.102960 -0.067593
v -0.063714 -0.103220 -0.067187
v -0.063714 -0.103106 -0.067275
v -0.063756 -0.103030 -0.067365
v -0.063714 -0.103378 -0.067130
v -0.063714 -0.103330 -0.067140
v -0.063819 -0.102978 -0.067475
v -0.064417 -0.102960 -0.068509
v -0.064869 -0.102960 -0.069293
v -0.064167 -0.102960 -0.068076
v -0.064811 -0.102960 -0.070293
v -0.064734 -0.102960 -0.070283
v -0.064599 -0.102960 -0.070205
v -0.064551 -0.102960 -0.070143
v -0.064521 -0.102960 -0.070071
v -0.064511 -0.102960 -0.069993
v -0.064521 -0.102960 -0.069915
v -0.065810 -0.102960 -0.070293
v -0.066714 -0.102960 -0.070293
v -0.065310 -0.102960 -0.070293
v -0.059810 -0.102960 -0.070293
v -0.060308 -0.102960 -0.070293
v -0.058405 -0.102960 -0.070293
v -0.059310 -0.102960 -0.070293
v -0.066882 -0.102960 -0.070082
v -0.067415 -0.102960 -0.070505
v -0.067835 -0.102960 -0.070658
v -0.068280 -0.102960 -0.070699
v -0.068721 -0.102960 -0.070625
v -0.069129 -0.102960 -0.070443
v -0.069478 -0.102960 -0.070163
v -0.069744 -0.102960 -0.069803
v -0.069910 -0.102960 -0.069389
v -0.069966 -0.102960 -0.068945
v -0.069908 -0.102960 -0.068502
v -0.069739 -0.102960 -0.068088
v -0.069471 -0.102960 -0.067730
v -0.069121 -0.102960 -0.067452
v -0.068712 -0.102960 -0.067271
v -0.068271 -0.102960 -0.067201
v -0.067826 -0.102960 -0.067244
v -0.067406 -0.102960 -0.067399
v -0.067040 -0.102960 -0.067654
v -0.066750 -0.102960 -0.067995
v -0.066556 -0.102960 -0.068397
v -0.066470 -0.102960 -0.068836
v -0.066498 -0.102960 -0.069282
v -0.066639 -0.102960 -0.069707
v -0.067080 -0.102960 -0.070927
v -0.067869 -0.102960 -0.072293
v -0.067167 -0.102960 -0.073509
v -0.066714 -0.102960 -0.074293
v -0.067417 -0.102960 -0.073076
v -0.064405 -0.102960 -0.074293
v -0.063702 -0.102960 -0.073076
v -0.063250 -0.102960 -0.072293
v -0.063952 -0.102960 -0.073509
v -0.063568 -0.102960 -0.071743
v -0.063308 -0.102960 -0.071293
v -0.063386 -0.102960 -0.071303
v -0.063458 -0.102960 -0.071333
v -0.063520 -0.102960 -0.071381
v -0.063568 -0.102960 -0.071443
v -0.063598 -0.102960 -0.071515
v -0.063608 -0.102960 -0.071593
v -0.062310 -0.102960 -0.071293
v -0.061811 -0.102960 -0.071293
v -0.062810 -0.102960 -0.071293
v -0.061734 -0.102960 -0.071303
v -0.061599 -0.102960 -0.071381
v -0.061521 -0.102960 -0.071515
v -0.061511 -0.102960 -0.071593
v -0.061521 -0.102960 -0.071671
v -0.061551 -0.102960 -0.071743
v -0.061869 -0.102960 -0.072293
v -0.060714 -0.102960 -0.074293
v -0.061167 -0.102960 -0.073509
v -0.061417 -0.102960 -0.073076
v -0.058405 -0.102960 -0.074293
v -0.057702 -0.102960 -0.073076
v -0.057250 -0.102960 -0.072293
v -0.057952 -0.102960 -0.073509
v -0.058039 -0.102960 -0.070927
v -0.057704 -0.102960 -0.070505
v -0.058237 -0.102960 -0.070082
v -0.058621 -0.102960 -0.069282
v -0.058649 -0.102960 -0.068836
v -0.058563 -0.102960 -0.068397
v -0.058369 -0.102960 -0.067995
v -0.058079 -0.102960 -0.067654
v -0.057713 -0.102960 -0.067399
v -0.057293 -0.102960 -0.067244
v -0.056848 -0.102960 -0.067201
v -0.056407 -0.102960 -0.067271
v -0.055998 -0.102960 -0.067452
v -0.055648 -0.102960 -0.067730
v -0.055380 -0.102960 -0.068088
v -0.055211 -0.102960 -0.068502
v -0.055153 -0.102960 -0.068945
v -0.055209 -0.102960 -0.069389
v -0.055641 -0.102960 -0.070163
v -0.055990 -0.102960 -0.070443
v -0.056398 -0.102960 -0.070625
v -0.056839 -0.102960 -0.070699
v -0.057284 -0.102960 -0.070658
v -0.057806 -0.104460 -0.073016
v -0.058056 -0.104460 -0.073449
v -0.061063 -0.104460 -0.073449
v -0.061313 -0.104460 -0.073016
v -0.062310 -0.104460 -0.071173
v -0.062810 -0.104460 -0.071173
v -0.063806 -0.104460 -0.073016
v -0.064056 -0.104460 -0.073449
v -0.067063 -0.104460 -0.073449
v -0.067313 -0.104460 -0.073016
v -0.065810 -0.104460 -0.070413
v -0.065310 -0.104460 -0.070413
v -0.060386 -0.102960 -0.070283
v -0.060458 -0.102960 -0.070253
v -0.060520 -0.102960 -0.070205
v -0.060568 -0.102960 -0.070143
v -0.060608 -0.102960 -0.069993
v -0.060598 -0.102960 -0.069915
v -0.060568 -0.102960 -0.069843
v -0.060250 -0.102960 -0.069293
v -0.061232 -0.102960 -0.067593
v -0.060952 -0.102960 -0.068076
v -0.061349 -0.103015 -0.067390
v -0.061298 -0.102977 -0.067478
v -0.061405 -0.103090 -0.067293
v -0.061360 -0.103027 -0.067370
v -0.060702 -0.102960 -0.068509
v -0.061405 -0.103347 -0.067136
v -0.061405 -0.103210 -0.067193
v -0.060551 -0.103330 -0.066772
v -0.060526 -0.103210 -0.066815
v -0.060486 -0.103106 -0.066884
v -0.060435 -0.103027 -0.066974
v -0.060374 -0.102977 -0.067078
v -0.060310 -0.102960 -0.067190
v -0.059601 -0.102960 -0.068418
v -0.057435 -0.102960 -0.066252
v -0.058052 -0.102960 -0.066451
v -0.058604 -0.102960 -0.066790
v -0.059063 -0.102960 -0.067248
v -0.059401 -0.102960 -0.067801
v -0.058662 -0.102960 -0.065543
v -0.058774 -0.102977 -0.065478
v -0.059081 -0.103330 -0.065301
v -0.059037 -0.103210 -0.065326
v -0.058969 -0.103106 -0.065366
v -0.058879 -0.103027 -0.065418
v -0.058260 -0.102960 -0.064621
v -0.058666 -0.103220 -0.064448
v -0.058577 -0.103106 -0.064448
v -0.058487 -0.103030 -0.064489
v -0.058640 -0.103179 -0.064448
v -0.058723 -0.103378 -0.064448
v -0.058712 -0.103330 -0.064448
v -0.058378 -0.102978 -0.064553
v -0.057343 -0.102960 -0.065150
v -0.056560 -0.102960 -0.065602
v -0.057776 -0.102960 -0.064900
v -0.054560 -0.102960 -0.064448
v -0.054560 -0.102960 -0.063043
v -0.054560 -0.102960 -0.062138
v -0.054560 -0.102960 -0.063543
v -0.056560 -0.102960 -0.060984
v -0.057776 -0.102960 -0.061686
v -0.058260 -0.102960 -0.061965
v -0.058463 -0.103015 -0.062082
v -0.058560 -0.103090 -0.062138
v -0.058375 -0.102977 -0.062032
v -0.057343 -0.102960 -0.061436
v -0.058716 -0.103347 -0.062138
v -0.058660 -0.103210 -0.062138
v -0.058650 -0.103194 -0.062138
v -0.059081 -0.103330 -0.061284
v -0.059037 -0.103210 -0.061259
v -0.058969 -0.103106 -0.061220
v -0.058879 -0.103027 -0.061168
v -0.058774 -0.102977 -0.061108
v -0.058662 -0.102960 -0.061043
v -0.057435 -0.102960 -0.060334
v -0.059601 -0.102960 -0.058168
v -0.059401 -0.102960 -0.058785
v -0.059063 -0.102960 -0.059338
v -0.058604 -0.102960 -0.059796
v -0.058052 -0.102960 -0.060135
v -0.060310 -0.102960 -0.059396
v -0.060374 -0.102977 -0.059508
v -0.060551 -0.103330 -0.059814
v -0.060526 -0.103210 -0.059771
v -0.060486 -0.103106 -0.059702
v -0.060435 -0.103027 -0.059612
v -0.061232 -0.102960 -0.058993
v -0.061405 -0.103220 -0.059399
v -0.061405 -0.103106 -0.059310
v -0.061363 -0.103030 -0.059220
v -0.061405 -0.103378 -0.059456
v -0.061405 -0.103330 -0.059445
v -0.061300 -0.102978 -0.059111
v -0.060702 -0.102960 -0.058076
v -0.060250 -0.102960 -0.057293
v -0.060952 -0.102960 -0.058509
v -0.060568 -0.102960 -0.056743
v -0.060308 -0.102960 -0.056293
v -0.060386 -0.102960 -0.056303
v -0.060458 -0.102960 -0.056333
v -0.060520 -0.102960 -0.056381
v -0.060568 -0.102960 -0.056443
v -0.060598 -0.102960 -0.056515
v -0.060608 -0.102960 -0.056593
v -0.059310 -0.102960 -0.056293
v -0.058405 -0.102960 -0.056293
v -0.059810 -0.102960 -0.056293
v -0.065310 -0.102960 -0.056293
v -0.064811 -0.102960 -0.056293
v -0.066714 -0.102960 -0.056293
v -0.065810 -0.102960 -0.056293
v -0.058237 -0.102960 -0.056504
v -0.057704 -0.102960 -0.056080
v -0.057284 -0.102960 -0.055928
v -0.056839 -0.102960 -0.055887
v -0.056398 -0.102960 -0.055960
v -0.055990 -0.102960 -0.056143
v -0.055641 -0.102960 -0.056423
v -0.055375 -0.102960 -0.056782
v -0.055209 -0.102960 -0.057197
v -0.055153 -0.102960 -0.057641
v -0.055211 -0.102960 -0.058084
v -0.055380 -0.102960 -0.058498
v -0.055648 -0.102960 -0.058856
v -0.055998 -0.102960 -0.059134
v -0.056407 -0.102960 -0.059314
v -0.056848 -0.102960 -0.059385
v -0.057293 -0.102960 -0.059342
v -0.057713 -0.102960 -0.059187
v -0.058079 -0.102960 -0.058931
v -0.058369 -0.102960 -0.058591
v -0.058563 -0.102960 -0.058188
v -0.058649 -0.102960 -0.057750
v -0.058621 -0.102960 -0.057303
v -0.058480 -0.102960 -0.056879
v -0.058039 -0.102960 -0.055659
v -0.057250 -0.102960 -0.054293
v -0.057702 -0.102960 -0.053509
v -0.060714 -0.102960 -0.052293
v -0.061417 -0.102960 -0.053509
v -0.061869 -0.102960 -0.054293
v -0.061167 -0.102960 -0.053076
v -0.061551 -0.102960 -0.054843
v -0.061811 -0.102960 -0.055293
v -0.061734 -0.102960 -0.055283
v -0.061599 -0.102960 -0.055205
v -0.061551 -0.102960 -0.055143
v -0.061521 -0.102960 -0.055071
v -0.061511 -0.102960 -0.054993
v -0.061521 -0.102960 -0.054915
v -0.062810 -0.102960 -0.055293
v -0.063308 -0.102960 -0.055293
v -0.062310 -0.102960 -0.055293
v -0.063386 -0.102960 -0.055283
v -0.063458 -0.102960 -0.055253
v -0.063520 -0.102960 -0.055205
v -0.063568 -0.102960 -0.055143
v -0.063608 -0.102960 -0.054993
v -0.063598 -0.102960 -0.054915
v -0.063568 -0.102960 -0.054843
v -0.063250 -0.102960 -0.054293
v -0.063952 -0.102960 -0.053076
v -0.064405 -0.102960 -0.052293
v -0.063702 -0.102960 -0.053509
v -0.066714 -0.102960 -0.052293
v -0.067417 -0.102960 -0.053509
v -0.067869 -0.102960 -0.054293
v -0.067167 -0.102960 -0.053076
v -0.067080 -0.102960 -0.055659
v -0.067415 -0.102960 -0.056080
v -0.066882 -0.102960 -0.056504
v -0.066639 -0.102960 -0.056879
v -0.066498 -0.102960 -0.057303
v -0.066470 -0.102960 -0.057750
v -0.066556 -0.102960 -0.058188
v -0.066750 -0.102960 -0.058591
v -0.067040 -0.102960 -0.058931
v -0.067406 -0.102960 -0.059187
v -0.067826 -0.102960 -0.059342
v -0.068271 -0.102960 -0.059385
v -0.068712 -0.102960 -0.059314
v -0.069121 -0.102960 -0.059134
v -0.069471 -0.102960 -0.058856
v -0.069739 -0.102960 -0.058498
v -0.069908 -0.102960 -0.058084
v -0.069966 -0.102960 -0.057641
v -0.069910 -0.102960 -0.057197
v -0.069744 -0.102960 -0.056782
v -0.069478 -0.102960 -0.056423
v -0.069129 -0.102960 -0.056143
v -0.068721 -0.102960 -0.055960
v -0.068280 -0.102960 -0.055887
v -0.067835 -0.102960 -0.055928
v -0.067313 -0.104460 -0.053569
v -0.067063 -0.104460 -0.053136
v -0.064056 -0.104460 -0.053136
v -0.063806 -0.104460 -0.053569
v -0.062810 -0.104460 -0.055413
v -0.062310 -0.104460 -0.055413
v -0.061313 -0.104460 -0.053569
v -0.061063 -0.104460 -0.053136
v -0.058056 -0.104460 -0.053136
v -0.057806 -0.104460 -0.053569
v -0.059310 -0.104460 -0.056173
v -0.059810 -0.104460 -0.056173
v -0.064734 -0.102960 -0.056303
v -0.064599 -0.102960 -0.056381
v -0.064521 -0.102960 -0.056515
v -0.064511 -0.102960 -0.056593
v -0.064521 -0.102960 -0.056671
v -0.064551 -0.102960 -0.056743
v -0.064869 -0.102960 -0.057293
v -0.064167 -0.102960 -0.058509
v -0.063887 -0.102960 -0.058993
v -0.063770 -0.103015 -0.059196
v -0.063714 -0.103090 -0.059293
v -0.063821 -0.102977 -0.059108
v -0.064417 -0.102960 -0.058076
v -0.063714 -0.103347 -0.059450
v -0.063714 -0.103210 -0.059393
v -0.064568 -0.103330 -0.059814
v -0.064593 -0.103210 -0.059771
v -0.064633 -0.103106 -0.059702
v -0.064685 -0.103027 -0.059612
v -0.064745 -0.102977 -0.059508
v -0.064810 -0.102960 -0.059396
v -0.065518 -0.102960 -0.058168
v -0.067684 -0.102960 -0.060334
v -0.067068 -0.102960 -0.060135
v -0.066515 -0.102960 -0.059796
v -0.066056 -0.102960 -0.059338
v -0.065718 -0.102960 -0.058785
v -0.066457 -0.102960 -0.061043
v -0.066150 -0.103106 -0.061220
v -0.066082 -0.103210 -0.061259
v -0.066038 -0.103330 -0.061284
v -0.066240 -0.103027 -0.061168
v -0.066345 -0.102977 -0.061108
v -0.066859 -0.102960 -0.061965
v -0.066453 -0.103220 -0.062138
v -0.066542 -0.103106 -0.062138
v -0.066560 -0.103090 -0.062138
v -0.066632 -0.103030 -0.062096
v -0.066396 -0.103378 -0.062138
v -0.066407 -0.103330 -0.062138
v -0.066741 -0.102978 -0.062033
v -0.067776 -0.102960 -0.061436
v -0.068560 -0.102960 -0.060984
v -0.067343 -0.102960 -0.061686
v -0.070560 -0.102960 -0.062138
v -0.070560 -0.102960 -0.063543
v -0.070560 -0.102960 -0.064448
v -0.070560 -0.102960 -0.063043
v -0.070440 -0.104460 -0.063543
v -0.070440 -0.104460 -0.063043
v -0.067836 -0.104460 -0.061540
v -0.067403 -0.104460 -0.061790
v -0.064063 -0.104460 -0.058449
v -0.064313 -0.104460 -0.058016
v -0.065310 -0.104460 -0.056173
v -0.065810 -0.104460 -0.056173
v -0.060806 -0.104460 -0.058016
v -0.061056 -0.104460 -0.058449
v -0.057716 -0.104460 -0.061790
v -0.057283 -0.104460 -0.061540
v -0.054680 -0.104460 -0.063043
v -0.054680 -0.104460 -0.063543
v -0.057283 -0.104460 -0.065046
v -0.057716 -0.104460 -0.064796
v -0.061056 -0.104460 -0.068136
v -0.060806 -0.104460 -0.068569
v -0.059810 -0.104460 -0.070413
v -0.059310 -0.104460 -0.070413
v -0.064313 -0.104460 -0.068569
v -0.064063 -0.104460 -0.068136
v -0.070960 -0.073260 -0.069443
v -0.070778 -0.073284 -0.052943
v -0.070778 -0.073284 -0.069443
v -0.070610 -0.073353 -0.052943
v -0.070610 -0.073353 -0.069443
v -0.070465 -0.073465 -0.052943
v -0.070465 -0.073465 -0.069443
v -0.070353 -0.073610 -0.052943
v -0.070353 -0.073610 -0.069443
v -0.070283 -0.073779 -0.052943
v -0.070283 -0.073779 -0.069443
v -0.070260 -0.073960 -0.052943
v -0.070260 -0.073960 -0.069443
v -0.070283 -0.074141 -0.052943
v -0.070283 -0.074141 -0.069443
v -0.070353 -0.074310 -0.052943
v -0.070353 -0.074310 -0.069443
v -0.070465 -0.074455 -0.052943
v -0.070465 -0.074455 -0.069443
v -0.070610 -0.074566 -0.052943
v -0.070610 -0.074566 -0.069443
v -0.070778 -0.074636 -0.052943
v -0.070778 -0.074636 -0.069443
v -0.070960 -0.074660 -0.052943
v -0.070960 -0.074660 -0.069443
v -0.071141 -0.074636 -0.052943
v -0.071141 -0.074636 -0.069443
v -0.071310 -0.074566 -0.052943
v -0.071310 -0.074566 -0.069443
v -0.071455 -0.074455 -0.052943
v -0.071455 -0.074455 -0.069443
v -0.071566 -0.074310 -0.052943
v -0.071566 -0.074310 -0.069443
v -0.071636 -0.074141 -0.052943
v -0.071636 -0.074141 -0.069443
v -0.071660 -0.073960 -0.052943
v -0.071660 -0.073960 -0.069443
v -0.071636 -0.073779 -0.052943
v -0.071636 -0.073779 -0.069443
v -0.071566 -0.073610 -0.052943
v -0.071566 -0.073610 -0.069443
v -0.071455 -0.073465 -0.052943
v -0.071455 -0.073465 -0.069443
v -0.071310 -0.073353 -0.052943
v -0.071310 -0.073353 -0.069443
v -0.071141 -0.073284 -0.052943
v -0.071141 -0.073284 -0.069443
v -0.070960 -0.073260 -0.052943
v -0.072183 -0.073632 -0.052943
v -0.072057 -0.073326 -0.052943
v -0.071855 -0.073064 -0.052943
v -0.071593 -0.072863 -0.052943
v -0.071287 -0.072736 -0.052943
v -0.070960 -0.072693 -0.052943
v -0.070632 -0.072736 -0.052943
v -0.070326 -0.072863 -0.052943
v -0.070064 -0.073064 -0.052943
v -0.069862 -0.073326 -0.052943
v -0.069736 -0.073632 -0.052943
v -0.069693 -0.073960 -0.052943
v -0.069736 -0.074288 -0.052943
v -0.069862 -0.074593 -0.052943
v -0.070064 -0.074856 -0.052943
v -0.070326 -0.075057 -0.052943
v -0.070632 -0.075183 -0.052943
v -0.070960 -0.075227 -0.052943
v -0.071287 -0.075183 -0.052943
v -0.071593 -0.075057 -0.052943
v -0.071855 -0.074856 -0.052943
v -0.072057 -0.074593 -0.052943
v -0.072183 -0.074288 -0.052943
v -0.072226 -0.073960 -0.052943
v -0.069642 -0.074313 -0.052855
v -0.069778 -0.074642 -0.052855
v -0.069995 -0.074924 -0.052855
v -0.070606 -0.075278 -0.052855
v -0.070960 -0.075324 -0.052855
v -0.071313 -0.075278 -0.052855
v -0.072277 -0.074313 -0.052855
v -0.072324 -0.073960 -0.052855
v -0.072277 -0.073607 -0.052855
v -0.071924 -0.072995 -0.052855
v -0.071642 -0.072778 -0.052855
v -0.071313 -0.072642 -0.052855
v -0.070960 -0.072595 -0.052855
v -0.070606 -0.072642 -0.052855
v -0.070277 -0.072778 -0.052855
v -0.069995 -0.072995 -0.052855
v -0.069778 -0.073277 -0.052855
v -0.069642 -0.073607 -0.052855
v -0.069595 -0.073960 -0.052855
v -0.069570 -0.074332 -0.052747
v -0.069714 -0.074679 -0.052747
v -0.069943 -0.074977 -0.052747
v -0.070240 -0.075205 -0.052747
v -0.070587 -0.075349 -0.052747
v -0.070960 -0.075398 -0.052747
v -0.071332 -0.075349 -0.052747
v -0.071679 -0.075205 -0.052747
v -0.071977 -0.074977 -0.052747
v -0.072205 -0.074679 -0.052747
v -0.072349 -0.074332 -0.052747
v -0.072398 -0.073960 -0.052747
v -0.072349 -0.073587 -0.052747
v -0.072205 -0.073241 -0.052747
v -0.071977 -0.072943 -0.052747
v -0.071679 -0.072714 -0.052747
v -0.071332 -0.072570 -0.052747
v -0.070960 -0.072521 -0.052747
v -0.070587 -0.072570 -0.052747
v -0.070240 -0.072714 -0.052747
v -0.069943 -0.072943 -0.052747
v -0.069714 -0.073241 -0.052747
v -0.069570 -0.073587 -0.052747
v -0.069521 -0.073960 -0.052747
v -0.069526 -0.074344 -0.052624
v -0.069674 -0.074702 -0.052624
v -0.069910 -0.075009 -0.052624
v -0.070217 -0.075245 -0.052624
v -0.070575 -0.075393 -0.052624
v -0.070960 -0.075444 -0.052624
v -0.071344 -0.075393 -0.052624
v -0.071702 -0.075245 -0.052624
v -0.072009 -0.075009 -0.052624
v -0.072245 -0.074702 -0.052624
v -0.072393 -0.074344 -0.052624
v -0.072444 -0.073960 -0.052624
v -0.072393 -0.073576 -0.052624
v -0.072245 -0.073218 -0.052624
v -0.072009 -0.072910 -0.052624
v -0.071702 -0.072674 -0.052624
v -0.071344 -0.072526 -0.052624
v -0.070960 -0.072475 -0.052624
v -0.070575 -0.072526 -0.052624
v -0.070217 -0.072674 -0.052624
v -0.069910 -0.072910 -0.052624
v -0.069674 -0.073218 -0.052624
v -0.069526 -0.073576 -0.052624
v -0.069475 -0.073960 -0.052624
v -0.069511 -0.074348 -0.052494
v -0.069660 -0.074710 -0.052494
v -0.069899 -0.075020 -0.052494
v -0.070210 -0.075259 -0.052494
v -0.070571 -0.075409 -0.052494
v -0.070960 -0.075460 -0.052494
v -0.071348 -0.075409 -0.052494
v -0.071710 -0.075259 -0.052494
v -0.072020 -0.075020 -0.052494
v -0.072259 -0.074710 -0.052494
v -0.072408 -0.074348 -0.052494
v -0.072460 -0.073960 -0.052494
v -0.072408 -0.073571 -0.052494
v -0.072259 -0.073210 -0.052494
v -0.072020 -0.072899 -0.052494
v -0.071710 -0.072661 -0.052494
v -0.071348 -0.072511 -0.052494
v -0.070960 -0.072460 -0.052494
v -0.070571 -0.072511 -0.052494
v -0.070210 -0.072661 -0.052494
v -0.069899 -0.072899 -0.052494
v -0.069660 -0.073210 -0.052494
v -0.069511 -0.073571 -0.052494
v -0.069460 -0.073960 -0.052494
v -0.069526 -0.074344 -0.052363
v -0.069674 -0.074702 -0.052363
v -0.069910 -0.075009 -0.052363
v -0.070217 -0.075245 -0.052363
v -0.070575 -0.075393 -0.052363
v -0.070960 -0.075444 -0.052363
v -0.071344 -0.075393 -0.052363
v -0.071702 -0.075245 -0.052363
v -0.072009 -0.075009 -0.052363
v -0.072245 -0.074702 -0.052363
v -0.072393 -0.074344 -0.052363
v -0.072444 -0.073960 -0.052363
v -0.072393 -0.073576 -0.052363
v -0.072245 -0.073218 -0.052363
v -0.072009 -0.072910 -0.052363
v -0.071702 -0.072674 -0.052363
v -0.071344 -0.072526 -0.052363
v -0.070960 -0.072475 -0.052363
v -0.070575 -0.072526 -0.052363
v -0.070217 -0.072674 -0.052363
v -0.069910 -0.072910 -0.052363
v -0.069674 -0.073218 -0.052363
v -0.069526 -0.073576 -0.052363
v -0.069475 -0.073960 -0.052363
v -0.069570 -0.074332 -0.052241
v -0.069714 -0.074679 -0.052241
v -0.069943 -0.074977 -0.052241
v -0.070240 -0.075205 -0.052241
v -0.070587 -0.075349 -0.052241
v -0.070960 -0.075398 -0.052241
v -0.071332 -0.075349 -0.052241
v -0.071679 -0.075205 -0.052241
v -0.071977 -0.074977 -0.052241
v -0.072205 -0.074679 -0.052241
v -0.072349 -0.074332 -0.052241
v -0.072398 -0.073960 -0.052241
v -0.072349 -0.073587 -0.052241
v -0.072205 -0.073241 -0.052241
v -0.071977 -0.072943 -0.052241
v -0.071679 -0.072714 -0.052241
v -0.071332 -0.072570 -0.052241
v -0.070960 -0.072521 -0.052241
v -0.070587 -0.072570 -0.052241
v -0.070240 -0.072714 -0.052241
v -0.069943 -0.072943 -0.052241
v -0.069714 -0.073241 -0.052241
v -0.069570 -0.073587 -0.052241
v -0.069521 -0.073960 -0.052241
v -0.069642 -0.074313 -0.052132
v -0.069778 -0.074642 -0.052132
v -0.069995 -0.074924 -0.052132
v -0.070277 -0.075141 -0.052132
v -0.070606 -0.075278 -0.052132
v -0.070960 -0.075324 -0.052132
v -0.071313 -0.075278 -0.052132
v -0.071642 -0.075141 -0.052132
v -0.071924 -0.074924 -0.052132
v -0.072141 -0.074642 -0.052132
v -0.072277 -0.074313 -0.052132
v -0.072324 -0.073960 -0.052132
v -0.072277 -0.073607 -0.052132
v -0.072141 -0.073277 -0.052132
v -0.071924 -0.072995 -0.052132
v -0.071642 -0.072778 -0.052132
v -0.071313 -0.072642 -0.052132
v -0.070960 -0.072595 -0.052132
v -0.070606 -0.072642 -0.052132
v -0.070277 -0.072778 -0.052132
v -0.069995 -0.072995 -0.052132
v -0.069778 -0.073277 -0.052132
v -0.069642 -0.073607 -0.052132
v -0.069595 -0.073960 -0.052132
v -0.069736 -0.074288 -0.052044
v -0.069862 -0.074593 -0.052044
v -0.070064 -0.074856 -0.052044
v -0.070326 -0.075057 -0.052044
v -0.070632 -0.075183 -0.052044
v -0.070960 -0.075227 -0.052044
v -0.071287 -0.075183 -0.052044
v -0.071593 -0.075057 -0.052044
v -0.071855 -0.074856 -0.052044
v -0.072057 -0.074593 -0.052044
v -0.072183 -0.074288 -0.052044
v -0.072226 -0.073960 -0.052044
v -0.072183 -0.073632 -0.052044
v -0.072057 -0.073326 -0.052044
v -0.071855 -0.073064 -0.052044
v -0.071593 -0.072863 -0.052044
v -0.071287 -0.072736 -0.052044
v -0.070960 -0.072693 -0.052044
v -0.070632 -0.072736 -0.052044
v -0.070326 -0.072863 -0.052044
v -0.070064 -0.073064 -0.052044
v -0.069862 -0.073326 -0.052044
v -0.069736 -0.073632 -0.052044
v -0.069693 -0.073960 -0.052044
v -0.070358 -0.074136 -0.051734
v -0.070129 -0.074182 -0.051818
v -0.069874 -0.074136 -0.051938
v -0.071398 -0.074168 -0.051697
v -0.071451 -0.074150 -0.051707
v -0.071705 -0.074390 -0.051818
v -0.071505 -0.074139 -0.051719
v -0.071561 -0.074136 -0.051734
v -0.071791 -0.074182 -0.051818
v -0.072045 -0.074136 -0.051938
v -0.071568 -0.074568 -0.051818
v -0.071302 -0.074224 -0.051686
v -0.071390 -0.074705 -0.051818
v -0.071223 -0.074302 -0.051686
v -0.071260 -0.074260 -0.051684
v -0.071150 -0.074451 -0.051707
v -0.071168 -0.074398 -0.051697
v -0.070751 -0.074398 -0.051697
v -0.070769 -0.074451 -0.051707
v -0.070529 -0.074705 -0.051818
v -0.070783 -0.074561 -0.051734
v -0.070737 -0.074791 -0.051818
v -0.070783 -0.075046 -0.051938
v -0.070351 -0.074568 -0.051818
v -0.070696 -0.074302 -0.051686
v -0.070215 -0.074390 -0.051818
v -0.070617 -0.074223 -0.051686
v -0.070468 -0.074150 -0.051707
v -0.070521 -0.073751 -0.051697
v -0.070215 -0.073530 -0.051818
v -0.070414 -0.073780 -0.051719
v -0.070129 -0.073737 -0.051818
v -0.069874 -0.073784 -0.051938
v -0.070351 -0.073351 -0.051818
v -0.070617 -0.073696 -0.051686
v -0.070529 -0.073215 -0.051818
v -0.070696 -0.073617 -0.051686
v -0.070659 -0.073659 -0.051684
v -0.070780 -0.073414 -0.051719
v -0.070769 -0.073469 -0.051707
v -0.071168 -0.073521 -0.051697
v -0.071390 -0.073215 -0.051818
v -0.071139 -0.073414 -0.051719
v -0.071182 -0.073129 -0.051818
v -0.071136 -0.072874 -0.051938
v -0.071568 -0.073351 -0.051818
v -0.071223 -0.073617 -0.051686
v -0.071705 -0.073530 -0.051818
v -0.071302 -0.073696 -0.051686
v -0.071505 -0.073780 -0.051719
v -0.071398 -0.073751 -0.051697
v -0.069860 -0.073960 -0.051938
v -0.070737 -0.073129 -0.051818
v -0.070783 -0.072874 -0.051938
v -0.070960 -0.072860 -0.051938
v -0.071791 -0.073737 -0.051818
v -0.071561 -0.073784 -0.051734
v -0.072045 -0.073784 -0.051938
v -0.072060 -0.073960 -0.051938
v -0.071182 -0.074791 -0.051818
v -0.070960 -0.075060 -0.051938
v -0.071136 -0.075046 -0.051938
v -0.071136 -0.074561 -0.051734
v -0.071139 -0.074505 -0.051719
v -0.069874 -0.073784 -0.052293
v -0.069860 -0.073960 -0.052293
v -0.069874 -0.074136 -0.052293
v -0.070358 -0.073784 -0.052293
v -0.070960 -0.075060 -0.052293
v -0.070783 -0.075046 -0.052293
v -0.070783 -0.074561 -0.052293
v -0.071260 -0.074260 -0.052293
v -0.070769 -0.074451 -0.052293
v -0.071348 -0.074193 -0.052293
v -0.070727 -0.074348 -0.052293
v -0.072060 -0.073960 -0.052293
v -0.072045 -0.074136 -0.052293
v -0.071561 -0.074136 -0.052293
v -0.072045 -0.073784 -0.052293
v -0.071561 -0.073784 -0.052293
v -0.071451 -0.074150 -0.052293
v -0.070571 -0.073727 -0.052293
v -0.071193 -0.073571 -0.052293
v -0.071260 -0.073659 -0.052293
v -0.071136 -0.075046 -0.052293
v -0.071136 -0.074561 -0.052293
v -0.071150 -0.074451 -0.052293
v -0.071193 -0.074348 -0.052293
v -0.070659 -0.073659 -0.052293
v -0.070727 -0.073571 -0.052293
v -0.070769 -0.073469 -0.052293
v -0.070960 -0.072860 -0.052293
v -0.071136 -0.072874 -0.052293
v -0.071136 -0.073359 -0.052293
v -0.071451 -0.073769 -0.052293
v -0.070783 -0.072874 -0.052293
v -0.070783 -0.073359 -0.052293
v -0.071150 -0.073469 -0.052293
v -0.070358 -0.074136 -0.052293
v -0.070468 -0.074150 -0.052293
v -0.070468 -0.073769 -0.052293
v -0.070571 -0.074193 -0.052293
v -0.054655 -0.073465 -0.069443
v -0.054725 -0.073394 -0.069443
v -0.054766 -0.073610 -0.069443
v -0.054852 -0.073560 -0.069443
v -0.054836 -0.073779 -0.069443
v -0.054932 -0.073753 -0.069443
v -0.054860 -0.073960 -0.069443
v -0.054960 -0.073960 -0.069443
v -0.054836 -0.074141 -0.069443
v -0.054932 -0.074167 -0.069443
v -0.054766 -0.074310 -0.069443
v -0.054852 -0.074360 -0.069443
v -0.054655 -0.074455 -0.069443
v -0.054510 -0.074566 -0.069443
v -0.054560 -0.074653 -0.069443
v -0.054341 -0.074636 -0.069443
v -0.054367 -0.074732 -0.069443
v -0.054160 -0.074660 -0.069443
v -0.054160 -0.074760 -0.069443
v -0.053978 -0.074636 -0.069443
v -0.053952 -0.074732 -0.069443
v -0.053810 -0.074566 -0.069443
v -0.053760 -0.074653 -0.069443
v -0.053665 -0.074455 -0.069443
v -0.053594 -0.074525 -0.069443
v -0.053553 -0.074310 -0.069443
v -0.053467 -0.074360 -0.069443
v -0.053483 -0.074141 -0.069443
v -0.053387 -0.074167 -0.069443
v -0.053460 -0.073960 -0.069443
v -0.053360 -0.073960 -0.069443
v -0.053483 -0.073779 -0.069443
v -0.053387 -0.073753 -0.069443
v -0.053553 -0.073610 -0.069443
v -0.053467 -0.073560 -0.069443
v -0.053665 -0.073465 -0.069443
v -0.053594 -0.073394 -0.069443
v -0.053810 -0.073353 -0.069443
v -0.053760 -0.073267 -0.069443
v -0.053978 -0.073284 -0.069443
v -0.053952 -0.073187 -0.069443
v -0.054160 -0.073260 -0.069443
v -0.054160 -0.073160 -0.069443
v -0.054341 -0.073284 -0.069443
v -0.054367 -0.073187 -0.069443
v -0.054510 -0.073353 -0.069443
v -0.054560 -0.073267 -0.069443
v -0.054836 -0.073779 -0.052943
v -0.054766 -0.073610 -0.052943
v -0.054655 -0.073465 -0.052943
v -0.054510 -0.073353 -0.052943
v -0.054341 -0.073284 -0.052943
v -0.054160 -0.073260 -0.052943
v -0.053978 -0.073284 -0.052943
v -0.053810 -0.073353 -0.052943
v -0.053665 -0.073465 -0.052943
v -0.053553 -0.073610 -0.052943
v -0.053483 -0.073779 -0.052943
v -0.053460 -0.073960 -0.052943
v -0.053483 -0.074141 -0.052943
v -0.053553 -0.074310 -0.052943
v -0.053665 -0.074455 -0.052943
v -0.053810 -0.074566 -0.052943
v -0.053978 -0.074636 -0.052943
v -0.054160 -0.074660 -0.052943
v -0.054341 -0.074636 -0.052943
v -0.054510 -0.074566 -0.052943
v -0.054655 -0.074455 -0.052943
v -0.054766 -0.074310 -0.052943
v -0.054836 -0.074141 -0.052943
v -0.054860 -0.073960 -0.052943
v -0.053264 -0.073064 -0.052943
v -0.053062 -0.073326 -0.052943
v -0.052936 -0.073632 -0.052943
v -0.052893 -0.073960 -0.052943
v -0.052936 -0.074288 -0.052943
v -0.053062 -0.074593 -0.052943
v -0.053264 -0.074856 -0.052943
v -0.053526 -0.075057 -0.052943
v -0.053832 -0.075183 -0.052943
v -0.054160 -0.075227 -0.052943
v -0.054487 -0.075183 -0.052943
v -0.054793 -0.075057 -0.052943
v -0.055055 -0.074856 -0.052943
v -0.055257 -0.074593 -0.052943
v -0.055383 -0.074288 -0.052943
v -0.055426 -0.073960 -0.052943
v -0.055383 -0.073632 -0.052943
v -0.055257 -0.073326 -0.052943
v -0.055055 -0.073064 -0.052943
v -0.054793 -0.072863 -0.052943
v -0.054487 -0.072736 -0.052943
v -0.054160 -0.072693 -0.052943
v -0.053832 -0.072736 -0.052943
v -0.053526 -0.072863 -0.052943
v -0.053806 -0.072642 -0.052855
v -0.053477 -0.072778 -0.052855
v -0.053195 -0.072995 -0.052855
v -0.052978 -0.073277 -0.052855
v -0.052842 -0.073607 -0.052855
v -0.052795 -0.073960 -0.052855
v -0.052842 -0.074313 -0.052855
v -0.052978 -0.074642 -0.052855
v -0.053195 -0.074924 -0.052855
v -0.053806 -0.075278 -0.052855
v -0.054160 -0.075324 -0.052855
v -0.054513 -0.075278 -0.052855
v -0.055477 -0.074313 -0.052855
v -0.055524 -0.073960 -0.052855
v -0.055477 -0.073607 -0.052855
v -0.055124 -0.072995 -0.052855
v -0.054842 -0.072778 -0.052855
v -0.054513 -0.072642 -0.052855
v -0.054160 -0.072595 -0.052855
v -0.053787 -0.072570 -0.052747
v -0.053440 -0.072714 -0.052747
v -0.053143 -0.072943 -0.052747
v -0.052914 -0.073241 -0.052747
v -0.052770 -0.073587 -0.052747
v -0.052721 -0.073960 -0.052747
v -0.052770 -0.074332 -0.052747
v -0.052914 -0.074679 -0.052747
v -0.053143 -0.074977 -0.052747
v -0.053440 -0.075205 -0.052747
v -0.053787 -0.075349 -0.052747
v -0.054160 -0.075398 -0.052747
v -0.054532 -0.075349 -0.052747
v -0.054879 -0.075205 -0.052747
v -0.055177 -0.074977 -0.052747
v -0.055405 -0.074679 -0.052747
v -0.055549 -0.074332 -0.052747
v -0.055598 -0.073960 -0.052747
v -0.055549 -0.073587 -0.052747
v -0.055405 -0.073241 -0.052747
v -0.055177 -0.072943 -0.052747
v -0.054879 -0.072714 -0.052747
v -0.054532 -0.072570 -0.052747
v -0.054160 -0.072521 -0.052747
v -0.053775 -0.072526 -0.052624
v -0.053417 -0.072674 -0.052624
v -0.053110 -0.072910 -0.052624
v -0.052874 -0.073218 -0.052624
v -0.052726 -0.073576 -0.052624
v -0.052675 -0.073960 -0.052624
v -0.052726 -0.074344 -0.052624
v -0.052874 -0.074702 -0.052624
v -0.053110 -0.075009 -0.052624
v -0.053417 -0.075245 -0.052624
v -0.053775 -0.075393 -0.052624
v -0.054160 -0.075444 -0.052624
v -0.054544 -0.075393 -0.052624
v -0.054902 -0.075245 -0.052624
v -0.055209 -0.075009 -0.052624
v -0.055445 -0.074702 -0.052624
v -0.055593 -0.074344 -0.052624
v -0.055644 -0.073960 -0.052624
v -0.055593 -0.073576 -0.052624
v -0.055445 -0.073218 -0.052624
v -0.055209 -0.072910 -0.052624
v -0.054902 -0.072674 -0.052624
v -0.054544 -0.072526 -0.052624
v -0.054160 -0.072475 -0.052624
v -0.053771 -0.072511 -0.052494
v -0.053410 -0.072661 -0.052494
v -0.053099 -0.072899 -0.052494
v -0.052861 -0.073210 -0.052494
v -0.052711 -0.073571 -0.052494
v -0.052660 -0.073960 -0.052494
v -0.052711 -0.074348 -0.052494
v -0.052861 -0.074710 -0.052494
v -0.053099 -0.075020 -0.052494
v -0.053410 -0.075259 -0.052494
v -0.053771 -0.075409 -0.052494
v -0.054160 -0.075460 -0.052494
v -0.054548 -0.075409 -0.052494
v -0.054910 -0.075259 -0.052494
v -0.055220 -0.075020 -0.052494
v -0.055459 -0.074710 -0.052494
v -0.055608 -0.074348 -0.052494
v -0.055660 -0.073960 -0.052494
v -0.055608 -0.073571 -0.052494
v -0.055459 -0.073210 -0.052494
v -0.055220 -0.072899 -0.052494
v -0.054910 -0.072661 -0.052494
v -0.054548 -0.072511 -0.052494
v -0.054160 -0.072460 -0.052494
v -0.053775 -0.072526 -0.052363
v -0.053417 -0.072674 -0.052363
v -0.053110 -0.072910 -0.052363
v -0.052874 -0.073218 -0.052363
v -0.052726 -0.073576 -0.052363
v -0.052675 -0.073960 -0.052363
v -0.052726 -0.074344 -0.052363
v -0.052874 -0.074702 -0.052363
v -0.053110 -0.075009 -0.052363
v -0.053417 -0.075245 -0.052363
v -0.053775 -0.075393 -0.052363
v -0.054160 -0.075444 -0.052363
v -0.054544 -0.075393 -0.052363
v -0.054902 -0.075245 -0.052363
v -0.055209 -0.075009 -0.052363
v -0.055445 -0.074702 -0.052363
v -0.055593 -0.074344 -0.052363
v -0.055644 -0.073960 -0.052363
v -0.055593 -0.073576 -0.052363
v -0.055445 -0.073218 -0.052363
v -0.055209 -0.072910 -0.052363
v -0.054902 -0.072674 -0.052363
v -0.054544 -0.072526 -0.052363
v -0.054160 -0.072475 -0.052363
v -0.053787 -0.072570 -0.052241
v -0.053440 -0.072714 -0.052241
v -0.053143 -0.072943 -0.052241
v -0.052914 -0.073241 -0.052241
v -0.052770 -0.073587 -0.052241
v -0.052721 -0.073960 -0.052241
v -0.052770 -0.074332 -0.052241
v -0.052914 -0.074679 -0.052241
v -0.053143 -0.074977 -0.052241
v -0.053440 -0.075205 -0.052241
v -0.053787 -0.075349 -0.052241
v -0.054160 -0.075398 -0.052241
v -0.054532 -0.075349 -0.052241
v -0.054879 -0.075205 -0.052241
v -0.055177 -0.074977 -0.052241
v -0.055405 -0.074679 -0.052241
v -0.055549 -0.074332 -0.052241
v -0.055598 -0.073960 -0.052241
v -0.055549 -0.073587 -0.052241
v -0.055405 -0.073241 -0.052241
v -0.055177 -0.072943 -0.052241
v -0.054879 -0.072714 -0.052241
v -0.054532 -0.072570 -0.052241
v -0.054160 -0.072521 -0.052241
v -0.053806 -0.072642 -0.052132
v -0.053477 -0.072778 -0.052132
v -0.053195 -0.072995 -0.052132
v -0.052978 -0.073277 -0.052132
v -0.052842 -0.073607 -0.052132
v -0.052795 -0.073960 -0.052132
v -0.052842 -0.074313 -0.052132
v -0.052978 -0.074642 -0.052132
v -0.053195 -0.074924 -0.052132
v -0.053477 -0.075141 -0.052132
v -0.053806 -0.075278 -0.052132
v -0.054160 -0.075324 -0.052132
v -0.054513 -0.075278 -0.052132
v -0.054842 -0.075141 -0.052132
v -0.055124 -0.074924 -0.052132
v -0.055341 -0.074642 -0.052132
v -0.055477 -0.074313 -0.052132
v -0.055524 -0.073960 -0.052132
v -0.055477 -0.073607 -0.052132
v -0.055341 -0.073277 -0.052132
v -0.055124 -0.072995 -0.052132
v -0.054842 -0.072778 -0.052132
v -0.054513 -0.072642 -0.052132
v -0.054160 -0.072595 -0.052132
v -0.053832 -0.072736 -0.052044
v -0.053526 -0.072863 -0.052044
v -0.053264 -0.073064 -0.052044
v -0.053062 -0.073326 -0.052044
v -0.052936 -0.073632 -0.052044
v -0.052893 -0.073960 -0.052044
v -0.052936 -0.074288 -0.052044
v -0.053062 -0.074593 -0.052044
v -0.053264 -0.074856 -0.052044
v -0.053526 -0.075057 -0.052044
v -0.053832 -0.075183 -0.052044
v -0.054160 -0.075227 -0.052044
v -0.054487 -0.075183 -0.052044
v -0.054793 -0.075057 -0.052044
v -0.055055 -0.074856 -0.052044
v -0.055257 -0.074593 -0.052044
v -0.055383 -0.074288 -0.052044
v -0.055426 -0.073960 -0.052044
v -0.055383 -0.073632 -0.052044
v -0.055257 -0.073326 -0.052044
v -0.055055 -0.073064 -0.052044
v -0.054793 -0.072863 -0.052044
v -0.054487 -0.072736 -0.052044
v -0.054160 -0.072693 -0.052044
v -0.053983 -0.073359 -0.051734
v -0.053937 -0.073129 -0.051818
v -0.053983 -0.072874 -0.051938
v -0.053951 -0.074398 -0.051697
v -0.053969 -0.074451 -0.051707
v -0.053729 -0.074705 -0.051818
v -0.053983 -0.074561 -0.051734
v -0.053937 -0.074791 -0.051818
v -0.053983 -0.075046 -0.051938
v -0.053551 -0.074568 -0.051818
v -0.053896 -0.074302 -0.051686
v -0.053415 -0.074390 -0.051818
v -0.053817 -0.074223 -0.051686
v -0.053668 -0.074150 -0.051707
v -0.053721 -0.073751 -0.051697
v -0.053415 -0.073530 -0.051818
v -0.053614 -0.073780 -0.051719
v -0.053329 -0.073737 -0.051818
v -0.053074 -0.073784 -0.051938
v -0.053551 -0.073351 -0.051818
v -0.053817 -0.073696 -0.051686
v -0.053729 -0.073215 -0.051818
v -0.053896 -0.073617 -0.051686
v -0.053859 -0.073659 -0.051684
v -0.053969 -0.073469 -0.051707
v -0.054368 -0.073521 -0.051697
v -0.054590 -0.073215 -0.051818
v -0.054339 -0.073414 -0.051719
v -0.054382 -0.073129 -0.051818
v -0.054336 -0.072874 -0.051938
v -0.054768 -0.073351 -0.051818
v -0.054423 -0.073617 -0.051686
v -0.054905 -0.073530 -0.051818
v -0.054502 -0.073696 -0.051686
v -0.054705 -0.073780 -0.051719
v -0.054598 -0.073751 -0.051697
v -0.054598 -0.074168 -0.051697
v -0.054651 -0.074150 -0.051707
v -0.054905 -0.074390 -0.051818
v -0.054705 -0.074139 -0.051719
v -0.054761 -0.074136 -0.051734
v -0.054991 -0.074182 -0.051818
v -0.055245 -0.074136 -0.051938
v -0.054768 -0.074568 -0.051818
v -0.054502 -0.074224 -0.051686
v -0.054590 -0.074705 -0.051818
v -0.054423 -0.074302 -0.051686
v -0.054460 -0.074260 -0.051684
v -0.054339 -0.074505 -0.051719
v -0.054350 -0.074451 -0.051707
v -0.054368 -0.074398 -0.051697
v -0.054160 -0.072860 -0.051938
v -0.054991 -0.073737 -0.051818
v -0.054761 -0.073784 -0.051734
v -0.055245 -0.073784 -0.051938
v -0.055260 -0.073960 -0.051938
v -0.054382 -0.074791 -0.051818
v -0.054336 -0.074561 -0.051734
v -0.054336 -0.075046 -0.051938
v -0.054160 -0.075060 -0.051938
v -0.053329 -0.074182 -0.051818
v -0.053060 -0.073960 -0.051938
v -0.053074 -0.074136 -0.051938
v -0.053558 -0.074136 -0.051734
v -0.054336 -0.072874 -0.052293
v -0.054160 -0.072860 -0.052293
v -0.053983 -0.072874 -0.052293
v -0.054336 -0.073359 -0.052293
v -0.053771 -0.074193 -0.052293
v -0.053668 -0.074150 -0.052293
v -0.054460 -0.074260 -0.052293
v -0.053771 -0.073727 -0.052293
v -0.053859 -0.073659 -0.052293
v -0.054393 -0.073571 -0.052293
v -0.053927 -0.073571 -0.052293
v -0.053969 -0.073469 -0.052293
v -0.053668 -0.073769 -0.052293
v -0.053558 -0.074136 -0.052293
v -0.054460 -0.073659 -0.052293
v -0.053074 -0.074136 -0.052293
v -0.053060 -0.073960 -0.052293
v -0.053558 -0.073784 -0.052293
v -0.053074 -0.073784 -0.052293
v -0.054160 -0.075060 -0.052293
v -0.053983 -0.075046 -0.052293
v -0.053983 -0.074561 -0.052293
v -0.053983 -0.073359 -0.052293
v -0.054350 -0.073469 -0.052293
v -0.055260 -0.073960 -0.052293
v -0.055245 -0.074136 -0.052293
v -0.054761 -0.074136 -0.052293
v -0.055245 -0.073784 -0.052293
v -0.054761 -0.073784 -0.052293
v -0.054651 -0.073769 -0.052293
v -0.054651 -0.074150 -0.052293
v -0.054548 -0.074193 -0.052293
v -0.054336 -0.075046 -0.052293
v -0.054336 -0.074561 -0.052293
v -0.054350 -0.074451 -0.052293
v -0.053969 -0.074451 -0.052293
v -0.054393 -0.074348 -0.052293
v -0.053927 -0.074348 -0.052293
v -0.060060 -0.069160 -0.074593
v -0.060060 -0.070960 -0.074593
v -0.060060 -0.070960 -0.074793
v -0.060060 -0.068960 -0.073093
v -0.060060 -0.069160 -0.072893
v -0.060060 -0.068960 -0.074593
v -0.060060 -0.069160 -0.074793
v -0.065060 -0.070960 -0.074593
v -0.065060 -0.070960 -0.074793
v -0.064702 -0.070960 -0.074793
v -0.060417 -0.070960 -0.074793
v -0.065060 -0.069960 -0.072893
v -0.060060 -0.069960 -0.072893
v -0.065060 -0.069160 -0.072893
v -0.065060 -0.068960 -0.073093
v -0.065060 -0.069160 -0.074593
v -0.065060 -0.069160 -0.074793
v -0.065060 -0.068960 -0.074593
v -0.060060 -0.069960 -0.072793
v -0.065060 -0.069960 -0.072793
v -0.065060 -0.069160 -0.072793
v -0.064462 -0.079493 -0.050593
v -0.064462 -0.079493 -0.051793
v -0.064506 -0.079415 -0.050593
v -0.064506 -0.079415 -0.051793
v -0.064512 -0.079325 -0.050593
v -0.064512 -0.079325 -0.051793
v -0.064478 -0.079243 -0.050593
v -0.064478 -0.079243 -0.051793
v -0.063845 -0.078655 -0.050593
v -0.063845 -0.078655 -0.051793
v -0.068441 -0.083585 -0.048994
v -0.068442 -0.083586 -0.051793
v -0.068307 -0.083733 -0.048993
v -0.068171 -0.083881 -0.051793
v -0.068171 -0.083881 -0.048995
v -0.068317 -0.084014 -0.051693
v -0.068317 -0.084014 -0.049193
v -0.066758 -0.085270 -0.051693
v -0.056205 -0.073766 -0.051793
v -0.056126 -0.073705 -0.051693
v -0.055951 -0.074130 -0.051793
v -0.055147 -0.075451 -0.051693
v -0.055776 -0.074559 -0.051868
v -0.055581 -0.074929 -0.051872
v -0.066705 -0.085184 -0.051793
v -0.064906 -0.086003 -0.051793
v -0.064936 -0.086099 -0.051693
v -0.062960 -0.086350 -0.051793
v -0.062965 -0.086449 -0.051693
v -0.060989 -0.086202 -0.051793
v -0.060969 -0.086300 -0.051693
v -0.059116 -0.085570 -0.051793
v -0.059072 -0.085660 -0.051693
v -0.057458 -0.084492 -0.051793
v -0.057394 -0.084568 -0.051693
v -0.056121 -0.083037 -0.051793
v -0.056039 -0.083095 -0.051693
v -0.055186 -0.081295 -0.051793
v -0.055092 -0.081331 -0.051693
v -0.054713 -0.079376 -0.051793
v -0.054613 -0.079387 -0.051693
v -0.054731 -0.077399 -0.051793
v -0.054632 -0.077385 -0.051693
v -0.055240 -0.075489 -0.051793
v -0.055294 -0.075357 -0.051793
v -0.056126 -0.073705 -0.049193
v -0.056284 -0.073826 -0.048994
v -0.056283 -0.073826 -0.051793
v -0.056467 -0.073589 -0.048994
v -0.056466 -0.073588 -0.051793
v -0.056309 -0.073467 -0.051693
v -0.056309 -0.073467 -0.049193
v -0.056388 -0.073528 -0.051793
v -0.057117 -0.072734 -0.051793
v -0.057049 -0.072660 -0.051693
v -0.057049 -0.072660 -0.049193
v -0.057184 -0.072807 -0.048994
v -0.057183 -0.072806 -0.051793
v -0.057405 -0.072605 -0.048994
v -0.057405 -0.072604 -0.051793
v -0.062796 -0.070663 -0.051893
v -0.062310 -0.070664 -0.051893
v -0.062310 -0.071464 -0.051893
v -0.067397 -0.074213 -0.051893
v -0.067326 -0.074409 -0.051893
v -0.068622 -0.074960 -0.051893
v -0.062810 -0.071464 -0.051893
v -0.059852 -0.072005 -0.051893
v -0.061542 -0.073564 -0.051893
v -0.060748 -0.071698 -0.051893
v -0.069321 -0.076648 -0.051893
v -0.067206 -0.074580 -0.051893
v -0.067046 -0.074714 -0.051893
v -0.062560 -0.073460 -0.051893
v -0.065907 -0.073669 -0.051893
v -0.066027 -0.073498 -0.051893
v -0.064371 -0.071698 -0.051893
v -0.066187 -0.073364 -0.051893
v -0.066060 -0.072398 -0.051893
v -0.066376 -0.073276 -0.051893
v -0.066582 -0.073240 -0.051893
v -0.066890 -0.075960 -0.051893
v -0.067389 -0.077166 -0.051893
v -0.066856 -0.074802 -0.051893
v -0.067157 -0.073449 -0.051893
v -0.067509 -0.073510 -0.051893
v -0.066986 -0.073330 -0.051893
v -0.066790 -0.073258 -0.051893
v -0.067291 -0.073609 -0.051893
v -0.067379 -0.073799 -0.051893
v -0.067415 -0.074005 -0.051893
v -0.065835 -0.073865 -0.051893
v -0.063854 -0.073630 -0.051893
v -0.065817 -0.074073 -0.051893
v -0.065060 -0.074130 -0.051893
v -0.065853 -0.074279 -0.051893
v -0.066651 -0.074838 -0.051893
v -0.066442 -0.074820 -0.051893
v -0.066095 -0.074924 -0.051893
v -0.066246 -0.074748 -0.051893
v -0.066075 -0.074628 -0.051893
v -0.065941 -0.074468 -0.051893
v -0.067560 -0.078460 -0.051893
v -0.067525 -0.079047 -0.051893
v -0.069321 -0.080271 -0.051893
v -0.069560 -0.078460 -0.051893
v -0.066551 -0.081841 -0.051893
v -0.066890 -0.080960 -0.051893
v -0.066391 -0.081975 -0.051893
v -0.066095 -0.081995 -0.051893
v -0.066271 -0.082146 -0.051893
v -0.067015 -0.083316 -0.051893
v -0.066060 -0.084522 -0.051893
v -0.067220 -0.083279 -0.051893
v -0.067509 -0.083409 -0.051893
v -0.067410 -0.083191 -0.051893
v -0.067780 -0.082482 -0.051893
v -0.067761 -0.082690 -0.051893
v -0.068622 -0.081960 -0.051893
v -0.067690 -0.082886 -0.051893
v -0.067570 -0.083057 -0.051893
v -0.067655 -0.082087 -0.051893
v -0.067744 -0.082276 -0.051893
v -0.066199 -0.082343 -0.051893
v -0.065060 -0.082790 -0.051893
v -0.066181 -0.082551 -0.051893
v -0.061972 -0.083425 -0.051893
v -0.060402 -0.085119 -0.051893
v -0.062560 -0.083460 -0.051893
v -0.063854 -0.083289 -0.051893
v -0.066740 -0.081753 -0.051893
v -0.066946 -0.081717 -0.051893
v -0.067389 -0.079754 -0.051893
v -0.067154 -0.081735 -0.051893
v -0.067350 -0.081807 -0.051893
v -0.067521 -0.081927 -0.051893
v -0.066807 -0.083297 -0.051893
v -0.066610 -0.083226 -0.051893
v -0.064371 -0.085221 -0.051893
v -0.066439 -0.083106 -0.051893
v -0.062560 -0.085460 -0.051893
v -0.066305 -0.082946 -0.051893
v -0.060748 -0.085221 -0.051893
v -0.066217 -0.082756 -0.051893
v -0.057376 -0.074643 -0.051893
v -0.057339 -0.074437 -0.051893
v -0.056497 -0.074960 -0.051893
v -0.059024 -0.081995 -0.051893
v -0.058229 -0.080960 -0.051893
v -0.058677 -0.082100 -0.051893
v -0.057464 -0.074832 -0.051893
v -0.058104 -0.073604 -0.051893
v -0.059060 -0.072398 -0.051893
v -0.057899 -0.073640 -0.051893
v -0.057610 -0.073510 -0.051893
v -0.057709 -0.073728 -0.051893
v -0.058312 -0.073622 -0.051893
v -0.058509 -0.073694 -0.051893
v -0.058680 -0.073814 -0.051893
v -0.058814 -0.073974 -0.051893
v -0.058902 -0.074163 -0.051893
v -0.061265 -0.073630 -0.051893
v -0.060060 -0.074130 -0.051893
v -0.059178 -0.082451 -0.051893
v -0.060060 -0.082790 -0.051893
v -0.059044 -0.082291 -0.051893
v -0.058873 -0.082171 -0.051893
v -0.057358 -0.074229 -0.051893
v -0.057429 -0.074033 -0.051893
v -0.057549 -0.073862 -0.051893
v -0.058938 -0.074369 -0.051893
v -0.058920 -0.074577 -0.051893
v -0.059024 -0.074924 -0.051893
v -0.058848 -0.074773 -0.051893
v -0.058728 -0.074944 -0.051893
v -0.058229 -0.075960 -0.051893
v -0.058568 -0.075078 -0.051893
v -0.058379 -0.075166 -0.051893
v -0.058173 -0.075202 -0.051893
v -0.057730 -0.077166 -0.051893
v -0.057965 -0.075184 -0.051893
v -0.057560 -0.078460 -0.051893
v -0.057769 -0.075112 -0.051893
v -0.057598 -0.074992 -0.051893
v -0.057962 -0.083470 -0.051893
v -0.057610 -0.083409 -0.051893
v -0.058133 -0.083590 -0.051893
v -0.059060 -0.084522 -0.051893
v -0.058329 -0.083661 -0.051893
v -0.058537 -0.083680 -0.051893
v -0.057828 -0.083310 -0.051893
v -0.057740 -0.083121 -0.051893
v -0.056497 -0.081960 -0.051893
v -0.057704 -0.082915 -0.051893
v -0.057722 -0.082707 -0.051893
v -0.057794 -0.082511 -0.051893
v -0.055798 -0.080271 -0.051893
v -0.057913 -0.082340 -0.051893
v -0.055560 -0.078460 -0.051893
v -0.058074 -0.082205 -0.051893
v -0.055798 -0.076648 -0.051893
v -0.058263 -0.082117 -0.051893
v -0.057730 -0.079754 -0.051893
v -0.058469 -0.082081 -0.051893
v -0.059266 -0.082640 -0.051893
v -0.059302 -0.082846 -0.051893
v -0.061265 -0.083289 -0.051893
v -0.059284 -0.083054 -0.051893
v -0.059212 -0.083250 -0.051893
v -0.059092 -0.083421 -0.051893
v -0.058932 -0.083556 -0.051893
v -0.058743 -0.083644 -0.051893
v -0.062310 -0.070564 -0.051793
v -0.069474 -0.074817 -0.051878
v -0.069825 -0.075357 -0.051793
v -0.069434 -0.074368 -0.051693
v -0.070234 -0.076202 -0.051693
v -0.064780 -0.070774 -0.051693
v -0.066567 -0.071652 -0.051793
v -0.066618 -0.071566 -0.051693
v -0.068132 -0.072860 -0.051793
v -0.068203 -0.072789 -0.051693
v -0.069168 -0.074130 -0.051793
v -0.069276 -0.074411 -0.051850
v -0.062802 -0.070463 -0.051693
v -0.062810 -0.070564 -0.051793
v -0.064752 -0.070870 -0.051793
v -0.060809 -0.070653 -0.051693
v -0.060831 -0.070751 -0.051793
v -0.058926 -0.071332 -0.051693
v -0.058972 -0.071421 -0.051793
v -0.057271 -0.072457 -0.051693
v -0.057338 -0.072531 -0.051793
v -0.069615 -0.082013 -0.051793
v -0.068514 -0.083652 -0.051793
v -0.068587 -0.083719 -0.051693
v -0.070138 -0.076230 -0.051793
v -0.070455 -0.078182 -0.051793
v -0.070555 -0.078178 -0.051693
v -0.070276 -0.080151 -0.051793
v -0.070374 -0.080172 -0.051693
v -0.069704 -0.082058 -0.051693
v -0.066758 -0.085270 -0.049193
v -0.064936 -0.086099 -0.049193
v -0.062965 -0.086449 -0.049193
v -0.060969 -0.086300 -0.049193
v -0.059072 -0.085660 -0.049193
v -0.057394 -0.084568 -0.049193
v -0.056039 -0.083095 -0.049193
v -0.055092 -0.081331 -0.049193
v -0.054613 -0.079387 -0.049193
v -0.054632 -0.077385 -0.049193
v -0.055147 -0.075451 -0.049193
v -0.057271 -0.072457 -0.049193
v -0.058926 -0.071332 -0.049193
v -0.060809 -0.070653 -0.049193
v -0.062802 -0.070463 -0.049193
v -0.064780 -0.070774 -0.049193
v -0.066618 -0.071566 -0.049193
v -0.068203 -0.072789 -0.049193
v -0.069434 -0.074368 -0.049193
v -0.070234 -0.076202 -0.049193
v -0.070555 -0.078178 -0.049193
v -0.070374 -0.080172 -0.049193
v -0.069704 -0.082058 -0.049193
v -0.068587 -0.083719 -0.049193
v -0.069526 -0.081968 -0.048993
v -0.059017 -0.071511 -0.048993
v -0.059417 -0.071321 -0.048993
v -0.060853 -0.070849 -0.048993
v -0.068062 -0.072931 -0.048993
v -0.066517 -0.071738 -0.048993
v -0.064724 -0.070966 -0.048993
v -0.062796 -0.070663 -0.048993
v -0.070179 -0.080129 -0.048993
v -0.070355 -0.078185 -0.048993
v -0.070043 -0.076259 -0.048993
v -0.069694 -0.075307 -0.048993
v -0.069262 -0.074470 -0.048993
v -0.055420 -0.075319 -0.048993
v -0.062955 -0.086250 -0.048993
v -0.064876 -0.085908 -0.048993
v -0.066653 -0.085099 -0.048993
v -0.055332 -0.075526 -0.048993
v -0.054830 -0.077412 -0.048993
v -0.054812 -0.079364 -0.048993
v -0.055279 -0.081259 -0.048993
v -0.056202 -0.082979 -0.048993
v -0.057523 -0.084416 -0.048993
v -0.059159 -0.085480 -0.048993
v -0.059421 -0.085601 -0.048993
v -0.061008 -0.086104 -0.048993
v -0.057549 -0.073862 -0.048993
v -0.057429 -0.074033 -0.048993
v -0.058104 -0.073604 -0.048993
v -0.057899 -0.073640 -0.048993
v -0.057709 -0.073728 -0.048993
v -0.057358 -0.074229 -0.048993
v -0.057339 -0.074403 -0.048993
v -0.057376 -0.074643 -0.048993
v -0.057464 -0.074832 -0.048993
v -0.057598 -0.074992 -0.048993
v -0.057769 -0.075112 -0.048993
v -0.057965 -0.075184 -0.048993
v -0.058173 -0.075202 -0.048993
v -0.059431 -0.075331 -0.048993
v -0.058379 -0.075166 -0.048993
v -0.058568 -0.075078 -0.048993
v -0.058728 -0.074944 -0.048993
v -0.058848 -0.074773 -0.048993
v -0.058814 -0.073974 -0.048993
v -0.058680 -0.073814 -0.048993
v -0.058509 -0.073694 -0.048993
v -0.058312 -0.073622 -0.048993
v -0.058920 -0.074577 -0.048993
v -0.058938 -0.074369 -0.048993
v -0.058902 -0.074163 -0.048993
v -0.057913 -0.082340 -0.048993
v -0.058677 -0.082100 -0.048993
v -0.058469 -0.082081 -0.048993
v -0.058263 -0.082117 -0.048993
v -0.058074 -0.082205 -0.048993
v -0.057703 -0.082881 -0.048993
v -0.057722 -0.082707 -0.048993
v -0.057794 -0.082511 -0.048993
v -0.057740 -0.083121 -0.048993
v -0.057828 -0.083310 -0.048993
v -0.057962 -0.083470 -0.048993
v -0.058932 -0.083556 -0.048993
v -0.059092 -0.083421 -0.048993
v -0.059212 -0.083250 -0.048993
v -0.058133 -0.083590 -0.048993
v -0.058329 -0.083661 -0.048993
v -0.058537 -0.083680 -0.048993
v -0.058743 -0.083644 -0.048993
v -0.059178 -0.082451 -0.048993
v -0.059044 -0.082291 -0.048993
v -0.058873 -0.082171 -0.048993
v -0.059284 -0.083054 -0.048993
v -0.059302 -0.082846 -0.048993
v -0.059266 -0.082640 -0.048993
v -0.059698 -0.079360 -0.048993
v -0.060028 -0.080070 -0.048993
v -0.067761 -0.082690 -0.048993
v -0.067690 -0.082886 -0.048993
v -0.067570 -0.083057 -0.048993
v -0.067410 -0.083191 -0.048993
v -0.067220 -0.083279 -0.048993
v -0.067015 -0.083316 -0.048993
v -0.066807 -0.083297 -0.048993
v -0.065488 -0.079111 -0.048993
v -0.066946 -0.081717 -0.048993
v -0.066740 -0.081753 -0.048993
v -0.067780 -0.082482 -0.048993
v -0.067744 -0.082276 -0.048993
v -0.067655 -0.082087 -0.048993
v -0.067521 -0.081927 -0.048993
v -0.067350 -0.081807 -0.048993
v -0.067154 -0.081735 -0.048993
v -0.064588 -0.076249 -0.048993
v -0.063947 -0.075800 -0.048993
v -0.060949 -0.075928 -0.048993
v -0.060349 -0.076431 -0.048993
v -0.059899 -0.077073 -0.048993
v -0.065220 -0.079847 -0.048993
v -0.066551 -0.081841 -0.048993
v -0.064770 -0.080488 -0.048993
v -0.066391 -0.081975 -0.048993
v -0.064170 -0.080991 -0.048993
v -0.066271 -0.082146 -0.048993
v -0.063460 -0.081321 -0.048993
v -0.066199 -0.082343 -0.048993
v -0.066180 -0.082516 -0.048993
v -0.060531 -0.080670 -0.048993
v -0.061172 -0.081120 -0.048993
v -0.061908 -0.081388 -0.048993
v -0.065557 -0.078331 -0.048993
v -0.065421 -0.077560 -0.048993
v -0.065091 -0.076850 -0.048993
v -0.059631 -0.077808 -0.048993
v -0.059560 -0.078460 -0.048993
v -0.059562 -0.078588 -0.048993
v -0.066610 -0.083226 -0.048993
v -0.066439 -0.083106 -0.048993
v -0.066305 -0.082946 -0.048993
v -0.066217 -0.082756 -0.048993
v -0.066181 -0.082551 -0.048993
v -0.062688 -0.081457 -0.048993
v -0.063211 -0.075531 -0.048993
v -0.062431 -0.075462 -0.048993
v -0.061659 -0.075598 -0.048993
v -0.065817 -0.074073 -0.048993
v -0.065853 -0.074279 -0.048993
v -0.065941 -0.074468 -0.048993
v -0.066075 -0.074628 -0.048993
v -0.066246 -0.074748 -0.048993
v -0.066442 -0.074820 -0.048993
v -0.066651 -0.074838 -0.048993
v -0.066856 -0.074802 -0.048993
v -0.067046 -0.074714 -0.048993
v -0.067206 -0.074580 -0.048993
v -0.067326 -0.074409 -0.048993
v -0.067291 -0.073609 -0.048993
v -0.067157 -0.073449 -0.048993
v -0.066986 -0.073330 -0.048993
v -0.066790 -0.073258 -0.048993
v -0.066582 -0.073240 -0.048993
v -0.067397 -0.074213 -0.048993
v -0.067415 -0.074005 -0.048993
v -0.067379 -0.073799 -0.048993
v -0.066376 -0.073276 -0.048993
v -0.066187 -0.073364 -0.048993
v -0.066027 -0.073498 -0.048993
v -0.065907 -0.073669 -0.048993
v -0.065835 -0.073865 -0.048993
v -0.065816 -0.074039 -0.048993
v -0.060496 -0.076567 -0.049193
v -0.060135 -0.077060 -0.049193
v -0.060077 -0.077165 -0.049193
v -0.059855 -0.077735 -0.049193
v -0.059826 -0.077852 -0.049193
v -0.059760 -0.078460 -0.049193
v -0.059762 -0.078580 -0.049193
v -0.059855 -0.079184 -0.049193
v -0.059889 -0.079300 -0.049193
v -0.060135 -0.079860 -0.049193
v -0.060197 -0.079962 -0.049193
v -0.060580 -0.080440 -0.049193
v -0.060666 -0.080523 -0.049193
v -0.061160 -0.080885 -0.049193
v -0.061265 -0.080942 -0.049193
v -0.061835 -0.081164 -0.049193
v -0.061952 -0.081193 -0.049193
v -0.062560 -0.081260 -0.049193
v -0.062680 -0.081257 -0.049193
v -0.063284 -0.081164 -0.049193
v -0.063400 -0.081131 -0.049193
v -0.063960 -0.080885 -0.049193
v -0.064062 -0.080822 -0.049193
v -0.064539 -0.080440 -0.049193
v -0.064623 -0.080353 -0.049193
v -0.064984 -0.079860 -0.049193
v -0.065042 -0.079754 -0.049193
v -0.065264 -0.079184 -0.049193
v -0.065293 -0.079068 -0.049193
v -0.065360 -0.078460 -0.049193
v -0.065357 -0.078340 -0.049193
v -0.065264 -0.077735 -0.049193
v -0.065231 -0.077620 -0.049193
v -0.064984 -0.077060 -0.049193
v -0.064922 -0.076957 -0.049193
v -0.064539 -0.076480 -0.049193
v -0.064453 -0.076397 -0.049193
v -0.063960 -0.076035 -0.049193
v -0.063854 -0.075977 -0.049193
v -0.063284 -0.075755 -0.049193
v -0.063167 -0.075726 -0.049193
v -0.062560 -0.075660 -0.049193
v -0.062439 -0.075662 -0.049193
v -0.061835 -0.075755 -0.049193
v -0.061719 -0.075789 -0.049193
v -0.061160 -0.076035 -0.049193
v -0.061057 -0.076097 -0.049193
v -0.060580 -0.076480 -0.049193
v -0.060580 -0.080440 -0.050593
v -0.061160 -0.080885 -0.050593
v -0.061835 -0.081164 -0.050593
v -0.062560 -0.081260 -0.050593
v -0.063284 -0.081164 -0.050593
v -0.063960 -0.080885 -0.050593
v -0.064539 -0.080440 -0.050593
v -0.064984 -0.079860 -0.050593
v -0.065264 -0.079184 -0.050593
v -0.065360 -0.078460 -0.050593
v -0.065264 -0.077735 -0.050593
v -0.064984 -0.077060 -0.050593
v -0.064539 -0.076480 -0.050593
v -0.063960 -0.076035 -0.050593
v -0.063284 -0.075755 -0.050593
v -0.062560 -0.075660 -0.050593
v -0.061835 -0.075755 -0.050593
v -0.061160 -0.076035 -0.050593
v -0.060580 -0.076480 -0.050593
v -0.060135 -0.077060 -0.050593
v -0.059855 -0.077735 -0.050593
v -0.059760 -0.078460 -0.050593
v -0.059855 -0.079184 -0.050593
v -0.060135 -0.079860 -0.050593
v -0.062864 -0.079723 -0.050593
v -0.063469 -0.080278 -0.050593
v -0.062560 -0.079760 -0.050593
v -0.062223 -0.079715 -0.050593
v -0.063665 -0.080322 -0.050593
v -0.063613 -0.080331 -0.050593
v -0.063752 -0.080266 -0.050593
v -0.061910 -0.079586 -0.050593
v -0.063860 -0.078460 -0.050593
v -0.063815 -0.078123 -0.050593
v -0.063685 -0.077810 -0.050593
v -0.063479 -0.077540 -0.050593
v -0.063210 -0.077334 -0.050593
v -0.062896 -0.077204 -0.050593
v -0.062560 -0.077160 -0.050593
v -0.062223 -0.077204 -0.050593
v -0.061910 -0.077334 -0.050593
v -0.061640 -0.077540 -0.050593
v -0.061434 -0.077810 -0.050593
v -0.061304 -0.078123 -0.050593
v -0.061260 -0.078460 -0.050593
v -0.061304 -0.078796 -0.050593
v -0.061434 -0.079110 -0.050593
v -0.061640 -0.079379 -0.050593
v -0.063752 -0.080266 -0.051793
v -0.063469 -0.080278 -0.051793
v -0.062864 -0.079723 -0.051793
v -0.063561 -0.080326 -0.051793
v -0.063665 -0.080322 -0.051793
v -0.070160 -0.075345 -0.051993
v -0.069828 -0.075091 -0.051993
v -0.069574 -0.074760 -0.051993
v -0.069414 -0.074374 -0.051993
v -0.069360 -0.073960 -0.051993
v -0.069160 -0.073960 -0.051793
v -0.069414 -0.073546 -0.051993
v -0.069221 -0.073494 -0.051793
v -0.069574 -0.073160 -0.051993
v -0.069401 -0.073060 -0.051793
v -0.069828 -0.072828 -0.051993
v -0.069687 -0.072687 -0.051793
v -0.070160 -0.072574 -0.051993
v -0.070060 -0.072401 -0.051793
v -0.070545 -0.072414 -0.051993
v -0.070494 -0.072221 -0.051793
v -0.070960 -0.072360 -0.051993
v -0.070960 -0.072160 -0.051793
v -0.070960 -0.075560 -0.051993
v -0.070960 -0.075760 -0.051793
v -0.070545 -0.075505 -0.051993
v -0.070494 -0.075698 -0.051793
v -0.070060 -0.075519 -0.051793
v -0.062810 -0.071464 -0.051993
v -0.062810 -0.069360 -0.051993
v -0.062810 -0.069160 -0.055793
v -0.062810 -0.068960 -0.055793
v -0.062810 -0.069160 -0.052193
v -0.062810 -0.068960 -0.051993
v -0.062810 -0.069160 -0.051793
v -0.071525 -0.070701 -0.051793
v -0.071426 -0.070460 -0.051793
v -0.072360 -0.070043 -0.051793
v -0.070060 -0.071826 -0.051793
v -0.069852 -0.071667 -0.051793
v -0.069694 -0.071460 -0.051793
v -0.069594 -0.071219 -0.051793
v -0.070301 -0.071926 -0.051793
v -0.070560 -0.071960 -0.051793
v -0.070818 -0.071926 -0.051793
v -0.072360 -0.072160 -0.051793
v -0.071060 -0.071826 -0.051793
v -0.071267 -0.071667 -0.051793
v -0.071477 -0.069160 -0.051793
v -0.071267 -0.070253 -0.051793
v -0.071060 -0.070094 -0.051793
v -0.070818 -0.069994 -0.051793
v -0.069852 -0.070253 -0.051793
v -0.069694 -0.070460 -0.051793
v -0.071426 -0.071460 -0.051793
v -0.071525 -0.071219 -0.051793
v -0.071560 -0.070960 -0.051793
v -0.070560 -0.069960 -0.051793
v -0.070301 -0.069994 -0.051793
v -0.070060 -0.070094 -0.051793
v -0.069560 -0.070960 -0.051793
v -0.069594 -0.070701 -0.051793
v -0.055944 -0.073725 -0.051793
v -0.054301 -0.071926 -0.051793
v -0.054560 -0.071960 -0.051793
v -0.054818 -0.071926 -0.051793
v -0.055060 -0.071826 -0.051793
v -0.054060 -0.071826 -0.051793
v -0.052760 -0.072160 -0.051793
v -0.053852 -0.071667 -0.051793
v -0.053694 -0.071460 -0.051793
v -0.055267 -0.071667 -0.051793
v -0.055426 -0.071460 -0.051793
v -0.055525 -0.071219 -0.051793
v -0.062310 -0.069160 -0.051793
v -0.053694 -0.070460 -0.051793
v -0.052760 -0.070043 -0.051793
v -0.053852 -0.070253 -0.051793
v -0.053642 -0.069160 -0.051793
v -0.054060 -0.070094 -0.051793
v -0.054301 -0.069994 -0.051793
v -0.053594 -0.070701 -0.051793
v -0.053560 -0.070960 -0.051793
v -0.053594 -0.071219 -0.051793
v -0.055560 -0.070960 -0.051793
v -0.055525 -0.070701 -0.051793
v -0.055426 -0.070460 -0.051793
v -0.055267 -0.070253 -0.051793
v -0.055060 -0.070094 -0.051793
v -0.054818 -0.069994 -0.051793
v -0.054560 -0.069960 -0.051793
v -0.055835 -0.073302 -0.051793
v -0.055627 -0.072918 -0.051793
v -0.055333 -0.072595 -0.051793
v -0.054971 -0.072353 -0.051793
v -0.054560 -0.072205 -0.051793
v -0.054160 -0.072160 -0.051793
v -0.062310 -0.071464 -0.051993
v -0.060748 -0.071698 -0.052093
v -0.062560 -0.071460 -0.052093
v -0.059060 -0.072398 -0.052093
v -0.062560 -0.071460 -0.051993
v -0.064371 -0.071698 -0.052093
v -0.066060 -0.072398 -0.052093
v -0.067509 -0.073510 -0.052093
v -0.068622 -0.074960 -0.052093
v -0.069321 -0.076648 -0.052093
v -0.069560 -0.078460 -0.052093
v -0.069321 -0.080271 -0.052093
v -0.068622 -0.081960 -0.052093
v -0.067509 -0.083409 -0.052093
v -0.066060 -0.084522 -0.052093
v -0.064371 -0.085221 -0.052093
v -0.062560 -0.085460 -0.052093
v -0.060748 -0.085221 -0.052093
v -0.059060 -0.084522 -0.052093
v -0.057610 -0.083409 -0.052093
v -0.056497 -0.081960 -0.052093
v -0.055798 -0.080271 -0.052093
v -0.055560 -0.078460 -0.052093
v -0.055798 -0.076648 -0.052093
v -0.056497 -0.074960 -0.052093
v -0.057610 -0.073510 -0.052093
v -0.062310 -0.068960 -0.055793
v -0.062310 -0.069160 -0.055793
v -0.062310 -0.068960 -0.051993
v -0.062310 -0.069160 -0.052193
v -0.062310 -0.069360 -0.051993
v -0.052960 -0.093410 -0.070293
v -0.052960 -0.093410 -0.069793
v -0.072160 -0.093410 -0.069793
v -0.072160 -0.093410 -0.070293
v -0.072110 -0.093410 -0.069793
v -0.072110 -0.093410 -0.070293
v -0.053725 -0.102560 -0.069793
v -0.052960 -0.101794 -0.069793
v -0.053010 -0.092710 -0.069793
v -0.052560 -0.092710 -0.069793
v -0.072110 -0.092710 -0.069793
v -0.072560 -0.092710 -0.069793
v -0.072160 -0.101794 -0.069793
v -0.072560 -0.101960 -0.069793
v -0.071394 -0.102560 -0.069793
v -0.072110 -0.101773 -0.070293
v -0.072160 -0.101794 -0.070293
v -0.071373 -0.102510 -0.070293
v -0.071394 -0.102560 -0.070293
v -0.053746 -0.102510 -0.070293
v -0.053725 -0.102560 -0.070293
v -0.053010 -0.101773 -0.070293
v -0.069560 -0.100960 -0.074793
v -0.069535 -0.100960 -0.074793
v -0.069594 -0.101218 -0.074793
v -0.069694 -0.101460 -0.074793
v -0.069852 -0.101667 -0.074793
v -0.069835 -0.101684 -0.074793
v -0.070060 -0.101826 -0.074793
v -0.070047 -0.101847 -0.074793
v -0.070301 -0.101926 -0.074793
v -0.070294 -0.101950 -0.074793
v -0.070560 -0.101960 -0.074793
v -0.070818 -0.101926 -0.074793
v -0.070825 -0.101950 -0.074793
v -0.071060 -0.101826 -0.074793
v -0.071267 -0.101667 -0.074793
v -0.071426 -0.101460 -0.074793
v -0.071525 -0.101218 -0.074793
v -0.071560 -0.100960 -0.074793
v -0.071525 -0.100701 -0.074793
v -0.071426 -0.100460 -0.074793
v -0.071447 -0.100447 -0.074793
v -0.071267 -0.100253 -0.074793
v -0.071284 -0.100235 -0.074793
v -0.071060 -0.100094 -0.074793
v -0.070818 -0.099994 -0.074793
v -0.070560 -0.099960 -0.074793
v -0.070560 -0.099935 -0.074793
v -0.070301 -0.099994 -0.074793
v -0.070060 -0.100094 -0.074793
v -0.070047 -0.100072 -0.074793
v -0.069852 -0.100253 -0.074793
v -0.069835 -0.100235 -0.074793
v -0.069694 -0.100460 -0.074793
v -0.069672 -0.100447 -0.074793
v -0.069594 -0.100701 -0.074793
v -0.053560 -0.070960 -0.074793
v -0.053560 -0.070960 -0.070293
v -0.053594 -0.070701 -0.074793
v -0.053594 -0.070701 -0.070293
v -0.053694 -0.070460 -0.074793
v -0.053694 -0.070460 -0.070293
v -0.053852 -0.070253 -0.074793
v -0.053852 -0.070253 -0.070293
v -0.054060 -0.070094 -0.074793
v -0.054060 -0.070094 -0.070293
v -0.054301 -0.069994 -0.074793
v -0.054301 -0.069994 -0.070293
v -0.054560 -0.069960 -0.074793
v -0.054560 -0.069960 -0.070293
v -0.054818 -0.069994 -0.074793
v -0.054818 -0.069994 -0.070293
v -0.055060 -0.070094 -0.074793
v -0.055060 -0.070094 -0.070293
v -0.055267 -0.070253 -0.074793
v -0.055267 -0.070253 -0.070293
v -0.055426 -0.070460 -0.074793
v -0.055426 -0.070460 -0.070293
v -0.055525 -0.070701 -0.074793
v -0.055525 -0.070701 -0.070293
v -0.055560 -0.070960 -0.074793
v -0.055560 -0.070960 -0.070293
v -0.055525 -0.071219 -0.074793
v -0.055525 -0.071219 -0.070293
v -0.055426 -0.071460 -0.074793
v -0.055426 -0.071460 -0.070293
v -0.055267 -0.071667 -0.074793
v -0.055267 -0.071667 -0.070293
v -0.055060 -0.071826 -0.074793
v -0.055060 -0.071826 -0.070293
v -0.054818 -0.071926 -0.074793
v -0.054818 -0.071926 -0.070293
v -0.054560 -0.071960 -0.074793
v -0.054560 -0.071960 -0.070293
v -0.054301 -0.071926 -0.074793
v -0.054301 -0.071926 -0.070293
v -0.054060 -0.071826 -0.074793
v -0.054060 -0.071826 -0.070293
v -0.053852 -0.071667 -0.074793
v -0.053852 -0.071667 -0.070293
v -0.053694 -0.071460 -0.074793
v -0.053694 -0.071460 -0.070293
v -0.053594 -0.071219 -0.074793
v -0.053594 -0.071219 -0.070293
v -0.053010 -0.081510 -0.070293
v -0.053010 -0.070146 -0.070293
v -0.053746 -0.069410 -0.070293
v -0.071373 -0.069410 -0.070293
v -0.072110 -0.070146 -0.070293
v -0.072160 -0.070125 -0.070293
v -0.072110 -0.081581 -0.070293
v -0.072160 -0.081581 -0.070293
v -0.060060 -0.069160 -0.072793
v -0.065260 -0.068960 -0.072593
v -0.059860 -0.068960 -0.072593
v -0.059960 -0.069060 -0.074693
v -0.059860 -0.068960 -0.074593
v -0.059860 -0.071142 -0.074793
v -0.059860 -0.071160 -0.074793
v -0.059860 -0.069160 -0.074793
v -0.053560 -0.068960 -0.074593
v -0.053642 -0.069160 -0.074793
v -0.065260 -0.068960 -0.074593
v -0.071560 -0.068960 -0.074593
v -0.071560 -0.068960 -0.069793
v -0.053560 -0.068960 -0.069793
v -0.065160 -0.069060 -0.074693
v -0.065260 -0.069160 -0.074793
v -0.071477 -0.069160 -0.074793
v -0.072360 -0.070043 -0.074793
v -0.072560 -0.069960 -0.074593
v -0.072560 -0.069960 -0.069793
v -0.072110 -0.082210 -0.069793
v -0.072110 -0.081581 -0.069793
v -0.072360 -0.082210 -0.069793
v -0.072160 -0.081581 -0.069793
v -0.053010 -0.081510 -0.069793
v -0.053010 -0.082210 -0.069793
v -0.052760 -0.082210 -0.069793
v -0.052560 -0.082210 -0.069793
v -0.052960 -0.070125 -0.069793
v -0.052560 -0.069960 -0.069793
v -0.053725 -0.069360 -0.069793
v -0.071394 -0.069360 -0.069793
v -0.072160 -0.070125 -0.069793
v -0.072560 -0.082210 -0.069793
v -0.072560 -0.082210 -0.074593
v -0.072360 -0.082010 -0.074793
v -0.068860 -0.082210 -0.074593
v -0.069505 -0.082010 -0.074793
v -0.068777 -0.082010 -0.074793
v -0.072560 -0.101960 -0.074593
v -0.072560 -0.092710 -0.074593
v -0.072360 -0.092910 -0.074793
v -0.071560 -0.102960 -0.074593
v -0.053642 -0.102760 -0.074793
v -0.053560 -0.102960 -0.074593
v -0.057310 -0.102760 -0.074793
v -0.052560 -0.101960 -0.074593
v -0.052760 -0.101877 -0.074793
v -0.052560 -0.092710 -0.074593
v -0.052560 -0.069960 -0.074593
v -0.052560 -0.082210 -0.074593
v -0.052760 -0.092910 -0.074793
v -0.052760 -0.100088 -0.074793
v -0.056260 -0.092710 -0.074593
v -0.056342 -0.092910 -0.074793
v -0.056760 -0.082427 -0.074793
v -0.056560 -0.082510 -0.074593
v -0.056760 -0.083675 -0.074793
v -0.056560 -0.092410 -0.074593
v -0.056760 -0.092493 -0.074793
v -0.056260 -0.082210 -0.074593
v -0.056342 -0.082010 -0.074793
v -0.056260 -0.082210 -0.072493
v -0.056560 -0.082510 -0.072793
v -0.056560 -0.083710 -0.072793
v -0.056060 -0.083710 -0.072293
v -0.056060 -0.082210 -0.072293
v -0.056560 -0.083710 -0.071693
v -0.056060 -0.083710 -0.071693
v -0.056060 -0.082210 -0.071693
v -0.056060 -0.091210 -0.071693
v -0.056060 -0.092710 -0.071693
v -0.056060 -0.091210 -0.072293
v -0.056060 -0.092710 -0.072293
v -0.056260 -0.082210 -0.071693
v -0.056560 -0.082510 -0.071693
v -0.052760 -0.082010 -0.074793
v -0.055614 -0.082010 -0.074793
v -0.052760 -0.070043 -0.074793
v -0.056560 -0.092410 -0.072793
v -0.056560 -0.091210 -0.072793
v -0.056260 -0.092710 -0.072493
v -0.056560 -0.091210 -0.071693
v -0.056260 -0.092710 -0.071693
v -0.056560 -0.092410 -0.071693
v -0.068777 -0.092910 -0.074793
v -0.068860 -0.092710 -0.074593
v -0.068860 -0.092710 -0.072493
v -0.068560 -0.092410 -0.072793
v -0.068560 -0.092410 -0.074593
v -0.068360 -0.092493 -0.074793
v -0.068360 -0.083675 -0.074793
v -0.068560 -0.082510 -0.074593
v -0.068360 -0.082427 -0.074793
v -0.068560 -0.082510 -0.072793
v -0.068860 -0.082210 -0.072493
v -0.068560 -0.083710 -0.072793
v -0.069060 -0.083710 -0.072293
v -0.069060 -0.082210 -0.072293
v -0.069060 -0.083710 -0.071693
v -0.069060 -0.082210 -0.071693
v -0.069060 -0.092710 -0.071693
v -0.069060 -0.091210 -0.071693
v -0.069060 -0.092710 -0.072293
v -0.069060 -0.091210 -0.072293
v -0.068560 -0.083710 -0.071693
v -0.068560 -0.082510 -0.071693
v -0.068860 -0.082210 -0.071693
v -0.068560 -0.091210 -0.072793
v -0.068560 -0.091210 -0.071693
v -0.068860 -0.092710 -0.071693
v -0.068560 -0.092410 -0.071693
v -0.065260 -0.071160 -0.074793
v -0.065260 -0.071142 -0.074793
v -0.069560 -0.070960 -0.074793
v -0.069560 -0.070960 -0.070293
v -0.069594 -0.070701 -0.074793
v -0.069594 -0.070701 -0.070293
v -0.069694 -0.070460 -0.074793
v -0.069694 -0.070460 -0.070293
v -0.069852 -0.070253 -0.074793
v -0.069852 -0.070253 -0.070293
v -0.070060 -0.070094 -0.074793
v -0.070060 -0.070094 -0.070293
v -0.070301 -0.069994 -0.074793
v -0.070301 -0.069994 -0.070293
v -0.070560 -0.069960 -0.074793
v -0.070560 -0.069960 -0.070293
v -0.070818 -0.069994 -0.074793
v -0.070818 -0.069994 -0.070293
v -0.071060 -0.070094 -0.074793
v -0.071060 -0.070094 -0.070293
v -0.071267 -0.070253 -0.074793
v -0.071267 -0.070253 -0.070293
v -0.071426 -0.070460 -0.074793
v -0.071426 -0.070460 -0.070293
v -0.071525 -0.070701 -0.074793
v -0.071525 -0.070701 -0.070293
v -0.071560 -0.070960 -0.074793
v -0.071560 -0.070960 -0.070293
v -0.071525 -0.071219 -0.074793
v -0.071525 -0.071219 -0.070293
v -0.071426 -0.071460 -0.074793
v -0.071426 -0.071460 -0.070293
v -0.071267 -0.071667 -0.074793
v -0.071267 -0.071667 -0.070293
v -0.071060 -0.071826 -0.074793
v -0.071060 -0.071826 -0.070293
v -0.070818 -0.071926 -0.074793
v -0.070818 -0.071926 -0.070293
v -0.070560 -0.071960 -0.074793
v -0.070560 -0.071960 -0.070293
v -0.070301 -0.071926 -0.074793
v -0.070301 -0.071926 -0.070293
v -0.070060 -0.071826 -0.074793
v -0.070060 -0.071826 -0.070293
v -0.069852 -0.071667 -0.074793
v -0.069852 -0.071667 -0.070293
v -0.069694 -0.071460 -0.074793
v -0.069694 -0.071460 -0.070293
v -0.069594 -0.071219 -0.074793
v -0.069594 -0.071219 -0.070293
v -0.053560 -0.100960 -0.074793
v -0.053560 -0.100960 -0.070293
v -0.053594 -0.100701 -0.074793
v -0.053594 -0.100701 -0.070293
v -0.053694 -0.100460 -0.074793
v -0.053694 -0.100460 -0.070293
v -0.053852 -0.100253 -0.074793
v -0.053852 -0.100253 -0.070293
v -0.054060 -0.100094 -0.074793
v -0.054060 -0.100094 -0.070293
v -0.054301 -0.099994 -0.074793
v -0.054301 -0.099994 -0.070293
v -0.054560 -0.099960 -0.074793
v -0.054560 -0.099960 -0.070293
v -0.054818 -0.099994 -0.074793
v -0.054818 -0.099994 -0.070293
v -0.055060 -0.100094 -0.074793
v -0.055060 -0.100094 -0.070293
v -0.055267 -0.100253 -0.074793
v -0.055267 -0.100253 -0.070293
v -0.055426 -0.100460 -0.074793
v -0.055426 -0.100460 -0.070293
v -0.055525 -0.100701 -0.074793
v -0.055525 -0.100701 -0.070293
v -0.055560 -0.100960 -0.074793
v -0.055560 -0.100960 -0.070293
v -0.055525 -0.101218 -0.074793
v -0.055525 -0.101218 -0.070293
v -0.055426 -0.101460 -0.074793
v -0.055426 -0.101460 -0.070293
v -0.055267 -0.101667 -0.074793
v -0.055267 -0.101667 -0.070293
v -0.055060 -0.101826 -0.074793
v -0.055060 -0.101826 -0.070293
v -0.054818 -0.101926 -0.074793
v -0.054818 -0.101926 -0.070293
v -0.054560 -0.101960 -0.074793
v -0.054560 -0.101960 -0.070293
v -0.054301 -0.101926 -0.074793
v -0.054301 -0.101926 -0.070293
v -0.054060 -0.101826 -0.074793
v -0.054060 -0.101826 -0.070293
v -0.053852 -0.101667 -0.074793
v -0.053852 -0.101667 -0.070293
v -0.053694 -0.101460 -0.074793
v -0.053694 -0.101460 -0.070293
v -0.053594 -0.101218 -0.074793
v -0.053594 -0.101218 -0.070293
v -0.072560 -0.075560 -0.051993
v -0.072560 -0.075560 -0.053293
v -0.070960 -0.075560 -0.053293
v -0.070545 -0.075505 -0.053293
v -0.070160 -0.075345 -0.053293
v -0.069828 -0.075091 -0.053293
v -0.069574 -0.074760 -0.053293
v -0.069414 -0.074374 -0.053293
v -0.069360 -0.073960 -0.053293
v -0.069414 -0.073546 -0.053293
v -0.069574 -0.073160 -0.053293
v -0.069828 -0.072828 -0.053293
v -0.070160 -0.072574 -0.053293
v -0.070545 -0.072414 -0.053293
v -0.070960 -0.072360 -0.053293
v -0.072560 -0.072360 -0.051993
v -0.072560 -0.072360 -0.053293
v -0.071477 -0.102760 -0.051793
v -0.072360 -0.101877 -0.051793
v -0.071560 -0.102960 -0.051993
v -0.072560 -0.101960 -0.051993
v -0.072560 -0.101960 -0.055793
v -0.067810 -0.102760 -0.051793
v -0.059460 -0.102760 -0.051793
v -0.059260 -0.101360 -0.051993
v -0.059460 -0.101360 -0.051793
v -0.059407 -0.100926 -0.051793
v -0.059212 -0.100975 -0.051993
v -0.059251 -0.100519 -0.051793
v -0.059074 -0.100612 -0.051993
v -0.059002 -0.100160 -0.051793
v -0.058853 -0.100293 -0.051993
v -0.058673 -0.099872 -0.051793
v -0.058561 -0.100038 -0.051993
v -0.058286 -0.099672 -0.051793
v -0.058216 -0.099860 -0.051993
v -0.057861 -0.099571 -0.051793
v -0.057839 -0.099770 -0.051993
v -0.057424 -0.099575 -0.051793
v -0.057451 -0.099773 -0.051993
v -0.057049 -0.099666 -0.051793
v -0.057075 -0.099870 -0.051993
v -0.056060 -0.101360 -0.051993
v -0.055860 -0.101360 -0.051793
v -0.056100 -0.101004 -0.051993
v -0.055905 -0.100959 -0.051793
v -0.056231 -0.100639 -0.051993
v -0.056053 -0.100549 -0.051793
v -0.056447 -0.100316 -0.051993
v -0.056295 -0.100186 -0.051793
v -0.056734 -0.100055 -0.051993
v -0.056618 -0.099892 -0.051793
v -0.055860 -0.102760 -0.051793
v -0.056060 -0.102960 -0.051993
v -0.056060 -0.102960 -0.053293
v -0.056060 -0.101360 -0.053293
v -0.056100 -0.101004 -0.053293
v -0.056231 -0.100639 -0.053293
v -0.056447 -0.100316 -0.053293
v -0.056734 -0.100055 -0.053293
v -0.057075 -0.099870 -0.053293
v -0.057451 -0.099773 -0.053293
v -0.057839 -0.099770 -0.053293
v -0.058216 -0.099860 -0.053293
v -0.058561 -0.100038 -0.053293
v -0.058853 -0.100293 -0.053293
v -0.059074 -0.100612 -0.053293
v -0.059212 -0.100975 -0.053293
v -0.059260 -0.101360 -0.053293
v -0.059260 -0.102960 -0.053293
v -0.053642 -0.102760 -0.051793
v -0.053560 -0.102960 -0.051993
v -0.052760 -0.101877 -0.051793
v -0.071560 -0.068960 -0.055793
v -0.072560 -0.069960 -0.055793
v -0.071560 -0.068960 -0.051993
v -0.072560 -0.069960 -0.051993
v -0.053432 -0.069653 -0.055293
v -0.053432 -0.069653 -0.055793
v -0.053252 -0.069832 -0.055293
v -0.053252 -0.069832 -0.055793
v -0.052960 -0.101380 -0.055793
v -0.052960 -0.101380 -0.055293
v -0.052960 -0.070540 -0.055793
v -0.052960 -0.070540 -0.055293
v -0.053432 -0.102267 -0.055793
v -0.053432 -0.102267 -0.055293
v -0.053252 -0.102087 -0.055793
v -0.053252 -0.102087 -0.055293
v -0.053827 -0.102510 -0.055293
v -0.053827 -0.102510 -0.055793
v -0.053981 -0.102547 -0.055293
v -0.053981 -0.102547 -0.055793
v -0.054139 -0.102560 -0.055293
v -0.054139 -0.102560 -0.055793
v -0.070980 -0.102560 -0.055293
v -0.070980 -0.102560 -0.055793
v -0.071431 -0.102452 -0.055293
v -0.071431 -0.102452 -0.055793
v -0.071566 -0.102370 -0.055293
v -0.071566 -0.102370 -0.055793
v -0.071687 -0.102267 -0.055293
v -0.071687 -0.102267 -0.055793
v -0.071867 -0.102087 -0.055293
v -0.071867 -0.102087 -0.055793
v -0.072110 -0.101692 -0.055293
v -0.072110 -0.101692 -0.055793
v -0.072147 -0.101538 -0.055293
v -0.072147 -0.101538 -0.055793
v -0.072160 -0.101380 -0.055293
v -0.072160 -0.101380 -0.055793
v -0.072160 -0.070540 -0.055293
v -0.072160 -0.070540 -0.055793
v -0.072052 -0.070089 -0.055293
v -0.072052 -0.070089 -0.055793
v -0.071970 -0.069953 -0.055293
v -0.071970 -0.069953 -0.055793
v -0.071867 -0.069832 -0.055293
v -0.071867 -0.069832 -0.055793
v -0.071687 -0.069653 -0.055293
v -0.071687 -0.069653 -0.055793
v -0.069560 -0.070960 -0.055293
v -0.069594 -0.070701 -0.055293
v -0.069694 -0.070460 -0.055293
v -0.069852 -0.070253 -0.055293
v -0.070060 -0.070094 -0.055293
v -0.070301 -0.069994 -0.055293
v -0.070560 -0.069960 -0.055293
v -0.070818 -0.069994 -0.055293
v -0.071060 -0.070094 -0.055293
v -0.071267 -0.070253 -0.055293
v -0.071426 -0.070460 -0.055293
v -0.071525 -0.070701 -0.055293
v -0.071560 -0.070960 -0.055293
v -0.071525 -0.071219 -0.055293
v -0.071426 -0.071460 -0.055293
v -0.071267 -0.071667 -0.055293
v -0.071060 -0.071826 -0.055293
v -0.070818 -0.071926 -0.055293
v -0.070560 -0.071960 -0.055293
v -0.070301 -0.071926 -0.055293
v -0.070060 -0.071826 -0.055293
v -0.069852 -0.071667 -0.055293
v -0.069694 -0.071460 -0.055293
v -0.069594 -0.071219 -0.055293
v -0.053560 -0.070960 -0.055293
v -0.053594 -0.070701 -0.055293
v -0.053694 -0.070460 -0.055293
v -0.053852 -0.070253 -0.055293
v -0.054060 -0.070094 -0.055293
v -0.054301 -0.069994 -0.055293
v -0.054560 -0.069960 -0.055293
v -0.054818 -0.069994 -0.055293
v -0.055060 -0.070094 -0.055293
v -0.055267 -0.070253 -0.055293
v -0.055426 -0.070460 -0.055293
v -0.055525 -0.070701 -0.055293
v -0.055560 -0.070960 -0.055293
v -0.055525 -0.071219 -0.055293
v -0.055426 -0.071460 -0.055293
v -0.055267 -0.071667 -0.055293
v -0.055060 -0.071826 -0.055293
v -0.054818 -0.071926 -0.055293
v -0.054560 -0.071960 -0.055293
v -0.054301 -0.071926 -0.055293
v -0.054060 -0.071826 -0.055293
v -0.053852 -0.071667 -0.055293
v -0.053694 -0.071460 -0.055293
v -0.053594 -0.071219 -0.055293
v -0.069560 -0.100960 -0.055293
v -0.069560 -0.100960 -0.051793
v -0.069594 -0.100701 -0.055293
v -0.069594 -0.100701 -0.051793
v -0.069694 -0.100460 -0.055293
v -0.069694 -0.100460 -0.051793
v -0.069852 -0.100253 -0.055293
v -0.069852 -0.100253 -0.051793
v -0.070060 -0.100094 -0.055293
v -0.070060 -0.100094 -0.051793
v -0.070301 -0.099994 -0.055293
v -0.070301 -0.099994 -0.051793
v -0.070560 -0.099960 -0.055293
v -0.070560 -0.099960 -0.051793
v -0.070818 -0.099994 -0.055293
v -0.070818 -0.099994 -0.051793
v -0.071060 -0.100094 -0.055293
v -0.071060 -0.100094 -0.051793
v -0.071267 -0.100253 -0.055293
v -0.071267 -0.100253 -0.051793
v -0.071426 -0.100460 -0.055293
v -0.071426 -0.100460 -0.051793
v -0.071525 -0.100701 -0.055293
v -0.071525 -0.100701 -0.051793
v -0.071560 -0.100960 -0.055293
v -0.071560 -0.100960 -0.051793
v -0.071525 -0.101218 -0.055293
v -0.071525 -0.101218 -0.051793
v -0.071426 -0.101460 -0.055293
v -0.071426 -0.101460 -0.051793
v -0.071267 -0.101667 -0.055293
v -0.071267 -0.101667 -0.051793
v -0.071060 -0.101826 -0.055293
v -0.071060 -0.101826 -0.051793
v -0.070818 -0.101926 -0.055293
v -0.070818 -0.101926 -0.051793
v -0.070560 -0.101960 -0.055293
v -0.070560 -0.101960 -0.051793
v -0.070301 -0.101926 -0.055293
v -0.070301 -0.101926 -0.051793
v -0.070060 -0.101826 -0.055293
v -0.070060 -0.101826 -0.051793
v -0.069852 -0.101667 -0.055293
v -0.069852 -0.101667 -0.051793
v -0.069694 -0.101460 -0.055293
v -0.069694 -0.101460 -0.051793
v -0.069594 -0.101218 -0.055293
v -0.069594 -0.101218 -0.051793
v -0.053560 -0.100960 -0.055293
v -0.053560 -0.100960 -0.051793
v -0.053594 -0.100701 -0.055293
v -0.053594 -0.100701 -0.051793
v -0.053694 -0.100460 -0.055293
v -0.053694 -0.100460 -0.051793
v -0.053852 -0.100253 -0.055293
v -0.053852 -0.100253 -0.051793
v -0.054060 -0.100094 -0.055293
v -0.054060 -0.100094 -0.051793
v -0.054301 -0.099994 -0.055293
v -0.054301 -0.099994 -0.051793
v -0.054560 -0.099960 -0.055293
v -0.054560 -0.099960 -0.051793
v -0.054818 -0.099994 -0.055293
v -0.054818 -0.099994 -0.051793
v -0.055060 -0.100094 -0.055293
v -0.055060 -0.100094 -0.051793
v -0.055267 -0.100253 -0.055293
v -0.055267 -0.100253 -0.051793
v -0.055426 -0.100460 -0.055293
v -0.055426 -0.100460 -0.051793
v -0.055525 -0.100701 -0.055293
v -0.055525 -0.100701 -0.051793
v -0.055560 -0.100960 -0.055293
v -0.055560 -0.100960 -0.051793
v -0.055525 -0.101218 -0.055293
v -0.055525 -0.101218 -0.051793
v -0.055426 -0.101460 -0.055293
v -0.055426 -0.101460 -0.051793
v -0.055267 -0.101667 -0.055293
v -0.055267 -0.101667 -0.051793
v -0.055060 -0.101826 -0.055293
v -0.055060 -0.101826 -0.051793
v -0.054818 -0.101926 -0.055293
v -0.054818 -0.101926 -0.051793
v -0.054560 -0.101960 -0.055293
v -0.054560 -0.101960 -0.051793
v -0.054301 -0.101926 -0.055293
v -0.054301 -0.101926 -0.051793
v -0.054060 -0.101826 -0.055293
v -0.054060 -0.101826 -0.051793
v -0.053852 -0.101667 -0.055293
v -0.053852 -0.101667 -0.051793
v -0.053694 -0.101460 -0.055293
v -0.053694 -0.101460 -0.051793
v -0.053594 -0.101218 -0.055293
v -0.053594 -0.101218 -0.051793
v -0.071373 -0.069410 -0.055843
v -0.071292 -0.069410 -0.055793
v -0.053746 -0.069410 -0.055793
v -0.053827 -0.069410 -0.055793
v -0.053827 -0.069410 -0.055293
v -0.071292 -0.069410 -0.055293
v -0.053010 -0.070146 -0.055843
v -0.053688 -0.069467 -0.055793
v -0.053067 -0.070089 -0.055793
v -0.053067 -0.070089 -0.055293
v -0.053688 -0.069467 -0.055293
v -0.053010 -0.070227 -0.055793
v -0.053010 -0.101773 -0.055793
v -0.053010 -0.101692 -0.055793
v -0.053010 -0.101692 -0.055293
v -0.053010 -0.070227 -0.055293
v -0.054160 -0.100267 -0.055293
v -0.054352 -0.100187 -0.055293
v -0.054560 -0.100160 -0.055293
v -0.054767 -0.100187 -0.055293
v -0.054960 -0.100267 -0.055293
v -0.055125 -0.100394 -0.055293
v -0.055252 -0.100560 -0.055293
v -0.055332 -0.100753 -0.055293
v -0.055360 -0.100960 -0.055293
v -0.055332 -0.101167 -0.055293
v -0.055252 -0.101360 -0.055293
v -0.055125 -0.101525 -0.055293
v -0.054960 -0.101653 -0.055293
v -0.054767 -0.101732 -0.055293
v -0.054560 -0.101760 -0.055293
v -0.054352 -0.101732 -0.055293
v -0.054160 -0.101653 -0.055293
v -0.053994 -0.101525 -0.055293
v -0.053867 -0.101360 -0.055293
v -0.053787 -0.101167 -0.055293
v -0.053760 -0.100960 -0.055293
v -0.053787 -0.100753 -0.055293
v -0.053867 -0.100560 -0.055293
v -0.053994 -0.100394 -0.055293
v -0.070160 -0.100267 -0.055293
v -0.070352 -0.100187 -0.055293
v -0.070560 -0.100160 -0.055293
v -0.070767 -0.100187 -0.055293
v -0.070960 -0.100267 -0.055293
v -0.071125 -0.100394 -0.055293
v -0.071252 -0.100560 -0.055293
v -0.071332 -0.100753 -0.055293
v -0.071360 -0.100960 -0.055293
v -0.071332 -0.101167 -0.055293
v -0.071252 -0.101360 -0.055293
v -0.071125 -0.101525 -0.055293
v -0.070960 -0.101653 -0.055293
v -0.070767 -0.101732 -0.055293
v -0.070560 -0.101760 -0.055293
v -0.070352 -0.101732 -0.055293
v -0.070160 -0.101653 -0.055293
v -0.069994 -0.101525 -0.055293
v -0.069867 -0.101360 -0.055293
v -0.069787 -0.101167 -0.055293
v -0.069760 -0.100960 -0.055293
v -0.069787 -0.100753 -0.055293
v -0.069867 -0.100560 -0.055293
v -0.069994 -0.100394 -0.055293
v -0.054160 -0.070267 -0.055293
v -0.054352 -0.070187 -0.055293
v -0.054560 -0.070160 -0.055293
v -0.054767 -0.070187 -0.055293
v -0.054960 -0.070267 -0.055293
v -0.055125 -0.070394 -0.055293
v -0.055252 -0.070560 -0.055293
v -0.055332 -0.070753 -0.055293
v -0.055360 -0.070960 -0.055293
v -0.055332 -0.071167 -0.055293
v -0.055252 -0.071360 -0.055293
v -0.055125 -0.071525 -0.055293
v -0.054960 -0.071653 -0.055293
v -0.054767 -0.071732 -0.055293
v -0.054560 -0.071760 -0.055293
v -0.054352 -0.071732 -0.055293
v -0.054160 -0.071653 -0.055293
v -0.053994 -0.071525 -0.055293
v -0.053867 -0.071360 -0.055293
v -0.053787 -0.071167 -0.055293
v -0.053760 -0.070960 -0.055293
v -0.053787 -0.070753 -0.055293
v -0.053867 -0.070560 -0.055293
v -0.053994 -0.070394 -0.055293
v -0.070160 -0.070267 -0.055293
v -0.070352 -0.070187 -0.055293
v -0.070560 -0.070160 -0.055293
v -0.070767 -0.070187 -0.055293
v -0.070960 -0.070267 -0.055293
v -0.071125 -0.070394 -0.055293
v -0.071252 -0.070560 -0.055293
v -0.071332 -0.070753 -0.055293
v -0.071360 -0.070960 -0.055293
v -0.071332 -0.071167 -0.055293
v -0.071252 -0.071360 -0.055293
v -0.071125 -0.071525 -0.055293
v -0.070960 -0.071653 -0.055293
v -0.070767 -0.071732 -0.055293
v -0.070560 -0.071760 -0.055293
v -0.070352 -0.071732 -0.055293
v -0.070160 -0.071653 -0.055293
v -0.069994 -0.071525 -0.055293
v -0.069867 -0.071360 -0.055293
v -0.069787 -0.071167 -0.055293
v -0.069760 -0.070960 -0.055293
v -0.069787 -0.070753 -0.055293
v -0.069867 -0.070560 -0.055293
v -0.069994 -0.070394 -0.055293
v -0.070560 -0.073267 -0.055293
v -0.070510 -0.073180 -0.055293
v -0.070752 -0.073187 -0.055293
v -0.070727 -0.073090 -0.055293
v -0.070960 -0.073160 -0.055293
v -0.070960 -0.073060 -0.055293
v -0.071167 -0.073187 -0.055293
v -0.071192 -0.073090 -0.055293
v -0.071360 -0.073267 -0.055293
v -0.071410 -0.073180 -0.055293
v -0.071525 -0.073394 -0.055293
v -0.071596 -0.073323 -0.055293
v -0.071652 -0.073560 -0.055293
v -0.071739 -0.073510 -0.055293
v -0.071732 -0.073753 -0.055293
v -0.071829 -0.073727 -0.055293
v -0.071760 -0.073960 -0.055293
v -0.071860 -0.073960 -0.055293
v -0.071732 -0.074167 -0.055293
v -0.071829 -0.074193 -0.055293
v -0.071652 -0.074360 -0.055293
v -0.071525 -0.074525 -0.055293
v -0.071596 -0.074596 -0.055293
v -0.071360 -0.074653 -0.055293
v -0.071167 -0.074732 -0.055293
v -0.071192 -0.074829 -0.055293
v -0.070960 -0.074760 -0.055293
v -0.070960 -0.074860 -0.055293
v -0.070752 -0.074732 -0.055293
v -0.070727 -0.074829 -0.055293
v -0.070560 -0.074653 -0.055293
v -0.070510 -0.074739 -0.055293
v -0.070394 -0.074525 -0.055293
v -0.070323 -0.074596 -0.055293
v -0.070267 -0.074360 -0.055293
v -0.070180 -0.074410 -0.055293
v -0.070187 -0.074167 -0.055293
v -0.070090 -0.074193 -0.055293
v -0.070160 -0.073960 -0.055293
v -0.070060 -0.073960 -0.055293
v -0.070187 -0.073753 -0.055293
v -0.070090 -0.073727 -0.055293
v -0.070267 -0.073560 -0.055293
v -0.070180 -0.073510 -0.055293
v -0.070394 -0.073394 -0.055293
v -0.070323 -0.073323 -0.055293
v -0.057260 -0.100667 -0.055293
v -0.057210 -0.100580 -0.055293
v -0.057452 -0.100587 -0.055293
v -0.057427 -0.100490 -0.055293
v -0.057660 -0.100560 -0.055293
v -0.057660 -0.100460 -0.055293
v -0.057867 -0.100587 -0.055293
v -0.057892 -0.100490 -0.055293
v -0.058060 -0.100667 -0.055293
v -0.058110 -0.100580 -0.055293
v -0.058225 -0.100794 -0.055293
v -0.058296 -0.100723 -0.055293
v -0.058352 -0.100960 -0.055293
v -0.058439 -0.100910 -0.055293
v -0.058432 -0.101153 -0.055293
v -0.058529 -0.101127 -0.055293
v -0.058460 -0.101360 -0.055293
v -0.058560 -0.101360 -0.055293
v -0.058432 -0.101567 -0.055293
v -0.058529 -0.101593 -0.055293
v -0.058352 -0.101760 -0.055293
v -0.058225 -0.101925 -0.055293
v -0.058296 -0.101996 -0.055293
v -0.058060 -0.102053 -0.055293
v -0.057867 -0.102132 -0.055293
v -0.057892 -0.102229 -0.055293
v -0.057660 -0.102160 -0.055293
v -0.057660 -0.102260 -0.055293
v -0.057452 -0.102132 -0.055293
v -0.057427 -0.102229 -0.055293
v -0.057260 -0.102053 -0.055293
v -0.057210 -0.102139 -0.055293
v -0.057094 -0.101925 -0.055293
v -0.057023 -0.101996 -0.055293
v -0.056967 -0.101760 -0.055293
v -0.056880 -0.101810 -0.055293
v -0.056887 -0.101567 -0.055293
v -0.056790 -0.101593 -0.055293
v -0.056860 -0.101360 -0.055293
v -0.056760 -0.101360 -0.055293
v -0.056887 -0.101153 -0.055293
v -0.056790 -0.101127 -0.055293
v -0.056967 -0.100960 -0.055293
v -0.056880 -0.100910 -0.055293
v -0.057094 -0.100794 -0.055293
v -0.057023 -0.100723 -0.055293
v -0.070560 -0.097167 -0.055293
v -0.070510 -0.097080 -0.055293
v -0.070752 -0.097087 -0.055293
v -0.070727 -0.096990 -0.055293
v -0.070960 -0.097060 -0.055293
v -0.070960 -0.096960 -0.055293
v -0.071167 -0.097087 -0.055293
v -0.071192 -0.096990 -0.055293
v -0.071360 -0.097167 -0.055293
v -0.071410 -0.097080 -0.055293
v -0.071525 -0.097294 -0.055293
v -0.071596 -0.097223 -0.055293
v -0.071652 -0.097460 -0.055293
v -0.071739 -0.097410 -0.055293
v -0.071732 -0.097653 -0.055293
v -0.071829 -0.097627 -0.055293
v -0.071760 -0.097860 -0.055293
v -0.071860 -0.097860 -0.055293
v -0.071732 -0.098067 -0.055293
v -0.071829 -0.098093 -0.055293
v -0.071652 -0.098260 -0.055293
v -0.071525 -0.098425 -0.055293
v -0.071596 -0.098496 -0.055293
v -0.071360 -0.098553 -0.055293
v -0.071167 -0.098632 -0.055293
v -0.071192 -0.098729 -0.055293
v -0.070960 -0.098660 -0.055293
v -0.070960 -0.098760 -0.055293
v -0.070752 -0.098632 -0.055293
v -0.070727 -0.098729 -0.055293
v -0.070560 -0.098553 -0.055293
v -0.070510 -0.098639 -0.055293
v -0.070394 -0.098425 -0.055293
v -0.070323 -0.098496 -0.055293
v -0.070267 -0.098260 -0.055293
v -0.070180 -0.098310 -0.055293
v -0.070187 -0.098067 -0.055293
v -0.070090 -0.098093 -0.055293
v -0.070160 -0.097860 -0.055293
v -0.070060 -0.097860 -0.055293
v -0.070187 -0.097653 -0.055293
v -0.070090 -0.097627 -0.055293
v -0.070267 -0.097460 -0.055293
v -0.070180 -0.097410 -0.055293
v -0.070394 -0.097294 -0.055293
v -0.070323 -0.097223 -0.055293
v -0.071373 -0.102510 -0.069743
v -0.072110 -0.101773 -0.069743
v -0.053746 -0.102510 -0.069743
v -0.053010 -0.101773 -0.069743
v -0.053010 -0.092710 -0.069743
v -0.053746 -0.069410 -0.069743
v -0.053010 -0.070146 -0.069743
v -0.071373 -0.069410 -0.069743
v -0.072110 -0.070146 -0.069743
v -0.053760 -0.070960 -0.070293
v -0.053787 -0.070753 -0.070293
v -0.053867 -0.070560 -0.070293
v -0.053994 -0.070394 -0.070293
v -0.054160 -0.070267 -0.070293
v -0.054352 -0.070187 -0.070293
v -0.054560 -0.070160 -0.070293
v -0.054767 -0.070187 -0.070293
v -0.054960 -0.070267 -0.070293
v -0.055125 -0.070394 -0.070293
v -0.055252 -0.070560 -0.070293
v -0.055332 -0.070753 -0.070293
v -0.055360 -0.070960 -0.070293
v -0.055332 -0.071167 -0.070293
v -0.055252 -0.071360 -0.070293
v -0.055125 -0.071525 -0.070293
v -0.054960 -0.071653 -0.070293
v -0.054767 -0.071732 -0.070293
v -0.054560 -0.071760 -0.070293
v -0.054352 -0.071732 -0.070293
v -0.054160 -0.071653 -0.070293
v -0.053994 -0.071525 -0.070293
v -0.053867 -0.071360 -0.070293
v -0.053787 -0.071167 -0.070293
v -0.069760 -0.070960 -0.070293
v -0.069787 -0.070753 -0.070293
v -0.069867 -0.070560 -0.070293
v -0.069994 -0.070394 -0.070293
v -0.070160 -0.070267 -0.070293
v -0.070352 -0.070187 -0.070293
v -0.070560 -0.070160 -0.070293
v -0.070767 -0.070187 -0.070293
v -0.070960 -0.070267 -0.070293
v -0.071125 -0.070394 -0.070293
v -0.071252 -0.070560 -0.070293
v -0.071332 -0.070753 -0.070293
v -0.071360 -0.070960 -0.070293
v -0.071332 -0.071167 -0.070293
v -0.071252 -0.071360 -0.070293
v -0.071125 -0.071525 -0.070293
v -0.070960 -0.071653 -0.070293
v -0.070767 -0.071732 -0.070293
v -0.070560 -0.071760 -0.070293
v -0.070352 -0.071732 -0.070293
v -0.070160 -0.071653 -0.070293
v -0.069994 -0.071525 -0.070293
v -0.069867 -0.071360 -0.070293
v -0.069787 -0.071167 -0.070293
v -0.056860 -0.101360 -0.069443
v -0.056887 -0.101153 -0.069443
v -0.056967 -0.100960 -0.069443
v -0.057094 -0.100794 -0.069443
v -0.057260 -0.100667 -0.069443
v -0.057452 -0.100587 -0.069443
v -0.057660 -0.100560 -0.069443
v -0.057867 -0.100587 -0.069443
v -0.058060 -0.100667 -0.069443
v -0.058225 -0.100794 -0.069443
v -0.058352 -0.100960 -0.069443
v -0.058432 -0.101153 -0.069443
v -0.058460 -0.101360 -0.069443
v -0.058432 -0.101567 -0.069443
v -0.058352 -0.101760 -0.069443
v -0.058225 -0.101925 -0.069443
v -0.058060 -0.102053 -0.069443
v -0.057867 -0.102132 -0.069443
v -0.057660 -0.102160 -0.069443
v -0.057452 -0.102132 -0.069443
v -0.057260 -0.102053 -0.069443
v -0.057094 -0.101925 -0.069443
v -0.056967 -0.101760 -0.069443
v -0.056887 -0.101567 -0.069443
v -0.053760 -0.100960 -0.070293
v -0.053787 -0.100753 -0.070293
v -0.053867 -0.100560 -0.070293
v -0.053994 -0.100394 -0.070293
v -0.054160 -0.100267 -0.070293
v -0.054352 -0.100187 -0.070293
v -0.054560 -0.100160 -0.070293
v -0.054767 -0.100187 -0.070293
v -0.054960 -0.100267 -0.070293
v -0.055125 -0.100394 -0.070293
v -0.055252 -0.100560 -0.070293
v -0.055332 -0.100753 -0.070293
v -0.055360 -0.100960 -0.070293
v -0.055332 -0.101167 -0.070293
v -0.055252 -0.101360 -0.070293
v -0.055125 -0.101525 -0.070293
v -0.054960 -0.101653 -0.070293
v -0.054767 -0.101732 -0.070293
v -0.054560 -0.101760 -0.070293
v -0.054352 -0.101732 -0.070293
v -0.054160 -0.101653 -0.070293
v -0.053994 -0.101525 -0.070293
v -0.053867 -0.101360 -0.070293
v -0.053787 -0.101167 -0.070293
v -0.069760 -0.100960 -0.070293
v -0.069787 -0.100753 -0.070293
v -0.069867 -0.100560 -0.070293
v -0.069994 -0.100394 -0.070293
v -0.070160 -0.100267 -0.070293
v -0.070352 -0.100187 -0.070293
v -0.070560 -0.100160 -0.070293
v -0.070767 -0.100187 -0.070293
v -0.070960 -0.100267 -0.070293
v -0.071125 -0.100394 -0.070293
v -0.071252 -0.100560 -0.070293
v -0.071332 -0.100753 -0.070293
v -0.071360 -0.100960 -0.070293
v -0.071332 -0.101167 -0.070293
v -0.071252 -0.101360 -0.070293
v -0.071125 -0.101525 -0.070293
v -0.070960 -0.101653 -0.070293
v -0.070767 -0.101732 -0.070293
v -0.070560 -0.101760 -0.070293
v -0.070352 -0.101732 -0.070293
v -0.070160 -0.101653 -0.070293
v -0.069994 -0.101525 -0.070293
v -0.069867 -0.101360 -0.070293
v -0.069787 -0.101167 -0.070293
v -0.070160 -0.073960 -0.069443
v -0.070187 -0.073753 -0.069443
v -0.070267 -0.073560 -0.069443
v -0.070394 -0.073394 -0.069443
v -0.070560 -0.073267 -0.069443
v -0.070752 -0.073187 -0.069443
v -0.070960 -0.073160 -0.069443
v -0.071167 -0.073187 -0.069443
v -0.071360 -0.073267 -0.069443
v -0.071525 -0.073394 -0.069443
v -0.071652 -0.073560 -0.069443
v -0.071732 -0.073753 -0.069443
v -0.071760 -0.073960 -0.069443
v -0.071732 -0.074167 -0.069443
v -0.071652 -0.074360 -0.069443
v -0.071360 -0.074653 -0.069443
v -0.071167 -0.074732 -0.069443
v -0.070960 -0.074760 -0.069443
v -0.070752 -0.074732 -0.069443
v -0.070560 -0.074653 -0.069443
v -0.070394 -0.074525 -0.069443
v -0.070267 -0.074360 -0.069443
v -0.070187 -0.074167 -0.069443
v -0.053360 -0.073960 -0.055293
v -0.053387 -0.073753 -0.055293
v -0.053467 -0.073560 -0.055293
v -0.053594 -0.073394 -0.055293
v -0.053760 -0.073267 -0.055293
v -0.053952 -0.073187 -0.055293
v -0.054160 -0.073160 -0.055293
v -0.054367 -0.073187 -0.055293
v -0.054560 -0.073267 -0.055293
v -0.054725 -0.073394 -0.055293
v -0.054852 -0.073560 -0.055293
v -0.054932 -0.073753 -0.055293
v -0.054960 -0.073960 -0.055293
v -0.054932 -0.074167 -0.055293
v -0.054852 -0.074360 -0.055293
v -0.054725 -0.074525 -0.055293
v -0.054560 -0.074653 -0.055293
v -0.054367 -0.074732 -0.055293
v -0.054160 -0.074760 -0.055293
v -0.053952 -0.074732 -0.055293
v -0.053760 -0.074653 -0.055293
v -0.053594 -0.074525 -0.055293
v -0.053467 -0.074360 -0.055293
v -0.053387 -0.074167 -0.055293
v -0.070160 -0.097860 -0.069443
v -0.070187 -0.097653 -0.069443
v -0.070267 -0.097460 -0.069443
v -0.070394 -0.097294 -0.069443
v -0.070560 -0.097167 -0.069443
v -0.070752 -0.097087 -0.069443
v -0.070960 -0.097060 -0.069443
v -0.071167 -0.097087 -0.069443
v -0.071360 -0.097167 -0.069443
v -0.071525 -0.097294 -0.069443
v -0.071652 -0.097460 -0.069443
v -0.071732 -0.097653 -0.069443
v -0.071760 -0.097860 -0.069443
v -0.071732 -0.098067 -0.069443
v -0.071652 -0.098260 -0.069443
v -0.071525 -0.098425 -0.069443
v -0.071360 -0.098553 -0.069443
v -0.071167 -0.098632 -0.069443
v -0.070960 -0.098660 -0.069443
v -0.070752 -0.098632 -0.069443
v -0.070560 -0.098553 -0.069443
v -0.070394 -0.098425 -0.069443
v -0.070267 -0.098260 -0.069443
v -0.070187 -0.098067 -0.069443
v -0.072110 -0.092710 -0.069743
v -0.071560 -0.102960 -0.069743
v -0.072560 -0.101960 -0.069743
v -0.053560 -0.068960 -0.055843
v -0.053560 -0.068960 -0.069743
v -0.071560 -0.068960 -0.069743
v -0.072560 -0.069960 -0.069743
v -0.072560 -0.092710 -0.069743
v -0.072560 -0.092710 -0.065493
v -0.072560 -0.082210 -0.065493
v -0.072560 -0.082210 -0.069743
v -0.056260 -0.092710 -0.065493
v -0.056560 -0.082510 -0.071493
v -0.056260 -0.082210 -0.071493
v -0.056560 -0.092210 -0.071493
v -0.056560 -0.092210 -0.065493
v -0.056560 -0.092410 -0.065493
v -0.068560 -0.092410 -0.065493
v -0.068860 -0.092710 -0.065493
v -0.068560 -0.092210 -0.065493
v -0.072360 -0.092210 -0.065493
v -0.072360 -0.082210 -0.065493
v -0.072360 -0.082210 -0.069743
v -0.052760 -0.082210 -0.069743
v -0.053010 -0.082210 -0.069743
v -0.072110 -0.082210 -0.069743
v -0.053746 -0.102510 -0.055843
v -0.072110 -0.101773 -0.055843
v -0.053067 -0.101831 -0.055793
v -0.053688 -0.102452 -0.055293
v -0.053067 -0.101831 -0.055293
v -0.071292 -0.102510 -0.055793
v -0.071292 -0.102510 -0.055293
v -0.072052 -0.101831 -0.055293
v -0.072110 -0.070227 -0.055793
v -0.072110 -0.070227 -0.055293
v -0.071431 -0.069467 -0.055793
v -0.071431 -0.069467 -0.055293
v -0.053710 -0.073180 -0.055293
v -0.053927 -0.073090 -0.055293
v -0.054160 -0.073060 -0.055293
v -0.054392 -0.073090 -0.055293
v -0.054610 -0.073180 -0.055293
v -0.054796 -0.073323 -0.055293
v -0.054939 -0.073510 -0.055293
v -0.055029 -0.073727 -0.055293
v -0.055060 -0.073960 -0.055293
v -0.055029 -0.074193 -0.055293
v -0.054796 -0.074596 -0.055293
v -0.054392 -0.074829 -0.055293
v -0.054160 -0.074860 -0.055293
v -0.053927 -0.074829 -0.055293
v -0.053710 -0.074739 -0.055293
v -0.053523 -0.074596 -0.055293
v -0.053380 -0.074410 -0.055293
v -0.053290 -0.074193 -0.055293
v -0.053260 -0.073960 -0.055293
v -0.053290 -0.073727 -0.055293
v -0.053380 -0.073510 -0.055293
v -0.053523 -0.073323 -0.055293
v -0.072360 -0.075760 -0.051793
v -0.072360 -0.096060 -0.051793
v -0.072560 -0.096260 -0.051993
v -0.070960 -0.096060 -0.051793
v -0.070960 -0.096260 -0.051993
v -0.070526 -0.096113 -0.051793
v -0.070574 -0.096307 -0.051993
v -0.070118 -0.096268 -0.051793
v -0.070212 -0.096445 -0.051993
v -0.069760 -0.096518 -0.051793
v -0.069893 -0.096667 -0.051993
v -0.069472 -0.096846 -0.051793
v -0.069638 -0.096958 -0.051993
v -0.069272 -0.097234 -0.051793
v -0.069459 -0.097303 -0.051993
v -0.069171 -0.097658 -0.051793
v -0.069370 -0.097681 -0.051993
v -0.069175 -0.098095 -0.051793
v -0.069373 -0.098069 -0.051993
v -0.069284 -0.098517 -0.051793
v -0.069470 -0.098444 -0.051993
v -0.069492 -0.098901 -0.051793
v -0.069655 -0.098786 -0.051993
v -0.069916 -0.099073 -0.051993
v -0.070960 -0.099460 -0.051993
v -0.070604 -0.099420 -0.051993
v -0.070239 -0.099288 -0.051993
v -0.072560 -0.096260 -0.053293
v -0.070960 -0.096260 -0.053293
v -0.070960 -0.099460 -0.053293
v -0.070604 -0.099420 -0.053293
v -0.070239 -0.099288 -0.053293
v -0.069916 -0.099073 -0.053293
v -0.069655 -0.098786 -0.053293
v -0.069470 -0.098444 -0.053293
v -0.069373 -0.098069 -0.053293
v -0.069370 -0.097681 -0.053293
v -0.069459 -0.097303 -0.053293
v -0.069638 -0.096958 -0.053293
v -0.069893 -0.096667 -0.053293
v -0.070212 -0.096445 -0.053293
v -0.070574 -0.096307 -0.053293
v -0.072560 -0.099460 -0.051993
v -0.072560 -0.099460 -0.053293
v -0.072360 -0.099660 -0.051793
v -0.072360 -0.100088 -0.051793
v -0.053560 -0.068960 -0.051993
v -0.052560 -0.069960 -0.051993
v -0.052560 -0.072360 -0.051993
v -0.052560 -0.072360 -0.053293
v -0.052560 -0.075560 -0.051993
v -0.052560 -0.075560 -0.053293
v -0.052760 -0.100088 -0.051793
v -0.052760 -0.075760 -0.051793
v -0.054160 -0.075560 -0.051993
v -0.054160 -0.075760 -0.051793
v -0.055746 -0.073751 -0.051993
v -0.055749 -0.074139 -0.051993
v -0.055660 -0.074516 -0.051993
v -0.055482 -0.074861 -0.051993
v -0.054593 -0.075707 -0.051793
v -0.054545 -0.075513 -0.051993
v -0.055001 -0.075551 -0.051793
v -0.054907 -0.075374 -0.051993
v -0.055226 -0.075153 -0.051993
v -0.054160 -0.072360 -0.051993
v -0.054515 -0.072400 -0.051993
v -0.054880 -0.072531 -0.051993
v -0.055203 -0.072747 -0.051993
v -0.055464 -0.073034 -0.051993
v -0.055649 -0.073375 -0.051993
v -0.054160 -0.072360 -0.053293
v -0.054515 -0.072400 -0.053293
v -0.054880 -0.072531 -0.053293
v -0.055203 -0.072747 -0.053293
v -0.055464 -0.073034 -0.053293
v -0.055649 -0.073375 -0.053293
v -0.055746 -0.073751 -0.053293
v -0.055749 -0.074139 -0.053293
v -0.055660 -0.074516 -0.053293
v -0.055482 -0.074861 -0.053293
v -0.055226 -0.075153 -0.053293
v -0.054907 -0.075374 -0.053293
v -0.054545 -0.075513 -0.053293
v -0.054160 -0.075560 -0.053293
v -0.071860 -0.073960 -0.053293
v -0.071829 -0.073727 -0.053293
v -0.071739 -0.073510 -0.053293
v -0.071596 -0.073323 -0.053293
v -0.071410 -0.073180 -0.053293
v -0.071192 -0.073090 -0.053293
v -0.070960 -0.073060 -0.053293
v -0.070727 -0.073090 -0.053293
v -0.070510 -0.073180 -0.053293
v -0.070323 -0.073323 -0.053293
v -0.070180 -0.073510 -0.053293
v -0.070090 -0.073727 -0.053293
v -0.070060 -0.073960 -0.053293
v -0.070090 -0.074193 -0.053293
v -0.070180 -0.074410 -0.053293
v -0.070323 -0.074596 -0.053293
v -0.070510 -0.074739 -0.053293
v -0.070727 -0.074829 -0.053293
v -0.070960 -0.074860 -0.053293
v -0.071192 -0.074829 -0.053293
v -0.071410 -0.074739 -0.053293
v -0.071596 -0.074596 -0.053293
v -0.071739 -0.074410 -0.053293
v -0.071829 -0.074193 -0.053293
v -0.058560 -0.101360 -0.053293
v -0.058529 -0.101127 -0.053293
v -0.058439 -0.100910 -0.053293
v -0.058296 -0.100723 -0.053293
v -0.058110 -0.100580 -0.053293
v -0.057892 -0.100490 -0.053293
v -0.057660 -0.100460 -0.053293
v -0.057427 -0.100490 -0.053293
v -0.057210 -0.100580 -0.053293
v -0.057023 -0.100723 -0.053293
v -0.056880 -0.100910 -0.053293
v -0.056790 -0.101127 -0.053293
v -0.056760 -0.101360 -0.053293
v -0.056790 -0.101593 -0.053293
v -0.056880 -0.101810 -0.053293
v -0.057023 -0.101996 -0.053293
v -0.057210 -0.102139 -0.053293
v -0.057427 -0.102229 -0.053293
v -0.057660 -0.102260 -0.053293
v -0.057892 -0.102229 -0.053293
v -0.058110 -0.102139 -0.053293
v -0.058296 -0.101996 -0.053293
v -0.058439 -0.101810 -0.053293
v -0.058529 -0.101593 -0.053293
v -0.071860 -0.097860 -0.053293
v -0.071829 -0.097627 -0.053293
v -0.071739 -0.097410 -0.053293
v -0.071596 -0.097223 -0.053293
v -0.071410 -0.097080 -0.053293
v -0.071192 -0.096990 -0.053293
v -0.070960 -0.096960 -0.053293
v -0.070727 -0.096990 -0.053293
v -0.070510 -0.097080 -0.053293
v -0.070323 -0.097223 -0.053293
v -0.070180 -0.097410 -0.053293
v -0.070090 -0.097627 -0.053293
v -0.070060 -0.097860 -0.053293
v -0.070090 -0.098093 -0.053293
v -0.070180 -0.098310 -0.053293
v -0.070323 -0.098496 -0.053293
v -0.070510 -0.098639 -0.053293
v -0.070727 -0.098729 -0.053293
v -0.070960 -0.098760 -0.053293
v -0.071192 -0.098729 -0.053293
v -0.071410 -0.098639 -0.053293
v -0.071596 -0.098496 -0.053293
v -0.071739 -0.098310 -0.053293
v -0.071829 -0.098093 -0.053293
v -0.053523 -0.073323 -0.053293
v -0.053380 -0.073510 -0.053293
v -0.053380 -0.074410 -0.053293
v -0.053523 -0.074596 -0.053293
v -0.053710 -0.074739 -0.053293
v -0.055029 -0.073727 -0.053293
v -0.054939 -0.073510 -0.053293
v -0.053927 -0.073090 -0.053293
v -0.053710 -0.073180 -0.053293
v -0.053290 -0.073727 -0.053293
v -0.053260 -0.073960 -0.053293
v -0.053290 -0.074193 -0.053293
v -0.054796 -0.073323 -0.053293
v -0.054610 -0.073180 -0.053293
v -0.054392 -0.073090 -0.053293
v -0.054160 -0.073060 -0.053293
v -0.053927 -0.074829 -0.053293
v -0.054160 -0.074860 -0.053293
v -0.054392 -0.074829 -0.053293
v -0.054610 -0.074739 -0.053293
v -0.054796 -0.074596 -0.053293
v -0.054939 -0.074410 -0.053293
v -0.055029 -0.074193 -0.053293
v -0.055060 -0.073960 -0.053293
v -0.070980 -0.069360 -0.055293
v -0.070980 -0.069360 -0.055793
v -0.054139 -0.069360 -0.055293
v -0.054139 -0.069360 -0.055793
v -0.053150 -0.101966 -0.055793
v -0.053981 -0.069372 -0.055793
v -0.072147 -0.070381 -0.055793
v -0.071138 -0.102547 -0.055793
v -0.053553 -0.069550 -0.055793
v -0.071138 -0.069372 -0.055793
v -0.071566 -0.069550 -0.055793
v -0.053553 -0.102370 -0.055793
v -0.052972 -0.070381 -0.055793
v -0.071970 -0.101966 -0.055793
v -0.052972 -0.101538 -0.055793
v -0.053150 -0.069953 -0.055793
v -0.058229 -0.075960 -0.052093
v -0.059024 -0.074924 -0.052093
v -0.060060 -0.074130 -0.052093
v -0.061265 -0.073630 -0.052093
v -0.062560 -0.073460 -0.052093
v -0.063854 -0.073630 -0.052093
v -0.065060 -0.074130 -0.052093
v -0.066095 -0.074924 -0.052093
v -0.066890 -0.075960 -0.052093
v -0.067389 -0.077166 -0.052093
v -0.067560 -0.078460 -0.052093
v -0.067389 -0.079754 -0.052093
v -0.066890 -0.080960 -0.052093
v -0.066095 -0.081995 -0.052093
v -0.065060 -0.082790 -0.052093
v -0.063854 -0.083289 -0.052093
v -0.062560 -0.083460 -0.052093
v -0.061265 -0.083289 -0.052093
v -0.060060 -0.082790 -0.052093
v -0.059024 -0.081995 -0.052093
v -0.058229 -0.080960 -0.052093
v -0.057730 -0.079754 -0.052093
v -0.057560 -0.078460 -0.052093
v -0.057730 -0.077166 -0.052093
v -0.056160 -0.091027 -0.051993
v -0.056280 -0.090977 -0.051993
v -0.056410 -0.090960 -0.051993
v -0.056410 -0.096760 -0.051993
v -0.068710 -0.096760 -0.051993
v -0.068710 -0.090960 -0.051993
v -0.055977 -0.096510 -0.051993
v -0.056056 -0.096613 -0.051993
v -0.056280 -0.096743 -0.051993
v -0.056160 -0.096693 -0.051993
v -0.055927 -0.096389 -0.051993
v -0.055910 -0.096260 -0.051993
v -0.055910 -0.091460 -0.051993
v -0.055927 -0.091330 -0.051993
v -0.069063 -0.091106 -0.051993
v -0.068960 -0.091027 -0.051993
v -0.068839 -0.090977 -0.051993
v -0.069210 -0.091460 -0.051993
v -0.069210 -0.096260 -0.051993
v -0.068839 -0.096743 -0.051993
v -0.069192 -0.096389 -0.051993
v -0.069143 -0.096510 -0.051993
v -0.069063 -0.096613 -0.051993
v -0.055977 -0.091210 -0.051993
v -0.056056 -0.091106 -0.051993
v -0.069143 -0.091210 -0.051993
v -0.069192 -0.091330 -0.051993
v -0.068960 -0.096693 -0.051993
v -0.069210 -0.096260 -0.051793
v -0.069192 -0.096389 -0.051793
v -0.069143 -0.096510 -0.051793
v -0.069063 -0.096613 -0.051793
v -0.068960 -0.096693 -0.051793
v -0.068839 -0.096743 -0.051793
v -0.068710 -0.096760 -0.051793
v -0.056410 -0.096760 -0.051793
v -0.056280 -0.096743 -0.051793
v -0.056160 -0.096693 -0.051793
v -0.056056 -0.096613 -0.051793
v -0.055977 -0.096510 -0.051793
v -0.055927 -0.096389 -0.051793
v -0.055910 -0.096260 -0.051793
v -0.055910 -0.091460 -0.051793
v -0.055927 -0.091330 -0.051793
v -0.055977 -0.091210 -0.051793
v -0.056056 -0.091106 -0.051793
v -0.056160 -0.091027 -0.051793
v -0.056280 -0.090977 -0.051793
v -0.056410 -0.090960 -0.051793
v -0.068710 -0.090960 -0.051793
v -0.068839 -0.090977 -0.051793
v -0.068960 -0.091027 -0.051793
v -0.069063 -0.091106 -0.051793
v -0.069143 -0.091210 -0.051793
v -0.069192 -0.091330 -0.051793
v -0.069210 -0.091460 -0.051793
v -0.069211 -0.098960 -0.051793
v -0.067810 -0.099888 -0.051793
v -0.053145 -0.099545 -0.051793
v -0.054560 -0.098960 -0.051793
v -0.069013 -0.098979 -0.051793
v -0.068823 -0.099038 -0.051793
v -0.068648 -0.099133 -0.051793
v -0.052827 -0.099960 -0.051793
v -0.053560 -0.099228 -0.051793
v -0.054042 -0.099028 -0.051793
v -0.068496 -0.099261 -0.051793
v -0.056623 -0.099261 -0.051793
v -0.056471 -0.099133 -0.051793
v -0.056296 -0.099038 -0.051793
v -0.056106 -0.098979 -0.051793
v -0.055908 -0.098960 -0.051793
v -0.071566 -0.069550 -0.055293
v -0.071138 -0.069372 -0.055293
v -0.053981 -0.069372 -0.055293
v -0.053553 -0.069550 -0.055293
v -0.053150 -0.069953 -0.055293
v -0.052972 -0.070381 -0.055293
v -0.052972 -0.101538 -0.055293
v -0.053150 -0.101966 -0.055293
v -0.053553 -0.102370 -0.055293
v -0.071138 -0.102547 -0.055293
v -0.071970 -0.101966 -0.055293
v -0.072147 -0.070381 -0.055293
v -0.069694 -0.100460 -0.070293
v -0.069594 -0.100701 -0.070293
v -0.069560 -0.100960 -0.070293
v -0.069594 -0.101218 -0.070293
v -0.069694 -0.101460 -0.070293
v -0.069852 -0.101667 -0.070293
v -0.070060 -0.101826 -0.070293
v -0.070301 -0.101926 -0.070293
v -0.070560 -0.101960 -0.070293
v -0.070818 -0.101926 -0.070293
v -0.071060 -0.101826 -0.070293
v -0.071267 -0.101667 -0.070293
v -0.071426 -0.101460 -0.070293
v -0.071525 -0.101218 -0.070293
v -0.071560 -0.100960 -0.070293
v -0.071525 -0.100701 -0.070293
v -0.071426 -0.100460 -0.070293
v -0.071267 -0.100253 -0.070293
v -0.071060 -0.100094 -0.070293
v -0.070818 -0.099994 -0.070293
v -0.070560 -0.099960 -0.070293
v -0.070301 -0.099994 -0.070293
v -0.070060 -0.100094 -0.070293
v -0.069852 -0.100253 -0.070293
v -0.068860 -0.082210 -0.071493
v -0.070360 -0.082210 -0.071493
v -0.072360 -0.082210 -0.070593
v -0.070762 -0.082210 -0.070593
v -0.070762 -0.082210 -0.069693
v -0.070360 -0.082210 -0.066993
v -0.071060 -0.082210 -0.069693
v -0.071060 -0.082210 -0.066993
v -0.060241 -0.077839 -0.072993
v -0.060048 -0.077787 -0.072993
v -0.060160 -0.078460 -0.072993
v -0.059960 -0.078460 -0.072993
v -0.060241 -0.079081 -0.072993
v -0.060048 -0.079133 -0.072993
v -0.060481 -0.079660 -0.072993
v -0.060308 -0.079760 -0.072993
v -0.060862 -0.080157 -0.072993
v -0.060721 -0.080298 -0.072993
v -0.061360 -0.080538 -0.072993
v -0.061260 -0.080711 -0.072993
v -0.061938 -0.080778 -0.072993
v -0.061887 -0.080971 -0.072993
v -0.062560 -0.080860 -0.072993
v -0.062560 -0.081060 -0.072993
v -0.063181 -0.080778 -0.072993
v -0.063232 -0.080971 -0.072993
v -0.063760 -0.080538 -0.072993
v -0.063860 -0.080711 -0.072993
v -0.064257 -0.080157 -0.072993
v -0.064398 -0.080298 -0.072993
v -0.064638 -0.079660 -0.072993
v -0.064811 -0.079760 -0.072993
v -0.064878 -0.079081 -0.072993
v -0.065071 -0.079133 -0.072993
v -0.064960 -0.078460 -0.072993
v -0.065160 -0.078460 -0.072993
v -0.064878 -0.077839 -0.072993
v -0.065071 -0.077787 -0.072993
v -0.064638 -0.077260 -0.072993
v -0.064811 -0.077160 -0.072993
v -0.064257 -0.076763 -0.072993
v -0.064398 -0.076621 -0.072993
v -0.063760 -0.076381 -0.072993
v -0.063860 -0.076208 -0.072993
v -0.063181 -0.076141 -0.072993
v -0.063232 -0.075948 -0.072993
v -0.062560 -0.076060 -0.072993
v -0.062560 -0.075860 -0.072993
v -0.061938 -0.076141 -0.072993
v -0.061887 -0.075948 -0.072993
v -0.061360 -0.076381 -0.072993
v -0.061260 -0.076208 -0.072993
v -0.060862 -0.076763 -0.072993
v -0.060721 -0.076621 -0.072993
v -0.060481 -0.077260 -0.072993
v -0.060308 -0.077160 -0.072993
v -0.065160 -0.078460 -0.073393
v -0.065071 -0.077787 -0.073393
v -0.064811 -0.077160 -0.073393
v -0.064398 -0.076621 -0.073393
v -0.063860 -0.076208 -0.073393
v -0.063232 -0.075948 -0.073393
v -0.062560 -0.075860 -0.073393
v -0.061887 -0.075948 -0.073393
v -0.061260 -0.076208 -0.073393
v -0.060721 -0.076621 -0.073393
v -0.060308 -0.077160 -0.073393
v -0.060048 -0.077787 -0.073393
v -0.059960 -0.078460 -0.073393
v -0.060048 -0.079133 -0.073393
v -0.060308 -0.079760 -0.073393
v -0.060721 -0.080298 -0.073393
v -0.061260 -0.080711 -0.073393
v -0.061887 -0.080971 -0.073393
v -0.062560 -0.081060 -0.073393
v -0.063232 -0.080971 -0.073393
v -0.063860 -0.080711 -0.073393
v -0.064398 -0.080298 -0.073393
v -0.064811 -0.079760 -0.073393
v -0.065071 -0.079133 -0.073393
v -0.063271 -0.081116 -0.073543
v -0.063935 -0.080841 -0.073543
v -0.064504 -0.080404 -0.073543
v -0.064941 -0.079835 -0.073543
v -0.065216 -0.079171 -0.073543
v -0.065310 -0.078460 -0.073543
v -0.065216 -0.077748 -0.073543
v -0.064941 -0.077085 -0.073543
v -0.064504 -0.076515 -0.073543
v -0.063935 -0.076078 -0.073543
v -0.063271 -0.075803 -0.073543
v -0.062560 -0.075710 -0.073543
v -0.061848 -0.075803 -0.073543
v -0.061185 -0.076078 -0.073543
v -0.060615 -0.076515 -0.073543
v -0.060178 -0.077085 -0.073543
v -0.059903 -0.077748 -0.073543
v -0.059810 -0.078460 -0.073543
v -0.059903 -0.079171 -0.073543
v -0.060178 -0.079835 -0.073543
v -0.060615 -0.080404 -0.073543
v -0.061185 -0.080841 -0.073543
v -0.061848 -0.081116 -0.073543
v -0.062560 -0.081210 -0.073543
v -0.055560 -0.078460 -0.074793
v -0.055560 -0.078460 -0.074493
v -0.055798 -0.076648 -0.074793
v -0.055798 -0.076648 -0.074493
v -0.056497 -0.074960 -0.074793
v -0.056497 -0.074960 -0.074493
v -0.057610 -0.073510 -0.074793
v -0.057610 -0.073510 -0.074493
v -0.059060 -0.072398 -0.074793
v -0.059060 -0.072398 -0.074493
v -0.060748 -0.071698 -0.074793
v -0.060748 -0.071698 -0.074493
v -0.062560 -0.071460 -0.074793
v -0.062560 -0.071460 -0.074493
v -0.064371 -0.071698 -0.074793
v -0.064371 -0.071698 -0.074493
v -0.066060 -0.072398 -0.074793
v -0.066060 -0.072398 -0.074493
v -0.067509 -0.073510 -0.074793
v -0.067509 -0.073510 -0.074493
v -0.068622 -0.074960 -0.074793
v -0.068622 -0.074960 -0.074493
v -0.069321 -0.076648 -0.074793
v -0.069321 -0.076648 -0.074493
v -0.069560 -0.078460 -0.074793
v -0.069560 -0.078460 -0.074493
v -0.069321 -0.080271 -0.074793
v -0.069321 -0.080271 -0.074493
v -0.068622 -0.081960 -0.074793
v -0.068622 -0.081960 -0.074493
v -0.067509 -0.083409 -0.074793
v -0.067509 -0.083409 -0.074493
v -0.066060 -0.084522 -0.074793
v -0.066060 -0.084522 -0.074493
v -0.064371 -0.085221 -0.074793
v -0.064371 -0.085221 -0.074493
v -0.062560 -0.085460 -0.074793
v -0.062560 -0.085460 -0.074493
v -0.060748 -0.085221 -0.074793
v -0.060748 -0.085221 -0.074493
v -0.059060 -0.084522 -0.074793
v -0.059060 -0.084522 -0.074493
v -0.057610 -0.083409 -0.074793
v -0.057610 -0.083409 -0.074493
v -0.056497 -0.081960 -0.074793
v -0.056497 -0.081960 -0.074493
v -0.055798 -0.080271 -0.074793
v -0.055798 -0.080271 -0.074493
v -0.058229 -0.075960 -0.074493
v -0.057730 -0.077166 -0.074493
v -0.057560 -0.078460 -0.074493
v -0.057730 -0.079754 -0.074493
v -0.058229 -0.080960 -0.074493
v -0.059024 -0.081995 -0.074493
v -0.060060 -0.082790 -0.074493
v -0.061265 -0.083289 -0.074493
v -0.062560 -0.083460 -0.074493
v -0.063854 -0.083289 -0.074493
v -0.065060 -0.082790 -0.074493
v -0.066095 -0.081995 -0.074493
v -0.066890 -0.080960 -0.074493
v -0.067389 -0.079754 -0.074493
v -0.067560 -0.078460 -0.074493
v -0.067389 -0.077166 -0.074493
v -0.066890 -0.075960 -0.074493
v -0.066095 -0.074924 -0.074493
v -0.065060 -0.074130 -0.074493
v -0.063854 -0.073630 -0.074493
v -0.062560 -0.073460 -0.074493
v -0.061265 -0.073630 -0.074493
v -0.060060 -0.074130 -0.074493
v -0.059024 -0.074924 -0.074493
v -0.067560 -0.078460 -0.074793
v -0.067389 -0.077166 -0.074793
v -0.066890 -0.075960 -0.074793
v -0.066095 -0.074924 -0.074793
v -0.065060 -0.074130 -0.074793
v -0.063854 -0.073630 -0.074793
v -0.062560 -0.073460 -0.074793
v -0.061265 -0.073630 -0.074793
v -0.060060 -0.074130 -0.074793
v -0.059024 -0.074924 -0.074793
v -0.058229 -0.075960 -0.074793
v -0.057730 -0.077166 -0.074793
v -0.057560 -0.078460 -0.074793
v -0.057730 -0.079754 -0.074793
v -0.058229 -0.080960 -0.074793
v -0.059024 -0.081995 -0.074793
v -0.060060 -0.082790 -0.074793
v -0.061265 -0.083289 -0.074793
v -0.062560 -0.083460 -0.074793
v -0.063854 -0.083289 -0.074793
v -0.065060 -0.082790 -0.074793
v -0.066095 -0.081995 -0.074793
v -0.066890 -0.080960 -0.074793
v -0.067389 -0.079754 -0.074793
v -0.058261 -0.101184 -0.051734
v -0.058261 -0.101184 -0.052293
v -0.058205 -0.101180 -0.051719
v -0.058151 -0.101169 -0.052293
v -0.058098 -0.101151 -0.051697
v -0.058048 -0.101127 -0.052293
v -0.058048 -0.101127 -0.051690
v -0.057923 -0.101017 -0.051686
v -0.057893 -0.100971 -0.052293
v -0.057868 -0.100921 -0.051697
v -0.057850 -0.100869 -0.052293
v -0.057850 -0.100869 -0.051707
v -0.057839 -0.100814 -0.051719
v -0.057836 -0.100759 -0.052293
v -0.058745 -0.101184 -0.052293
v -0.058745 -0.101184 -0.051938
v -0.058745 -0.101536 -0.051938
v -0.058745 -0.101536 -0.052293
v -0.058760 -0.101360 -0.051938
v -0.058760 -0.101360 -0.052293
v -0.058261 -0.101536 -0.052293
v -0.058261 -0.101536 -0.051734
v -0.057836 -0.101961 -0.051734
v -0.057836 -0.101961 -0.052293
v -0.057839 -0.101905 -0.051719
v -0.057850 -0.101851 -0.052293
v -0.057868 -0.101798 -0.051697
v -0.057893 -0.101748 -0.052293
v -0.057893 -0.101748 -0.051690
v -0.057960 -0.101660 -0.052293
v -0.057960 -0.101660 -0.051684
v -0.058002 -0.101624 -0.051686
v -0.058048 -0.101593 -0.052293
v -0.058098 -0.101568 -0.051697
v -0.058151 -0.101550 -0.052293
v -0.058151 -0.101550 -0.051707
v -0.058205 -0.101539 -0.051719
v -0.057836 -0.102446 -0.052293
v -0.057836 -0.102446 -0.051938
v -0.057483 -0.102446 -0.051938
v -0.057483 -0.102446 -0.052293
v -0.057660 -0.102460 -0.051938
v -0.057660 -0.102460 -0.052293
v -0.057483 -0.101961 -0.052293
v -0.057483 -0.101961 -0.051734
v -0.056574 -0.101184 -0.051938
v -0.056574 -0.101184 -0.052293
v -0.056560 -0.101360 -0.051938
v -0.056560 -0.101360 -0.052293
v -0.056574 -0.101536 -0.051938
v -0.056574 -0.101536 -0.052293
v -0.057359 -0.101059 -0.052293
v -0.057271 -0.101127 -0.052293
v -0.057168 -0.101169 -0.052293
v -0.057168 -0.101169 -0.051793
v -0.057058 -0.101184 -0.052293
v -0.057058 -0.101184 -0.051793
v -0.057483 -0.100759 -0.051734
v -0.057483 -0.100759 -0.052293
v -0.057469 -0.100869 -0.052293
v -0.057469 -0.100869 -0.051707
v -0.057427 -0.100971 -0.052293
v -0.057427 -0.100971 -0.051690
v -0.057359 -0.101059 -0.051684
v -0.057483 -0.100274 -0.052293
v -0.057483 -0.100274 -0.051938
v -0.057058 -0.101536 -0.052293
v -0.057168 -0.101550 -0.052293
v -0.057660 -0.100260 -0.052293
v -0.057836 -0.100274 -0.052293
v -0.057359 -0.101660 -0.052293
v -0.057271 -0.101593 -0.052293
v -0.057469 -0.101851 -0.052293
v -0.057836 -0.100274 -0.051938
v -0.057660 -0.100260 -0.051938
v -0.057437 -0.100529 -0.051818
v -0.057451 -0.101798 -0.051697
v -0.057469 -0.101851 -0.051707
v -0.057359 -0.101660 -0.051684
v -0.056829 -0.101582 -0.051818
v -0.056968 -0.101759 -0.051793
v -0.056915 -0.101790 -0.051818
v -0.057095 -0.101924 -0.051793
v -0.057051 -0.101968 -0.051818
v -0.057229 -0.102105 -0.051818
v -0.057437 -0.102191 -0.051818
v -0.056881 -0.101536 -0.051793
v -0.056888 -0.101566 -0.051793
v -0.056888 -0.101153 -0.051793
v -0.056829 -0.101137 -0.051818
v -0.056915 -0.100930 -0.051818
v -0.056968 -0.100960 -0.051793
v -0.057051 -0.100751 -0.051818
v -0.057229 -0.100615 -0.051818
v -0.058090 -0.100615 -0.051818
v -0.057882 -0.100529 -0.051818
v -0.058268 -0.100751 -0.051818
v -0.058405 -0.100930 -0.051818
v -0.058405 -0.101790 -0.051818
v -0.058490 -0.101582 -0.051818
v -0.058268 -0.101968 -0.051818
v -0.058090 -0.102105 -0.051818
v -0.057332 -0.100136 -0.052044
v -0.057660 -0.100093 -0.052044
v -0.057987 -0.100136 -0.052044
v -0.058293 -0.100263 -0.052044
v -0.058555 -0.100464 -0.052044
v -0.058757 -0.100726 -0.052044
v -0.058883 -0.101032 -0.052044
v -0.058490 -0.101137 -0.051818
v -0.058926 -0.101360 -0.052044
v -0.058883 -0.101688 -0.052044
v -0.058757 -0.101993 -0.052044
v -0.058555 -0.102256 -0.052044
v -0.058293 -0.102457 -0.052044
v -0.057987 -0.102583 -0.052044
v -0.057882 -0.102191 -0.051818
v -0.057660 -0.102627 -0.052044
v -0.057332 -0.102583 -0.052044
v -0.057026 -0.102457 -0.052044
v -0.056764 -0.102256 -0.052044
v -0.056562 -0.101993 -0.052044
v -0.056436 -0.101688 -0.052044
v -0.057026 -0.100263 -0.052044
v -0.056764 -0.100464 -0.052044
v -0.056562 -0.100726 -0.052044
v -0.056436 -0.101032 -0.052044
v -0.056393 -0.101360 -0.052044
v -0.057660 -0.100093 -0.052943
v -0.057306 -0.100042 -0.052855
v -0.057332 -0.100136 -0.052943
v -0.056977 -0.100178 -0.052855
v -0.057026 -0.100263 -0.052943
v -0.056695 -0.100395 -0.052855
v -0.056764 -0.100464 -0.052943
v -0.056478 -0.100677 -0.052855
v -0.056562 -0.100726 -0.052943
v -0.056342 -0.101007 -0.052855
v -0.056436 -0.101032 -0.052943
v -0.056295 -0.101360 -0.052855
v -0.056393 -0.101360 -0.052943
v -0.056342 -0.101713 -0.052855
v -0.056436 -0.101688 -0.052943
v -0.056478 -0.102042 -0.052855
v -0.056562 -0.101993 -0.052943
v -0.056695 -0.102324 -0.052855
v -0.056764 -0.102256 -0.052943
v -0.056977 -0.102541 -0.052855
v -0.057306 -0.102678 -0.052855
v -0.057332 -0.102583 -0.052943
v -0.057660 -0.102724 -0.052855
v -0.057660 -0.102627 -0.052943
v -0.058013 -0.102678 -0.052855
v -0.057987 -0.102583 -0.052943
v -0.058342 -0.102541 -0.052855
v -0.058624 -0.102324 -0.052855
v -0.058841 -0.102042 -0.052855
v -0.058977 -0.101713 -0.052855
v -0.058883 -0.101688 -0.052943
v -0.059024 -0.101360 -0.052855
v -0.058926 -0.101360 -0.052943
v -0.058977 -0.101007 -0.052855
v -0.058883 -0.101032 -0.052943
v -0.058841 -0.100677 -0.052855
v -0.058624 -0.100395 -0.052855
v -0.058555 -0.100464 -0.052943
v -0.058342 -0.100178 -0.052855
v -0.058293 -0.100263 -0.052943
v -0.058013 -0.100042 -0.052855
v -0.057987 -0.100136 -0.052943
v -0.057660 -0.099995 -0.052855
v -0.057287 -0.099970 -0.052747
v -0.056940 -0.100114 -0.052747
v -0.056643 -0.100343 -0.052747
v -0.056414 -0.100641 -0.052747
v -0.056270 -0.100987 -0.052747
v -0.056221 -0.101360 -0.052747
v -0.056270 -0.101732 -0.052747
v -0.056414 -0.102079 -0.052747
v -0.056643 -0.102377 -0.052747
v -0.056940 -0.102605 -0.052747
v -0.057287 -0.102749 -0.052747
v -0.057660 -0.102798 -0.052747
v -0.058032 -0.102749 -0.052747
v -0.058379 -0.102605 -0.052747
v -0.058677 -0.102377 -0.052747
v -0.058905 -0.102079 -0.052747
v -0.059049 -0.101732 -0.052747
v -0.059098 -0.101360 -0.052747
v -0.059049 -0.100987 -0.052747
v -0.058905 -0.100641 -0.052747
v -0.058677 -0.100343 -0.052747
v -0.058379 -0.100114 -0.052747
v -0.058032 -0.099970 -0.052747
v -0.057660 -0.099921 -0.052747
v -0.057275 -0.099926 -0.052624
v -0.056917 -0.100074 -0.052624
v -0.056610 -0.100310 -0.052624
v -0.056374 -0.100618 -0.052624
v -0.056226 -0.100976 -0.052624
v -0.056175 -0.101360 -0.052624
v -0.056226 -0.101744 -0.052624
v -0.056374 -0.102102 -0.052624
v -0.056610 -0.102409 -0.052624
v -0.056917 -0.102645 -0.052624
v -0.057275 -0.102793 -0.052624
v -0.057660 -0.102844 -0.052624
v -0.058044 -0.102793 -0.052624
v -0.058402 -0.102645 -0.052624
v -0.058709 -0.102409 -0.052624
v -0.058945 -0.102102 -0.052624
v -0.059093 -0.101744 -0.052624
v -0.059144 -0.101360 -0.052624
v -0.059093 -0.100976 -0.052624
v -0.058945 -0.100618 -0.052624
v -0.058709 -0.100310 -0.052624
v -0.058402 -0.100074 -0.052624
v -0.058044 -0.099926 -0.052624
v -0.057660 -0.099875 -0.052624
v -0.057271 -0.099911 -0.052494
v -0.056910 -0.100061 -0.052494
v -0.056599 -0.100299 -0.052494
v -0.056361 -0.100610 -0.052494
v -0.056211 -0.100971 -0.052494
v -0.056160 -0.101360 -0.052494
v -0.056211 -0.101748 -0.052494
v -0.056361 -0.102110 -0.052494
v -0.056599 -0.102420 -0.052494
v -0.056910 -0.102659 -0.052494
v -0.057271 -0.102809 -0.052494
v -0.057660 -0.102860 -0.052494
v -0.058048 -0.102809 -0.052494
v -0.058410 -0.102659 -0.052494
v -0.058720 -0.102420 -0.052494
v -0.058959 -0.102110 -0.052494
v -0.059108 -0.101748 -0.052494
v -0.059160 -0.101360 -0.052494
v -0.059108 -0.100971 -0.052494
v -0.058959 -0.100610 -0.052494
v -0.058720 -0.100299 -0.052494
v -0.058410 -0.100061 -0.052494
v -0.058048 -0.099911 -0.052494
v -0.057660 -0.099860 -0.052494
v -0.057275 -0.099926 -0.052363
v -0.056917 -0.100074 -0.052363
v -0.056610 -0.100310 -0.052363
v -0.056374 -0.100618 -0.052363
v -0.056226 -0.100976 -0.052363
v -0.056175 -0.101360 -0.052363
v -0.056226 -0.101744 -0.052363
v -0.056374 -0.102102 -0.052363
v -0.056610 -0.102409 -0.052363
v -0.056917 -0.102645 -0.052363
v -0.057275 -0.102793 -0.052363
v -0.057660 -0.102844 -0.052363
v -0.058044 -0.102793 -0.052363
v -0.058402 -0.102645 -0.052363
v -0.058709 -0.102409 -0.052363
v -0.058945 -0.102102 -0.052363
v -0.059093 -0.101744 -0.052363
v -0.059144 -0.101360 -0.052363
v -0.059093 -0.100976 -0.052363
v -0.058945 -0.100618 -0.052363
v -0.058709 -0.100310 -0.052363
v -0.058402 -0.100074 -0.052363
v -0.058044 -0.099926 -0.052363
v -0.057660 -0.099875 -0.052363
v -0.057287 -0.099970 -0.052241
v -0.056940 -0.100114 -0.052241
v -0.056643 -0.100343 -0.052241
v -0.056414 -0.100641 -0.052241
v -0.056270 -0.100987 -0.052241
v -0.056221 -0.101360 -0.052241
v -0.056270 -0.101732 -0.052241
v -0.056414 -0.102079 -0.052241
v -0.056643 -0.102377 -0.052241
v -0.056940 -0.102605 -0.052241
v -0.057287 -0.102749 -0.052241
v -0.057660 -0.102798 -0.052241
v -0.058032 -0.102749 -0.052241
v -0.058379 -0.102605 -0.052241
v -0.058677 -0.102377 -0.052241
v -0.058905 -0.102079 -0.052241
v -0.059049 -0.101732 -0.052241
v -0.059098 -0.101360 -0.052241
v -0.059049 -0.100987 -0.052241
v -0.058905 -0.100641 -0.052241
v -0.058677 -0.100343 -0.052241
v -0.058379 -0.100114 -0.052241
v -0.058032 -0.099970 -0.052241
v -0.057660 -0.099921 -0.052241
v -0.057306 -0.100042 -0.052132
v -0.056977 -0.100178 -0.052132
v -0.056695 -0.100395 -0.052132
v -0.056478 -0.100677 -0.052132
v -0.056342 -0.101007 -0.052132
v -0.056295 -0.101360 -0.052132
v -0.056342 -0.101713 -0.052132
v -0.056478 -0.102042 -0.052132
v -0.056695 -0.102324 -0.052132
v -0.056977 -0.102541 -0.052132
v -0.057306 -0.102678 -0.052132
v -0.057660 -0.102724 -0.052132
v -0.058013 -0.102678 -0.052132
v -0.058342 -0.102541 -0.052132
v -0.058624 -0.102324 -0.052132
v -0.058841 -0.102042 -0.052132
v -0.058977 -0.101713 -0.052132
v -0.059024 -0.101360 -0.052132
v -0.058977 -0.101007 -0.052132
v -0.058841 -0.100677 -0.052132
v -0.058624 -0.100395 -0.052132
v -0.058342 -0.100178 -0.052132
v -0.058013 -0.100042 -0.052132
v -0.057660 -0.099995 -0.052132
v -0.057165 -0.100865 -0.052943
v -0.057053 -0.101010 -0.052943
v -0.056983 -0.101179 -0.052943
v -0.056960 -0.101360 -0.052943
v -0.056983 -0.101541 -0.052943
v -0.057053 -0.101710 -0.052943
v -0.057165 -0.101855 -0.052943
v -0.057310 -0.101966 -0.052943
v -0.057478 -0.102036 -0.052943
v -0.057660 -0.102060 -0.052943
v -0.057841 -0.102036 -0.052943
v -0.058010 -0.101966 -0.052943
v -0.058155 -0.101855 -0.052943
v -0.058266 -0.101710 -0.052943
v -0.058336 -0.101541 -0.052943
v -0.058360 -0.101360 -0.052943
v -0.058336 -0.101179 -0.052943
v -0.058266 -0.101010 -0.052943
v -0.058155 -0.100865 -0.052943
v -0.058010 -0.100753 -0.052943
v -0.057841 -0.100684 -0.052943
v -0.057660 -0.100660 -0.052943
v -0.057478 -0.100684 -0.052943
v -0.057310 -0.100753 -0.052943
v -0.058360 -0.101360 -0.069443
v -0.058336 -0.101179 -0.069443
v -0.058266 -0.101010 -0.069443
v -0.058155 -0.100865 -0.069443
v -0.058010 -0.100753 -0.069443
v -0.057841 -0.100684 -0.069443
v -0.057660 -0.100660 -0.069443
v -0.057478 -0.100684 -0.069443
v -0.057310 -0.100753 -0.069443
v -0.057165 -0.100865 -0.069443
v -0.057053 -0.101010 -0.069443
v -0.056983 -0.101179 -0.069443
v -0.056960 -0.101360 -0.069443
v -0.056983 -0.101541 -0.069443
v -0.057053 -0.101710 -0.069443
v -0.057165 -0.101855 -0.069443
v -0.057310 -0.101966 -0.069443
v -0.057478 -0.102036 -0.069443
v -0.057660 -0.102060 -0.069443
v -0.057841 -0.102036 -0.069443
v -0.058010 -0.101966 -0.069443
v -0.058266 -0.101710 -0.069443
v -0.058336 -0.101541 -0.069443
v -0.070358 -0.098036 -0.051734
v -0.070358 -0.098036 -0.052293
v -0.070468 -0.098050 -0.052293
v -0.070468 -0.098050 -0.051707
v -0.070521 -0.098068 -0.051697
v -0.070571 -0.098093 -0.052293
v -0.070571 -0.098093 -0.051690
v -0.070659 -0.098160 -0.052293
v -0.070659 -0.098160 -0.051684
v -0.070751 -0.098298 -0.051697
v -0.070769 -0.098351 -0.052293
v -0.070769 -0.098351 -0.051707
v -0.070783 -0.098461 -0.052293
v -0.070783 -0.098461 -0.051734
v -0.069874 -0.098036 -0.052293
v -0.069874 -0.098036 -0.051938
v -0.069874 -0.097684 -0.051938
v -0.069874 -0.097684 -0.052293
v -0.069860 -0.097860 -0.051938
v -0.069860 -0.097860 -0.052293
v -0.070358 -0.097684 -0.052293
v -0.070358 -0.097684 -0.051734
v -0.070783 -0.097259 -0.051734
v -0.070783 -0.097259 -0.052293
v -0.070769 -0.097369 -0.052293
v -0.070769 -0.097369 -0.051707
v -0.070727 -0.097471 -0.052293
v -0.070727 -0.097471 -0.051690
v -0.070659 -0.097559 -0.052293
v -0.070659 -0.097559 -0.051684
v -0.070617 -0.097596 -0.051686
v -0.070571 -0.097627 -0.052293
v -0.070521 -0.097651 -0.051697
v -0.070468 -0.097669 -0.052293
v -0.070783 -0.096774 -0.052293
v -0.070783 -0.096774 -0.051938
v -0.071136 -0.096774 -0.051938
v -0.071136 -0.096774 -0.052293
v -0.070960 -0.096760 -0.051938
v -0.070960 -0.096760 -0.052293
v -0.071136 -0.097259 -0.052293
v -0.071136 -0.097259 -0.051734
v -0.071561 -0.097684 -0.051734
v -0.071561 -0.097684 -0.052293
v -0.071505 -0.097680 -0.051719
v -0.071451 -0.097669 -0.052293
v -0.071398 -0.097651 -0.051697
v -0.071348 -0.097627 -0.052293
v -0.071348 -0.097627 -0.051690
v -0.071223 -0.097517 -0.051686
v -0.071193 -0.097471 -0.052293
v -0.071168 -0.097421 -0.051697
v -0.071150 -0.097369 -0.052293
v -0.072045 -0.097684 -0.052293
v -0.072045 -0.097684 -0.051938
v -0.072045 -0.098036 -0.051938
v -0.072045 -0.098036 -0.052293
v -0.072060 -0.097860 -0.051938
v -0.072060 -0.097860 -0.052293
v -0.071561 -0.098036 -0.052293
v -0.071561 -0.098036 -0.051734
v -0.071136 -0.098461 -0.051734
v -0.071136 -0.098461 -0.052293
v -0.071139 -0.098405 -0.051719
v -0.071150 -0.098351 -0.052293
v -0.071150 -0.098351 -0.051707
v -0.071168 -0.098298 -0.051697
v -0.071193 -0.098248 -0.052293
v -0.071193 -0.098248 -0.051690
v -0.071260 -0.098160 -0.052293
v -0.071260 -0.098160 -0.051684
v -0.071302 -0.098124 -0.051686
v -0.071348 -0.098093 -0.052293
v -0.071398 -0.098068 -0.051697
v -0.071451 -0.098050 -0.052293
v -0.071451 -0.098050 -0.051707
v -0.071136 -0.098946 -0.052293
v -0.071136 -0.098946 -0.051938
v -0.070960 -0.098960 -0.052293
v -0.070783 -0.098946 -0.052293
v -0.070783 -0.098946 -0.051938
v -0.070960 -0.098960 -0.051938
v -0.071182 -0.098691 -0.051818
v -0.071390 -0.097115 -0.051818
v -0.071182 -0.097029 -0.051818
v -0.071568 -0.097251 -0.051818
v -0.071705 -0.097430 -0.051818
v -0.071705 -0.098290 -0.051818
v -0.071791 -0.098082 -0.051818
v -0.071568 -0.098468 -0.051818
v -0.071390 -0.098605 -0.051818
v -0.070529 -0.098605 -0.051818
v -0.070737 -0.098691 -0.051818
v -0.070351 -0.098468 -0.051818
v -0.070215 -0.098290 -0.051818
v -0.070215 -0.097430 -0.051818
v -0.070129 -0.097637 -0.051818
v -0.070351 -0.097251 -0.051818
v -0.070529 -0.097115 -0.051818
v -0.071287 -0.099083 -0.052044
v -0.070960 -0.099127 -0.052044
v -0.070632 -0.099083 -0.052044
v -0.070326 -0.098957 -0.052044
v -0.070064 -0.098756 -0.052044
v -0.069862 -0.098493 -0.052044
v -0.069736 -0.098188 -0.052044
v -0.070129 -0.098082 -0.051818
v -0.069693 -0.097860 -0.052044
v -0.069736 -0.097532 -0.052044
v -0.069862 -0.097226 -0.052044
v -0.070064 -0.096964 -0.052044
v -0.070326 -0.096763 -0.052044
v -0.070632 -0.096636 -0.052044
v -0.070737 -0.097029 -0.051818
v -0.070960 -0.096593 -0.052044
v -0.071287 -0.096636 -0.052044
v -0.071593 -0.096763 -0.052044
v -0.071855 -0.096964 -0.052044
v -0.072057 -0.097226 -0.052044
v -0.072183 -0.097532 -0.052044
v -0.071791 -0.097637 -0.051818
v -0.071593 -0.098957 -0.052044
v -0.071855 -0.098756 -0.052044
v -0.072057 -0.098493 -0.052044
v -0.072183 -0.098188 -0.052044
v -0.072226 -0.097860 -0.052044
v -0.070960 -0.099127 -0.052943
v -0.071313 -0.099178 -0.052855
v -0.071287 -0.099083 -0.052943
v -0.071642 -0.099041 -0.052855
v -0.071924 -0.098824 -0.052855
v -0.072141 -0.098542 -0.052855
v -0.072277 -0.098213 -0.052855
v -0.072183 -0.098188 -0.052943
v -0.072324 -0.097860 -0.052855
v -0.072226 -0.097860 -0.052943
v -0.072277 -0.097507 -0.052855
v -0.072183 -0.097532 -0.052943
v -0.072141 -0.097177 -0.052855
v -0.071924 -0.096895 -0.052855
v -0.071855 -0.096964 -0.052943
v -0.071642 -0.096678 -0.052855
v -0.071593 -0.096763 -0.052943
v -0.071313 -0.096542 -0.052855
v -0.071287 -0.096636 -0.052943
v -0.070960 -0.096495 -0.052855
v -0.070960 -0.096593 -0.052943
v -0.070606 -0.096542 -0.052855
v -0.070632 -0.096636 -0.052943
v -0.070277 -0.096678 -0.052855
v -0.070326 -0.096763 -0.052943
v -0.069995 -0.096895 -0.052855
v -0.070064 -0.096964 -0.052943
v -0.069778 -0.097177 -0.052855
v -0.069862 -0.097226 -0.052943
v -0.069642 -0.097507 -0.052855
v -0.069736 -0.097532 -0.052943
v -0.069595 -0.097860 -0.052855
v -0.069693 -0.097860 -0.052943
v -0.069642 -0.098213 -0.052855
v -0.069736 -0.098188 -0.052943
v -0.069778 -0.098542 -0.052855
v -0.069862 -0.098493 -0.052943
v -0.069995 -0.098824 -0.052855
v -0.070064 -0.098756 -0.052943
v -0.070277 -0.099041 -0.052855
v -0.070606 -0.099178 -0.052855
v -0.070632 -0.099083 -0.052943
v -0.070960 -0.099224 -0.052855
v -0.071332 -0.099249 -0.052747
v -0.071679 -0.099105 -0.052747
v -0.071977 -0.098877 -0.052747
v -0.072205 -0.098579 -0.052747
v -0.072349 -0.098232 -0.052747
v -0.072398 -0.097860 -0.052747
v -0.072349 -0.097487 -0.052747
v -0.072205 -0.097141 -0.052747
v -0.071977 -0.096843 -0.052747
v -0.071679 -0.096614 -0.052747
v -0.071332 -0.096470 -0.052747
v -0.070960 -0.096421 -0.052747
v -0.070587 -0.096470 -0.052747
v -0.070240 -0.096614 -0.052747
v -0.069943 -0.096843 -0.052747
v -0.069714 -0.097141 -0.052747
v -0.069570 -0.097487 -0.052747
v -0.069521 -0.097860 -0.052747
v -0.069570 -0.098232 -0.052747
v -0.069714 -0.098579 -0.052747
v -0.069943 -0.098877 -0.052747
v -0.070240 -0.099105 -0.052747
v -0.070587 -0.099249 -0.052747
v -0.070960 -0.099298 -0.052747
v -0.071344 -0.099293 -0.052624
v -0.071702 -0.099145 -0.052624
v -0.072009 -0.098909 -0.052624
v -0.072245 -0.098602 -0.052624
v -0.072393 -0.098244 -0.052624
v -0.072444 -0.097860 -0.052624
v -0.072393 -0.097476 -0.052624
v -0.072245 -0.097118 -0.052624
v -0.072009 -0.096810 -0.052624
v -0.071702 -0.096574 -0.052624
v -0.071344 -0.096426 -0.052624
v -0.070960 -0.096375 -0.052624
v -0.070575 -0.096426 -0.052624
v -0.070217 -0.096574 -0.052624
v -0.069910 -0.096810 -0.052624
v -0.069674 -0.097118 -0.052624
v -0.069526 -0.097476 -0.052624
v -0.069475 -0.097860 -0.052624
v -0.069526 -0.098244 -0.052624
v -0.069674 -0.098602 -0.052624
v -0.069910 -0.098909 -0.052624
v -0.070217 -0.099145 -0.052624
v -0.070575 -0.099293 -0.052624
v -0.070960 -0.099344 -0.052624
v -0.071348 -0.099309 -0.052494
v -0.071710 -0.099159 -0.052494
v -0.072020 -0.098920 -0.052494
v -0.072259 -0.098610 -0.052494
v -0.072408 -0.098248 -0.052494
v -0.072460 -0.097860 -0.052494
v -0.072408 -0.097471 -0.052494
v -0.072259 -0.097110 -0.052494
v -0.072020 -0.096799 -0.052494
v -0.071710 -0.096561 -0.052494
v -0.071348 -0.096411 -0.052494
v -0.070960 -0.096360 -0.052494
v -0.070571 -0.096411 -0.052494
v -0.070210 -0.096561 -0.052494
v -0.069899 -0.096799 -0.052494
v -0.069660 -0.097110 -0.052494
v -0.069511 -0.097471 -0.052494
v -0.069460 -0.097860 -0.052494
v -0.069511 -0.098248 -0.052494
v -0.069660 -0.098610 -0.052494
v -0.069899 -0.098920 -0.052494
v -0.070210 -0.099159 -0.052494
v -0.070571 -0.099309 -0.052494
v -0.070960 -0.099360 -0.052494
v -0.071344 -0.099293 -0.052363
v -0.071702 -0.099145 -0.052363
v -0.072009 -0.098909 -0.052363
v -0.072245 -0.098602 -0.052363
v -0.072393 -0.098244 -0.052363
v -0.072444 -0.097860 -0.052363
v -0.072393 -0.097476 -0.052363
v -0.072245 -0.097118 -0.052363
v -0.072009 -0.096810 -0.052363
v -0.071702 -0.096574 -0.052363
v -0.071344 -0.096426 -0.052363
v -0.070960 -0.096375 -0.052363
v -0.070575 -0.096426 -0.052363
v -0.070217 -0.096574 -0.052363
v -0.069910 -0.096810 -0.052363
v -0.069674 -0.097118 -0.052363
v -0.069526 -0.097476 -0.052363
v -0.069475 -0.097860 -0.052363
v -0.069526 -0.098244 -0.052363
v -0.069674 -0.098602 -0.052363
v -0.069910 -0.098909 -0.052363
v -0.070217 -0.099145 -0.052363
v -0.070575 -0.099293 -0.052363
v -0.070960 -0.099344 -0.052363
v -0.071332 -0.099249 -0.052241
v -0.071679 -0.099105 -0.052241
v -0.071977 -0.098877 -0.052241
v -0.072205 -0.098579 -0.052241
v -0.072349 -0.098232 -0.052241
v -0.072398 -0.097860 -0.052241
v -0.072349 -0.097487 -0.052241
v -0.072205 -0.097141 -0.052241
v -0.071977 -0.096843 -0.052241
v -0.071679 -0.096614 -0.052241
v -0.071332 -0.096470 -0.052241
v -0.070960 -0.096421 -0.052241
v -0.070587 -0.096470 -0.052241
v -0.070240 -0.096614 -0.052241
v -0.069943 -0.096843 -0.052241
v -0.069714 -0.097141 -0.052241
v -0.069570 -0.097487 -0.052241
v -0.069521 -0.097860 -0.052241
v -0.069570 -0.098232 -0.052241
v -0.069714 -0.098579 -0.052241
v -0.069943 -0.098877 -0.052241
v -0.070240 -0.099105 -0.052241
v -0.070587 -0.099249 -0.052241
v -0.070960 -0.099298 -0.052241
v -0.071313 -0.099178 -0.052132
v -0.071642 -0.099041 -0.052132
v -0.071924 -0.098824 -0.052132
v -0.072141 -0.098542 -0.052132
v -0.072277 -0.098213 -0.052132
v -0.072324 -0.097860 -0.052132
v -0.072277 -0.097507 -0.052132
v -0.072141 -0.097177 -0.052132
v -0.071924 -0.096895 -0.052132
v -0.071642 -0.096678 -0.052132
v -0.071313 -0.096542 -0.052132
v -0.070960 -0.096495 -0.052132
v -0.070606 -0.096542 -0.052132
v -0.070277 -0.096678 -0.052132
v -0.069995 -0.096895 -0.052132
v -0.069778 -0.097177 -0.052132
v -0.069642 -0.097507 -0.052132
v -0.069595 -0.097860 -0.052132
v -0.069642 -0.098213 -0.052132
v -0.069778 -0.098542 -0.052132
v -0.069995 -0.098824 -0.052132
v -0.070277 -0.099041 -0.052132
v -0.070606 -0.099178 -0.052132
v -0.070960 -0.099224 -0.052132
v -0.070778 -0.097184 -0.052943
v -0.070610 -0.097253 -0.052943
v -0.070465 -0.097365 -0.052943
v -0.070353 -0.097510 -0.052943
v -0.070283 -0.097679 -0.052943
v -0.070260 -0.097860 -0.052943
v -0.070283 -0.098041 -0.052943
v -0.070353 -0.098210 -0.052943
v -0.070465 -0.098355 -0.052943
v -0.070610 -0.098466 -0.052943
v -0.070778 -0.098536 -0.052943
v -0.070960 -0.098560 -0.052943
v -0.071141 -0.098536 -0.052943
v -0.071310 -0.098466 -0.052943
v -0.071455 -0.098355 -0.052943
v -0.071566 -0.098210 -0.052943
v -0.071636 -0.098041 -0.052943
v -0.071660 -0.097860 -0.052943
v -0.071636 -0.097679 -0.052943
v -0.071566 -0.097510 -0.052943
v -0.071455 -0.097365 -0.052943
v -0.071310 -0.097253 -0.052943
v -0.071141 -0.097184 -0.052943
v -0.070960 -0.097160 -0.052943
v -0.070260 -0.097860 -0.069443
v -0.070283 -0.098041 -0.069443
v -0.070353 -0.098210 -0.069443
v -0.070465 -0.098355 -0.069443
v -0.070610 -0.098466 -0.069443
v -0.070778 -0.098536 -0.069443
v -0.070960 -0.098560 -0.069443
v -0.071141 -0.098536 -0.069443
v -0.071310 -0.098466 -0.069443
v -0.071566 -0.098210 -0.069443
v -0.071636 -0.098041 -0.069443
v -0.071660 -0.097860 -0.069443
v -0.071636 -0.097679 -0.069443
v -0.071566 -0.097510 -0.069443
v -0.071455 -0.097365 -0.069443
v -0.071310 -0.097253 -0.069443
v -0.071141 -0.097184 -0.069443
v -0.070960 -0.097160 -0.069443
v -0.070778 -0.097184 -0.069443
v -0.070610 -0.097253 -0.069443
v -0.070465 -0.097365 -0.069443
v -0.070353 -0.097510 -0.069443
v -0.070283 -0.097679 -0.069443
v -0.063815 -0.078796 -0.051793
v -0.063210 -0.079586 -0.051793
v -0.063685 -0.079110 -0.051793
v -0.063479 -0.079379 -0.051793
v -0.061700 -0.078037 -0.048268
v -0.061700 -0.078037 -0.048993
v -0.061759 -0.078098 -0.048256
v -0.061809 -0.078167 -0.048993
v -0.061809 -0.078167 -0.048246
v -0.061881 -0.078320 -0.048993
v -0.061881 -0.078320 -0.048232
v -0.061901 -0.078403 -0.048229
v -0.061910 -0.078488 -0.048993
v -0.061910 -0.078488 -0.048227
v -0.061908 -0.078572 -0.048229
v -0.061895 -0.078657 -0.048993
v -0.061895 -0.078657 -0.048232
v -0.061837 -0.078816 -0.048993
v -0.061837 -0.078816 -0.048246
v -0.061793 -0.078889 -0.048256
v -0.061740 -0.078955 -0.048993
v -0.061740 -0.078955 -0.048268
v -0.061253 -0.077626 -0.048993
v -0.061253 -0.077626 -0.048392
v -0.061417 -0.077412 -0.048993
v -0.061417 -0.077412 -0.048392
v -0.061617 -0.077229 -0.048993
v -0.061617 -0.077229 -0.048392
v -0.062064 -0.077640 -0.048993
v -0.062064 -0.077640 -0.048268
v -0.062983 -0.077600 -0.048268
v -0.062983 -0.077600 -0.048993
v -0.062921 -0.077659 -0.048256
v -0.062853 -0.077709 -0.048993
v -0.062853 -0.077709 -0.048246
v -0.062778 -0.077750 -0.048238
v -0.062699 -0.077781 -0.048993
v -0.062699 -0.077781 -0.048232
v -0.062616 -0.077801 -0.048229
v -0.062532 -0.077810 -0.048993
v -0.062532 -0.077810 -0.048227
v -0.062447 -0.077808 -0.048229
v -0.062363 -0.077795 -0.048993
v -0.062281 -0.077772 -0.048238
v -0.062203 -0.077737 -0.048993
v -0.062203 -0.077737 -0.048246
v -0.062130 -0.077693 -0.048256
v -0.063393 -0.077153 -0.048993
v -0.063393 -0.077153 -0.048392
v -0.063607 -0.077318 -0.048993
v -0.063607 -0.077318 -0.048392
v -0.063790 -0.077517 -0.048993
v -0.063790 -0.077517 -0.048392
v -0.063379 -0.077964 -0.048993
v -0.063379 -0.077964 -0.048268
v -0.063419 -0.078883 -0.048268
v -0.063419 -0.078883 -0.048993
v -0.063360 -0.078821 -0.048256
v -0.063310 -0.078753 -0.048993
v -0.063310 -0.078753 -0.048246
v -0.063269 -0.078678 -0.048238
v -0.063238 -0.078599 -0.048993
v -0.063238 -0.078599 -0.048232
v -0.063218 -0.078516 -0.048229
v -0.063209 -0.078432 -0.048993
v -0.063209 -0.078432 -0.048227
v -0.063211 -0.078347 -0.048229
v -0.063224 -0.078263 -0.048993
v -0.063248 -0.078181 -0.048238
v -0.063282 -0.078103 -0.048993
v -0.063282 -0.078103 -0.048246
v -0.063326 -0.078031 -0.048256
v -0.063866 -0.079293 -0.048993
v -0.063866 -0.079293 -0.048392
v -0.063702 -0.079508 -0.048993
v -0.063702 -0.079508 -0.048392
v -0.063502 -0.079690 -0.048993
v -0.063502 -0.079690 -0.048392
v -0.063055 -0.079280 -0.048993
v -0.063055 -0.079280 -0.048268
v -0.062136 -0.079319 -0.048268
v -0.062136 -0.079319 -0.048993
v -0.062198 -0.079260 -0.048256
v -0.062266 -0.079210 -0.048993
v -0.062266 -0.079210 -0.048246
v -0.062420 -0.079138 -0.048993
v -0.062420 -0.079138 -0.048232
v -0.062503 -0.079118 -0.048229
v -0.062587 -0.079109 -0.048993
v -0.062587 -0.079109 -0.048227
v -0.062672 -0.079111 -0.048229
v -0.062756 -0.079124 -0.048993
v -0.062756 -0.079124 -0.048232
v -0.062916 -0.079182 -0.048993
v -0.062916 -0.079182 -0.048246
v -0.062989 -0.079226 -0.048256
v -0.061726 -0.079766 -0.048993
v -0.061726 -0.079766 -0.048392
v -0.061512 -0.079602 -0.048993
v -0.061329 -0.079402 -0.048993
v -0.061329 -0.079402 -0.048392
v -0.061512 -0.079602 -0.048392
v -0.061856 -0.079809 -0.048385
v -0.064011 -0.078003 -0.048385
v -0.063843 -0.077643 -0.048385
v -0.064080 -0.078394 -0.048385
v -0.064045 -0.078790 -0.048385
v -0.063016 -0.079911 -0.048385
v -0.063376 -0.079743 -0.048385
v -0.062625 -0.079980 -0.048385
v -0.062229 -0.079945 -0.048385
v -0.061108 -0.078916 -0.048385
v -0.061276 -0.079276 -0.048385
v -0.061040 -0.078525 -0.048385
v -0.061074 -0.078129 -0.048385
v -0.062103 -0.077008 -0.048385
v -0.061743 -0.077176 -0.048385
v -0.062494 -0.076940 -0.048385
v -0.062890 -0.076975 -0.048385
v -0.061460 -0.080568 -0.048673
v -0.060952 -0.080212 -0.048673
v -0.060553 -0.079736 -0.048673
v -0.060291 -0.079173 -0.048673
v -0.060184 -0.078562 -0.048673
v -0.060238 -0.077943 -0.048673
v -0.060451 -0.077360 -0.048673
v -0.061211 -0.077756 -0.048385
v -0.060807 -0.076852 -0.048673
v -0.061283 -0.076453 -0.048673
v -0.061846 -0.076191 -0.048673
v -0.062457 -0.076084 -0.048673
v -0.063076 -0.076138 -0.048673
v -0.063659 -0.076351 -0.048673
v -0.063263 -0.077111 -0.048385
v -0.064167 -0.076707 -0.048673
v -0.064566 -0.077183 -0.048673
v -0.064828 -0.077746 -0.048673
v -0.064935 -0.078358 -0.048673
v -0.064881 -0.078976 -0.048673
v -0.064668 -0.079559 -0.048673
v -0.063909 -0.079163 -0.048385
v -0.062043 -0.080781 -0.048673
v -0.062662 -0.080836 -0.048673
v -0.063273 -0.080728 -0.048673
v -0.063836 -0.080466 -0.048673
v -0.064312 -0.080068 -0.048673
v -0.060952 -0.080212 -0.049793
v -0.061397 -0.080689 -0.049713
v -0.061460 -0.080568 -0.049793
v -0.062014 -0.080914 -0.049713
v -0.062043 -0.080781 -0.049793
v -0.062667 -0.080972 -0.049713
v -0.062662 -0.080836 -0.049793
v -0.063314 -0.080858 -0.049713
v -0.063273 -0.080728 -0.049793
v -0.063909 -0.080581 -0.049713
v -0.063836 -0.080466 -0.049793
v -0.064412 -0.080160 -0.049713
v -0.064312 -0.080068 -0.049793
v -0.064789 -0.079622 -0.049713
v -0.064668 -0.079559 -0.049793
v -0.065014 -0.079006 -0.049713
v -0.064881 -0.078976 -0.049793
v -0.065072 -0.078352 -0.049713
v -0.064935 -0.078358 -0.049793
v -0.064958 -0.077705 -0.049713
v -0.064828 -0.077746 -0.049793
v -0.064681 -0.077110 -0.049713
v -0.064566 -0.077183 -0.049793
v -0.064260 -0.076607 -0.049713
v -0.064167 -0.076707 -0.049793
v -0.063722 -0.076230 -0.049713
v -0.063659 -0.076351 -0.049793
v -0.063105 -0.076005 -0.049713
v -0.063076 -0.076138 -0.049793
v -0.062452 -0.075948 -0.049713
v -0.062457 -0.076084 -0.049793
v -0.061805 -0.076061 -0.049713
v -0.061846 -0.076191 -0.049793
v -0.061210 -0.076338 -0.049713
v -0.061283 -0.076453 -0.049793
v -0.060707 -0.076760 -0.049713
v -0.060807 -0.076852 -0.049793
v -0.060330 -0.077297 -0.049713
v -0.060451 -0.077360 -0.049793
v -0.060105 -0.077914 -0.049713
v -0.060238 -0.077943 -0.049793
v -0.060047 -0.078568 -0.049713
v -0.060184 -0.078562 -0.049793
v -0.060161 -0.079214 -0.049713
v -0.060291 -0.079173 -0.049793
v -0.060438 -0.079809 -0.049713
v -0.060553 -0.079736 -0.049793
v -0.060860 -0.080312 -0.049713
v -0.061346 -0.080788 -0.049601
v -0.061989 -0.081023 -0.049601
v -0.062672 -0.081083 -0.049601
v -0.063347 -0.080964 -0.049601
v -0.063969 -0.080675 -0.049601
v -0.064494 -0.080235 -0.049601
v -0.064888 -0.079674 -0.049601
v -0.065123 -0.079030 -0.049601
v -0.065183 -0.078347 -0.049601
v -0.065064 -0.077672 -0.049601
v -0.064775 -0.077050 -0.049601
v -0.064335 -0.076525 -0.049601
v -0.063774 -0.076132 -0.049601
v -0.063130 -0.075897 -0.049601
v -0.062447 -0.075837 -0.049601
v -0.061772 -0.075955 -0.049601
v -0.061150 -0.076244 -0.049601
v -0.060625 -0.076684 -0.049601
v -0.060231 -0.077246 -0.049601
v -0.059997 -0.077890 -0.049601
v -0.059936 -0.078572 -0.049601
v -0.060055 -0.079247 -0.049601
v -0.060344 -0.079869 -0.049601
v -0.060784 -0.080394 -0.049601
v -0.061309 -0.080857 -0.049464
v -0.061972 -0.081099 -0.049464
v -0.062676 -0.081161 -0.049464
v -0.063371 -0.081039 -0.049464
v -0.064011 -0.080741 -0.049464
v -0.064552 -0.080288 -0.049464
v -0.064957 -0.079710 -0.049464
v -0.065199 -0.079047 -0.049464
v -0.065261 -0.078344 -0.049464
v -0.065139 -0.077648 -0.049464
v -0.064841 -0.077008 -0.049464
v -0.064388 -0.076467 -0.049464
v -0.063810 -0.076062 -0.049464
v -0.063147 -0.075820 -0.049464
v -0.062443 -0.075758 -0.049464
v -0.061748 -0.075880 -0.049464
v -0.061108 -0.076178 -0.049464
v -0.060567 -0.076631 -0.049464
v -0.060162 -0.077209 -0.049464
v -0.059920 -0.077873 -0.049464
v -0.059858 -0.078576 -0.049464
v -0.059980 -0.079271 -0.049464
v -0.060278 -0.079911 -0.049464
v -0.060731 -0.080452 -0.049464
v -0.061290 -0.080894 -0.049312
v -0.061964 -0.081139 -0.049312
v -0.062677 -0.081202 -0.049312
v -0.063383 -0.081078 -0.049312
v -0.064033 -0.080776 -0.049312
v -0.064582 -0.080315 -0.049312
v -0.064993 -0.079729 -0.049312
v -0.065239 -0.079056 -0.049312
v -0.065302 -0.078342 -0.049312
v -0.065178 -0.077636 -0.049312
v -0.064876 -0.076986 -0.049312
v -0.064415 -0.076437 -0.049312
v -0.063829 -0.076026 -0.049312
v -0.063156 -0.075780 -0.049312
v -0.062442 -0.075717 -0.049312
v -0.061736 -0.075841 -0.049312
v -0.061086 -0.076144 -0.049312
v -0.060537 -0.076604 -0.049312
v -0.060126 -0.077191 -0.049312
v -0.059880 -0.077864 -0.049312
v -0.059817 -0.078577 -0.049312
v -0.059941 -0.079283 -0.049312
v -0.060244 -0.079933 -0.049312
v -0.060704 -0.080482 -0.049312
v -0.061964 -0.081139 -0.049154
v -0.062677 -0.081202 -0.049154
v -0.064033 -0.080776 -0.049154
v -0.064582 -0.080315 -0.049154
v -0.064993 -0.079729 -0.049154
v -0.065239 -0.079056 -0.049154
v -0.065302 -0.078342 -0.049154
v -0.064415 -0.076437 -0.049154
v -0.063829 -0.076026 -0.049154
v -0.063156 -0.075780 -0.049154
v -0.059880 -0.077864 -0.049154
v -0.060244 -0.079933 -0.049154
v -0.061309 -0.080857 -0.049001
v -0.061972 -0.081099 -0.049001
v -0.062676 -0.081161 -0.049001
v -0.063371 -0.081039 -0.049001
v -0.064011 -0.080741 -0.049001
v -0.064552 -0.080288 -0.049001
v -0.064957 -0.079710 -0.049001
v -0.065199 -0.079047 -0.049001
v -0.065261 -0.078344 -0.049001
v -0.065139 -0.077648 -0.049001
v -0.064841 -0.077008 -0.049001
v -0.064388 -0.076467 -0.049001
v -0.063810 -0.076062 -0.049001
v -0.063147 -0.075820 -0.049001
v -0.062443 -0.075758 -0.049001
v -0.061748 -0.075880 -0.049001
v -0.061108 -0.076178 -0.049001
v -0.060567 -0.076631 -0.049001
v -0.060162 -0.077209 -0.049001
v -0.059920 -0.077873 -0.049001
v -0.059858 -0.078576 -0.049001
v -0.059980 -0.079271 -0.049001
v -0.060278 -0.079911 -0.049001
v -0.060731 -0.080452 -0.049001
v -0.061346 -0.080788 -0.048865
v -0.061989 -0.081023 -0.048865
v -0.062672 -0.081083 -0.048865
v -0.063347 -0.080964 -0.048865
v -0.063969 -0.080675 -0.048865
v -0.064494 -0.080235 -0.048865
v -0.064888 -0.079674 -0.048865
v -0.065123 -0.079030 -0.048865
v -0.065183 -0.078347 -0.048865
v -0.065064 -0.077672 -0.048865
v -0.064775 -0.077050 -0.048865
v -0.064335 -0.076525 -0.048865
v -0.063774 -0.076132 -0.048865
v -0.063130 -0.075897 -0.048865
v -0.062447 -0.075837 -0.048865
v -0.061772 -0.075955 -0.048865
v -0.061150 -0.076244 -0.048865
v -0.060625 -0.076684 -0.048865
v -0.060231 -0.077246 -0.048865
v -0.059997 -0.077890 -0.048865
v -0.059936 -0.078572 -0.048865
v -0.060055 -0.079247 -0.048865
v -0.060344 -0.079869 -0.048865
v -0.060784 -0.080394 -0.048865
v -0.061397 -0.080689 -0.048753
v -0.062014 -0.080914 -0.048753
v -0.062667 -0.080972 -0.048753
v -0.063314 -0.080858 -0.048753
v -0.063909 -0.080581 -0.048753
v -0.064412 -0.080160 -0.048753
v -0.064789 -0.079622 -0.048753
v -0.065014 -0.079006 -0.048753
v -0.065072 -0.078352 -0.048753
v -0.064958 -0.077705 -0.048753
v -0.064681 -0.077110 -0.048753
v -0.064260 -0.076607 -0.048753
v -0.063722 -0.076230 -0.048753
v -0.063105 -0.076005 -0.048753
v -0.062452 -0.075948 -0.048753
v -0.061805 -0.076061 -0.048753
v -0.061210 -0.076338 -0.048753
v -0.060707 -0.076760 -0.048753
v -0.060330 -0.077297 -0.048753
v -0.060105 -0.077914 -0.048753
v -0.060047 -0.078568 -0.048753
v -0.060161 -0.079214 -0.048753
v -0.060438 -0.079809 -0.048753
v -0.060860 -0.080312 -0.048753
v -0.062560 -0.079760 -0.049793
v -0.062896 -0.079715 -0.049793
v -0.063210 -0.079586 -0.049793
v -0.063479 -0.079379 -0.049793
v -0.063685 -0.079110 -0.049793
v -0.063815 -0.078796 -0.049793
v -0.063860 -0.078460 -0.049793
v -0.063815 -0.078123 -0.049793
v -0.063685 -0.077810 -0.049793
v -0.063479 -0.077540 -0.049793
v -0.063210 -0.077334 -0.049793
v -0.062896 -0.077204 -0.049793
v -0.062560 -0.077160 -0.049793
v -0.062223 -0.077204 -0.049793
v -0.061910 -0.077334 -0.049793
v -0.061640 -0.077540 -0.049793
v -0.061434 -0.077810 -0.049793
v -0.061304 -0.078123 -0.049793
v -0.061260 -0.078460 -0.049793
v -0.061304 -0.078796 -0.049793
v -0.061434 -0.079110 -0.049793
v -0.061640 -0.079379 -0.049793
v -0.061910 -0.079586 -0.049793
v -0.062223 -0.079715 -0.049793
v -0.070348 -0.078038 -0.074793
v -0.069974 -0.076036 -0.074793
v -0.069094 -0.074200 -0.074793
v -0.067769 -0.072654 -0.074793
v -0.070192 -0.080068 -0.074793
v -0.066089 -0.071504 -0.074793
v -0.056754 -0.073251 -0.074793
v -0.058300 -0.071925 -0.074793
v -0.054771 -0.078881 -0.074793
v -0.055145 -0.080883 -0.074793
v -0.054927 -0.076851 -0.074793
v -0.055604 -0.074931 -0.074793
v -0.062138 -0.070671 -0.074793
v -0.064168 -0.070827 -0.074793
v -0.060699 -0.076790 -0.073543
v -0.060699 -0.076790 -0.074993
v -0.060330 -0.077329 -0.073543
v -0.060330 -0.077329 -0.074993
v -0.060113 -0.077944 -0.073543
v -0.060113 -0.077944 -0.074993
v -0.060063 -0.078595 -0.073543
v -0.060063 -0.078595 -0.074993
v -0.060183 -0.079236 -0.073543
v -0.060183 -0.079236 -0.074993
v -0.060465 -0.079825 -0.073543
v -0.060465 -0.079825 -0.074993
v -0.060890 -0.080320 -0.073543
v -0.060890 -0.080320 -0.074993
v -0.061428 -0.080689 -0.073543
v -0.061428 -0.080689 -0.074993
v -0.062044 -0.080906 -0.073543
v -0.062044 -0.080906 -0.074993
v -0.062695 -0.080956 -0.073543
v -0.062695 -0.080956 -0.074993
v -0.063336 -0.080836 -0.073543
v -0.063336 -0.080836 -0.074993
v -0.063925 -0.080554 -0.073543
v -0.063925 -0.080554 -0.074993
v -0.064420 -0.080129 -0.073543
v -0.064420 -0.080129 -0.074993
v -0.064789 -0.079591 -0.073543
v -0.064789 -0.079591 -0.074993
v -0.065006 -0.078975 -0.073543
v -0.065006 -0.078975 -0.074993
v -0.065056 -0.078325 -0.073543
v -0.065056 -0.078325 -0.074993
v -0.064936 -0.077683 -0.073543
v -0.064936 -0.077683 -0.074993
v -0.064654 -0.077094 -0.073543
v -0.064654 -0.077094 -0.074993
v -0.064229 -0.076599 -0.073543
v -0.064229 -0.076599 -0.074993
v -0.063691 -0.076230 -0.073543
v -0.063691 -0.076230 -0.074993
v -0.063075 -0.076013 -0.073543
v -0.063075 -0.076013 -0.074993
v -0.062424 -0.075963 -0.073543
v -0.062424 -0.075963 -0.074993
v -0.061783 -0.076083 -0.073543
v -0.061783 -0.076083 -0.074993
v -0.061194 -0.076365 -0.073543
v -0.061194 -0.076365 -0.074993
v -0.063781 -0.076052 -0.075193
v -0.063116 -0.075818 -0.075193
v -0.062414 -0.075764 -0.075193
v -0.061721 -0.075893 -0.075193
v -0.061085 -0.076198 -0.075193
v -0.060550 -0.076657 -0.075193
v -0.060152 -0.077238 -0.075193
v -0.059918 -0.077903 -0.075193
v -0.059863 -0.078606 -0.075193
v -0.059993 -0.079298 -0.075193
v -0.060298 -0.079934 -0.075193
v -0.060756 -0.080469 -0.075193
v -0.061338 -0.080868 -0.075193
v -0.062003 -0.081102 -0.075193
v -0.062706 -0.081156 -0.075193
v -0.063398 -0.081026 -0.075193
v -0.064034 -0.080722 -0.075193
v -0.064569 -0.080263 -0.075193
v -0.064967 -0.079681 -0.075193
v -0.065202 -0.079016 -0.075193
v -0.065256 -0.078314 -0.075193
v -0.065126 -0.077621 -0.075193
v -0.064821 -0.076985 -0.075193
v -0.064363 -0.076450 -0.075193
v -0.061441 -0.075038 -0.075193
v -0.060594 -0.075444 -0.075193
v -0.059880 -0.076055 -0.075193
v -0.059349 -0.076831 -0.075193
v -0.059037 -0.077717 -0.075193
v -0.058965 -0.078654 -0.075193
v -0.059138 -0.079578 -0.075193
v -0.059544 -0.080426 -0.075193
v -0.060155 -0.081139 -0.075193
v -0.060931 -0.081670 -0.075193
v -0.061817 -0.081982 -0.075193
v -0.062754 -0.082054 -0.075193
v -0.063678 -0.081882 -0.075193
v -0.064525 -0.081475 -0.075193
v -0.065239 -0.080864 -0.075193
v -0.065770 -0.080088 -0.075193
v -0.066082 -0.079202 -0.075193
v -0.066154 -0.078265 -0.075193
v -0.065981 -0.077341 -0.075193
v -0.065575 -0.076494 -0.075193
v -0.064964 -0.075780 -0.075193
v -0.064188 -0.075249 -0.075193
v -0.063302 -0.074937 -0.075193
v -0.062365 -0.074865 -0.075193
v -0.059880 -0.076055 -0.077493
v -0.059349 -0.076831 -0.077493
v -0.059037 -0.077717 -0.077493
v -0.058965 -0.078654 -0.077493
v -0.059138 -0.079578 -0.077493
v -0.059544 -0.080426 -0.077493
v -0.060155 -0.081139 -0.077493
v -0.060931 -0.081670 -0.077493
v -0.061817 -0.081982 -0.077493
v -0.062754 -0.082054 -0.077493
v -0.063678 -0.081882 -0.077493
v -0.064525 -0.081475 -0.077493
v -0.065239 -0.080864 -0.077493
v -0.065770 -0.080088 -0.077493
v -0.066082 -0.079202 -0.077493
v -0.066154 -0.078265 -0.077493
v -0.065981 -0.077341 -0.077493
v -0.065575 -0.076494 -0.077493
v -0.064964 -0.075780 -0.077493
v -0.064188 -0.075249 -0.077493
v -0.063302 -0.074937 -0.077493
v -0.062365 -0.074865 -0.077493
v -0.061441 -0.075038 -0.077493
v -0.060594 -0.075444 -0.077493
v -0.061869 -0.074723 -0.077693
v -0.061379 -0.074848 -0.077693
v -0.060484 -0.075276 -0.077693
v -0.059731 -0.075922 -0.077693
v -0.059171 -0.076740 -0.077693
v -0.058841 -0.077676 -0.077693
v -0.058765 -0.078665 -0.077693
v -0.058948 -0.079640 -0.077693
v -0.059376 -0.080535 -0.077693
v -0.060022 -0.081288 -0.077693
v -0.060840 -0.081848 -0.077693
v -0.061776 -0.082178 -0.077693
v -0.062276 -0.082249 -0.077693
v -0.062765 -0.082254 -0.077693
v -0.063740 -0.082072 -0.077693
v -0.064635 -0.081643 -0.077693
v -0.065388 -0.080997 -0.077693
v -0.065948 -0.080179 -0.077693
v -0.066278 -0.079243 -0.077693
v -0.066354 -0.078254 -0.077693
v -0.066172 -0.077279 -0.077693
v -0.065743 -0.076385 -0.077693
v -0.065097 -0.075631 -0.077693
v -0.064279 -0.075071 -0.077693
v -0.063343 -0.074741 -0.077693
v -0.062354 -0.074665 -0.077693
v -0.057333 -0.074701 -0.074793
v -0.057295 -0.074496 -0.074793
v -0.057295 -0.074496 -0.077693
v -0.057311 -0.074288 -0.077693
v -0.057311 -0.074288 -0.074793
v -0.057380 -0.074091 -0.077693
v -0.057380 -0.074091 -0.074793
v -0.057498 -0.073918 -0.077693
v -0.057498 -0.073918 -0.074793
v -0.057657 -0.073782 -0.077693
v -0.057657 -0.073782 -0.074793
v -0.057845 -0.073692 -0.077693
v -0.057845 -0.073692 -0.074793
v -0.058050 -0.073654 -0.077693
v -0.058050 -0.073654 -0.074793
v -0.058259 -0.073670 -0.077693
v -0.058259 -0.073670 -0.074793
v -0.058456 -0.073739 -0.077693
v -0.058456 -0.073739 -0.074793
v -0.058628 -0.073857 -0.077693
v -0.058628 -0.073857 -0.074793
v -0.058764 -0.074016 -0.077693
v -0.058764 -0.074016 -0.074793
v -0.058854 -0.074204 -0.077693
v -0.058854 -0.074204 -0.074793
v -0.058893 -0.074409 -0.077693
v -0.058893 -0.074409 -0.074793
v -0.058877 -0.074618 -0.077693
v -0.058877 -0.074618 -0.074793
v -0.058807 -0.074815 -0.077693
v -0.058807 -0.074815 -0.074793
v -0.058689 -0.074987 -0.077693
v -0.058689 -0.074987 -0.074793
v -0.058531 -0.075123 -0.077693
v -0.058531 -0.075123 -0.074793
v -0.058342 -0.075213 -0.077693
v -0.058342 -0.075213 -0.074793
v -0.058137 -0.075251 -0.077693
v -0.058137 -0.075251 -0.074793
v -0.057929 -0.075235 -0.077693
v -0.057929 -0.075235 -0.074793
v -0.057732 -0.075166 -0.077693
v -0.057732 -0.075166 -0.074793
v -0.057559 -0.075048 -0.077693
v -0.057559 -0.075048 -0.074793
v -0.057424 -0.074890 -0.077693
v -0.057424 -0.074890 -0.074793
v -0.057333 -0.074701 -0.077693
v -0.065806 -0.074242 -0.074793
v -0.065768 -0.074037 -0.074793
v -0.065768 -0.074037 -0.077693
v -0.065784 -0.073829 -0.077693
v -0.065784 -0.073829 -0.074793
v -0.065853 -0.073632 -0.077693
v -0.065853 -0.073632 -0.074793
v -0.065971 -0.073460 -0.077693
v -0.065971 -0.073460 -0.074793
v -0.066130 -0.073324 -0.077693
v -0.066130 -0.073324 -0.074793
v -0.066318 -0.073233 -0.077693
v -0.066318 -0.073233 -0.074793
v -0.066523 -0.073195 -0.077693
v -0.066523 -0.073195 -0.074793
v -0.066732 -0.073211 -0.077693
v -0.066732 -0.073211 -0.074793
v -0.066929 -0.073280 -0.077693
v -0.066929 -0.073280 -0.074793
v -0.067101 -0.073398 -0.077693
v -0.067101 -0.073398 -0.074793
v -0.067237 -0.073557 -0.077693
v -0.067237 -0.073557 -0.074793
v -0.067327 -0.073745 -0.077693
v -0.067327 -0.073745 -0.074793
v -0.067365 -0.073951 -0.077693
v -0.067365 -0.073951 -0.074793
v -0.067349 -0.074159 -0.077693
v -0.067349 -0.074159 -0.074793
v -0.067280 -0.074356 -0.077693
v -0.067280 -0.074356 -0.074793
v -0.067162 -0.074528 -0.077693
v -0.067162 -0.074528 -0.074793
v -0.067003 -0.074664 -0.077693
v -0.067003 -0.074664 -0.074793
v -0.066815 -0.074754 -0.077693
v -0.066815 -0.074754 -0.074793
v -0.066610 -0.074793 -0.077693
v -0.066610 -0.074793 -0.074793
v -0.066402 -0.074777 -0.077693
v -0.066402 -0.074777 -0.074793
v -0.066205 -0.074707 -0.077693
v -0.066205 -0.074707 -0.074793
v -0.066032 -0.074589 -0.077693
v -0.066032 -0.074589 -0.074793
v -0.065896 -0.074431 -0.077693
v -0.065896 -0.074431 -0.074793
v -0.065806 -0.074242 -0.077693
v -0.066265 -0.082715 -0.074793
v -0.066227 -0.082510 -0.074793
v -0.066227 -0.082510 -0.077693
v -0.066243 -0.082302 -0.077693
v -0.066243 -0.082302 -0.074793
v -0.066312 -0.082105 -0.077693
v -0.066312 -0.082105 -0.074793
v -0.066430 -0.081932 -0.077693
v -0.066430 -0.081932 -0.074793
v -0.066588 -0.081797 -0.077693
v -0.066588 -0.081797 -0.074793
v -0.066777 -0.081706 -0.077693
v -0.066777 -0.081706 -0.074793
v -0.066982 -0.081668 -0.077693
v -0.066982 -0.081668 -0.074793
v -0.067190 -0.081684 -0.077693
v -0.067190 -0.081684 -0.074793
v -0.067387 -0.081753 -0.077693
v -0.067387 -0.081753 -0.074793
v -0.067560 -0.081871 -0.077693
v -0.067560 -0.081871 -0.074793
v -0.067696 -0.082030 -0.077693
v -0.067696 -0.082030 -0.074793
v -0.067786 -0.082218 -0.077693
v -0.067786 -0.082218 -0.074793
v -0.067824 -0.082423 -0.077693
v -0.067824 -0.082423 -0.074793
v -0.067808 -0.082632 -0.077693
v -0.067808 -0.082632 -0.074793
v -0.067739 -0.082829 -0.077693
v -0.067739 -0.082829 -0.074793
v -0.067621 -0.083001 -0.077693
v -0.067621 -0.083001 -0.074793
v -0.067462 -0.083137 -0.077693
v -0.067462 -0.083137 -0.074793
v -0.067274 -0.083227 -0.077693
v -0.067274 -0.083227 -0.074793
v -0.067069 -0.083266 -0.077693
v -0.067069 -0.083266 -0.074793
v -0.066860 -0.083250 -0.077693
v -0.066860 -0.083250 -0.074793
v -0.066663 -0.083180 -0.077693
v -0.066663 -0.083180 -0.074793
v -0.066491 -0.083062 -0.077693
v -0.066491 -0.083062 -0.074793
v -0.066355 -0.082904 -0.077693
v -0.066355 -0.082904 -0.074793
v -0.066265 -0.082715 -0.077693
v -0.057792 -0.083174 -0.074793
v -0.057754 -0.082969 -0.074793
v -0.057754 -0.082969 -0.077693
v -0.057752 -0.082926 -0.074793
v -0.057770 -0.082761 -0.077693
v -0.057770 -0.082761 -0.074793
v -0.057839 -0.082564 -0.077693
v -0.057839 -0.082564 -0.074793
v -0.057957 -0.082391 -0.077693
v -0.057957 -0.082391 -0.074793
v -0.058116 -0.082255 -0.077693
v -0.058116 -0.082255 -0.074793
v -0.058304 -0.082165 -0.077693
v -0.058304 -0.082165 -0.074793
v -0.058509 -0.082127 -0.077693
v -0.058509 -0.082127 -0.074793
v -0.058717 -0.082143 -0.077693
v -0.058717 -0.082143 -0.074793
v -0.058914 -0.082212 -0.077693
v -0.058914 -0.082212 -0.074793
v -0.059087 -0.082330 -0.077693
v -0.059087 -0.082330 -0.074793
v -0.059223 -0.082489 -0.077693
v -0.059223 -0.082489 -0.074793
v -0.059313 -0.082677 -0.077693
v -0.059313 -0.082677 -0.074793
v -0.059351 -0.082882 -0.077693
v -0.059351 -0.082882 -0.074793
v -0.059335 -0.083090 -0.077693
v -0.059335 -0.083090 -0.074793
v -0.059266 -0.083287 -0.077693
v -0.059266 -0.083287 -0.074793
v -0.059148 -0.083460 -0.077693
v -0.059148 -0.083460 -0.074793
v -0.058989 -0.083596 -0.077693
v -0.058989 -0.083596 -0.074793
v -0.058801 -0.083686 -0.077693
v -0.058801 -0.083686 -0.074793
v -0.058596 -0.083724 -0.077693
v -0.058596 -0.083724 -0.074793
v -0.058388 -0.083708 -0.077693
v -0.058388 -0.083708 -0.074793
v -0.058191 -0.083639 -0.077693
v -0.058191 -0.083639 -0.074793
v -0.058018 -0.083521 -0.077693
v -0.058018 -0.083521 -0.074793
v -0.057882 -0.083362 -0.077693
v -0.057882 -0.083362 -0.074793
v -0.057792 -0.083174 -0.077693
v -0.070192 -0.080068 -0.077693
v -0.068365 -0.083669 -0.077693
v -0.069516 -0.081989 -0.077693
v -0.066819 -0.084994 -0.077693
v -0.064983 -0.085874 -0.077693
v -0.062981 -0.086248 -0.077693
v -0.060951 -0.086092 -0.077693
v -0.059306 -0.085549 -0.077693
v -0.058300 -0.071925 -0.077693
v -0.058560 -0.071763 -0.077693
v -0.059030 -0.085416 -0.077693
v -0.057350 -0.084265 -0.077693
v -0.056754 -0.073251 -0.077693
v -0.055604 -0.074931 -0.077693
v -0.054927 -0.076851 -0.077693
v -0.054771 -0.078881 -0.077693
v -0.055145 -0.080883 -0.077693
v -0.056025 -0.082719 -0.077693
v -0.067769 -0.072654 -0.077693
v -0.066089 -0.071504 -0.077693
v -0.069974 -0.076036 -0.077693
v -0.069094 -0.074200 -0.077693
v -0.060136 -0.071046 -0.077693
v -0.062138 -0.070671 -0.077693
v -0.064168 -0.070827 -0.077693
v -0.070348 -0.078038 -0.077693
v -0.058940 -0.085594 -0.077493
v -0.057217 -0.084414 -0.077493
v -0.055858 -0.082828 -0.077493
v -0.054955 -0.080945 -0.077493
v -0.054571 -0.078892 -0.077493
v -0.054731 -0.076810 -0.077493
v -0.055425 -0.074840 -0.077493
v -0.056605 -0.073117 -0.077493
v -0.058191 -0.071758 -0.077493
v -0.060074 -0.070856 -0.077493
v -0.062127 -0.070471 -0.077493
v -0.064209 -0.070632 -0.077493
v -0.066179 -0.071325 -0.077493
v -0.067902 -0.072505 -0.077493
v -0.069261 -0.074091 -0.077493
v -0.070164 -0.075974 -0.077493
v -0.070548 -0.078027 -0.077493
v -0.070388 -0.080109 -0.077493
v -0.069694 -0.082079 -0.077493
v -0.068514 -0.083802 -0.077493
v -0.066928 -0.085161 -0.077493
v -0.065045 -0.086064 -0.077493
v -0.062992 -0.086448 -0.077493
v -0.060910 -0.086288 -0.077493
v -0.055425 -0.074840 -0.074993
v -0.054731 -0.076810 -0.074993
v -0.054571 -0.078892 -0.074993
v -0.054955 -0.080945 -0.074993
v -0.055858 -0.082828 -0.074993
v -0.057217 -0.084414 -0.074993
v -0.058940 -0.085594 -0.074993
v -0.060910 -0.086288 -0.074993
v -0.062992 -0.086448 -0.074993
v -0.065045 -0.086064 -0.074993
v -0.066928 -0.085161 -0.074993
v -0.068514 -0.083802 -0.074993
v -0.069694 -0.082079 -0.074993
v -0.070388 -0.080109 -0.074993
v -0.070548 -0.078027 -0.074993
v -0.070164 -0.075974 -0.074993
v -0.069261 -0.074091 -0.074993
v -0.067902 -0.072505 -0.074993
v -0.066179 -0.071325 -0.074993
v -0.064209 -0.070632 -0.074993
v -0.062127 -0.070471 -0.074993
v -0.060074 -0.070856 -0.074993
v -0.058191 -0.071758 -0.074993
v -0.056605 -0.073117 -0.074993
v -0.066819 -0.084994 -0.074793
v -0.059030 -0.085416 -0.074793
v -0.060951 -0.086092 -0.074793
v -0.062981 -0.086248 -0.074793
v -0.064983 -0.085874 -0.074793
v -0.057350 -0.084265 -0.074793
v -0.056025 -0.082719 -0.074793
v -0.061910 -0.079586 -0.072993
v -0.061860 -0.079672 -0.072993
v -0.062223 -0.079715 -0.072993
v -0.062197 -0.079812 -0.072993
v -0.062560 -0.079760 -0.072993
v -0.062560 -0.079860 -0.072993
v -0.062896 -0.079715 -0.072993
v -0.062922 -0.079812 -0.072993
v -0.063210 -0.079586 -0.072993
v -0.063260 -0.079672 -0.072993
v -0.063479 -0.079379 -0.072993
v -0.063685 -0.079110 -0.072993
v -0.063772 -0.079160 -0.072993
v -0.063815 -0.078796 -0.072993
v -0.063912 -0.078822 -0.072993
v -0.063860 -0.078460 -0.072993
v -0.063960 -0.078460 -0.072993
v -0.063815 -0.078123 -0.072993
v -0.063912 -0.078097 -0.072993
v -0.063685 -0.077810 -0.072993
v -0.063772 -0.077760 -0.072993
v -0.063479 -0.077540 -0.072993
v -0.063210 -0.077334 -0.072993
v -0.063260 -0.077247 -0.072993
v -0.062896 -0.077204 -0.072993
v -0.062922 -0.077107 -0.072993
v -0.062560 -0.077160 -0.072993
v -0.062560 -0.077060 -0.072993
v -0.062223 -0.077204 -0.072993
v -0.062197 -0.077107 -0.072993
v -0.061910 -0.077334 -0.072993
v -0.061860 -0.077247 -0.072993
v -0.061640 -0.077540 -0.072993
v -0.061434 -0.077810 -0.072993
v -0.061347 -0.077760 -0.072993
v -0.061304 -0.078123 -0.072993
v -0.061207 -0.078097 -0.072993
v -0.061260 -0.078460 -0.072993
v -0.061160 -0.078460 -0.072993
v -0.061304 -0.078796 -0.072993
v -0.061207 -0.078822 -0.072993
v -0.061434 -0.079110 -0.072993
v -0.061347 -0.079160 -0.072993
v -0.061640 -0.079379 -0.072993
v -0.060580 -0.080440 -0.075993
v -0.060580 -0.080440 -0.077593
v -0.061160 -0.080885 -0.075993
v -0.061160 -0.080885 -0.077593
v -0.061835 -0.081164 -0.075993
v -0.061835 -0.081164 -0.077593
v -0.062560 -0.081260 -0.075993
v -0.062560 -0.081260 -0.077593
v -0.063284 -0.081164 -0.075993
v -0.063284 -0.081164 -0.077593
v -0.063960 -0.080885 -0.075993
v -0.063960 -0.080885 -0.077593
v -0.064539 -0.080440 -0.075993
v -0.064539 -0.080440 -0.077593
v -0.064984 -0.079860 -0.075993
v -0.064984 -0.079860 -0.077593
v -0.065264 -0.079184 -0.075993
v -0.065264 -0.079184 -0.077593
v -0.065360 -0.078460 -0.075993
v -0.065360 -0.078460 -0.077593
v -0.065264 -0.077735 -0.075993
v -0.065264 -0.077735 -0.077593
v -0.064984 -0.077060 -0.075993
v -0.064984 -0.077060 -0.077593
v -0.064539 -0.076480 -0.075993
v -0.064539 -0.076480 -0.077593
v -0.063960 -0.076035 -0.075993
v -0.063960 -0.076035 -0.077593
v -0.063284 -0.075755 -0.075993
v -0.063284 -0.075755 -0.077593
v -0.062560 -0.075660 -0.075993
v -0.062560 -0.075660 -0.077593
v -0.061835 -0.075755 -0.075993
v -0.061835 -0.075755 -0.077593
v -0.061160 -0.076035 -0.075993
v -0.061160 -0.076035 -0.077593
v -0.060580 -0.076480 -0.075993
v -0.060580 -0.076480 -0.077593
v -0.060135 -0.077060 -0.075993
v -0.060135 -0.077060 -0.077593
v -0.059855 -0.077735 -0.075993
v -0.059855 -0.077735 -0.077593
v -0.059760 -0.078460 -0.075993
v -0.059760 -0.078460 -0.077593
v -0.059855 -0.079184 -0.075993
v -0.059855 -0.079184 -0.077593
v -0.060135 -0.079860 -0.075993
v -0.060135 -0.079860 -0.077593
v -0.063691 -0.077328 -0.075993
v -0.063360 -0.077074 -0.075993
v -0.062974 -0.076914 -0.075993
v -0.062560 -0.076860 -0.075993
v -0.062145 -0.076914 -0.075993
v -0.061760 -0.077074 -0.075993
v -0.061428 -0.077328 -0.075993
v -0.061174 -0.077660 -0.075993
v -0.061014 -0.078046 -0.075993
v -0.060960 -0.078460 -0.075993
v -0.061014 -0.078874 -0.075993
v -0.061174 -0.079260 -0.075993
v -0.061428 -0.079591 -0.075993
v -0.061760 -0.079845 -0.075993
v -0.062145 -0.080005 -0.075993
v -0.062560 -0.080060 -0.075993
v -0.062974 -0.080005 -0.075993
v -0.063360 -0.079845 -0.075993
v -0.063691 -0.079591 -0.075993
v -0.063945 -0.079260 -0.075993
v -0.064105 -0.078874 -0.075993
v -0.064160 -0.078460 -0.075993
v -0.064105 -0.078046 -0.075993
v -0.063945 -0.077660 -0.075993
v -0.063772 -0.079160 -0.075793
v -0.063912 -0.078822 -0.075793
v -0.063960 -0.078460 -0.075793
v -0.063912 -0.078097 -0.075793
v -0.063772 -0.077760 -0.075793
v -0.063549 -0.077470 -0.075793
v -0.063260 -0.077247 -0.075793
v -0.062922 -0.077107 -0.075793
v -0.062560 -0.077060 -0.075793
v -0.062197 -0.077107 -0.075793
v -0.061860 -0.077247 -0.075793
v -0.061570 -0.077470 -0.075793
v -0.061347 -0.077760 -0.075793
v -0.061207 -0.078097 -0.075793
v -0.061160 -0.078460 -0.075793
v -0.061207 -0.078822 -0.075793
v -0.061347 -0.079160 -0.075793
v -0.061570 -0.079450 -0.075793
v -0.061860 -0.079672 -0.075793
v -0.062197 -0.079812 -0.075793
v -0.062560 -0.079860 -0.075793
v -0.062922 -0.079812 -0.075793
v -0.063260 -0.079672 -0.075793
v -0.063549 -0.079450 -0.075793
v -0.063773 -0.076389 -0.075193
v -0.063196 -0.076146 -0.075193
v -0.062575 -0.076060 -0.075193
v -0.061954 -0.076137 -0.075193
v -0.061373 -0.076373 -0.075193
v -0.061938 -0.076141 -0.075193
v -0.060874 -0.076752 -0.075193
v -0.060489 -0.077246 -0.075193
v -0.060245 -0.077823 -0.075193
v -0.060481 -0.077260 -0.075193
v -0.060160 -0.078444 -0.075193
v -0.060237 -0.079066 -0.075193
v -0.060160 -0.078460 -0.075193
v -0.060473 -0.079646 -0.075193
v -0.060851 -0.080146 -0.075193
v -0.060481 -0.079660 -0.075193
v -0.061346 -0.080530 -0.075193
v -0.060862 -0.080157 -0.075193
v -0.061923 -0.080774 -0.075193
v -0.061360 -0.080538 -0.075193
v -0.062544 -0.080860 -0.075193
v -0.063165 -0.080782 -0.075193
v -0.062560 -0.080860 -0.075193
v -0.063746 -0.080546 -0.075193
v -0.064245 -0.080168 -0.075193
v -0.063760 -0.080538 -0.075193
v -0.064630 -0.079673 -0.075193
v -0.064257 -0.080157 -0.075193
v -0.064874 -0.079096 -0.075193
v -0.064959 -0.078475 -0.075193
v -0.064882 -0.077854 -0.075193
v -0.064646 -0.077273 -0.075193
v -0.064878 -0.077839 -0.075193
v -0.064257 -0.076763 -0.075193
v -0.060847 -0.080150 -0.075245
v -0.063749 -0.080552 -0.075245
v -0.064652 -0.077270 -0.075245
v -0.060869 -0.076747 -0.075245
v -0.060450 -0.079659 -0.075293
v -0.060211 -0.079072 -0.075293
v -0.060133 -0.078444 -0.075293
v -0.060220 -0.077816 -0.075293
v -0.060466 -0.077233 -0.075293
v -0.060855 -0.076732 -0.075293
v -0.061360 -0.076350 -0.075293
v -0.061947 -0.076112 -0.075293
v -0.062575 -0.076033 -0.075293
v -0.063203 -0.076120 -0.075293
v -0.063787 -0.076366 -0.075293
v -0.064287 -0.076755 -0.075293
v -0.064669 -0.077260 -0.075293
v -0.064908 -0.077847 -0.075293
v -0.064986 -0.078476 -0.075293
v -0.064899 -0.079103 -0.075293
v -0.064653 -0.079687 -0.075293
v -0.064264 -0.080187 -0.075293
v -0.063759 -0.080569 -0.075293
v -0.063172 -0.080808 -0.075293
v -0.062544 -0.080886 -0.075293
v -0.061916 -0.080800 -0.075293
v -0.061332 -0.080553 -0.075293
v -0.060832 -0.080164 -0.075293
v -0.060438 -0.077216 -0.075334
v -0.060833 -0.076710 -0.075334
v -0.061344 -0.076322 -0.075334
v -0.063803 -0.076339 -0.075334
v -0.064309 -0.076733 -0.075334
v -0.064697 -0.077244 -0.075334
v -0.060386 -0.079695 -0.075366
v -0.060141 -0.079091 -0.075366
v -0.060060 -0.078443 -0.075366
v -0.060149 -0.077797 -0.075366
v -0.060403 -0.077195 -0.075366
v -0.060803 -0.076680 -0.075366
v -0.061324 -0.076286 -0.075366
v -0.061928 -0.076041 -0.075366
v -0.062576 -0.075960 -0.075366
v -0.063222 -0.076049 -0.075366
v -0.063824 -0.076303 -0.075366
v -0.064339 -0.076704 -0.075366
v -0.064733 -0.077224 -0.075366
v -0.064979 -0.077829 -0.075366
v -0.065059 -0.078476 -0.075366
v -0.064970 -0.079123 -0.075366
v -0.064716 -0.079724 -0.075366
v -0.064316 -0.080239 -0.075366
v -0.063795 -0.080633 -0.075366
v -0.063191 -0.080879 -0.075366
v -0.062543 -0.080960 -0.075366
v -0.061897 -0.080870 -0.075366
v -0.061295 -0.080616 -0.075366
v -0.060780 -0.080216 -0.075366
v -0.060344 -0.079719 -0.075386
v -0.060011 -0.078443 -0.075386
v -0.060770 -0.076646 -0.075386
v -0.061300 -0.076245 -0.075386
v -0.062576 -0.075911 -0.075386
v -0.064373 -0.076670 -0.075386
v -0.064775 -0.077200 -0.075386
v -0.064758 -0.079748 -0.075386
v -0.064350 -0.080273 -0.075386
v -0.063819 -0.080675 -0.075386
v -0.061271 -0.080658 -0.075386
v -0.060746 -0.080250 -0.075386
v -0.061870 -0.080967 -0.075393
v -0.061245 -0.080703 -0.075393
v -0.060721 -0.080298 -0.075393
v -0.060044 -0.079116 -0.075393
v -0.060316 -0.077145 -0.075393
v -0.060733 -0.076609 -0.075393
v -0.061903 -0.075944 -0.075393
v -0.063874 -0.076217 -0.075393
v -0.064410 -0.076633 -0.075393
v -0.065075 -0.077803 -0.075393
v -0.065159 -0.078477 -0.075393
v -0.065066 -0.079149 -0.075393
v -0.064803 -0.079774 -0.075393
v -0.063216 -0.080975 -0.075393
v -0.062542 -0.081060 -0.075393
v -0.060155 -0.080864 -0.075393
v -0.060860 -0.081404 -0.075393
v -0.061680 -0.081744 -0.075393
v -0.062560 -0.081860 -0.075393
v -0.063440 -0.081744 -0.075393
v -0.064260 -0.081404 -0.075393
v -0.064964 -0.080864 -0.075393
v -0.065504 -0.080160 -0.075393
v -0.065844 -0.079340 -0.075393
v -0.065960 -0.078460 -0.075393
v -0.065844 -0.077580 -0.075393
v -0.065504 -0.076760 -0.075393
v -0.064964 -0.076056 -0.075393
v -0.064260 -0.075515 -0.075393
v -0.063440 -0.075176 -0.075393
v -0.062560 -0.075060 -0.075393
v -0.061680 -0.075176 -0.075393
v -0.060860 -0.075515 -0.075393
v -0.060155 -0.076056 -0.075393
v -0.059615 -0.076760 -0.075393
v -0.059275 -0.077580 -0.075393
v -0.059160 -0.078460 -0.075393
v -0.059275 -0.079340 -0.075393
v -0.059615 -0.080160 -0.075393
v -0.060155 -0.080864 -0.077593
v -0.060860 -0.081404 -0.077593
v -0.061680 -0.081744 -0.077593
v -0.062560 -0.081860 -0.077593
v -0.063440 -0.081744 -0.077593
v -0.064260 -0.081404 -0.077593
v -0.064964 -0.080864 -0.077593
v -0.065504 -0.080160 -0.077593
v -0.065844 -0.079340 -0.077593
v -0.065960 -0.078460 -0.077593
v -0.065844 -0.077580 -0.077593
v -0.065504 -0.076760 -0.077593
v -0.064964 -0.076056 -0.077593
v -0.064260 -0.075515 -0.077593
v -0.063440 -0.075176 -0.077593
v -0.062560 -0.075060 -0.077593
v -0.061680 -0.075176 -0.077593
v -0.060860 -0.075515 -0.077593
v -0.060155 -0.076056 -0.077593
v -0.059615 -0.076760 -0.077593
v -0.059275 -0.077580 -0.077593
v -0.059160 -0.078460 -0.077593
v -0.059275 -0.079340 -0.077593
v -0.059615 -0.080160 -0.077593
v -0.063400 -0.078000 -0.077718
v -0.063400 -0.078000 -0.076993
v -0.063344 -0.078064 -0.077730
v -0.063297 -0.078135 -0.076993
v -0.063259 -0.078211 -0.077748
v -0.063232 -0.078291 -0.076993
v -0.063232 -0.078291 -0.077754
v -0.063215 -0.078375 -0.077757
v -0.063210 -0.078460 -0.076993
v -0.063210 -0.078460 -0.077758
v -0.063232 -0.078628 -0.076993
v -0.063232 -0.078628 -0.077754
v -0.063259 -0.078708 -0.077748
v -0.063297 -0.078785 -0.076993
v -0.063297 -0.078785 -0.077740
v -0.063344 -0.078856 -0.077730
v -0.063400 -0.078919 -0.076993
v -0.063400 -0.078919 -0.077718
v -0.063829 -0.077571 -0.076993
v -0.063829 -0.077571 -0.077594
v -0.063449 -0.077190 -0.077594
v -0.063449 -0.077190 -0.076993
v -0.063656 -0.077364 -0.077594
v -0.063656 -0.077364 -0.076993
v -0.063019 -0.077619 -0.076993
v -0.063019 -0.077619 -0.077718
v -0.062100 -0.077619 -0.077718
v -0.062100 -0.077619 -0.076993
v -0.062164 -0.077675 -0.077730
v -0.062235 -0.077723 -0.076993
v -0.062311 -0.077760 -0.077748
v -0.062391 -0.077788 -0.076993
v -0.062391 -0.077788 -0.077754
v -0.062475 -0.077804 -0.077757
v -0.062560 -0.077810 -0.076993
v -0.062560 -0.077810 -0.077758
v -0.062728 -0.077788 -0.076993
v -0.062728 -0.077788 -0.077754
v -0.062808 -0.077760 -0.077748
v -0.062885 -0.077723 -0.076993
v -0.062885 -0.077723 -0.077740
v -0.062955 -0.077675 -0.077730
v -0.061671 -0.077190 -0.076993
v -0.061671 -0.077190 -0.077594
v -0.061290 -0.077571 -0.077594
v -0.061290 -0.077571 -0.076993
v -0.061464 -0.077364 -0.077594
v -0.061464 -0.077364 -0.076993
v -0.061719 -0.078000 -0.076993
v -0.061719 -0.078000 -0.077718
v -0.061719 -0.078919 -0.077718
v -0.061719 -0.078919 -0.076993
v -0.061775 -0.078855 -0.077730
v -0.061822 -0.078785 -0.076993
v -0.061822 -0.078785 -0.077740
v -0.061860 -0.078708 -0.077748
v -0.061887 -0.078628 -0.076993
v -0.061887 -0.078628 -0.077754
v -0.061904 -0.078545 -0.077757
v -0.061910 -0.078460 -0.076993
v -0.061904 -0.078375 -0.077757
v -0.061887 -0.078291 -0.076993
v -0.061887 -0.078291 -0.077754
v -0.061860 -0.078211 -0.077748
v -0.061822 -0.078135 -0.076993
v -0.061822 -0.078135 -0.077740
v -0.061290 -0.079349 -0.076993
v -0.061290 -0.079349 -0.077594
v -0.061671 -0.079729 -0.077594
v -0.061671 -0.079729 -0.076993
v -0.061464 -0.079556 -0.077594
v -0.061464 -0.079556 -0.076993
v -0.062100 -0.079300 -0.076993
v -0.062100 -0.079300 -0.077718
v -0.063019 -0.079300 -0.077718
v -0.063019 -0.079300 -0.076993
v -0.062955 -0.079244 -0.077730
v -0.062885 -0.079197 -0.076993
v -0.062885 -0.079197 -0.077740
v -0.062808 -0.079159 -0.077748
v -0.062728 -0.079132 -0.076993
v -0.062728 -0.079132 -0.077754
v -0.062645 -0.079115 -0.077757
v -0.062560 -0.079110 -0.076993
v -0.062475 -0.079115 -0.077757
v -0.062391 -0.079132 -0.076993
v -0.062391 -0.079132 -0.077754
v -0.062311 -0.079159 -0.077748
v -0.062235 -0.079197 -0.076993
v -0.062235 -0.079197 -0.077740
v -0.063449 -0.079729 -0.076993
v -0.063449 -0.079729 -0.077594
v -0.063656 -0.079556 -0.076993
v -0.063829 -0.079349 -0.076993
v -0.063829 -0.079349 -0.077594
v -0.063656 -0.079556 -0.077594
v -0.063320 -0.079777 -0.077601
v -0.061090 -0.078066 -0.077601
v -0.061242 -0.077699 -0.077601
v -0.061038 -0.078460 -0.077601
v -0.061090 -0.078853 -0.077601
v -0.062166 -0.079929 -0.077601
v -0.061799 -0.079777 -0.077601
v -0.062560 -0.079981 -0.077601
v -0.062953 -0.079929 -0.077601
v -0.064029 -0.078853 -0.077601
v -0.063877 -0.079220 -0.077601
v -0.064081 -0.078460 -0.077601
v -0.064029 -0.078066 -0.077601
v -0.062953 -0.076990 -0.077601
v -0.063320 -0.077142 -0.077601
v -0.062560 -0.076938 -0.077601
v -0.062166 -0.076990 -0.077601
v -0.063749 -0.080519 -0.077313
v -0.064241 -0.080141 -0.077313
v -0.064619 -0.079649 -0.077313
v -0.064857 -0.079075 -0.077313
v -0.064938 -0.078460 -0.077313
v -0.064857 -0.077844 -0.077313
v -0.064619 -0.077271 -0.077313
v -0.063877 -0.077699 -0.077601
v -0.064241 -0.076778 -0.077313
v -0.063749 -0.076400 -0.077313
v -0.063175 -0.076163 -0.077313
v -0.062560 -0.076082 -0.077313
v -0.061944 -0.076163 -0.077313
v -0.061370 -0.076400 -0.077313
v -0.061799 -0.077142 -0.077601
v -0.060878 -0.076778 -0.077313
v -0.060500 -0.077271 -0.077313
v -0.060262 -0.077844 -0.077313
v -0.060181 -0.078460 -0.077313
v -0.060262 -0.079075 -0.077313
v -0.060500 -0.079649 -0.077313
v -0.061242 -0.079220 -0.077601
v -0.063175 -0.080757 -0.077313
v -0.062560 -0.080838 -0.077313
v -0.061944 -0.080757 -0.077313
v -0.061370 -0.080519 -0.077313
v -0.060878 -0.080141 -0.077313
v -0.064241 -0.080141 -0.076193
v -0.063817 -0.080637 -0.076273
v -0.063749 -0.080519 -0.076193
v -0.063210 -0.080888 -0.076273
v -0.063175 -0.080757 -0.076193
v -0.062560 -0.080974 -0.076273
v -0.062560 -0.080838 -0.076193
v -0.061909 -0.080888 -0.076273
v -0.061944 -0.080757 -0.076193
v -0.061302 -0.080637 -0.076273
v -0.061370 -0.080519 -0.076193
v -0.060782 -0.080238 -0.076273
v -0.060878 -0.080141 -0.076193
v -0.060382 -0.079717 -0.076273
v -0.060500 -0.079649 -0.076193
v -0.060131 -0.079110 -0.076273
v -0.060262 -0.079075 -0.076193
v -0.060045 -0.078460 -0.076273
v -0.060181 -0.078460 -0.076193
v -0.060131 -0.077809 -0.076273
v -0.060262 -0.077844 -0.076193
v -0.060382 -0.077202 -0.076273
v -0.060500 -0.077271 -0.076193
v -0.060782 -0.076682 -0.076273
v -0.060878 -0.076778 -0.076193
v -0.061302 -0.076282 -0.076273
v -0.061370 -0.076400 -0.076193
v -0.061909 -0.076031 -0.076273
v -0.061944 -0.076163 -0.076193
v -0.062560 -0.075945 -0.076273
v -0.062560 -0.076082 -0.076193
v -0.063210 -0.076031 -0.076273
v -0.063175 -0.076163 -0.076193
v -0.063817 -0.076282 -0.076273
v -0.063749 -0.076400 -0.076193
v -0.064337 -0.076682 -0.076273
v -0.064241 -0.076778 -0.076193
v -0.064737 -0.077202 -0.076273
v -0.064619 -0.077271 -0.076193
v -0.064988 -0.077809 -0.076273
v -0.064857 -0.077844 -0.076193
v -0.065074 -0.078460 -0.076273
v -0.064938 -0.078460 -0.076193
v -0.064988 -0.079110 -0.076273
v -0.064857 -0.079075 -0.076193
v -0.064737 -0.079717 -0.076273
v -0.064619 -0.079649 -0.076193
v -0.064337 -0.080238 -0.076273
v -0.063872 -0.080734 -0.076385
v -0.063239 -0.080996 -0.076385
v -0.062560 -0.081085 -0.076385
v -0.061880 -0.080996 -0.076385
v -0.061247 -0.080734 -0.076385
v -0.060703 -0.080316 -0.076385
v -0.060286 -0.079772 -0.076385
v -0.060023 -0.079139 -0.076385
v -0.059934 -0.078460 -0.076385
v -0.060023 -0.077780 -0.076385
v -0.060286 -0.077147 -0.076385
v -0.060703 -0.076603 -0.076385
v -0.061247 -0.076186 -0.076385
v -0.061880 -0.075924 -0.076385
v -0.062560 -0.075834 -0.076385
v -0.063239 -0.075924 -0.076385
v -0.063872 -0.076186 -0.076385
v -0.064416 -0.076603 -0.076385
v -0.064833 -0.077147 -0.076385
v -0.065096 -0.077780 -0.076385
v -0.065185 -0.078460 -0.076385
v -0.065096 -0.079139 -0.076385
v -0.064833 -0.079772 -0.076385
v -0.064416 -0.080316 -0.076385
v -0.063912 -0.080802 -0.076521
v -0.063259 -0.081072 -0.076521
v -0.062560 -0.081164 -0.076521
v -0.061860 -0.081072 -0.076521
v -0.061207 -0.080802 -0.076521
v -0.060647 -0.080372 -0.076521
v -0.060218 -0.079812 -0.076521
v -0.059947 -0.079160 -0.076521
v -0.059855 -0.078460 -0.076521
v -0.059947 -0.077760 -0.076521
v -0.060218 -0.077108 -0.076521
v -0.060647 -0.076548 -0.076521
v -0.061207 -0.076118 -0.076521
v -0.061860 -0.075848 -0.076521
v -0.062560 -0.075755 -0.076521
v -0.063259 -0.075848 -0.076521
v -0.063912 -0.076118 -0.076521
v -0.064472 -0.076548 -0.076521
v -0.064901 -0.077108 -0.076521
v -0.065172 -0.077760 -0.076521
v -0.065264 -0.078460 -0.076521
v -0.065172 -0.079160 -0.076521
v -0.064901 -0.079812 -0.076521
v -0.064472 -0.080372 -0.076521
v -0.063932 -0.080837 -0.076674
v -0.063270 -0.081111 -0.076674
v -0.062560 -0.081205 -0.076674
v -0.061849 -0.081111 -0.076674
v -0.061187 -0.080837 -0.076674
v -0.060619 -0.080401 -0.076674
v -0.060182 -0.079832 -0.076674
v -0.059908 -0.079170 -0.076674
v -0.059815 -0.078460 -0.076674
v -0.059908 -0.077749 -0.076674
v -0.060182 -0.077087 -0.076674
v -0.060619 -0.076519 -0.076674
v -0.061187 -0.076083 -0.076674
v -0.061849 -0.075808 -0.076674
v -0.062560 -0.075715 -0.076674
v -0.063270 -0.075808 -0.076674
v -0.063932 -0.076083 -0.076674
v -0.064500 -0.076519 -0.076674
v -0.064937 -0.077087 -0.076674
v -0.065211 -0.077749 -0.076674
v -0.065304 -0.078460 -0.076674
v -0.065211 -0.079170 -0.076674
v -0.064937 -0.079832 -0.076674
v -0.064500 -0.080401 -0.076674
v -0.063932 -0.080837 -0.076832
v -0.063270 -0.081111 -0.076832
v -0.062560 -0.081205 -0.076832
v -0.061849 -0.081111 -0.076832
v -0.061187 -0.080837 -0.076832
v -0.060619 -0.080401 -0.076832
v -0.060182 -0.079832 -0.076832
v -0.059908 -0.079170 -0.076832
v -0.059815 -0.078460 -0.076832
v -0.059908 -0.077749 -0.076832
v -0.060182 -0.077087 -0.076832
v -0.060619 -0.076519 -0.076832
v -0.061187 -0.076083 -0.076832
v -0.061849 -0.075808 -0.076832
v -0.062560 -0.075715 -0.076832
v -0.063270 -0.075808 -0.076832
v -0.063932 -0.076083 -0.076832
v -0.064500 -0.076519 -0.076832
v -0.064937 -0.077087 -0.076832
v -0.065211 -0.077749 -0.076832
v -0.065304 -0.078460 -0.076832
v -0.065211 -0.079170 -0.076832
v -0.064937 -0.079832 -0.076832
v -0.064500 -0.080401 -0.076832
v -0.063912 -0.080802 -0.076984
v -0.063259 -0.081072 -0.076984
v -0.062560 -0.081164 -0.076984
v -0.061860 -0.081072 -0.076984
v -0.061207 -0.080802 -0.076984
v -0.060647 -0.080372 -0.076984
v -0.060218 -0.079812 -0.076984
v -0.059947 -0.079160 -0.076984
v -0.059855 -0.078460 -0.076984
v -0.059947 -0.077760 -0.076984
v -0.060218 -0.077108 -0.076984
v -0.060647 -0.076548 -0.076984
v -0.061207 -0.076118 -0.076984
v -0.061860 -0.075848 -0.076984
v -0.062560 -0.075755 -0.076984
v -0.063259 -0.075848 -0.076984
v -0.063912 -0.076118 -0.076984
v -0.064472 -0.076548 -0.076984
v -0.064901 -0.077108 -0.076984
v -0.065172 -0.077760 -0.076984
v -0.065264 -0.078460 -0.076984
v -0.065172 -0.079160 -0.076984
v -0.064901 -0.079812 -0.076984
v -0.064472 -0.080372 -0.076984
v -0.063872 -0.080734 -0.077121
v -0.063239 -0.080996 -0.077121
v -0.062560 -0.081085 -0.077121
v -0.061880 -0.080996 -0.077121
v -0.061247 -0.080734 -0.077121
v -0.060703 -0.080316 -0.077121
v -0.060286 -0.079772 -0.077121
v -0.060023 -0.079139 -0.077121
v -0.059934 -0.078460 -0.077121
v -0.060023 -0.077780 -0.077121
v -0.060286 -0.077147 -0.077121
v -0.060703 -0.076603 -0.077121
v -0.061247 -0.076186 -0.077121
v -0.061880 -0.075924 -0.077121
v -0.062560 -0.075834 -0.077121
v -0.063239 -0.075924 -0.077121
v -0.063872 -0.076186 -0.077121
v -0.064416 -0.076603 -0.077121
v -0.064833 -0.077147 -0.077121
v -0.065096 -0.077780 -0.077121
v -0.065185 -0.078460 -0.077121
v -0.065096 -0.079139 -0.077121
v -0.064833 -0.079772 -0.077121
v -0.064416 -0.080316 -0.077121
v -0.063817 -0.080637 -0.077233
v -0.063210 -0.080888 -0.077233
v -0.062560 -0.080974 -0.077233
v -0.061909 -0.080888 -0.077233
v -0.061302 -0.080637 -0.077233
v -0.060782 -0.080238 -0.077233
v -0.060382 -0.079717 -0.077233
v -0.060131 -0.079110 -0.077233
v -0.060045 -0.078460 -0.077233
v -0.060131 -0.077809 -0.077233
v -0.060382 -0.077202 -0.077233
v -0.060782 -0.076682 -0.077233
v -0.061302 -0.076282 -0.077233
v -0.061909 -0.076031 -0.077233
v -0.062560 -0.075945 -0.077233
v -0.063210 -0.076031 -0.077233
v -0.063817 -0.076282 -0.077233
v -0.064337 -0.076682 -0.077233
v -0.064737 -0.077202 -0.077233
v -0.064988 -0.077809 -0.077233
v -0.065074 -0.078460 -0.077233
v -0.064988 -0.079110 -0.077233
v -0.064737 -0.079717 -0.077233
v -0.064337 -0.080238 -0.077233
v -0.061910 -0.077334 -0.076193
v -0.062223 -0.077204 -0.076193
v -0.062560 -0.077160 -0.076193
v -0.062896 -0.077204 -0.076193
v -0.063210 -0.077334 -0.076193
v -0.063479 -0.077540 -0.076193
v -0.063685 -0.077810 -0.076193
v -0.063815 -0.078123 -0.076193
v -0.063860 -0.078460 -0.076193
v -0.063815 -0.078796 -0.076193
v -0.063685 -0.079110 -0.076193
v -0.063479 -0.079379 -0.076193
v -0.063210 -0.079586 -0.076193
v -0.062896 -0.079715 -0.076193
v -0.062560 -0.079760 -0.076193
v -0.062223 -0.079715 -0.076193
v -0.061910 -0.079586 -0.076193
v -0.061640 -0.079379 -0.076193
v -0.061434 -0.079110 -0.076193
v -0.061304 -0.078796 -0.076193
v -0.061260 -0.078460 -0.076193
v -0.061304 -0.078123 -0.076193
v -0.061434 -0.077810 -0.076193
v -0.061640 -0.077540 -0.076193
v -0.052760 -0.082210 -0.065493
v -0.052760 -0.092210 -0.065493
v -0.054357 -0.082210 -0.069693
v -0.054060 -0.082210 -0.069693
v -0.054060 -0.082210 -0.066993
v -0.054760 -0.082210 -0.071493
v -0.052760 -0.082210 -0.070593
v -0.054357 -0.082210 -0.070593
v -0.054760 -0.082210 -0.066993
v -0.054357 -0.083260 -0.069693
v -0.054357 -0.083260 -0.070593
v -0.054060 -0.083260 -0.069693
v -0.054640 -0.084390 -0.070993
v -0.054640 -0.085030 -0.070993
v -0.055280 -0.084390 -0.070993
v -0.055280 -0.085030 -0.070993
v -0.055280 -0.084390 -0.066993
v -0.055280 -0.085030 -0.066993
v -0.054640 -0.084390 -0.066993
v -0.054640 -0.085030 -0.066993
v -0.054640 -0.086890 -0.070993
v -0.054640 -0.087530 -0.070993
v -0.055280 -0.086890 -0.070993
v -0.055280 -0.087530 -0.070993
v -0.055280 -0.086890 -0.066993
v -0.055280 -0.087530 -0.066993
v -0.054640 -0.086890 -0.066993
v -0.054640 -0.087530 -0.066993
v -0.054640 -0.089390 -0.070993
v -0.054640 -0.090030 -0.070993
v -0.055280 -0.089390 -0.070993
v -0.055280 -0.090030 -0.070993
v -0.055280 -0.089390 -0.066993
v -0.055280 -0.090030 -0.066993
v -0.054640 -0.089390 -0.066993
v -0.054640 -0.090030 -0.066993
v -0.054760 -0.082660 -0.071493
v -0.054760 -0.082660 -0.070493
v -0.054760 -0.083260 -0.070493
v -0.054760 -0.083260 -0.066993
v -0.055457 -0.083260 -0.066993
v -0.055457 -0.083260 -0.070493
v -0.055457 -0.082660 -0.070493
v -0.055457 -0.082660 -0.066993
v -0.056057 -0.082660 -0.066993
v -0.056057 -0.082660 -0.071493
v -0.056057 -0.091760 -0.066993
v -0.055457 -0.091160 -0.066993
v -0.054060 -0.083260 -0.066993
v -0.055457 -0.091760 -0.066993
v -0.052760 -0.083260 -0.066993
v -0.052760 -0.091160 -0.066993
v -0.054060 -0.091160 -0.066993
v -0.054760 -0.091160 -0.066993
v -0.054760 -0.092210 -0.066993
v -0.054060 -0.092210 -0.066993
v -0.054760 -0.091160 -0.070493
v -0.055457 -0.091160 -0.070493
v -0.055457 -0.091760 -0.070493
v -0.054760 -0.091760 -0.070493
v -0.054760 -0.091760 -0.071493
v -0.056057 -0.091760 -0.071493
v -0.054760 -0.092210 -0.071493
v -0.054357 -0.092210 -0.069693
v -0.054357 -0.092210 -0.070593
v -0.054060 -0.092210 -0.069693
v -0.052760 -0.092210 -0.070593
v -0.054357 -0.091160 -0.070593
v -0.054357 -0.091160 -0.069693
v -0.054060 -0.091160 -0.069693
v -0.052760 -0.091160 -0.070593
v -0.052760 -0.083260 -0.070593
v -0.068560 -0.082510 -0.071493
v -0.068560 -0.092210 -0.071493
v -0.070762 -0.092210 -0.069693
v -0.070762 -0.092210 -0.070593
v -0.070762 -0.091160 -0.069693
v -0.070762 -0.091160 -0.070593
v -0.071060 -0.091160 -0.069693
v -0.071060 -0.092210 -0.069693
v -0.070480 -0.090030 -0.070993
v -0.070480 -0.089390 -0.070993
v -0.069840 -0.090030 -0.070993
v -0.069840 -0.089390 -0.070993
v -0.069840 -0.090030 -0.066993
v -0.069840 -0.089390 -0.066993
v -0.070480 -0.090030 -0.066993
v -0.070480 -0.089390 -0.066993
v -0.070480 -0.087530 -0.070993
v -0.070480 -0.086890 -0.070993
v -0.069840 -0.087530 -0.070993
v -0.069840 -0.086890 -0.070993
v -0.069840 -0.087530 -0.066993
v -0.069840 -0.086890 -0.066993
v -0.070480 -0.087530 -0.066993
v -0.070480 -0.086890 -0.066993
v -0.070480 -0.085030 -0.070993
v -0.070480 -0.084390 -0.070993
v -0.069840 -0.085030 -0.070993
v -0.069840 -0.084390 -0.070993
v -0.069840 -0.085030 -0.066993
v -0.069840 -0.084390 -0.066993
v -0.070480 -0.085030 -0.066993
v -0.070480 -0.084390 -0.066993
v -0.070360 -0.091760 -0.071493
v -0.070360 -0.092210 -0.071493
v -0.070360 -0.091760 -0.070493
v -0.070360 -0.092210 -0.066993
v -0.070360 -0.091160 -0.070493
v -0.070360 -0.091160 -0.066993
v -0.069662 -0.091160 -0.066993
v -0.069662 -0.091160 -0.070493
v -0.069662 -0.091760 -0.070493
v -0.069662 -0.091760 -0.066993
v -0.069062 -0.091760 -0.066993
v -0.069062 -0.091760 -0.071493
v -0.069062 -0.082660 -0.066993
v -0.069662 -0.083260 -0.066993
v -0.069662 -0.082660 -0.066993
v -0.071060 -0.092210 -0.066993
v -0.072360 -0.083260 -0.066993
v -0.072360 -0.091160 -0.066993
v -0.071060 -0.091160 -0.066993
v -0.071060 -0.083260 -0.066993
v -0.070360 -0.083260 -0.066993
v -0.070360 -0.083260 -0.070493
v -0.069662 -0.083260 -0.070493
v -0.069662 -0.082660 -0.070493
v -0.070360 -0.082660 -0.070493
v -0.070360 -0.082660 -0.071493
v -0.069062 -0.082660 -0.071493
v -0.070762 -0.083260 -0.070593
v -0.070762 -0.083260 -0.069693
v -0.071060 -0.083260 -0.069693
v -0.072360 -0.083260 -0.070593
v -0.072360 -0.091160 -0.070593
v -0.072360 -0.092210 -0.070593
v -0.070560 -0.099935 -0.051793
v -0.071284 -0.100235 -0.051793
v -0.071447 -0.100447 -0.051793
v -0.070825 -0.101950 -0.051793
v -0.070294 -0.101950 -0.051793
v -0.070047 -0.101847 -0.051793
v -0.069835 -0.101684 -0.051793
v -0.069535 -0.100960 -0.051793
v -0.069672 -0.100447 -0.051793
v -0.069835 -0.100235 -0.051793
v -0.070047 -0.100072 -0.051793
v -0.054560 -0.099935 -0.051793
v -0.055284 -0.100235 -0.051793
v -0.055447 -0.100447 -0.051793
v -0.055550 -0.100694 -0.051793
v -0.055550 -0.101225 -0.051793
v -0.054825 -0.101950 -0.051793
v -0.054294 -0.101950 -0.051793
v -0.054047 -0.101847 -0.051793
v -0.053835 -0.101684 -0.051793
v -0.053535 -0.100960 -0.051793
v -0.053672 -0.100447 -0.051793
v -0.053835 -0.100235 -0.051793
v -0.054047 -0.100072 -0.051793
v -0.072292 -0.099960 -0.051793
v -0.052827 -0.099960 -0.074793
v -0.067810 -0.099888 -0.074793
v -0.053145 -0.099545 -0.074793
v -0.053560 -0.099228 -0.074793
v -0.054042 -0.099028 -0.074793
v -0.071077 -0.099028 -0.074793
v -0.071560 -0.099228 -0.074793
v -0.071974 -0.099545 -0.074793
v -0.072292 -0.099960 -0.074793
v -0.056296 -0.099038 -0.074793
v -0.056471 -0.099133 -0.074793
v -0.057310 -0.099888 -0.074793
v -0.056623 -0.099261 -0.074793
v -0.054560 -0.098960 -0.074793
v -0.055908 -0.098960 -0.074793
v -0.056106 -0.098979 -0.074793
v -0.068496 -0.099261 -0.074793
v -0.068648 -0.099133 -0.074793
v -0.068823 -0.099038 -0.074793
v -0.069013 -0.098979 -0.074793
v -0.069211 -0.098960 -0.074793
v -0.070560 -0.098960 -0.074793
v -0.055550 -0.100694 -0.074793
v -0.055447 -0.100447 -0.074793
v -0.055284 -0.100235 -0.074793
v -0.054560 -0.099935 -0.074793
v -0.054047 -0.100072 -0.074793
v -0.053835 -0.100235 -0.074793
v -0.053672 -0.100447 -0.074793
v -0.053535 -0.100960 -0.074793
v -0.053835 -0.101684 -0.074793
v -0.054047 -0.101847 -0.074793
v -0.054294 -0.101950 -0.074793
v -0.054825 -0.101950 -0.074793
v -0.055550 -0.101225 -0.074793
v -0.071196 -0.102960 -0.072977
v -0.070800 -0.102960 -0.073077
v -0.069042 -0.102960 -0.072261
v -0.069299 -0.102960 -0.072578
v -0.069622 -0.102960 -0.072829
v -0.069992 -0.102960 -0.073001
v -0.070392 -0.102960 -0.073085
v -0.062560 -0.102960 -0.073097
v -0.053923 -0.102960 -0.072977
v -0.055127 -0.102960 -0.073001
v -0.054727 -0.102960 -0.073085
v -0.054319 -0.102960 -0.073077
v -0.055497 -0.102960 -0.072829
v -0.055820 -0.102960 -0.072578
v -0.056077 -0.102960 -0.072261
v -0.069206 -0.102960 -0.060202
v -0.069778 -0.102960 -0.059900
v -0.070263 -0.102960 -0.059473
v -0.070635 -0.102960 -0.058944
v -0.070874 -0.102960 -0.058343
v -0.070966 -0.102960 -0.057703
v -0.071246 -0.102960 -0.056957
v -0.070905 -0.102960 -0.057059
v -0.070635 -0.102960 -0.067642
v -0.070263 -0.102960 -0.067113
v -0.069778 -0.102960 -0.066686
v -0.069206 -0.102960 -0.066384
v -0.070966 -0.102960 -0.068883
v -0.070874 -0.102960 -0.068243
v -0.071246 -0.102960 -0.069629
v -0.070905 -0.102960 -0.069526
v -0.053873 -0.102960 -0.069629
v -0.055913 -0.102960 -0.066384
v -0.055342 -0.102960 -0.066686
v -0.054856 -0.102960 -0.067113
v -0.054214 -0.102960 -0.069526
v -0.054154 -0.102960 -0.068883
v -0.054245 -0.102960 -0.068243
v -0.054484 -0.102960 -0.067642
v -0.054245 -0.102960 -0.058343
v -0.054484 -0.102960 -0.058944
v -0.054856 -0.102960 -0.059473
v -0.055342 -0.102960 -0.059900
v -0.055913 -0.102960 -0.060202
v -0.053873 -0.102960 -0.056957
v -0.054214 -0.102960 -0.057059
v -0.054154 -0.102960 -0.057703
v -0.057058 -0.101536 -0.051793
v -0.057168 -0.101550 -0.051793
v -0.053923 -0.102960 -0.053609
v -0.056077 -0.102960 -0.054325
v -0.055820 -0.102960 -0.054008
v -0.054727 -0.102960 -0.053501
v -0.054319 -0.102960 -0.053509
v -0.055497 -0.102960 -0.053757
v -0.055127 -0.102960 -0.053585
v -0.062560 -0.102960 -0.053489
v -0.071196 -0.102960 -0.053609
v -0.069042 -0.102960 -0.054325
v -0.069299 -0.102960 -0.054008
v -0.069622 -0.102960 -0.053757
v -0.070800 -0.102960 -0.053509
v -0.070392 -0.102960 -0.053501
v -0.069992 -0.102960 -0.053585
v -0.057310 -0.099888 -0.076593
v -0.065339 -0.101280 -0.076593
v -0.063502 -0.101706 -0.076593
v -0.061617 -0.101706 -0.076593
v -0.067810 -0.099888 -0.076593
v -0.067033 -0.100451 -0.076593
v -0.059780 -0.101280 -0.076593
v -0.058086 -0.100451 -0.076593
v -0.068496 -0.099261 -0.076093
v -0.068648 -0.099133 -0.076093
v -0.068823 -0.099038 -0.076093
v -0.069013 -0.098979 -0.076093
v -0.069211 -0.098960 -0.076093
v -0.056623 -0.099261 -0.076093
v -0.056471 -0.099133 -0.076093
v -0.056296 -0.099038 -0.076093
v -0.056106 -0.098979 -0.076093
v -0.055908 -0.098960 -0.076093
v -0.052628 -0.100442 -0.076093
v -0.052628 -0.100442 -0.074793
v -0.052827 -0.099960 -0.076093
v -0.053145 -0.099545 -0.076093
v -0.053560 -0.099228 -0.076093
v -0.054042 -0.099028 -0.076093
v -0.054560 -0.098960 -0.076093
v -0.070560 -0.098960 -0.076093
v -0.071077 -0.099028 -0.076093
v -0.071560 -0.099228 -0.076093
v -0.071974 -0.099545 -0.076093
v -0.072292 -0.099960 -0.076093
v -0.072491 -0.100442 -0.076093
v -0.072560 -0.100960 -0.076093
v -0.070560 -0.098960 -0.050493
v -0.071077 -0.099028 -0.050493
v -0.071560 -0.099228 -0.050493
v -0.071974 -0.099545 -0.050493
v -0.072292 -0.099960 -0.050493
v -0.072491 -0.100442 -0.050493
v -0.072491 -0.100442 -0.051793
v -0.072560 -0.100960 -0.051793
v -0.072560 -0.100960 -0.050493
v -0.052628 -0.100442 -0.051793
v -0.052560 -0.100960 -0.050493
v -0.052628 -0.100442 -0.050493
v -0.052827 -0.099960 -0.050493
v -0.053145 -0.099545 -0.050493
v -0.053560 -0.099228 -0.050493
v -0.054042 -0.099028 -0.050493
v -0.054560 -0.098960 -0.050493
v -0.056623 -0.099261 -0.050493
v -0.056471 -0.099133 -0.050493
v -0.056296 -0.099038 -0.050493
v -0.056106 -0.098979 -0.050493
v -0.055908 -0.098960 -0.050493
v -0.069211 -0.098960 -0.050493
v -0.068496 -0.099261 -0.050493
v -0.068648 -0.099133 -0.050493
v -0.068823 -0.099038 -0.050493
v -0.069013 -0.098979 -0.050493
v -0.072560 -0.104877 -0.077393
v -0.072560 -0.103210 -0.077393
v -0.072360 -0.104960 -0.077593
v -0.072360 -0.103210 -0.077593
v -0.072560 -0.105760 -0.076510
v -0.072560 -0.105760 -0.050076
v -0.072360 -0.104960 -0.048993
v -0.072560 -0.104877 -0.049193
v -0.052760 -0.104960 -0.048993
v -0.052560 -0.104877 -0.049193
v -0.052560 -0.105760 -0.050076
v -0.052560 -0.103210 -0.049193
v -0.052760 -0.103210 -0.048993
v -0.053060 -0.102710 -0.050493
v -0.053060 -0.102710 -0.049193
v -0.052930 -0.102727 -0.049193
v -0.052930 -0.102727 -0.050493
v -0.052810 -0.102777 -0.049193
v -0.052810 -0.102777 -0.050493
v -0.052706 -0.102856 -0.049193
v -0.052706 -0.102856 -0.050493
v -0.052627 -0.102960 -0.049193
v -0.052627 -0.102960 -0.050493
v -0.052577 -0.103080 -0.049193
v -0.052577 -0.103080 -0.050493
v -0.052560 -0.103210 -0.050493
v -0.052770 -0.103132 -0.048993
v -0.052847 -0.102998 -0.048993
v -0.052910 -0.102950 -0.048993
v -0.052982 -0.102920 -0.048993
v -0.053060 -0.102910 -0.048993
v -0.054560 -0.102710 -0.049193
v -0.054560 -0.102910 -0.048993
v -0.054560 -0.102710 -0.050493
v -0.055012 -0.102650 -0.049193
v -0.055012 -0.102650 -0.050493
v -0.055435 -0.102475 -0.049193
v -0.055435 -0.102475 -0.050493
v -0.055797 -0.102197 -0.049193
v -0.055797 -0.102197 -0.050493
v -0.056075 -0.101835 -0.049193
v -0.056075 -0.101835 -0.050493
v -0.056250 -0.101413 -0.049193
v -0.056250 -0.101413 -0.050493
v -0.056310 -0.100960 -0.049193
v -0.056310 -0.100960 -0.050493
v -0.056510 -0.100960 -0.048993
v -0.056443 -0.101464 -0.048993
v -0.056248 -0.101935 -0.048993
v -0.055938 -0.102339 -0.048993
v -0.055535 -0.102648 -0.048993
v -0.055064 -0.102843 -0.048993
v -0.056310 -0.100121 -0.049193
v -0.056510 -0.100121 -0.048993
v -0.056310 -0.100121 -0.050493
v -0.056326 -0.099996 -0.050493
v -0.056326 -0.099996 -0.049193
v -0.056373 -0.099878 -0.050493
v -0.056373 -0.099878 -0.049193
v -0.056447 -0.099777 -0.050493
v -0.056447 -0.099777 -0.049193
v -0.056546 -0.099697 -0.050493
v -0.056546 -0.099697 -0.049193
v -0.056661 -0.099644 -0.050493
v -0.056661 -0.099644 -0.049193
v -0.056785 -0.099622 -0.050493
v -0.056785 -0.099622 -0.049193
v -0.056911 -0.099632 -0.050493
v -0.056911 -0.099632 -0.049193
v -0.057031 -0.099673 -0.050493
v -0.057031 -0.099673 -0.049193
v -0.057136 -0.099743 -0.050493
v -0.057136 -0.099743 -0.049193
v -0.056519 -0.100046 -0.048993
v -0.056592 -0.099914 -0.048993
v -0.056651 -0.099867 -0.048993
v -0.056720 -0.099835 -0.048993
v -0.056795 -0.099822 -0.048993
v -0.056871 -0.099828 -0.048993
v -0.056942 -0.099852 -0.048993
v -0.057006 -0.099894 -0.048993
v -0.068810 -0.100121 -0.050493
v -0.068810 -0.100121 -0.049193
v -0.068794 -0.099996 -0.049193
v -0.068794 -0.099996 -0.050493
v -0.068747 -0.099878 -0.049193
v -0.068747 -0.099878 -0.050493
v -0.068672 -0.099777 -0.049193
v -0.068672 -0.099777 -0.050493
v -0.068574 -0.099697 -0.049193
v -0.068574 -0.099697 -0.050493
v -0.068459 -0.099644 -0.049193
v -0.068459 -0.099644 -0.050493
v -0.068334 -0.099622 -0.049193
v -0.068334 -0.099622 -0.050493
v -0.068208 -0.099632 -0.049193
v -0.068208 -0.099632 -0.050493
v -0.068088 -0.099673 -0.049193
v -0.068088 -0.099673 -0.050493
v -0.067983 -0.099743 -0.049193
v -0.067983 -0.099743 -0.050493
v -0.068810 -0.100960 -0.050493
v -0.068810 -0.100960 -0.049193
v -0.068869 -0.101413 -0.049193
v -0.068869 -0.101413 -0.050493
v -0.069044 -0.101835 -0.049193
v -0.069044 -0.101835 -0.050493
v -0.069322 -0.102197 -0.049193
v -0.069322 -0.102197 -0.050493
v -0.069685 -0.102475 -0.049193
v -0.069685 -0.102475 -0.050493
v -0.070107 -0.102650 -0.049193
v -0.070107 -0.102650 -0.050493
v -0.070560 -0.102710 -0.049193
v -0.070560 -0.102710 -0.050493
v -0.070560 -0.102910 -0.048993
v -0.070055 -0.102843 -0.048993
v -0.069585 -0.102648 -0.048993
v -0.069181 -0.102339 -0.048993
v -0.068871 -0.101935 -0.048993
v -0.068676 -0.101464 -0.048993
v -0.068610 -0.100960 -0.048993
v -0.068610 -0.100121 -0.048993
v -0.068114 -0.099894 -0.048993
v -0.068177 -0.099852 -0.048993
v -0.068249 -0.099828 -0.048993
v -0.068324 -0.099822 -0.048993
v -0.068399 -0.099835 -0.048993
v -0.068468 -0.099867 -0.048993
v -0.068572 -0.099976 -0.048993
v -0.067033 -0.100451 -0.049193
v -0.067141 -0.100619 -0.048993
v -0.065339 -0.101280 -0.049193
v -0.065406 -0.101469 -0.048993
v -0.063502 -0.101706 -0.049193
v -0.063525 -0.101905 -0.048993
v -0.061617 -0.101706 -0.049193
v -0.061594 -0.101905 -0.048993
v -0.059780 -0.101280 -0.049193
v -0.059713 -0.101469 -0.048993
v -0.058086 -0.100451 -0.049193
v -0.057978 -0.100619 -0.048993
v -0.067810 -0.099888 -0.049993
v -0.067033 -0.100451 -0.049993
v -0.065339 -0.101280 -0.049993
v -0.063502 -0.101706 -0.049993
v -0.061617 -0.101706 -0.049993
v -0.059780 -0.101280 -0.049993
v -0.058086 -0.100451 -0.049993
v -0.071585 -0.100960 -0.050493
v -0.071550 -0.101225 -0.050493
v -0.071447 -0.101472 -0.050493
v -0.071284 -0.101684 -0.050493
v -0.071072 -0.101847 -0.050493
v -0.070825 -0.101950 -0.050493
v -0.070560 -0.101985 -0.050493
v -0.070294 -0.101950 -0.050493
v -0.070047 -0.101847 -0.050493
v -0.069835 -0.101684 -0.050493
v -0.069672 -0.101472 -0.050493
v -0.069569 -0.101225 -0.050493
v -0.069535 -0.100960 -0.050493
v -0.069569 -0.100694 -0.050493
v -0.069672 -0.100447 -0.050493
v -0.069835 -0.100235 -0.050493
v -0.070047 -0.100072 -0.050493
v -0.070294 -0.099970 -0.050493
v -0.070560 -0.099935 -0.050493
v -0.070825 -0.099970 -0.050493
v -0.071072 -0.100072 -0.050493
v -0.071284 -0.100235 -0.050493
v -0.071447 -0.100447 -0.050493
v -0.071550 -0.100694 -0.050493
v -0.055585 -0.100960 -0.050493
v -0.055550 -0.101225 -0.050493
v -0.055447 -0.101472 -0.050493
v -0.055284 -0.101684 -0.050493
v -0.055072 -0.101847 -0.050493
v -0.054825 -0.101950 -0.050493
v -0.054560 -0.101985 -0.050493
v -0.054294 -0.101950 -0.050493
v -0.054047 -0.101847 -0.050493
v -0.053835 -0.101684 -0.050493
v -0.053672 -0.101472 -0.050493
v -0.053569 -0.101225 -0.050493
v -0.053535 -0.100960 -0.050493
v -0.053569 -0.100694 -0.050493
v -0.053672 -0.100447 -0.050493
v -0.053835 -0.100235 -0.050493
v -0.054047 -0.100072 -0.050493
v -0.054294 -0.099970 -0.050493
v -0.054560 -0.099935 -0.050493
v -0.054825 -0.099970 -0.050493
v -0.055072 -0.100072 -0.050493
v -0.055284 -0.100235 -0.050493
v -0.055447 -0.100447 -0.050493
v -0.055550 -0.100694 -0.050493
v -0.072560 -0.103210 -0.050493
v -0.072543 -0.103080 -0.050493
v -0.072493 -0.102960 -0.050493
v -0.072413 -0.102856 -0.050493
v -0.072310 -0.102777 -0.050493
v -0.072189 -0.102727 -0.050493
v -0.072060 -0.102710 -0.050493
v -0.072060 -0.102710 -0.049193
v -0.072189 -0.102727 -0.049193
v -0.072310 -0.102777 -0.049193
v -0.072413 -0.102856 -0.049193
v -0.072493 -0.102960 -0.049193
v -0.072543 -0.103080 -0.049193
v -0.072560 -0.103210 -0.049193
v -0.072060 -0.102910 -0.048993
v -0.072360 -0.103210 -0.048993
v -0.072210 -0.102950 -0.048993
v -0.072272 -0.102998 -0.048993
v -0.072319 -0.103060 -0.048993
v -0.072560 -0.103210 -0.076093
v -0.072060 -0.102710 -0.076093
v -0.072060 -0.102710 -0.077393
v -0.072189 -0.102727 -0.077393
v -0.072189 -0.102727 -0.076093
v -0.072310 -0.102777 -0.077393
v -0.072310 -0.102777 -0.076093
v -0.072413 -0.102856 -0.077393
v -0.072413 -0.102856 -0.076093
v -0.072493 -0.102960 -0.077393
v -0.072493 -0.102960 -0.076093
v -0.072543 -0.103080 -0.077393
v -0.072543 -0.103080 -0.076093
v -0.072349 -0.103132 -0.077593
v -0.072272 -0.102998 -0.077593
v -0.072210 -0.102950 -0.077593
v -0.072137 -0.102920 -0.077593
v -0.070560 -0.102710 -0.077393
v -0.070560 -0.102910 -0.077593
v -0.070560 -0.102710 -0.076093
v -0.068810 -0.100960 -0.076093
v -0.068810 -0.100960 -0.077393
v -0.068869 -0.101413 -0.076093
v -0.068869 -0.101413 -0.077393
v -0.069044 -0.101835 -0.076093
v -0.069044 -0.101835 -0.077393
v -0.069322 -0.102197 -0.076093
v -0.069322 -0.102197 -0.077393
v -0.069685 -0.102475 -0.076093
v -0.069685 -0.102475 -0.077393
v -0.070107 -0.102650 -0.076093
v -0.070107 -0.102650 -0.077393
v -0.068610 -0.100960 -0.077593
v -0.068676 -0.101464 -0.077593
v -0.068871 -0.101935 -0.077593
v -0.069181 -0.102339 -0.077593
v -0.069585 -0.102648 -0.077593
v -0.070055 -0.102843 -0.077593
v -0.068810 -0.100121 -0.077393
v -0.068610 -0.100121 -0.077593
v -0.068810 -0.100121 -0.076093
v -0.068794 -0.099996 -0.076093
v -0.068794 -0.099996 -0.077393
v -0.068747 -0.099878 -0.076093
v -0.068747 -0.099878 -0.077393
v -0.068672 -0.099777 -0.076093
v -0.068672 -0.099777 -0.077393
v -0.068574 -0.099697 -0.076093
v -0.068574 -0.099697 -0.077393
v -0.068459 -0.099644 -0.076093
v -0.068459 -0.099644 -0.077393
v -0.068334 -0.099622 -0.076093
v -0.068334 -0.099622 -0.077393
v -0.068208 -0.099632 -0.076093
v -0.068208 -0.099632 -0.077393
v -0.068088 -0.099673 -0.076093
v -0.068088 -0.099673 -0.077393
v -0.067983 -0.099743 -0.076093
v -0.067983 -0.099743 -0.077393
v -0.068600 -0.100046 -0.077593
v -0.068527 -0.099914 -0.077593
v -0.068399 -0.099835 -0.077593
v -0.068324 -0.099822 -0.077593
v -0.068249 -0.099828 -0.077593
v -0.068177 -0.099852 -0.077593
v -0.068114 -0.099894 -0.077593
v -0.056310 -0.100121 -0.076093
v -0.056310 -0.100121 -0.077393
v -0.056326 -0.099996 -0.077393
v -0.056326 -0.099996 -0.076093
v -0.056373 -0.099878 -0.077393
v -0.056373 -0.099878 -0.076093
v -0.056447 -0.099777 -0.077393
v -0.056447 -0.099777 -0.076093
v -0.056546 -0.099697 -0.077393
v -0.056546 -0.099697 -0.076093
v -0.056661 -0.099644 -0.077393
v -0.056661 -0.099644 -0.076093
v -0.056785 -0.099622 -0.077393
v -0.056785 -0.099622 -0.076093
v -0.056911 -0.099632 -0.077393
v -0.056911 -0.099632 -0.076093
v -0.057031 -0.099673 -0.077393
v -0.057031 -0.099673 -0.076093
v -0.057136 -0.099743 -0.077393
v -0.057136 -0.099743 -0.076093
v -0.056310 -0.100960 -0.076093
v -0.056310 -0.100960 -0.077393
v -0.054560 -0.102710 -0.076093
v -0.054560 -0.102710 -0.077393
v -0.055012 -0.102650 -0.076093
v -0.055012 -0.102650 -0.077393
v -0.055435 -0.102475 -0.076093
v -0.055435 -0.102475 -0.077393
v -0.055797 -0.102197 -0.076093
v -0.055797 -0.102197 -0.077393
v -0.056075 -0.101835 -0.076093
v -0.056075 -0.101835 -0.077393
v -0.056250 -0.101413 -0.076093
v -0.056250 -0.101413 -0.077393
v -0.053060 -0.102710 -0.076093
v -0.053060 -0.102710 -0.077393
v -0.054560 -0.102910 -0.077593
v -0.053060 -0.102910 -0.077593
v -0.055064 -0.102843 -0.077593
v -0.055535 -0.102648 -0.077593
v -0.055938 -0.102339 -0.077593
v -0.056248 -0.101935 -0.077593
v -0.056443 -0.101464 -0.077593
v -0.056510 -0.100960 -0.077593
v -0.056510 -0.100121 -0.077593
v -0.057006 -0.099894 -0.077593
v -0.056942 -0.099852 -0.077593
v -0.056871 -0.099828 -0.077593
v -0.056795 -0.099822 -0.077593
v -0.056720 -0.099835 -0.077593
v -0.056651 -0.099867 -0.077593
v -0.056592 -0.099914 -0.077593
v -0.056547 -0.099976 -0.077593
v -0.058086 -0.100451 -0.077393
v -0.057978 -0.100619 -0.077593
v -0.059780 -0.101280 -0.077393
v -0.059713 -0.101469 -0.077593
v -0.061617 -0.101706 -0.077393
v -0.061594 -0.101905 -0.077593
v -0.063502 -0.101706 -0.077393
v -0.063525 -0.101905 -0.077593
v -0.065339 -0.101280 -0.077393
v -0.065406 -0.101469 -0.077593
v -0.067033 -0.100451 -0.077393
v -0.067141 -0.100619 -0.077593
v -0.055585 -0.100960 -0.076093
v -0.055550 -0.101225 -0.076093
v -0.055447 -0.101472 -0.076093
v -0.055284 -0.101684 -0.076093
v -0.055072 -0.101847 -0.076093
v -0.054825 -0.101950 -0.076093
v -0.054560 -0.101985 -0.076093
v -0.054294 -0.101950 -0.076093
v -0.054047 -0.101847 -0.076093
v -0.053835 -0.101684 -0.076093
v -0.053672 -0.101472 -0.076093
v -0.053569 -0.101225 -0.076093
v -0.053535 -0.100960 -0.076093
v -0.053569 -0.100694 -0.076093
v -0.053672 -0.100447 -0.076093
v -0.053835 -0.100235 -0.076093
v -0.054047 -0.100072 -0.076093
v -0.054294 -0.099970 -0.076093
v -0.054560 -0.099935 -0.076093
v -0.054825 -0.099970 -0.076093
v -0.055072 -0.100072 -0.076093
v -0.055284 -0.100235 -0.076093
v -0.055447 -0.100447 -0.076093
v -0.055550 -0.100694 -0.076093
v -0.071585 -0.100960 -0.076093
v -0.071550 -0.101225 -0.076093
v -0.071447 -0.101472 -0.076093
v -0.071284 -0.101684 -0.076093
v -0.071072 -0.101847 -0.076093
v -0.070825 -0.101950 -0.076093
v -0.070560 -0.101985 -0.076093
v -0.070294 -0.101950 -0.076093
v -0.070047 -0.101847 -0.076093
v -0.069835 -0.101684 -0.076093
v -0.069672 -0.101472 -0.076093
v -0.069569 -0.101225 -0.076093
v -0.069535 -0.100960 -0.076093
v -0.069569 -0.100694 -0.076093
v -0.069672 -0.100447 -0.076093
v -0.069835 -0.100235 -0.076093
v -0.070047 -0.100072 -0.076093
v -0.070294 -0.099970 -0.076093
v -0.070560 -0.099935 -0.076093
v -0.070825 -0.099970 -0.076093
v -0.071072 -0.100072 -0.076093
v -0.071284 -0.100235 -0.076093
v -0.071447 -0.100447 -0.076093
v -0.071550 -0.100694 -0.076093
v -0.052577 -0.103080 -0.076093
v -0.052627 -0.102960 -0.076093
v -0.052706 -0.102856 -0.076093
v -0.052810 -0.102777 -0.076093
v -0.052930 -0.102727 -0.076093
v -0.052930 -0.102727 -0.077393
v -0.052810 -0.102777 -0.077393
v -0.052706 -0.102856 -0.077393
v -0.052627 -0.102960 -0.077393
v -0.052577 -0.103080 -0.077393
v -0.052982 -0.102920 -0.077593
v -0.052910 -0.102950 -0.077593
v -0.052847 -0.102998 -0.077593
v -0.052800 -0.103060 -0.077593
v -0.052760 -0.103210 -0.077593
v -0.052760 -0.104960 -0.077593
v -0.067250 -0.108060 -0.071840
v -0.066012 -0.108060 -0.073983
v -0.065107 -0.108060 -0.073983
v -0.057869 -0.108060 -0.053840
v -0.057810 -0.108060 -0.054293
v -0.064685 -0.108060 -0.073808
v -0.064322 -0.108060 -0.073530
v -0.066435 -0.108060 -0.073808
v -0.058044 -0.108060 -0.053418
v -0.057435 -0.108060 -0.061777
v -0.066869 -0.108060 -0.063746
v -0.058044 -0.108060 -0.073168
v -0.058685 -0.108060 -0.073808
v -0.059107 -0.108060 -0.073983
v -0.061075 -0.108060 -0.073168
v -0.060012 -0.108060 -0.073983
v -0.065560 -0.108060 -0.052543
v -0.067075 -0.108060 -0.053418
v -0.066435 -0.108060 -0.052777
v -0.064044 -0.108060 -0.053418
v -0.064685 -0.108060 -0.052777
v -0.059560 -0.108060 -0.070543
v -0.060797 -0.108060 -0.071055
v -0.061310 -0.108060 -0.072293
v -0.058044 -0.108060 -0.071418
v -0.057869 -0.108060 -0.071840
v -0.054865 -0.110560 -0.062868
v -0.058254 -0.110560 -0.063718
v -0.056081 -0.110560 -0.061614
v -0.055305 -0.110560 -0.062078
v -0.057038 -0.110560 -0.064972
v -0.057774 -0.110560 -0.062038
v -0.055061 -0.110560 -0.064191
v -0.055711 -0.110560 -0.064819
v -0.056984 -0.110560 -0.061599
v -0.063865 -0.110560 -0.071868
v -0.056588 -0.110560 -0.065039
v -0.072112 -0.110560 -0.055018
v -0.072060 -0.110560 -0.056356
v -0.058685 -0.108060 -0.052777
v -0.072072 -0.110560 -0.054119
v -0.061060 -0.110560 -0.051293
v -0.072060 -0.110560 -0.072490
v -0.061239 -0.110560 -0.071814
v -0.058322 -0.108060 -0.071055
v -0.067075 -0.108060 -0.055168
v -0.064662 -0.110560 -0.052794
v -0.067239 -0.110560 -0.053814
v -0.065532 -0.110560 -0.052547
v -0.063810 -0.108060 -0.054293
v -0.063869 -0.108060 -0.053840
v -0.066012 -0.108060 -0.052603
v -0.065107 -0.108060 -0.052603
v -0.065984 -0.110560 -0.052599
v -0.069435 -0.108060 -0.061777
v -0.070310 -0.108060 -0.063293
v -0.059135 -0.110560 -0.073987
v -0.058345 -0.110560 -0.073547
v -0.061250 -0.108060 -0.071840
v -0.061075 -0.108060 -0.071418
v -0.059560 -0.108060 -0.074043
v -0.067310 -0.108060 -0.054293
v -0.067250 -0.108060 -0.053840
v -0.061250 -0.108060 -0.072746
v -0.060797 -0.108060 -0.073530
v -0.060435 -0.108060 -0.073808
v -0.060435 -0.108060 -0.070777
v -0.060012 -0.108060 -0.070603
v -0.059107 -0.108060 -0.070603
v -0.059588 -0.110560 -0.074039
v -0.060458 -0.110560 -0.073791
v -0.058711 -0.110560 -0.073819
v -0.060038 -0.110560 -0.073972
v -0.066012 -0.108060 -0.055983
v -0.072060 -0.110560 -0.055310
v -0.060814 -0.110560 -0.073507
v -0.063869 -0.108060 -0.054746
v -0.064322 -0.108060 -0.055530
v -0.065107 -0.108060 -0.055983
v -0.069797 -0.108060 -0.062055
v -0.064711 -0.110560 -0.055819
v -0.064061 -0.110560 -0.055191
v -0.066814 -0.110560 -0.055507
v -0.067254 -0.110560 -0.054718
v -0.066038 -0.110560 -0.055972
v -0.065135 -0.110560 -0.055987
v -0.064345 -0.110560 -0.055547
v -0.063880 -0.110560 -0.054772
v -0.067322 -0.108060 -0.062055
v -0.068107 -0.108060 -0.061603
v -0.069012 -0.108060 -0.061603
v -0.066797 -0.108060 -0.073530
v -0.067044 -0.108060 -0.062418
v -0.072060 -0.110560 -0.075293
v -0.066774 -0.110560 -0.053038
v -0.061254 -0.110560 -0.072718
v -0.072060 -0.110560 -0.070223
v -0.072060 -0.110560 -0.071516
v -0.061058 -0.110560 -0.071395
v -0.072060 -0.110560 -0.071965
v -0.053060 -0.110560 -0.067293
v -0.061086 -0.110560 -0.073142
v -0.061306 -0.110560 -0.072265
v -0.067044 -0.108060 -0.064168
v -0.057869 -0.108060 -0.072746
v -0.067685 -0.108060 -0.064808
v -0.068560 -0.108060 -0.065043
v -0.069012 -0.108060 -0.064983
v -0.070075 -0.108060 -0.062418
v -0.070075 -0.108060 -0.064168
v -0.069797 -0.108060 -0.064530
v -0.058322 -0.108060 -0.073530
v -0.066409 -0.110560 -0.052766
v -0.067058 -0.110560 -0.053395
v -0.067306 -0.110560 -0.054265
v -0.067086 -0.110560 -0.055142
v -0.066458 -0.110560 -0.055791
v -0.065588 -0.110560 -0.056039
v -0.064322 -0.108060 -0.053055
v -0.066797 -0.108060 -0.053055
v -0.065081 -0.110560 -0.052614
v -0.064305 -0.110560 -0.053078
v -0.063865 -0.110560 -0.053868
v -0.064033 -0.110560 -0.053444
v -0.063814 -0.110560 -0.054321
v -0.058061 -0.110560 -0.073191
v -0.057880 -0.110560 -0.072772
v -0.072060 -0.110560 -0.051293
v -0.072060 -0.110560 -0.052691
v -0.053060 -0.110560 -0.051293
v -0.057458 -0.110560 -0.064791
v -0.056135 -0.110560 -0.064987
v -0.064305 -0.110560 -0.071078
v -0.064711 -0.110560 -0.073819
v -0.061306 -0.110560 -0.054265
v -0.064061 -0.110560 -0.073191
v -0.068682 -0.110560 -0.051293
v -0.068676 -0.110560 -0.075293
v -0.070254 -0.110560 -0.063718
v -0.072060 -0.110560 -0.071272
v -0.072060 -0.110560 -0.072648
v -0.060774 -0.110560 -0.053038
v -0.067305 -0.110560 -0.062078
v -0.061250 -0.108060 -0.054746
v -0.060012 -0.108060 -0.055983
v -0.058033 -0.110560 -0.053444
v -0.067239 -0.110560 -0.071814
v -0.067254 -0.110560 -0.072718
v -0.067250 -0.108060 -0.054746
v -0.058685 -0.108060 -0.070777
v -0.060774 -0.110560 -0.071038
v -0.064044 -0.108060 -0.055168
v -0.064685 -0.108060 -0.055808
v -0.070058 -0.110560 -0.062395
v -0.070306 -0.110560 -0.063265
v -0.072060 -0.110560 -0.053700
v -0.070239 -0.110560 -0.062814
v -0.072060 -0.110560 -0.054243
v -0.072060 -0.110560 -0.072849
v -0.058305 -0.110560 -0.053078
v -0.058662 -0.110560 -0.052794
v -0.059081 -0.110560 -0.052614
v -0.065560 -0.108060 -0.056043
v -0.066435 -0.108060 -0.055808
v -0.066797 -0.108060 -0.055530
v -0.067058 -0.110560 -0.071395
v -0.066409 -0.110560 -0.070766
v -0.067306 -0.110560 -0.072265
v -0.068081 -0.110560 -0.061614
v -0.061058 -0.110560 -0.053395
v -0.066774 -0.110560 -0.071038
v -0.056532 -0.110560 -0.061547
v -0.065984 -0.110560 -0.070599
v -0.055662 -0.110560 -0.061794
v -0.055033 -0.110560 -0.062444
v -0.067345 -0.110560 -0.064547
v -0.066880 -0.110560 -0.063772
v -0.061075 -0.108060 -0.055168
v -0.057865 -0.110560 -0.071868
v -0.058345 -0.110560 -0.055547
v -0.057880 -0.110560 -0.054772
v -0.066865 -0.110560 -0.062868
v -0.068532 -0.110560 -0.061547
v -0.060458 -0.110560 -0.055791
v -0.068984 -0.110560 -0.061599
v -0.061086 -0.110560 -0.055142
v -0.059588 -0.110560 -0.056039
v -0.058033 -0.110560 -0.071444
v -0.058711 -0.110560 -0.055819
v -0.058305 -0.110560 -0.071078
v -0.058061 -0.110560 -0.055191
v -0.058662 -0.110560 -0.070794
v -0.066814 -0.110560 -0.063321
v -0.060435 -0.108060 -0.052777
v -0.061075 -0.108060 -0.053418
v -0.059984 -0.110560 -0.070599
v -0.061310 -0.108060 -0.054293
v -0.059107 -0.108060 -0.052603
v -0.060012 -0.108060 -0.052603
v -0.060409 -0.110560 -0.070766
v -0.067662 -0.110560 -0.061794
v -0.067033 -0.110560 -0.062444
v -0.057409 -0.110560 -0.061766
v -0.057865 -0.110560 -0.053868
v -0.065081 -0.110560 -0.070614
v -0.055345 -0.110560 -0.064547
v -0.054880 -0.110560 -0.063772
v -0.064033 -0.110560 -0.071444
v -0.063814 -0.110560 -0.072321
v -0.072097 -0.110560 -0.054608
v -0.065532 -0.110560 -0.070547
v -0.059081 -0.110560 -0.070614
v -0.064662 -0.110560 -0.070794
v -0.059532 -0.110560 -0.070547
v -0.067075 -0.108060 -0.073168
v -0.053060 -0.110560 -0.059293
v -0.066869 -0.108060 -0.062840
v -0.069814 -0.110560 -0.064507
v -0.057869 -0.108060 -0.054746
v -0.069038 -0.110560 -0.064972
v -0.058044 -0.108060 -0.055168
v -0.068135 -0.110560 -0.064987
v -0.060797 -0.108060 -0.055530
v -0.059107 -0.108060 -0.055983
v -0.058685 -0.108060 -0.055808
v -0.053060 -0.110560 -0.075293
v -0.057814 -0.110560 -0.054321
v -0.070086 -0.110560 -0.064142
v -0.061239 -0.110560 -0.053814
v -0.069458 -0.110560 -0.064791
v -0.061254 -0.110560 -0.054718
v -0.068588 -0.110560 -0.065039
v -0.060814 -0.110560 -0.055507
v -0.067711 -0.110560 -0.064819
v -0.060038 -0.110560 -0.055972
v -0.067061 -0.110560 -0.064191
v -0.059135 -0.110560 -0.055987
v -0.057814 -0.110560 -0.072321
v -0.072060 -0.110560 -0.071748
v -0.069774 -0.110560 -0.062038
v -0.069409 -0.110560 -0.061766
v -0.059984 -0.110560 -0.052599
v -0.072060 -0.110560 -0.072163
v -0.060409 -0.110560 -0.052766
v -0.059532 -0.110560 -0.052547
v -0.061060 -0.110560 -0.075293
v -0.063880 -0.110560 -0.072772
v -0.064345 -0.110560 -0.073547
v -0.065135 -0.110560 -0.073987
v -0.066038 -0.110560 -0.073972
v -0.065588 -0.110560 -0.074039
v -0.066458 -0.110560 -0.073791
v -0.067086 -0.110560 -0.073142
v -0.058086 -0.110560 -0.064142
v -0.058306 -0.110560 -0.063265
v -0.072069 -0.110560 -0.053974
v -0.054814 -0.110560 -0.063321
v -0.066814 -0.110560 -0.073507
v -0.058058 -0.110560 -0.062395
v -0.058239 -0.110560 -0.062814
v -0.057814 -0.110560 -0.064507
v -0.066797 -0.108060 -0.071055
v -0.064044 -0.108060 -0.071418
v -0.063869 -0.108060 -0.071840
v -0.065560 -0.108060 -0.070543
v -0.055685 -0.108060 -0.064808
v -0.066012 -0.108060 -0.070603
v -0.058075 -0.108060 -0.064168
v -0.057797 -0.108060 -0.062055
v -0.055322 -0.108060 -0.062055
v -0.065107 -0.108060 -0.070603
v -0.057435 -0.108060 -0.064808
v -0.056560 -0.108060 -0.065043
v -0.055044 -0.108060 -0.064168
v -0.064322 -0.108060 -0.071055
v -0.056107 -0.108060 -0.061603
v -0.072060 -0.069460 -0.055793
v -0.053064 -0.102464 -0.055818
v -0.053565 -0.102965 -0.059175
v -0.071555 -0.102965 -0.059175
v -0.072056 -0.102464 -0.055793
v -0.053060 -0.069460 -0.055843
v -0.055322 -0.108060 -0.064530
v -0.058250 -0.108060 -0.062840
v -0.057012 -0.108060 -0.064983
v -0.053653 -0.069185 -0.055818
v -0.057797 -0.108060 -0.064530
v -0.058250 -0.108060 -0.063746
v -0.072560 -0.085960 -0.055793
v -0.052560 -0.085460 -0.055818
v -0.071467 -0.069185 -0.055818
v -0.052785 -0.101867 -0.055793
v -0.072306 -0.070024 -0.055793
v -0.072335 -0.101867 -0.055818
v -0.071492 -0.102711 -0.055793
v -0.053657 -0.102739 -0.055843
v -0.052785 -0.070053 -0.055843
v -0.062560 -0.102960 -0.055843
v -0.053010 -0.075828 -0.070043
v -0.057310 -0.100677 -0.051782
v -0.060239 -0.070960 -0.074793
v -0.058075 -0.108060 -0.062418
v -0.054810 -0.108060 -0.063293
v -0.072060 -0.108060 -0.046793
v -0.056560 -0.108060 -0.061543
v -0.072060 -0.108060 -0.079793
v -0.055044 -0.108060 -0.062418
v -0.053060 -0.108060 -0.049309
v -0.053060 -0.108060 -0.046793
v -0.053060 -0.108060 -0.079793
usemtl Steel_-_Satin
f 1 2 3
f 1 3 4
f 3 5 4
f 4 5 6
f 5 7 6
f 6 7 8
f 7 9 8
f 8 9 10
f 9 11 10
f 10 11 12
f 11 13 12
f 12 13 14
f 13 15 14
f 14 15 16
f 15 17 16
f 16 17 18
f 17 19 18
f 18 19 20
f 19 21 20
f 20 21 22
f 21 23 22
f 22 23 24
f 23 25 24
f 24 25 26
f 25 27 26
f 26 27 28
f 27 29 28
f 28 29 30
f 29 31 30
f 30 31 32
f 31 33 32
f 32 33 34
f 33 35 34
f 34 35 36
f 35 37 36
f 36 37 38
f 37 39 38
f 38 39 40
f 41 42 43
f 42 40 43
f 43 40 44
f 40 39 44
f 1 45 2
f 45 46 2
f 2 46 47
f 46 48 47
f 47 48 49
f 48 50 49
f 49 50 41
f 41 50 42
f 44 39 51
f 39 37 51
f 51 37 52
f 37 35 52
f 52 35 53
f 35 33 53
f 53 33 54
f 33 31 54
f 54 31 55
f 31 29 55
f 55 29 56
f 29 27 56
f 56 27 57
f 27 25 57
f 57 25 58
f 25 23 58
f 58 23 59
f 23 21 59
f 59 21 60
f 21 19 60
f 60 19 61
f 19 17 61
f 61 17 62
f 17 15 62
f 62 15 63
f 15 13 63
f 63 13 64
f 13 11 64
f 64 11 65
f 11 9 65
f 65 9 66
f 9 7 66
f 66 7 67
f 7 5 67
f 67 5 68
f 5 3 68
f 68 3 69
f 3 2 69
f 69 2 70
f 2 47 70
f 70 47 71
f 47 49 71
f 71 49 72
f 49 41 72
f 72 41 73
f 41 43 73
f 73 43 74
f 43 44 74
f 74 44 51
f 75 76 77
f 76 78 77
f 77 78 79
f 78 80 79
f 79 80 81
f 80 82 81
f 81 82 83
f 82 84 83
f 83 84 85
f 84 86 85
f 85 86 87
f 86 88 87
f 87 88 89
f 88 90 89
f 89 90 91
f 90 92 91
f 91 92 93
f 92 94 93
f 93 94 95
f 94 96 95
f 95 96 97
f 96 98 97
f 97 98 99
f 98 100 99
f 99 100 101
f 100 102 101
f 101 102 103
f 102 104 103
f 103 104 105
f 104 106 105
f 105 106 107
f 106 108 107
f 107 108 109
f 108 110 109
f 109 110 111
f 110 112 111
f 111 112 113
f 112 114 113
f 113 114 115
f 114 116 115
f 115 116 117
f 116 118 117
f 117 118 119
f 118 120 119
f 119 120 121
f 120 122 121
f 121 122 75
f 122 76 75
f 123 85 124
f 85 87 124
f 124 87 125
f 87 89 125
f 125 89 126
f 89 91 126
f 126 91 127
f 91 93 127
f 127 93 128
f 93 95 128
f 128 95 129
f 95 97 129
f 129 97 130
f 97 99 130
f 130 99 131
f 99 101 131
f 131 101 132
f 101 103 132
f 132 103 133
f 103 105 133
f 133 105 134
f 105 107 134
f 134 107 135
f 107 109 135
f 135 109 136
f 109 111 136
f 136 111 137
f 111 113 137
f 137 113 138
f 113 115 138
f 138 115 139
f 115 117 139
f 139 117 140
f 117 119 140
f 140 119 141
f 119 121 141
f 141 121 142
f 121 75 142
f 142 75 143
f 75 77 143
f 143 77 144
f 77 79 144
f 144 79 145
f 79 81 145
f 145 81 146
f 81 83 146
f 146 83 123
f 83 85 123
f 147 125 148
f 125 126 148
f 148 126 149
f 126 127 149
f 149 127 150
f 127 128 150
f 150 128 151
f 128 129 151
f 151 129 152
f 129 130 152
f 152 130 153
f 130 131 153
f 153 131 154
f 131 132 154
f 154 132 155
f 132 133 155
f 155 133 156
f 133 134 156
f 156 134 157
f 134 135 157
f 157 135 158
f 135 136 158
f 158 136 159
f 136 137 159
f 159 137 160
f 137 138 160
f 160 138 161
f 138 139 161
f 161 139 162
f 139 140 162
f 162 140 163
f 140 141 163
f 163 141 164
f 141 142 164
f 164 142 165
f 142 143 165
f 165 143 166
f 143 144 166
f 166 144 167
f 144 145 167
f 167 145 168
f 145 146 168
f 168 146 169
f 146 123 169
f 169 123 170
f 123 124 170
f 170 124 147
f 124 125 147
f 51 169 74
f 169 170 74
f 74 170 73
f 170 147 73
f 73 147 72
f 147 148 72
f 72 148 71
f 148 149 71
f 71 149 70
f 149 150 70
f 70 150 69
f 150 151 69
f 69 151 68
f 151 152 68
f 68 152 67
f 152 153 67
f 67 153 66
f 153 154 66
f 66 154 65
f 154 155 65
f 65 155 64
f 155 156 64
f 64 156 63
f 156 157 63
f 63 157 62
f 157 158 62
f 62 158 61
f 158 159 61
f 61 159 60
f 159 160 60
f 60 160 59
f 160 161 59
f 59 161 58
f 161 162 58
f 58 162 57
f 162 163 57
f 57 163 56
f 163 164 56
f 56 164 55
f 164 165 55
f 55 165 54
f 165 166 54
f 54 166 53
f 166 167 53
f 53 167 52
f 167 168 52
f 52 168 51
f 168 169 51
f 171 172 173
f 173 174 171
f 171 174 175
f 174 176 175
f 175 176 177
f 176 178 177
f 177 178 179
f 178 180 179
f 179 180 181
f 180 182 181
f 181 182 183
f 182 184 183
f 184 185 183
f 183 185 186
f 185 187 186
f 186 187 188
f 187 189 188
f 188 189 190
f 189 191 190
f 190 191 192
f 191 193 192
f 192 193 194
f 193 195 194
f 194 195 196
f 195 197 196
f 197 198 196
f 196 198 199
f 198 200 199
f 199 200 201
f 200 202 201
f 201 202 203
f 202 204 203
f 203 204 205
f 204 206 205
f 205 206 207
f 206 208 207
f 208 209 207
f 207 209 210
f 209 211 210
f 211 212 210
f 210 212 213
f 212 214 213
f 213 214 215
f 214 216 215
f 215 216 217
f 216 218 217
f 217 218 219
f 218 220 219
f 219 220 221
f 220 222 221
f 222 223 221
f 221 223 172
f 223 224 172
f 172 224 173
f 221 225 219
f 225 226 219
f 219 226 217
f 226 227 217
f 217 227 215
f 227 228 215
f 215 228 213
f 228 229 213
f 213 229 210
f 229 230 210
f 210 230 207
f 230 231 207
f 207 231 205
f 231 232 205
f 205 232 203
f 232 233 203
f 203 233 201
f 233 234 201
f 201 234 199
f 234 235 199
f 199 235 196
f 235 236 196
f 196 236 194
f 236 237 194
f 194 237 192
f 237 238 192
f 192 238 190
f 238 239 190
f 190 239 188
f 239 240 188
f 188 240 186
f 240 241 186
f 186 241 183
f 241 242 183
f 183 242 181
f 242 243 181
f 181 243 179
f 243 244 179
f 179 244 177
f 244 245 177
f 177 245 175
f 245 246 175
f 175 246 171
f 246 247 171
f 171 247 172
f 247 248 172
f 172 248 221
f 248 225 221
f 225 249 226
f 249 250 226
f 226 250 227
f 250 251 227
f 227 251 228
f 251 252 228
f 228 252 229
f 252 253 229
f 229 253 230
f 253 254 230
f 230 254 231
f 254 255 231
f 231 255 232
f 255 256 232
f 232 256 233
f 256 257 233
f 233 257 234
f 257 258 234
f 234 258 235
f 258 259 235
f 235 259 236
f 259 260 236
f 236 260 237
f 260 261 237
f 237 261 238
f 261 262 238
f 238 262 239
f 262 263 239
f 239 263 240
f 263 264 240
f 240 264 241
f 264 265 241
f 241 265 242
f 265 266 242
f 242 266 243
f 266 267 243
f 243 267 244
f 267 268 244
f 244 268 245
f 268 269 245
f 245 269 246
f 269 270 246
f 246 270 247
f 270 271 247
f 247 271 248
f 271 272 248
f 248 272 225
f 272 249 225
f 249 273 250
f 273 274 250
f 250 274 251
f 274 275 251
f 251 275 252
f 275 276 252
f 252 276 253
f 276 277 253
f 253 277 254
f 277 278 254
f 254 278 255
f 278 279 255
f 255 279 256
f 279 280 256
f 256 280 257
f 280 281 257
f 257 281 258
f 281 282 258
f 258 282 259
f 282 283 259
f 259 283 260
f 283 284 260
f 260 284 261
f 284 285 261
f 261 285 262
f 285 286 262
f 262 286 263
f 286 287 263
f 263 287 264
f 287 288 264
f 264 288 265
f 288 289 265
f 265 289 266
f 266 290 267
f 267 290 268
f 290 291 268
f 268 291 269
f 291 292 269
f 269 292 270
f 292 293 270
f 270 293 271
f 293 294 271
f 271 294 272
f 272 273 249
f 273 295 274
f 295 296 274
f 274 296 275
f 296 297 275
f 275 297 276
f 297 298 276
f 276 298 277
f 298 299 277
f 277 299 278
f 299 300 278
f 278 300 279
f 300 301 279
f 279 301 280
f 301 302 280
f 280 302 281
f 302 303 281
f 281 303 282
f 303 304 282
f 282 304 283
f 304 305 283
f 283 305 284
f 305 306 284
f 284 306 285
f 306 307 285
f 285 307 286
f 307 308 286
f 286 308 287
f 308 309 287
f 287 309 288
f 309 310 288
f 288 310 289
f 310 311 289
f 289 311 266
f 311 312 266
f 266 312 290
f 312 313 290
f 290 313 291
f 313 314 291
f 291 314 292
f 314 315 292
f 292 315 293
f 315 316 293
f 293 316 294
f 316 317 294
f 294 317 272
f 317 318 272
f 272 318 273
f 318 295 273
f 319 320 318
f 318 320 295
f 320 321 295
f 295 321 296
f 321 322 296
f 296 322 297
f 322 323 297
f 297 323 298
f 323 324 298
f 298 324 299
f 324 325 299
f 299 325 300
f 325 326 300
f 300 326 301
f 326 327 301
f 301 327 302
f 327 328 302
f 302 328 303
f 328 329 303
f 303 329 304
f 329 330 304
f 304 330 305
f 330 331 305
f 305 331 306
f 331 332 306
f 306 332 307
f 332 333 307
f 307 333 308
f 333 334 308
f 308 334 309
f 334 335 309
f 309 335 310
f 335 336 310
f 310 336 311
f 336 337 311
f 311 337 312
f 337 338 312
f 312 338 313
f 338 339 313
f 313 339 314
f 339 340 314
f 314 340 315
f 340 341 315
f 315 341 316
f 341 342 316
f 316 342 317
f 342 319 317
f 317 319 318
f 173 224 343
f 343 224 344
f 224 223 344
f 344 223 345
f 223 222 345
f 345 222 346
f 222 220 346
f 346 220 347
f 220 218 347
f 347 218 348
f 218 216 348
f 348 216 349
f 349 216 350
f 216 214 350
f 350 214 351
f 214 212 351
f 212 211 351
f 351 211 352
f 211 209 352
f 209 208 352
f 352 208 353
f 208 206 353
f 353 206 354
f 206 204 354
f 354 204 355
f 204 202 355
f 355 202 356
f 356 202 357
f 202 200 357
f 357 200 358
f 200 198 358
f 198 197 358
f 358 197 359
f 197 195 359
f 359 195 360
f 195 193 360
f 360 193 361
f 361 193 362
f 193 191 362
f 362 191 363
f 191 189 363
f 363 189 364
f 364 189 365
f 189 187 365
f 365 187 366
f 366 187 367
f 187 185 367
f 185 184 367
f 367 184 368
f 184 182 368
f 368 182 369
f 369 182 370
f 182 180 370
f 370 180 371
f 371 180 372
f 180 178 372
f 372 178 373
f 178 176 373
f 373 176 374
f 374 176 375
f 176 174 375
f 375 174 376
f 376 174 343
f 174 173 343
f 358 359 377
f 359 360 378
f 361 362 379
f 362 363 380
f 364 365 381
f 366 367 382
f 367 368 383
f 369 370 384
f 371 372 385
f 372 373 386
f 374 375 387
f 376 343 388
f 343 344 389
f 345 346 390
f 346 347 391
f 347 348 392
f 349 350 393
f 350 351 394
f 351 352 395
f 352 353 396
f 353 354 397
f 354 355 398
f 356 357 399
f 357 358 400
f 401 402 403
f 357 400 399
f 399 400 404
f 400 405 404
f 404 405 406
f 405 407 406
f 406 407 408
f 407 409 408
f 408 409 410
f 409 403 410
f 355 356 398
f 356 399 398
f 398 399 411
f 399 404 411
f 411 404 412
f 404 406 412
f 412 406 413
f 406 408 413
f 413 408 414
f 408 410 414
f 354 398 397
f 397 398 415
f 398 411 415
f 415 411 416
f 411 412 416
f 416 412 417
f 412 413 417
f 417 413 418
f 413 414 418
f 353 397 396
f 396 397 419
f 397 415 419
f 419 415 420
f 415 416 420
f 420 416 421
f 416 417 421
f 421 417 422
f 417 418 422
f 352 396 395
f 395 396 423
f 396 419 423
f 423 419 424
f 419 420 424
f 424 420 425
f 420 421 425
f 425 421 426
f 421 422 426
f 351 395 394
f 394 395 427
f 395 423 427
f 427 423 428
f 423 424 428
f 428 424 429
f 424 425 429
f 429 425 430
f 425 426 430
f 350 394 393
f 393 394 431
f 394 427 431
f 431 427 432
f 427 428 432
f 432 428 433
f 428 429 433
f 433 429 434
f 429 430 434
f 348 349 392
f 349 393 392
f 392 393 435
f 393 431 435
f 435 431 436
f 431 432 436
f 436 432 437
f 432 433 437
f 437 433 438
f 433 434 438
f 347 392 391
f 391 392 439
f 392 435 439
f 439 435 440
f 435 436 440
f 440 436 441
f 436 437 441
f 441 437 442
f 437 438 442
f 346 391 390
f 390 391 443
f 391 439 443
f 443 439 444
f 439 440 444
f 444 440 445
f 440 441 445
f 445 441 446
f 441 442 446
f 344 345 389
f 345 390 389
f 389 390 447
f 390 443 447
f 447 443 448
f 443 444 448
f 448 444 449
f 444 445 449
f 449 445 450
f 445 446 450
f 343 389 388
f 388 389 451
f 389 447 451
f 451 447 452
f 447 448 452
f 452 448 453
f 448 449 453
f 453 449 454
f 449 450 454
f 375 376 387
f 376 388 387
f 387 388 455
f 388 451 455
f 455 451 456
f 451 452 456
f 456 452 457
f 452 453 457
f 457 453 458
f 453 454 458
f 373 374 386
f 374 387 386
f 386 387 459
f 387 455 459
f 459 455 460
f 455 456 460
f 460 456 461
f 456 457 461
f 461 457 462
f 457 458 462
f 372 386 385
f 385 386 463
f 386 459 463
f 463 459 464
f 459 460 464
f 464 460 465
f 460 461 465
f 465 461 466
f 461 462 466
f 370 371 384
f 371 385 384
f 384 385 467
f 385 463 467
f 467 463 468
f 463 464 468
f 468 464 469
f 464 465 469
f 469 465 470
f 465 466 470
f 368 369 383
f 369 384 383
f 383 384 471
f 384 467 471
f 471 467 472
f 467 468 472
f 472 468 473
f 468 469 473
f 473 469 474
f 469 470 474
f 367 383 382
f 382 383 475
f 383 471 475
f 475 471 476
f 471 472 476
f 476 472 477
f 472 473 477
f 477 473 478
f 473 474 478
f 365 366 381
f 366 382 381
f 381 382 479
f 382 475 479
f 479 475 480
f 475 476 480
f 480 476 481
f 476 477 481
f 481 477 482
f 477 478 482
f 363 364 380
f 364 381 380
f 380 381 483
f 381 479 483
f 483 479 484
f 479 480 484
f 484 480 485
f 480 481 485
f 485 481 486
f 481 482 486
f 362 380 379
f 379 380 487
f 380 483 487
f 487 483 488
f 483 484 488
f 488 484 489
f 484 485 489
f 489 485 490
f 485 486 490
f 360 361 378
f 361 379 378
f 378 379 491
f 379 487 491
f 491 487 492
f 487 488 492
f 492 488 493
f 488 489 493
f 493 489 494
f 489 490 494
f 359 378 377
f 377 378 495
f 378 491 495
f 495 491 496
f 491 492 496
f 496 492 497
f 492 493 497
f 497 493 498
f 493 494 498
f 358 377 400
f 400 377 405
f 377 495 405
f 405 495 407
f 495 496 407
f 407 496 409
f 496 497 409
f 409 497 403
f 497 498 403
f 403 498 401
f 498 494 401
f 401 494 499
f 494 490 499
f 499 490 500
f 490 486 500
f 500 486 501
f 486 482 501
f 501 482 502
f 482 478 502
f 502 478 503
f 478 474 503
f 503 474 504
f 474 470 504
f 504 470 505
f 470 466 505
f 505 466 506
f 466 462 506
f 506 462 507
f 462 458 507
f 507 458 508
f 458 454 508
f 508 454 509
f 454 450 509
f 509 450 510
f 450 446 510
f 510 446 511
f 446 442 511
f 511 442 512
f 442 438 512
f 512 438 513
f 438 434 513
f 513 434 514
f 434 430 514
f 514 430 515
f 430 426 515
f 515 426 516
f 426 422 516
f 516 422 517
f 422 418 517
f 517 418 518
f 418 414 518
f 518 414 519
f 414 410 519
f 519 410 520
f 410 403 520
f 520 403 402
f 521 402 522
f 402 401 522
f 522 401 523
f 401 499 523
f 523 499 524
f 499 500 524
f 524 500 525
f 500 501 525
f 525 501 526
f 501 502 526
f 526 502 527
f 502 503 527
f 527 503 528
f 503 504 528
f 528 504 529
f 504 505 529
f 529 505 530
f 505 506 530
f 530 506 531
f 506 507 531
f 531 507 532
f 507 508 532
f 532 508 533
f 508 509 533
f 533 509 534
f 509 510 534
f 534 510 535
f 510 511 535
f 535 511 536
f 511 512 536
f 536 512 537
f 512 513 537
f 537 513 538
f 513 514 538
f 538 514 539
f 514 515 539
f 539 515 540
f 515 516 540
f 540 516 541
f 516 517 541
f 541 517 542
f 517 518 542
f 542 518 543
f 518 519 543
f 543 519 544
f 519 520 544
f 544 520 521
f 520 402 521
f 46 45 542
f 45 1 542
f 542 1 541
f 1 4 541
f 541 4 540
f 4 6 540
f 540 6 539
f 6 8 539
f 539 8 538
f 8 10 538
f 538 10 537
f 10 12 537
f 537 12 536
f 12 14 536
f 536 14 535
f 14 16 535
f 535 16 534
f 16 18 534
f 534 18 533
f 18 20 533
f 533 20 532
f 20 22 532
f 532 22 531
f 22 24 531
f 531 24 530
f 24 26 530
f 530 26 529
f 26 28 529
f 529 28 528
f 28 30 528
f 528 30 527
f 30 32 527
f 527 32 526
f 32 34 526
f 526 34 525
f 34 36 525
f 525 36 524
f 36 38 524
f 524 38 523
f 38 40 523
f 523 40 522
f 40 42 522
f 522 42 521
f 42 50 521
f 521 50 544
f 50 48 544
f 544 48 543
f 48 46 543
f 543 46 542
f 322 321 114
f 321 320 114
f 114 320 116
f 116 320 118
f 320 319 118
f 118 319 120
f 319 342 120
f 120 342 122
f 342 341 122
f 122 341 76
f 341 340 76
f 76 340 78
f 340 339 78
f 78 339 80
f 339 338 80
f 80 338 82
f 338 337 82
f 82 337 84
f 337 336 84
f 84 336 86
f 336 335 86
f 86 335 88
f 335 334 88
f 88 334 90
f 334 333 90
f 90 333 92
f 333 332 92
f 92 332 94
f 332 331 94
f 94 331 96
f 331 330 96
f 96 330 98
f 330 329 98
f 98 329 100
f 329 328 100
f 100 328 102
f 328 327 102
f 102 327 104
f 327 326 104
f 104 326 106
f 326 325 106
f 106 325 108
f 325 324 108
f 108 324 110
f 324 323 110
f 110 323 112
f 323 322 112
f 112 322 114
f 545 546 547
f 546 548 547
f 547 548 549
f 548 550 549
f 549 550 551
f 550 552 551
f 551 552 553
f 552 554 553
f 553 554 555
f 554 556 555
f 555 556 557
f 556 558 557
f 557 558 559
f 558 560 559
f 559 560 561
f 560 562 561
f 561 562 563
f 562 564 563
f 563 564 565
f 564 566 565
f 565 566 567
f 566 568 567
f 567 568 569
f 568 570 569
f 569 570 571
f 570 572 571
f 571 572 573
f 572 574 573
f 573 574 575
f 574 576 575
f 575 576 577
f 576 578 577
f 577 578 579
f 578 580 579
f 579 580 581
f 580 582 581
f 581 582 583
f 582 584 583
f 583 584 585
f 584 586 585
f 585 586 587
f 586 588 587
f 587 588 589
f 588 590 589
f 589 590 591
f 590 592 591
f 591 592 545
f 592 546 545
f 586 584 593
f 584 582 593
f 593 582 580
f 592 590 593
f 590 588 593
f 593 588 586
f 550 548 593
f 548 546 593
f 593 546 592
f 556 554 593
f 554 552 593
f 593 552 550
f 562 560 593
f 560 558 593
f 593 558 556
f 568 566 593
f 566 564 593
f 593 564 562
f 574 572 593
f 572 570 593
f 593 570 568
f 580 578 593
f 578 576 593
f 593 576 574
f 553 555 594
f 555 557 594
f 594 557 559
f 547 549 594
f 549 551 594
f 594 551 553
f 589 591 594
f 591 545 594
f 594 545 547
f 583 585 594
f 585 587 594
f 594 587 589
f 577 579 594
f 579 581 594
f 594 581 583
f 571 573 594
f 573 575 594
f 594 575 577
f 565 567 594
f 567 569 594
f 594 569 571
f 559 561 594
f 561 563 594
f 594 563 565
f 595 596 597
f 596 598 597
f 597 598 599
f 598 600 599
f 599 600 601
f 600 602 601
f 601 602 603
f 602 604 603
f 603 604 605
f 604 606 605
f 605 606 607
f 606 608 607
f 607 608 609
f 608 610 609
f 609 610 611
f 610 612 611
f 611 612 613
f 612 614 613
f 613 614 615
f 614 616 615
f 615 616 617
f 616 618 617
f 617 618 619
f 618 620 619
f 619 620 621
f 620 622 621
f 621 622 623
f 622 624 623
f 623 624 625
f 624 626 625
f 625 626 627
f 626 628 627
f 627 628 629
f 628 630 629
f 629 630 631
f 630 632 631
f 631 632 633
f 632 634 633
f 633 634 635
f 634 636 635
f 635 636 637
f 636 638 637
f 637 638 639
f 638 640 639
f 639 640 641
f 640 642 641
f 641 642 595
f 642 596 595
f 636 634 643
f 634 632 643
f 643 632 630
f 642 640 643
f 640 638 643
f 643 638 636
f 600 598 643
f 598 596 643
f 643 596 642
f 606 604 643
f 604 602 643
f 643 602 600
f 612 610 643
f 610 608 643
f 643 608 606
f 618 616 643
f 616 614 643
f 643 614 612
f 624 622 643
f 622 620 643
f 643 620 618
f 630 628 643
f 628 626 643
f 643 626 624
f 603 605 644
f 605 607 644
f 644 607 609
f 597 599 644
f 599 601 644
f 644 601 603
f 639 641 644
f 641 595 644
f 644 595 597
f 633 635 644
f 635 637 644
f 644 637 639
f 627 629 644
f 629 631 644
f 644 631 633
f 621 623 644
f 623 625 644
f 644 625 627
f 615 617 644
f 617 619 644
f 644 619 621
f 609 611 644
f 611 613 644
f 644 613 615
f 645 646 647
f 646 648 647
f 647 648 649
f 650 651 647
f 651 652 647
f 647 652 645
f 653 654 647
f 654 655 647
f 647 655 650
f 656 657 647
f 657 658 647
f 647 658 653
f 659 660 647
f 660 661 647
f 647 661 656
f 662 663 647
f 663 664 647
f 647 664 659
f 665 666 647
f 666 667 647
f 647 667 662
f 649 668 647
f 668 669 647
f 647 669 665
f 655 670 650
f 670 671 650
f 650 671 651
f 671 672 651
f 651 672 652
f 672 673 652
f 652 673 645
f 673 674 645
f 645 674 646
f 674 675 646
f 646 675 648
f 675 676 648
f 648 676 649
f 676 677 649
f 649 677 668
f 677 678 668
f 668 678 669
f 678 679 669
f 669 679 665
f 679 680 665
f 665 680 666
f 680 681 666
f 666 681 667
f 681 682 667
f 667 682 662
f 682 683 662
f 662 683 663
f 683 684 663
f 663 684 664
f 684 685 664
f 664 685 659
f 685 686 659
f 659 686 660
f 686 687 660
f 660 687 661
f 687 688 661
f 661 688 656
f 688 689 656
f 656 689 657
f 689 690 657
f 657 690 658
f 690 691 658
f 658 691 653
f 691 692 653
f 653 692 654
f 692 693 654
f 654 693 655
f 693 670 655
f 678 677 694
f 677 676 694
f 694 676 675
f 681 680 694
f 680 679 694
f 694 679 678
f 684 683 694
f 683 682 694
f 694 682 681
f 687 686 694
f 686 685 694
f 694 685 684
f 690 689 694
f 689 688 694
f 694 688 687
f 693 692 694
f 692 691 694
f 694 691 690
f 672 671 694
f 671 670 694
f 694 670 693
f 675 674 694
f 674 673 694
f 694 673 672
f 695 696 697
f 696 698 697
f 697 698 699
f 700 701 697
f 701 702 697
f 697 702 695
f 703 704 697
f 704 705 697
f 697 705 700
f 706 707 697
f 707 708 697
f 697 708 703
f 709 710 697
f 710 711 697
f 697 711 706
f 712 713 697
f 713 714 697
f 697 714 709
f 715 716 697
f 716 717 697
f 697 717 712
f 699 718 697
f 718 719 697
f 697 719 715
f 720 717 721
f 717 716 721
f 721 716 722
f 716 715 722
f 722 715 723
f 715 719 723
f 723 719 724
f 719 718 724
f 724 718 725
f 718 699 725
f 725 699 726
f 699 698 726
f 726 698 727
f 698 696 727
f 727 696 728
f 696 695 728
f 728 695 729
f 695 702 729
f 729 702 730
f 702 701 730
f 730 701 731
f 701 700 731
f 731 700 732
f 700 705 732
f 732 705 733
f 705 704 733
f 733 704 734
f 704 703 734
f 734 703 735
f 703 708 735
f 735 708 736
f 708 707 736
f 736 707 737
f 707 706 737
f 737 706 738
f 706 711 738
f 738 711 739
f 711 710 739
f 739 710 740
f 710 709 740
f 740 709 741
f 709 714 741
f 741 714 742
f 714 713 742
f 742 713 743
f 713 712 743
f 743 712 720
f 712 717 720
f 724 725 744
f 725 726 744
f 744 726 727
f 721 722 744
f 722 723 744
f 744 723 724
f 742 743 744
f 743 720 744
f 744 720 721
f 739 740 744
f 740 741 744
f 744 741 742
f 736 737 744
f 737 738 744
f 744 738 739
f 733 734 744
f 734 735 744
f 744 735 736
f 730 731 744
f 731 732 744
f 744 732 733
f 727 728 744
f 728 729 744
f 744 729 730
f 745 746 747
f 746 748 747
f 747 748 749
f 748 750 749
f 749 750 751
f 750 752 751
f 751 752 753
f 752 754 753
f 753 754 755
f 754 756 755
f 755 756 757
f 756 758 757
f 757 758 759
f 758 760 759
f 759 760 761
f 760 762 761
f 761 762 763
f 762 764 763
f 763 764 765
f 764 766 765
f 765 766 767
f 766 768 767
f 767 768 769
f 768 770 769
f 769 770 771
f 770 772 771
f 771 772 773
f 772 774 773
f 773 774 775
f 774 776 775
f 775 776 777
f 776 778 777
f 777 778 779
f 778 780 779
f 779 780 781
f 780 782 781
f 781 782 783
f 782 784 783
f 783 784 785
f 784 786 785
f 785 786 787
f 786 788 787
f 787 788 789
f 788 790 789
f 789 790 791
f 790 792 791
f 791 792 745
f 792 746 745
f 774 793 776
f 793 794 776
f 776 794 778
f 794 795 778
f 778 795 780
f 795 796 780
f 780 796 782
f 796 797 782
f 782 797 784
f 797 798 784
f 784 798 786
f 798 799 786
f 786 799 788
f 799 800 788
f 788 800 790
f 800 801 790
f 790 801 792
f 801 802 792
f 792 802 746
f 802 803 746
f 746 803 748
f 803 804 748
f 748 804 750
f 804 805 750
f 750 805 752
f 805 806 752
f 752 806 754
f 806 807 754
f 754 807 756
f 807 808 756
f 756 808 758
f 808 809 758
f 758 809 760
f 809 810 760
f 760 810 762
f 810 811 762
f 762 811 764
f 811 812 764
f 764 812 766
f 812 813 766
f 766 813 768
f 813 814 768
f 768 814 770
f 814 815 770
f 770 815 772
f 815 816 772
f 772 816 774
f 816 793 774
f 817 818 793
f 818 819 793
f 793 819 794
f 819 820 794
f 794 820 795
f 820 821 795
f 795 821 796
f 821 822 796
f 796 822 797
f 822 823 797
f 797 823 798
f 823 824 798
f 798 824 799
f 824 825 799
f 799 825 800
f 825 826 800
f 800 826 801
f 826 827 801
f 801 827 802
f 827 828 802
f 802 828 803
f 828 829 803
f 803 829 804
f 829 830 804
f 804 830 805
f 830 831 805
f 805 831 806
f 831 832 806
f 806 832 807
f 832 833 807
f 807 833 808
f 833 834 808
f 808 834 809
f 834 835 809
f 809 835 810
f 835 836 810
f 810 836 811
f 836 837 811
f 811 837 812
f 837 838 812
f 812 838 813
f 838 839 813
f 813 839 814
f 839 840 814
f 814 840 815
f 840 841 815
f 815 841 816
f 841 817 816
f 816 817 793
f 842 843 844
f 844 845 842
f 842 845 846
f 845 847 846
f 846 847 848
f 847 849 848
f 849 850 848
f 848 850 851
f 850 852 851
f 851 852 853
f 852 854 853
f 853 854 855
f 854 856 855
f 855 856 857
f 856 858 857
f 858 859 857
f 857 859 860
f 859 861 860
f 860 861 862
f 861 863 862
f 863 864 862
f 862 864 865
f 864 866 865
f 866 867 865
f 865 867 868
f 867 869 868
f 869 870 868
f 868 870 871
f 870 872 871
f 871 872 873
f 872 874 873
f 874 875 873
f 873 875 876
f 875 877 876
f 876 877 878
f 877 879 878
f 879 880 878
f 878 880 881
f 880 882 881
f 881 882 883
f 882 884 883
f 884 885 883
f 883 885 886
f 885 887 886
f 886 887 888
f 887 889 888
f 888 889 890
f 889 891 890
f 890 891 892
f 891 893 892
f 893 894 892
f 892 894 895
f 894 896 895
f 895 896 897
f 896 898 897
f 898 899 897
f 897 899 843
f 899 844 843
f 897 900 895
f 895 900 892
f 883 901 881
f 881 901 878
f 878 902 876
f 876 902 873
f 871 903 868
f 868 903 865
f 903 904 865
f 865 904 862
f 862 905 860
f 860 905 857
f 853 906 851
f 851 906 848
f 897 907 900
f 907 908 900
f 900 908 892
f 908 909 892
f 892 909 890
f 909 910 890
f 890 910 888
f 910 911 888
f 888 911 886
f 911 912 886
f 886 912 883
f 912 913 883
f 883 913 901
f 913 914 901
f 901 914 878
f 914 915 878
f 878 915 902
f 915 916 902
f 902 916 873
f 916 917 873
f 873 917 871
f 917 918 871
f 871 918 903
f 918 919 903
f 903 919 904
f 919 920 904
f 904 920 862
f 920 921 862
f 862 921 905
f 921 922 905
f 905 922 857
f 922 923 857
f 857 923 855
f 923 924 855
f 855 924 853
f 924 925 853
f 853 925 906
f 925 926 906
f 906 926 848
f 926 927 848
f 848 927 846
f 927 928 846
f 846 928 842
f 928 929 842
f 842 929 843
f 929 930 843
f 843 930 897
f 930 907 897
f 907 931 908
f 931 932 908
f 908 932 909
f 932 933 909
f 909 933 910
f 933 934 910
f 910 934 911
f 934 935 911
f 911 935 912
f 935 936 912
f 912 936 913
f 936 937 913
f 913 937 914
f 937 938 914
f 914 938 915
f 938 939 915
f 915 939 916
f 939 940 916
f 916 940 917
f 940 941 917
f 917 941 918
f 941 942 918
f 918 942 919
f 942 943 919
f 919 943 920
f 943 944 920
f 920 944 921
f 944 945 921
f 921 945 922
f 945 946 922
f 922 946 923
f 946 947 923
f 923 947 924
f 947 948 924
f 924 948 925
f 948 949 925
f 925 949 926
f 949 950 926
f 926 950 927
f 950 951 927
f 927 951 928
f 951 952 928
f 928 952 929
f 952 953 929
f 929 953 930
f 953 954 930
f 930 954 907
f 954 931 907
f 931 955 932
f 933 836 934
f 934 836 935
f 836 835 935
f 935 835 936
f 835 956 936
f 936 956 937
f 956 957 937
f 937 957 938
f 938 958 939
f 939 958 940
f 940 829 941
f 941 829 942
f 942 959 943
f 943 959 944
f 959 960 944
f 944 960 945
f 960 961 945
f 945 961 946
f 946 823 947
f 947 823 948
f 823 962 948
f 948 962 949
f 962 963 949
f 949 963 950
f 963 964 950
f 950 964 951
f 951 965 952
f 952 965 953
f 965 841 953
f 953 841 954
f 841 840 954
f 954 840 931
f 840 955 931
f 820 819 951
f 819 818 951
f 951 818 965
f 818 817 965
f 965 817 841
f 840 839 955
f 955 839 932
f 839 838 932
f 932 838 933
f 838 837 933
f 933 837 836
f 835 834 956
f 956 834 957
f 834 833 957
f 957 833 938
f 833 832 938
f 938 832 958
f 832 831 958
f 958 831 940
f 831 830 940
f 940 830 829
f 829 828 942
f 942 828 959
f 828 827 959
f 959 827 960
f 827 826 960
f 960 826 961
f 826 825 961
f 961 825 946
f 825 824 946
f 946 824 823
f 823 822 962
f 962 822 963
f 822 821 963
f 963 821 964
f 821 820 964
f 964 820 951
f 844 767 769
f 771 845 769
f 769 845 844
f 773 847 771
f 771 847 845
f 775 850 773
f 850 849 773
f 773 849 847
f 777 852 775
f 775 852 850
f 779 854 777
f 777 854 852
f 781 856 779
f 779 856 854
f 783 859 781
f 859 858 781
f 781 858 856
f 785 861 783
f 783 861 859
f 787 864 785
f 864 863 785
f 785 863 861
f 789 867 787
f 867 866 787
f 787 866 864
f 791 870 789
f 870 869 789
f 789 869 867
f 745 872 791
f 791 872 870
f 747 875 745
f 875 874 745
f 745 874 872
f 749 877 747
f 747 877 875
f 751 880 749
f 880 879 749
f 749 879 877
f 753 882 751
f 751 882 880
f 755 885 753
f 885 884 753
f 753 884 882
f 757 887 755
f 755 887 885
f 759 889 757
f 757 889 887
f 761 891 759
f 759 891 889
f 763 894 761
f 894 893 761
f 761 893 891
f 765 896 763
f 763 896 894
f 844 899 767
f 767 899 765
f 899 898 765
f 765 898 896
f 966 967 968
f 967 969 968
f 968 969 970
f 969 971 970
f 970 971 972
f 971 973 972
f 972 973 974
f 973 975 974
f 974 975 976
f 975 977 976
f 976 977 978
f 977 979 978
f 978 979 980
f 979 981 980
f 980 981 982
f 981 983 982
f 982 983 984
f 983 985 984
f 984 985 986
f 985 987 986
f 986 987 988
f 987 989 988
f 988 989 990
f 989 991 990
f 990 991 992
f 991 993 992
f 992 993 994
f 993 995 994
f 994 995 996
f 995 997 996
f 996 997 998
f 997 999 998
f 998 999 1000
f 999 1001 1000
f 1000 1001 1002
f 1001 1003 1002
f 1002 1003 1004
f 1003 1005 1004
f 1004 1005 1006
f 1005 1007 1006
f 1006 1007 1008
f 1007 1009 1008
f 1008 1009 1010
f 1009 1011 1010
f 1010 1011 1012
f 1011 1013 1012
f 1012 1013 966
f 1013 967 966
f 983 981 1014
f 981 979 1014
f 1014 979 977
f 989 987 1014
f 987 985 1014
f 1014 985 983
f 995 993 1014
f 993 991 1014
f 1014 991 989
f 1001 999 1014
f 999 997 1014
f 1014 997 995
f 1007 1005 1014
f 1005 1003 1014
f 1014 1003 1001
f 1013 1011 1014
f 1011 1009 1014
f 1014 1009 1007
f 971 969 1014
f 969 967 1014
f 1014 967 1013
f 977 975 1014
f 975 973 1014
f 1014 973 971
f 998 1000 1015
f 1000 1002 1015
f 1015 1002 1004
f 992 994 1015
f 994 996 1015
f 1015 996 998
f 986 988 1015
f 988 990 1015
f 1015 990 992
f 980 982 1015
f 982 984 1015
f 1015 984 986
f 974 976 1015
f 976 978 1015
f 1015 978 980
f 968 970 1015
f 970 972 1015
f 1015 972 974
f 1010 1012 1015
f 1012 966 1015
f 1015 966 968
f 1004 1006 1015
f 1006 1008 1015
f 1015 1008 1010
f 1016 1017 1018
f 1017 1019 1018
f 1018 1019 1020
f 1021 1022 1018
f 1022 1023 1018
f 1018 1023 1016
f 1024 1025 1018
f 1025 1026 1018
f 1018 1026 1021
f 1027 1028 1018
f 1028 1029 1018
f 1018 1029 1024
f 1030 1031 1018
f 1031 1032 1018
f 1018 1032 1027
f 1033 1034 1018
f 1034 1035 1018
f 1018 1035 1030
f 1036 1037 1018
f 1037 1038 1018
f 1018 1038 1033
f 1020 1039 1018
f 1039 1040 1018
f 1018 1040 1036
f 1041 1032 1042
f 1032 1031 1042
f 1042 1031 1043
f 1031 1030 1043
f 1043 1030 1044
f 1030 1035 1044
f 1044 1035 1045
f 1035 1034 1045
f 1045 1034 1046
f 1034 1033 1046
f 1046 1033 1047
f 1033 1038 1047
f 1047 1038 1048
f 1038 1037 1048
f 1048 1037 1049
f 1037 1036 1049
f 1049 1036 1050
f 1036 1040 1050
f 1050 1040 1051
f 1040 1039 1051
f 1051 1039 1052
f 1039 1020 1052
f 1052 1020 1053
f 1020 1019 1053
f 1053 1019 1054
f 1019 1017 1054
f 1054 1017 1055
f 1017 1016 1055
f 1055 1016 1056
f 1016 1023 1056
f 1056 1023 1057
f 1023 1022 1057
f 1057 1022 1058
f 1022 1021 1058
f 1058 1021 1059
f 1021 1026 1059
f 1059 1026 1060
f 1026 1025 1060
f 1060 1025 1061
f 1025 1024 1061
f 1061 1024 1062
f 1024 1029 1062
f 1062 1029 1063
f 1029 1028 1063
f 1063 1028 1064
f 1028 1027 1064
f 1064 1027 1041
f 1027 1032 1041
f 1063 1064 1065
f 1064 1041 1065
f 1065 1041 1042
f 1060 1061 1065
f 1061 1062 1065
f 1065 1062 1063
f 1057 1058 1065
f 1058 1059 1065
f 1065 1059 1060
f 1054 1055 1065
f 1055 1056 1065
f 1065 1056 1057
f 1051 1052 1065
f 1052 1053 1065
f 1065 1053 1054
f 1048 1049 1065
f 1049 1050 1065
f 1065 1050 1051
f 1045 1046 1065
f 1046 1047 1065
f 1065 1047 1048
f 1042 1043 1065
f 1043 1044 1065
f 1065 1044 1045
f 1066 1067 1068
f 1067 1069 1068
f 1067 1066 1070
f 1066 1071 1070
f 1069 1067 1070
f 1071 1066 1068
f 1070 1071 1069
f 1071 1068 1069
f 1072 1073 1074
f 1073 1075 1074
f 1074 1075 1076
f 1077 1078 1074
f 1078 1079 1074
f 1074 1079 1072
f 1080 1081 1074
f 1081 1082 1074
f 1074 1082 1077
f 1083 1084 1074
f 1084 1085 1074
f 1074 1085 1080
f 1086 1087 1074
f 1087 1088 1074
f 1074 1088 1083
f 1089 1090 1074
f 1090 1091 1074
f 1074 1091 1086
f 1092 1093 1074
f 1093 1094 1074
f 1074 1094 1089
f 1076 1095 1074
f 1095 1096 1074
f 1074 1096 1092
f 1097 1098 1099
f 1098 1100 1099
f 1099 1100 1101
f 1102 1103 1099
f 1103 1104 1099
f 1099 1104 1097
f 1105 1106 1099
f 1106 1107 1099
f 1099 1107 1102
f 1108 1109 1099
f 1109 1110 1099
f 1099 1110 1105
f 1111 1112 1099
f 1112 1113 1099
f 1099 1113 1108
f 1114 1115 1099
f 1115 1116 1099
f 1099 1116 1111
f 1117 1118 1099
f 1118 1119 1099
f 1099 1119 1114
f 1101 1120 1099
f 1120 1121 1099
f 1099 1121 1117
f 1280 1281 1279
f 1281 1282 1279
f 1285 1286 1284
f 1286 1287 1284
f 1284 1287 1288
f 1287 1289 1288
f 1288 1289 1290
f 1291 1292 1290
f 1292 1293 1290
f 1290 1293 1288
f 1294 1295 1296
f 1295 1297 1296
f 1298 1299 1300
f 1299 1301 1300
f 1302 1303 1304
f 1305 1306 1307
f 1306 1302 1307
f 1307 1302 1308
f 1302 1304 1308
f 1307 1309 1305
f 1309 1295 1305
f 1305 1295 1303
f 1295 1294 1303
f 1303 1294 1304
f 1310 1311 1312
f 1311 1313 1312
f 1312 1313 1314
f 1315 1316 1312
f 1316 1317 1312
f 1312 1317 1310
f 1318 1319 1312
f 1319 1320 1312
f 1312 1320 1315
f 1321 1322 1312
f 1322 1323 1312
f 1312 1323 1318
f 1324 1325 1312
f 1325 1326 1312
f 1312 1326 1321
f 1327 1328 1312
f 1328 1329 1312
f 1312 1329 1324
f 1330 1331 1312
f 1331 1332 1312
f 1312 1332 1327
f 1314 1333 1312
f 1333 1334 1312
f 1312 1334 1330
f 1335 1336 1337
f 1336 1338 1337
f 1337 1338 1339
f 1340 1341 1337
f 1341 1342 1337
f 1337 1342 1335
f 1343 1344 1337
f 1344 1345 1337
f 1337 1345 1340
f 1346 1347 1337
f 1347 1348 1337
f 1337 1348 1343
f 1349 1350 1337
f 1350 1351 1337
f 1337 1351 1346
f 1352 1353 1337
f 1353 1354 1337
f 1337 1354 1349
f 1355 1356 1337
f 1356 1357 1337
f 1337 1357 1352
f 1339 1358 1337
f 1358 1359 1337
f 1337 1359 1355
f 1360 1361 1362
f 1361 1363 1362
f 1362 1363 1364
f 1365 1366 1362
f 1366 1367 1362
f 1362 1367 1360
f 1368 1369 1362
f 1369 1370 1362
f 1362 1370 1365
f 1371 1372 1362
f 1372 1373 1362
f 1362 1373 1368
f 1374 1375 1362
f 1375 1376 1362
f 1362 1376 1371
f 1377 1378 1362
f 1378 1379 1362
f 1362 1379 1374
f 1380 1381 1362
f 1381 1382 1362
f 1362 1382 1377
f 1364 1383 1362
f 1383 1384 1362
f 1362 1384 1380
f 1385 1386 1387
f 1386 1388 1387
f 1387 1388 1389
f 1390 1391 1387
f 1391 1392 1387
f 1387 1392 1385
f 1393 1394 1387
f 1394 1395 1387
f 1387 1395 1390
f 1396 1397 1387
f 1397 1398 1387
f 1387 1398 1393
f 1399 1400 1387
f 1400 1401 1387
f 1387 1401 1396
f 1402 1403 1387
f 1403 1404 1387
f 1387 1404 1399
f 1405 1406 1387
f 1406 1407 1387
f 1387 1407 1402
f 1389 1408 1387
f 1408 1409 1387
f 1387 1409 1405
f 1410 1411 1412
f 1411 1413 1412
f 1412 1413 1414
f 1415 1416 1412
f 1416 1417 1412
f 1412 1417 1410
f 1418 1419 1412
f 1419 1420 1412
f 1412 1420 1415
f 1421 1422 1412
f 1422 1423 1412
f 1412 1423 1418
f 1424 1425 1412
f 1425 1426 1412
f 1412 1426 1421
f 1427 1428 1412
f 1428 1429 1412
f 1412 1429 1424
f 1430 1431 1412
f 1431 1432 1412
f 1412 1432 1427
f 1414 1433 1412
f 1433 1434 1412
f 1412 1434 1430
f 1435 1436 1437
f 1436 1438 1437
f 1437 1438 1439
f 1440 1441 1437
f 1441 1442 1437
f 1437 1442 1435
f 1443 1444 1437
f 1444 1445 1437
f 1437 1445 1440
f 1446 1447 1437
f 1447 1448 1437
f 1437 1448 1443
f 1449 1450 1437
f 1450 1451 1437
f 1437 1451 1446
f 1452 1453 1437
f 1453 1454 1437
f 1437 1454 1449
f 1455 1456 1437
f 1456 1457 1437
f 1437 1457 1452
f 1439 1458 1437
f 1458 1459 1437
f 1437 1459 1455
f 1460 1461 1462
f 1461 1463 1462
f 1462 1463 1464
f 1465 1466 1462
f 1466 1467 1462
f 1462 1467 1460
f 1468 1469 1462
f 1469 1470 1462
f 1462 1470 1465
f 1471 1472 1462
f 1472 1473 1462
f 1462 1473 1468
f 1474 1475 1462
f 1475 1476 1462
f 1462 1476 1471
f 1477 1478 1462
f 1478 1479 1462
f 1462 1479 1474
f 1480 1481 1462
f 1481 1482 1462
f 1462 1482 1477
f 1464 1483 1462
f 1483 1484 1462
f 1462 1484 1480
f 1284 1295 1283
f 1295 1309 1283
f 1485 1486 1487
f 1486 1488 1487
f 1487 1488 1489
f 1489 1488 1490
f 1488 1491 1490
f 1490 1491 1492
f 1492 1491 1493
f 1491 1494 1493
f 1493 1494 1495
f 1494 1496 1495
f 1495 1496 1497
f 1496 1498 1497
f 1497 1498 1499
f 1498 1500 1499
f 1499 1500 1501
f 1501 1502 1503
f 1504 1505 1506
f 1505 1287 1506
f 1506 1287 1286
f 1504 1507 1505
f 1507 1508 1505
f 1505 1508 1509
f 1503 1510 1501
f 1510 1511 1501
f 1501 1511 1512
f 1511 1281 1512
f 1512 1281 1280
f 1509 1513 1505
f 1513 1514 1505
f 1505 1514 1500
f 1514 1515 1500
f 1515 1516 1500
f 1500 1516 1501
f 1516 1517 1501
f 1501 1517 1502
f 1518 1519 1520
f 1521 1522 1500
f 1299 1298 1486
f 1298 1523 1486
f 1520 1524 1518
f 1524 1525 1518
f 1518 1525 1526
f 1522 1527 1500
f 1527 1528 1500
f 1500 1528 1505
f 1528 1529 1505
f 1505 1529 1530
f 1531 1532 1533
f 1500 1498 1521
f 1498 1496 1521
f 1521 1496 1494
f 1523 1534 1486
f 1534 1535 1486
f 1486 1535 1488
f 1535 1521 1488
f 1488 1521 1491
f 1521 1494 1491
f 1530 1536 1505
f 1536 1537 1505
f 1505 1537 1538
f 1537 1533 1538
f 1538 1533 1539
f 1533 1532 1539
f 1519 1518 1533
f 1518 1540 1533
f 1533 1540 1531
f 1518 1288 1293
f 1518 1293 1540
f 1293 1292 1540
f 1540 1292 1531
f 1292 1291 1531
f 1531 1291 1532
f 1291 1290 1532
f 1532 1290 1539
f 1290 1289 1539
f 1539 1289 1538
f 1289 1287 1538
f 1538 1287 1505
f 1515 1514 1541
f 1514 1542 1541
f 1543 1507 1544
f 1507 1545 1544
f 1543 1546 1507
f 1546 1547 1507
f 1507 1547 1508
f 1548 1549 1504
f 1549 1550 1504
f 1504 1550 1507
f 1507 1550 1545
f 1542 1514 1551
f 1514 1513 1551
f 1509 1552 1513
f 1552 1553 1513
f 1513 1553 1551
f 1547 1554 1508
f 1554 1555 1508
f 1508 1555 1509
f 1555 1556 1509
f 1509 1556 1552
f 1506 1557 1504
f 1557 1558 1504
f 1504 1558 1548
f 1558 1559 1548
f 1560 1282 1511
f 1282 1281 1511
f 1561 1562 1563
f 1564 1510 1565
f 1510 1503 1565
f 1502 1517 1566
f 1567 1565 1568
f 1565 1503 1568
f 1568 1503 1569
f 1503 1502 1569
f 1569 1502 1570
f 1502 1566 1570
f 1516 1515 1541
f 1541 1571 1516
f 1571 1572 1516
f 1516 1572 1517
f 1572 1573 1517
f 1517 1573 1566
f 1564 1561 1510
f 1561 1563 1510
f 1510 1563 1511
f 1563 1560 1511
f 1285 1557 1286
f 1557 1506 1286
f 1557 1285 1282
f 1557 1574 1558
f 1574 1559 1558
f 1562 1574 1563
f 1574 1557 1563
f 1563 1557 1560
f 1557 1282 1560
f 1567 1575 1565
f 1576 1577 1578
f 1575 1567 1568
f 1579 1580 1581
f 1578 1577 1581
f 1577 1582 1581
f 1581 1582 1579
f 1575 1568 1583
f 1584 1585 1586
f 1585 1587 1586
f 1586 1587 1588
f 1588 1589 1586
f 1586 1589 1578
f 1589 1590 1578
f 1578 1590 1576
f 1591 1592 1593
f 1592 1594 1593
f 1593 1594 1595
f 1595 1594 1596
f 1594 1597 1596
f 1596 1597 1544
f 1598 1546 1597
f 1546 1543 1597
f 1597 1543 1544
f 1599 1554 1598
f 1554 1547 1598
f 1598 1547 1546
f 1600 1556 1599
f 1556 1555 1599
f 1599 1555 1554
f 1542 1601 1541
f 1601 1602 1541
f 1541 1602 1571
f 1542 1551 1601
f 1551 1553 1601
f 1601 1553 1600
f 1553 1552 1600
f 1600 1552 1556
f 1603 1604 1570
f 1570 1566 1603
f 1566 1573 1603
f 1603 1573 1602
f 1573 1572 1602
f 1602 1572 1571
f 1580 1583 1581
f 1583 1568 1581
f 1581 1568 1604
f 1568 1569 1604
f 1604 1569 1570
f 1544 1545 1596
f 1596 1545 1595
f 1545 1550 1595
f 1548 1593 1549
f 1593 1595 1549
f 1549 1595 1550
f 1559 1605 1606
f 1607 1608 1524
f 1607 1524 1609
f 1606 1610 1559
f 1610 1611 1559
f 1559 1611 1548
f 1611 1591 1548
f 1548 1591 1593
f 1612 1613 1520
f 1613 1614 1520
f 1520 1614 1524
f 1614 1615 1524
f 1524 1615 1609
f 1559 1574 1605
f 1574 1616 1605
f 1605 1616 1617
f 1616 1618 1617
f 1608 1619 1524
f 1619 1620 1524
f 1524 1620 1616
f 1620 1621 1616
f 1616 1621 1618
f 1612 1520 1622
f 1520 1519 1622
f 1622 1519 1623
f 1519 1533 1623
f 1623 1533 1624
f 1533 1537 1624
f 1624 1537 1625
f 1625 1537 1626
f 1537 1536 1626
f 1626 1536 1627
f 1627 1536 1628
f 1536 1530 1628
f 1628 1530 1629
f 1629 1530 1630
f 1530 1529 1630
f 1630 1529 1631
f 1529 1528 1631
f 1528 1632 1631
f 1632 1528 1633
f 1528 1527 1633
f 1633 1527 1634
f 1634 1527 1635
f 1527 1522 1635
f 1635 1522 1636
f 1636 1522 1637
f 1522 1521 1637
f 1637 1521 1638
f 1521 1535 1638
f 1638 1535 1639
f 1534 1523 1640
f 1640 1641 1534
f 1641 1642 1534
f 1534 1642 1535
f 1535 1642 1639
f 1587 1643 1588
f 1643 1644 1588
f 1645 1590 1646
f 1590 1589 1646
f 1646 1589 1644
f 1644 1589 1588
f 1647 1561 1564
f 1580 1579 1564
f 1579 1582 1564
f 1564 1582 1647
f 1582 1577 1647
f 1647 1577 1645
f 1577 1576 1645
f 1645 1576 1590
f 1580 1564 1583
f 1564 1565 1583
f 1583 1565 1575
f 1648 1640 1523
f 1298 1649 1650
f 1650 1651 1298
f 1651 1652 1298
f 1298 1652 1523
f 1652 1653 1523
f 1523 1653 1648
f 1654 1655 1656
f 1655 1643 1656
f 1656 1643 1585
f 1643 1587 1585
f 1654 1657 1655
f 1657 1658 1655
f 1655 1658 1659
f 1659 1660 1655
f 1660 1661 1655
f 1655 1661 1300
f 1661 1662 1300
f 1300 1662 1298
f 1662 1663 1298
f 1298 1663 1649
f 1616 1574 1664
f 1664 1574 1655
f 1574 1562 1655
f 1655 1562 1643
f 1647 1645 1646
f 1562 1561 1643
f 1561 1647 1643
f 1643 1647 1644
f 1647 1646 1644
f 1625 1626 1665
f 1648 1667 1640
f 1667 1666 1640
f 1640 1666 1641
f 1666 1642 1641
f 1642 1666 1639
f 1666 1668 1639
f 1639 1668 1638
f 1629 1630 1669
f 1629 1669 1628
f 1665 1626 1669
f 1626 1627 1669
f 1669 1627 1628
f 1631 1632 1670
f 1632 1633 1670
f 1670 1633 1634
f 1634 1635 1670
f 1635 1636 1670
f 1670 1636 1668
f 1636 1637 1668
f 1668 1637 1638
f 1671 1613 1672
f 1613 1612 1672
f 1672 1612 1622
f 1622 1623 1672
f 1672 1623 1665
f 1623 1624 1665
f 1665 1624 1625
f 1630 1631 1669
f 1631 1670 1669
f 1669 1670 1673
f 1670 1674 1673
f 1673 1674 1675
f 1674 1676 1675
f 1675 1676 1677
f 1676 1678 1677
f 1584 1679 1585
f 1679 1656 1585
f 1656 1679 1654
f 1679 1680 1654
f 1654 1680 1657
f 1680 1681 1657
f 1657 1681 1658
f 1681 1682 1658
f 1658 1682 1659
f 1682 1683 1659
f 1659 1683 1660
f 1683 1684 1660
f 1660 1684 1661
f 1684 1685 1661
f 1686 1611 1687
f 1611 1610 1687
f 1687 1610 1688
f 1610 1606 1688
f 1688 1606 1689
f 1606 1605 1689
f 1689 1605 1690
f 1605 1617 1690
f 1690 1617 1691
f 1617 1618 1691
f 1691 1618 1692
f 1618 1621 1692
f 1685 1693 1661
f 1693 1662 1661
f 1694 1692 1620
f 1692 1621 1620
f 1695 1667 1653
f 1667 1648 1653
f 1671 1696 1613
f 1696 1614 1613
f 1662 1693 1663
f 1693 1697 1663
f 1663 1697 1649
f 1697 1698 1649
f 1649 1698 1650
f 1698 1699 1650
f 1650 1699 1651
f 1699 1700 1651
f 1651 1700 1652
f 1700 1701 1652
f 1652 1701 1653
f 1701 1695 1653
f 1694 1620 1702
f 1620 1619 1702
f 1702 1619 1703
f 1619 1608 1703
f 1703 1608 1704
f 1608 1607 1704
f 1704 1607 1705
f 1607 1609 1705
f 1705 1609 1706
f 1609 1615 1706
f 1706 1615 1696
f 1615 1614 1696
f 1686 1592 1611
f 1592 1591 1611
f 1601 1677 1602
f 1677 1678 1602
f 1512 1280 1294
f 1280 1279 1294
f 1600 1288 1601
f 1288 1518 1601
f 1600 1599 1288
f 1599 1598 1288
f 1288 1598 1597
f 1689 1690 1707
f 1671 1672 1518
f 1597 1594 1288
f 1594 1592 1288
f 1288 1592 1284
f 1592 1686 1284
f 1284 1686 1687
f 1702 1703 1526
f 1703 1704 1526
f 1673 1675 1518
f 1675 1677 1518
f 1518 1677 1601
f 1704 1705 1526
f 1705 1706 1526
f 1526 1706 1518
f 1706 1696 1518
f 1518 1696 1671
f 1672 1665 1518
f 1665 1669 1518
f 1518 1669 1673
f 1689 1707 1688
f 1707 1297 1688
f 1688 1297 1687
f 1297 1295 1687
f 1687 1295 1284
f 1690 1691 1707
f 1691 1692 1707
f 1707 1692 1526
f 1692 1694 1526
f 1526 1694 1702
f 1584 1586 1485
f 1586 1578 1485
f 1578 1581 1485
f 1581 1604 1485
f 1485 1604 1603
f 1674 1670 1486
f 1670 1668 1486
f 1486 1668 1666
f 1299 1700 1699
f 1682 1708 1683
f 1708 1684 1683
f 1682 1681 1708
f 1681 1680 1708
f 1708 1680 1679
f 1666 1667 1486
f 1667 1695 1486
f 1486 1695 1299
f 1695 1701 1299
f 1299 1701 1700
f 1699 1698 1299
f 1698 1697 1299
f 1299 1697 1301
f 1697 1693 1301
f 1301 1693 1708
f 1693 1685 1708
f 1708 1685 1684
f 1603 1602 1485
f 1602 1678 1485
f 1485 1678 1486
f 1678 1676 1486
f 1486 1676 1674
f 1501 1512 1499
f 1512 1497 1499
f 1485 1487 1512
f 1485 1512 1584
f 1512 1294 1584
f 1584 1294 1679
f 1487 1489 1512
f 1489 1490 1512
f 1512 1490 1492
f 1492 1493 1512
f 1493 1495 1512
f 1512 1495 1497
f 1294 1296 1679
f 1296 1709 1679
f 1679 1709 1710
f 1710 1711 1679
f 1711 1712 1679
f 1679 1712 1708
f 1713 1710 1709
f 1714 1707 1526
f 1526 1525 1714
f 1525 1715 1714
f 1714 1715 1716
f 1715 1717 1716
f 1716 1717 1709
f 1718 1712 1711
f 1711 1713 1718
f 1713 1709 1718
f 1718 1709 1717
f 1294 1279 1304
f 1279 1278 1304
f 1242 1719 1241
f 1719 1720 1241
f 1241 1720 1240
f 1720 1721 1240
f 1240 1721 1239
f 1721 1722 1239
f 1239 1722 1238
f 1722 1723 1238
f 1238 1723 1237
f 1723 1724 1237
f 1237 1724 1236
f 1724 1725 1236
f 1236 1725 1235
f 1725 1726 1235
f 1235 1726 1234
f 1726 1727 1234
f 1234 1727 1233
f 1727 1728 1233
f 1233 1728 1232
f 1728 1729 1232
f 1232 1729 1231
f 1729 1730 1231
f 1231 1730 1230
f 1730 1731 1230
f 1230 1731 1229
f 1731 1732 1229
f 1229 1732 1228
f 1732 1733 1228
f 1228 1733 1251
f 1733 1734 1251
f 1251 1734 1250
f 1734 1735 1250
f 1250 1735 1249
f 1735 1736 1249
f 1249 1736 1248
f 1736 1737 1248
f 1248 1737 1247
f 1737 1738 1247
f 1247 1738 1246
f 1738 1739 1246
f 1246 1739 1245
f 1739 1740 1245
f 1245 1740 1244
f 1740 1741 1244
f 1244 1741 1243
f 1741 1742 1243
f 1243 1742 1242
f 1742 1719 1242
f 1266 1743 1265
f 1743 1744 1265
f 1265 1744 1264
f 1744 1745 1264
f 1264 1745 1263
f 1745 1746 1263
f 1263 1746 1262
f 1746 1747 1262
f 1262 1747 1261
f 1747 1748 1261
f 1261 1748 1260
f 1748 1749 1260
f 1260 1749 1259
f 1749 1750 1259
f 1259 1750 1258
f 1750 1751 1258
f 1258 1751 1257
f 1751 1752 1257
f 1257 1752 1256
f 1752 1753 1256
f 1256 1753 1255
f 1753 1754 1255
f 1255 1754 1254
f 1754 1755 1254
f 1254 1755 1253
f 1755 1756 1253
f 1253 1756 1252
f 1756 1757 1252
f 1252 1757 1275
f 1757 1758 1275
f 1275 1758 1274
f 1758 1759 1274
f 1274 1759 1273
f 1759 1760 1273
f 1273 1760 1272
f 1760 1761 1272
f 1272 1761 1271
f 1761 1762 1271
f 1271 1762 1270
f 1762 1763 1270
f 1270 1763 1269
f 1763 1764 1269
f 1269 1764 1268
f 1764 1765 1268
f 1268 1765 1267
f 1765 1766 1267
f 1267 1766 1266
f 1766 1743 1266
f 1767 1768 1769
f 1768 1770 1769
f 1769 1770 1771
f 1770 1772 1771
f 1771 1772 1773
f 1772 1774 1773
f 1773 1774 1775
f 1774 1776 1775
f 1775 1776 1777
f 1776 1778 1777
f 1777 1778 1779
f 1778 1780 1779
f 1779 1780 1781
f 1780 1782 1781
f 1781 1782 1783
f 1782 1784 1783
f 1783 1784 1785
f 1784 1786 1785
f 1785 1786 1787
f 1786 1788 1787
f 1787 1788 1789
f 1788 1790 1789
f 1789 1790 1791
f 1790 1792 1791
f 1791 1792 1793
f 1792 1794 1793
f 1793 1794 1795
f 1794 1796 1795
f 1795 1796 1797
f 1796 1798 1797
f 1797 1798 1799
f 1798 1800 1799
f 1799 1800 1801
f 1800 1802 1801
f 1801 1802 1803
f 1802 1804 1803
f 1803 1804 1805
f 1804 1806 1805
f 1805 1806 1807
f 1806 1808 1807
f 1807 1808 1809
f 1808 1810 1809
f 1809 1810 1811
f 1810 1812 1811
f 1811 1812 1813
f 1812 1814 1813
f 1813 1814 1767
f 1814 1768 1767
f 1100 1815 1101
f 1815 1816 1101
f 1101 1816 1120
f 1816 1817 1120
f 1120 1817 1121
f 1817 1818 1121
f 1121 1818 1117
f 1818 1819 1117
f 1117 1819 1118
f 1819 1820 1118
f 1118 1820 1119
f 1820 1821 1119
f 1119 1821 1114
f 1821 1822 1114
f 1114 1822 1115
f 1822 1823 1115
f 1115 1823 1116
f 1823 1824 1116
f 1116 1824 1111
f 1824 1825 1111
f 1111 1825 1112
f 1825 1826 1112
f 1112 1826 1113
f 1826 1827 1113
f 1113 1827 1108
f 1827 1828 1108
f 1108 1828 1109
f 1828 1829 1109
f 1109 1829 1110
f 1829 1830 1110
f 1110 1830 1105
f 1830 1831 1105
f 1105 1831 1106
f 1831 1832 1106
f 1106 1832 1107
f 1832 1833 1107
f 1107 1833 1102
f 1833 1834 1102
f 1102 1834 1103
f 1834 1835 1103
f 1103 1835 1104
f 1835 1836 1104
f 1104 1836 1097
f 1836 1837 1097
f 1097 1837 1098
f 1837 1838 1098
f 1098 1838 1100
f 1838 1815 1100
f 1170 1839 1169
f 1839 1840 1169
f 1169 1840 1168
f 1840 1841 1168
f 1168 1841 1167
f 1841 1842 1167
f 1167 1842 1166
f 1842 1843 1166
f 1166 1843 1165
f 1843 1844 1165
f 1165 1844 1164
f 1844 1845 1164
f 1164 1845 1163
f 1845 1846 1163
f 1163 1846 1162
f 1846 1847 1162
f 1162 1847 1161
f 1847 1848 1161
f 1161 1848 1160
f 1848 1849 1160
f 1160 1849 1159
f 1849 1850 1159
f 1159 1850 1158
f 1850 1851 1158
f 1158 1851 1157
f 1851 1852 1157
f 1157 1852 1156
f 1852 1853 1156
f 1156 1853 1179
f 1853 1854 1179
f 1179 1854 1178
f 1854 1855 1178
f 1178 1855 1177
f 1855 1856 1177
f 1177 1856 1176
f 1856 1857 1176
f 1176 1857 1175
f 1857 1858 1175
f 1175 1858 1174
f 1858 1859 1174
f 1174 1859 1173
f 1859 1860 1173
f 1173 1860 1172
f 1860 1861 1172
f 1172 1861 1171
f 1861 1862 1171
f 1171 1862 1170
f 1862 1839 1170
f 1194 1863 1193
f 1863 1864 1193
f 1193 1864 1192
f 1864 1865 1192
f 1192 1865 1191
f 1865 1866 1191
f 1191 1866 1190
f 1866 1867 1190
f 1190 1867 1189
f 1867 1868 1189
f 1189 1868 1188
f 1868 1869 1188
f 1188 1869 1187
f 1869 1870 1187
f 1187 1870 1186
f 1870 1871 1186
f 1186 1871 1185
f 1871 1872 1185
f 1185 1872 1184
f 1872 1873 1184
f 1184 1873 1183
f 1873 1874 1183
f 1183 1874 1182
f 1874 1875 1182
f 1182 1875 1181
f 1875 1876 1181
f 1181 1876 1180
f 1876 1877 1180
f 1180 1877 1203
f 1877 1878 1203
f 1203 1878 1202
f 1878 1879 1202
f 1202 1879 1201
f 1879 1880 1201
f 1201 1880 1200
f 1880 1881 1200
f 1200 1881 1199
f 1881 1882 1199
f 1199 1882 1198
f 1882 1883 1198
f 1198 1883 1197
f 1883 1884 1197
f 1197 1884 1196
f 1884 1885 1196
f 1196 1885 1195
f 1885 1886 1195
f 1195 1886 1194
f 1886 1863 1194
f 1218 1887 1217
f 1887 1888 1217
f 1217 1888 1216
f 1888 1889 1216
f 1216 1889 1215
f 1889 1890 1215
f 1215 1890 1214
f 1890 1891 1214
f 1214 1891 1213
f 1891 1892 1213
f 1213 1892 1212
f 1892 1893 1212
f 1212 1893 1211
f 1893 1894 1211
f 1211 1894 1210
f 1894 1895 1210
f 1210 1895 1209
f 1895 1896 1209
f 1209 1896 1208
f 1896 1897 1208
f 1208 1897 1207
f 1897 1898 1207
f 1207 1898 1206
f 1898 1899 1206
f 1206 1899 1205
f 1899 1900 1205
f 1205 1900 1204
f 1900 1901 1204
f 1204 1901 1227
f 1901 1902 1227
f 1227 1902 1226
f 1902 1903 1226
f 1226 1903 1225
f 1903 1904 1225
f 1225 1904 1224
f 1904 1905 1224
f 1224 1905 1223
f 1905 1906 1223
f 1223 1906 1222
f 1906 1907 1222
f 1222 1907 1221
f 1907 1908 1221
f 1221 1908 1220
f 1908 1909 1220
f 1220 1909 1219
f 1909 1910 1219
f 1219 1910 1218
f 1910 1887 1218
f 1075 1911 1076
f 1911 1912 1076
f 1076 1912 1095
f 1912 1913 1095
f 1095 1913 1096
f 1913 1914 1096
f 1096 1914 1092
f 1914 1915 1092
f 1092 1915 1093
f 1915 1916 1093
f 1093 1916 1094
f 1916 1917 1094
f 1094 1917 1089
f 1917 1918 1089
f 1089 1918 1090
f 1918 1919 1090
f 1090 1919 1091
f 1919 1920 1091
f 1091 1920 1086
f 1920 1921 1086
f 1086 1921 1087
f 1921 1922 1087
f 1087 1922 1088
f 1922 1923 1088
f 1088 1923 1083
f 1923 1924 1083
f 1083 1924 1084
f 1924 1925 1084
f 1084 1925 1085
f 1925 1926 1085
f 1085 1926 1080
f 1926 1927 1080
f 1080 1927 1081
f 1927 1928 1081
f 1081 1928 1082
f 1928 1929 1082
f 1082 1929 1077
f 1929 1930 1077
f 1077 1930 1078
f 1930 1931 1078
f 1078 1931 1079
f 1931 1932 1079
f 1079 1932 1072
f 1932 1933 1072
f 1072 1933 1073
f 1933 1934 1073
f 1073 1934 1075
f 1934 1911 1075
f 1308 1277 1307
f 1277 1276 1307
f 1935 1301 1712
f 1301 1708 1712
f 1936 1937 1938
f 1937 1939 1938
f 1938 1939 1940
f 1939 1664 1940
f 1940 1664 1300
f 1664 1655 1300
f 1941 1709 1296
f 1942 1943 1944
f 1945 1946 1944
f 1946 1941 1944
f 1944 1941 1942
f 1941 1296 1942
f 1942 1296 1947
f 1948 1925 1949
f 1925 1924 1949
f 1949 1924 1950
f 1924 1923 1950
f 1950 1923 1951
f 1923 1922 1951
f 1951 1922 1952
f 1922 1921 1952
f 1952 1921 1953
f 1921 1920 1953
f 1953 1920 1954
f 1920 1919 1954
f 1954 1919 1955
f 1919 1918 1955
f 1955 1918 1956
f 1918 1917 1956
f 1956 1917 1957
f 1917 1916 1957
f 1957 1916 1958
f 1916 1915 1958
f 1958 1915 1959
f 1915 1914 1959
f 1959 1914 1960
f 1914 1913 1960
f 1960 1913 1961
f 1913 1912 1961
f 1961 1912 1962
f 1912 1911 1962
f 1962 1911 1963
f 1911 1934 1963
f 1963 1934 1964
f 1934 1933 1964
f 1964 1933 1965
f 1933 1932 1965
f 1965 1932 1966
f 1932 1931 1966
f 1966 1931 1967
f 1931 1930 1967
f 1967 1930 1968
f 1930 1929 1968
f 1968 1929 1969
f 1929 1928 1969
f 1969 1928 1970
f 1928 1927 1970
f 1970 1927 1971
f 1927 1926 1971
f 1971 1926 1948
f 1926 1925 1948
f 1972 1896 1973
f 1896 1895 1973
f 1973 1895 1974
f 1895 1894 1974
f 1974 1894 1975
f 1894 1893 1975
f 1975 1893 1976
f 1893 1892 1976
f 1976 1892 1977
f 1892 1891 1977
f 1977 1891 1978
f 1891 1890 1978
f 1978 1890 1979
f 1890 1889 1979
f 1979 1889 1980
f 1889 1888 1980
f 1980 1888 1981
f 1888 1887 1981
f 1981 1887 1982
f 1887 1910 1982
f 1982 1910 1983
f 1910 1909 1983
f 1983 1909 1984
f 1909 1908 1984
f 1984 1908 1985
f 1908 1907 1985
f 1985 1907 1986
f 1907 1906 1986
f 1986 1906 1987
f 1906 1905 1987
f 1987 1905 1988
f 1905 1904 1988
f 1988 1904 1989
f 1904 1903 1989
f 1989 1903 1990
f 1903 1902 1990
f 1990 1902 1991
f 1902 1901 1991
f 1991 1901 1992
f 1901 1900 1992
f 1992 1900 1993
f 1900 1899 1993
f 1993 1899 1994
f 1899 1898 1994
f 1994 1898 1995
f 1898 1897 1995
f 1995 1897 1972
f 1897 1896 1972
f 1996 1878 1997
f 1878 1877 1997
f 1997 1877 1998
f 1877 1876 1998
f 1998 1876 1999
f 1876 1875 1999
f 1999 1875 2000
f 1875 1874 2000
f 2000 1874 2001
f 1874 1873 2001
f 2001 1873 2002
f 1873 1872 2002
f 2002 1872 2003
f 1872 1871 2003
f 2003 1871 2004
f 1871 1870 2004
f 2004 1870 2005
f 1870 1869 2005
f 2005 1869 2006
f 1869 1868 2006
f 2006 1868 2007
f 1868 1867 2007
f 2007 1867 2008
f 1867 1866 2008
f 2008 1866 2009
f 1866 1865 2009
f 2009 1865 2010
f 1865 1864 2010
f 2010 1864 2011
f 1864 1863 2011
f 2011 1863 2012
f 1863 1886 2012
f 2012 1886 2013
f 1886 1885 2013
f 2013 1885 2014
f 1885 1884 2014
f 2014 1884 2015
f 1884 1883 2015
f 2015 1883 2016
f 1883 1882 2016
f 2016 1882 2017
f 1882 1881 2017
f 2017 1881 2018
f 1881 1880 2018
f 2018 1880 2019
f 1880 1879 2019
f 2019 1879 1996
f 1879 1878 1996
f 2020 1848 2021
f 1848 1847 2021
f 2021 1847 2022
f 1847 1846 2022
f 2022 1846 2023
f 1846 1845 2023
f 2023 1845 2024
f 1845 1844 2024
f 2024 1844 2025
f 1844 1843 2025
f 2025 1843 2026
f 1843 1842 2026
f 2026 1842 2027
f 1842 1841 2027
f 2027 1841 2028
f 1841 1840 2028
f 2028 1840 2029
f 1840 1839 2029
f 2029 1839 2030
f 1839 1862 2030
f 2030 1862 2031
f 1862 1861 2031
f 2031 1861 2032
f 1861 1860 2032
f 2032 1860 2033
f 1860 1859 2033
f 2033 1859 2034
f 1859 1858 2034
f 2034 1858 2035
f 1858 1857 2035
f 2035 1857 2036
f 1857 1856 2036
f 2036 1856 2037
f 1856 1855 2037
f 2037 1855 2038
f 1855 1854 2038
f 2038 1854 2039
f 1854 1853 2039
f 2039 1853 2040
f 1853 1852 2040
f 2040 1852 2041
f 1852 1851 2041
f 2041 1851 2042
f 1851 1850 2042
f 2042 1850 2043
f 1850 1849 2043
f 2043 1849 2020
f 1849 1848 2020
f 2044 1830 2045
f 1830 1829 2045
f 2045 1829 2046
f 1829 1828 2046
f 2046 1828 2047
f 1828 1827 2047
f 2047 1827 2048
f 1827 1826 2048
f 2048 1826 2049
f 1826 1825 2049
f 2049 1825 2050
f 1825 1824 2050
f 2050 1824 2051
f 1824 1823 2051
f 2051 1823 2052
f 1823 1822 2052
f 2052 1822 2053
f 1822 1821 2053
f 2053 1821 2054
f 1821 1820 2054
f 2054 1820 2055
f 1820 1819 2055
f 2055 1819 2056
f 1819 1818 2056
f 2056 1818 2057
f 1818 1817 2057
f 2057 1817 2058
f 1817 1816 2058
f 2058 1816 2059
f 1816 1815 2059
f 2059 1815 2060
f 1815 1838 2060
f 2060 1838 2061
f 1838 1837 2061
f 2061 1837 2062
f 1837 1836 2062
f 2062 1836 2063
f 1836 1835 2063
f 2063 1835 2064
f 1835 1834 2064
f 2064 1834 2065
f 1834 1833 2065
f 2065 1833 2066
f 1833 1832 2066
f 2066 1832 2067
f 1832 1831 2067
f 2067 1831 2044
f 1831 1830 2044
f 2068 1780 2069
f 1780 1778 2069
f 2069 1778 2070
f 1778 1776 2070
f 2070 1776 2071
f 1776 1774 2071
f 2071 1774 2072
f 1774 1772 2072
f 2072 1772 2073
f 1772 1770 2073
f 2073 1770 2074
f 1770 1768 2074
f 2074 1768 2075
f 1768 1814 2075
f 2075 1814 2076
f 1814 1812 2076
f 2076 1812 2077
f 1812 1810 2077
f 2077 1810 2078
f 1810 1808 2078
f 2078 1808 2079
f 1808 1806 2079
f 2079 1806 2080
f 1806 1804 2080
f 2080 1804 2081
f 1804 1802 2081
f 2081 1802 2082
f 1802 1800 2082
f 2082 1800 2083
f 1800 1798 2083
f 2083 1798 2084
f 1798 1796 2084
f 2084 1796 2085
f 1796 1794 2085
f 2085 1794 2086
f 1794 1792 2086
f 2086 1792 2087
f 1792 1790 2087
f 2087 1790 2088
f 1790 1788 2088
f 2088 1788 2089
f 1788 1786 2089
f 2089 1786 2090
f 1786 1784 2090
f 2090 1784 2091
f 1784 1782 2091
f 2091 1782 2068
f 1782 1780 2068
f 2092 1752 2093
f 1752 1751 2093
f 2093 1751 2094
f 1751 1750 2094
f 2094 1750 2095
f 1750 1749 2095
f 2095 1749 2096
f 1749 1748 2096
f 2096 1748 2097
f 1748 1747 2097
f 2097 1747 2098
f 1747 1746 2098
f 2098 1746 2099
f 1746 1745 2099
f 2099 1745 2100
f 1745 1744 2100
f 2100 1744 2101
f 1744 1743 2101
f 2101 1743 2102
f 1743 1766 2102
f 2102 1766 2103
f 1766 1765 2103
f 2103 1765 2104
f 1765 1764 2104
f 2104 1764 2105
f 1764 1763 2105
f 2105 1763 2106
f 1763 1762 2106
f 2106 1762 2107
f 1762 1761 2107
f 2107 1761 2108
f 1761 1760 2108
f 2108 1760 2109
f 1760 1759 2109
f 2109 1759 2110
f 1759 1758 2110
f 2110 1758 2111
f 1758 1757 2111
f 2111 1757 2112
f 1757 1756 2112
f 2112 1756 2113
f 1756 1755 2113
f 2113 1755 2114
f 1755 1754 2114
f 2114 1754 2115
f 1754 1753 2115
f 2115 1753 2092
f 1753 1752 2092
f 2116 2117 2118
f 2117 2119 2118
f 2118 2119 2120
f 2119 2121 2120
f 2121 2122 2120
f 2120 2122 2123
f 2122 2124 2123
f 2125 2126 2124
f 2126 2127 2124
f 2124 2127 2123
f 2128 2129 2130
f 2131 2132 2133
f 2130 2134 2128
f 2134 2135 2128
f 2128 2135 2136
f 2135 2131 2136
f 2136 2131 2137
f 2131 2133 2137
f 2138 2139 2140
f 2141 2142 2143
f 2142 2140 2143
f 2144 2145 2146
f 2145 2143 2146
f 2146 2143 2147
f 2143 2140 2147
f 2147 2140 2148
f 2140 2139 2148
f 2148 2139 2149
f 2139 2150 2149
f 2151 2152 2140
f 2152 2153 2140
f 2140 2153 2138
f 2154 2155 2156
f 2155 2157 2156
f 2158 2159 2160
f 2159 2161 2160
f 2162 2163 2157
f 2163 2160 2157
f 2157 2160 2156
f 2160 2161 2156
f 2165 2166 2164
f 2167 2168 2169
f 2168 2170 2169
f 2169 2170 2123
f 2123 2171 2172
f 2173 2174 2170
f 2170 2175 2123
f 2123 2175 2171
f 2172 2176 2123
f 2176 2177 2123
f 2123 2177 2120
f 2178 2179 2119
f 2180 2181 2182
f 2181 2178 2182
f 2119 2117 2178
f 2117 2183 2178
f 2178 2183 2182
f 2183 2184 2182
f 2182 2184 2185
f 2186 2187 2188
f 2187 2189 2188
f 2190 2191 2192
f 2191 2193 2192
f 2194 2195 2189
f 2195 2192 2189
f 2189 2192 2188
f 2192 2193 2188
f 2196 2197 2198
f 2197 2199 2198
f 2200 2201 2176
f 2201 2202 2176
f 2203 2204 2205
f 2204 2206 2205
f 2207 2208 2209
f 2208 2210 2209
f 2211 2212 1716
f 2213 2214 2215
f 2211 1716 2215
f 1716 1709 2215
f 2199 2216 1709
f 2216 2217 1709
f 2217 2218 1709
f 1709 2218 2215
f 2199 1709 2219
f 1709 1941 2219
f 2219 1941 2220
f 2221 2222 2223
f 2222 2224 2223
f 2223 2224 2225
f 2224 2226 2225
f 2225 2226 2227
f 2228 2229 2230
f 2229 2231 2230
f 2230 2231 2232
f 2143 2145 2225
f 2145 2229 2225
f 2225 2229 2223
f 2229 2228 2223
f 2223 2228 2233
f 2234 2235 2236
f 2189 2187 2237
f 2187 2238 2237
f 2239 2190 2240
f 2190 2192 2240
f 2241 2242 2243
f 2244 2245 2246
f 2244 2246 2247
f 2246 2248 2247
f 2247 2248 2243
f 2248 2249 2243
f 2243 2249 2241
f 2250 2251 2252
f 2253 2254 2255
f 2253 2255 2256
f 2255 2257 2256
f 2256 2257 2252
f 2257 2258 2252
f 2252 2258 2250
f 2259 2260 2261
f 2260 2262 2261
f 2261 2262 2263
f 2262 2264 2263
f 2263 2264 2265
f 2264 2266 2265
f 2265 2266 2267
f 2268 2269 2270
f 2271 2272 2273
f 2271 2273 2274
f 2273 2275 2274
f 2274 2275 2270
f 2275 2276 2270
f 2270 2276 2268
f 2277 2278 2279
f 2278 2280 2279
f 2279 2280 2281
f 2282 2283 2284
f 2283 2285 2284
f 2285 2283 2279
f 2283 2286 2279
f 2279 2286 2277
f 2287 2288 2289
f 2288 2290 2289
f 2290 2291 2289
f 2291 2292 2289
f 2289 2292 2293
f 2292 2294 2293
f 2293 2294 2295
f 2294 2296 2295
f 2297 2298 2299
f 2298 2300 2299
f 2300 2301 2299
f 2301 2302 2299
f 2299 2302 2303
f 2302 2304 2303
f 2303 2304 2305
f 2304 2306 2305
f 2307 2308 2309
f 2310 2311 2312
f 2311 2310 2309
f 2310 2313 2309
f 2309 2313 2307
f 2312 2314 2310
f 2314 2315 2310
f 2310 2315 2316
f 2317 2318 2319
f 2318 2320 2319
f 2321 2322 2323
f 2323 2324 2321
f 2324 2325 2321
f 2321 2325 2318
f 2325 2326 2318
f 2318 2326 2320
f 2327 2328 2329
f 2328 2330 2329
f 2331 2332 2333
f 2334 2331 2335
f 2331 2333 2335
f 2335 2333 2336
f 2333 2337 2336
f 2338 2142 2339
f 2142 2141 2339
f 2340 2341 2342
f 2341 2343 2342
f 2344 2345 2346
f 2346 2347 2344
f 2347 2348 2344
f 2344 2348 2341
f 2348 2349 2341
f 2341 2349 2343
f 2350 2351 2352
f 2351 2353 2352
f 2118 2354 2355
f 2356 2116 2357
f 2116 2118 2357
f 2357 2118 2358
f 2118 2355 2358
f 2356 2359 2116
f 2359 2360 2116
f 2116 2360 2361
f 2239 2240 2362
f 2363 2239 2364
f 2239 2362 2364
f 2364 2362 2365
f 2362 2366 2365
f 2367 2368 2369
f 2368 2370 2369
f 2371 2372 2373
f 2373 2374 2371
f 2374 2375 2371
f 2371 2375 2368
f 2375 2376 2368
f 2368 2376 2370
f 2377 2378 2238
f 2378 2237 2238
f 2379 2380 2270
f 2380 2381 2270
f 1483 2271 1484
f 2271 2274 1484
f 1484 2274 1480
f 2265 2382 2383
f 1460 2384 1461
f 2384 2385 1461
f 1461 2385 1463
f 2385 2386 1463
f 1463 2386 1464
f 2386 2387 1464
f 1464 2387 1483
f 2387 2388 1483
f 1483 2388 2271
f 2388 2389 2271
f 2271 2389 2390
f 2383 2384 2265
f 2384 1460 2265
f 2265 1460 2263
f 1460 1467 2263
f 2263 1467 2261
f 1467 1466 2261
f 2252 2391 2392
f 1468 2393 1469
f 2393 2394 1469
f 1469 2394 1470
f 2394 2395 1470
f 1470 2395 1465
f 2395 2396 1465
f 1465 2396 1466
f 2396 2397 1466
f 1466 2397 2261
f 2397 2398 2261
f 2261 2398 2399
f 2392 2393 2252
f 2393 1468 2252
f 2252 1468 2256
f 1468 1473 2256
f 2256 1473 2253
f 1473 1472 2253
f 2243 2400 2401
f 1474 2402 1475
f 2402 2403 1475
f 1475 2403 1476
f 2403 2404 1476
f 1476 2404 1471
f 2404 2405 1471
f 1471 2405 1472
f 2405 2406 1472
f 1472 2406 2253
f 2406 2407 2253
f 2253 2407 2408
f 2401 2402 2243
f 2402 1474 2243
f 2243 1474 2247
f 1474 1479 2247
f 2247 1479 2244
f 1479 1478 2244
f 2274 2270 1480
f 2270 2381 1480
f 1480 2381 1481
f 2381 2409 1481
f 1481 2409 1482
f 2409 2410 1482
f 1482 2410 1477
f 2410 2411 1477
f 1477 2411 1478
f 2411 2412 1478
f 1478 2412 2244
f 2412 2413 2244
f 2244 2413 2414
f 2415 2416 2417
f 2418 2419 2420
f 2417 2421 2415
f 2421 2422 2415
f 2415 2422 2423
f 2424 2425 2426
f 2425 2418 2426
f 2381 2427 2409
f 2427 2410 2409
f 2428 2429 2423
f 2430 2431 2432
f 2431 2433 2432
f 2427 2434 2410
f 2434 2433 2410
f 2410 2433 2411
f 2433 2431 2411
f 2411 2431 2412
f 2435 2436 2420
f 2436 2437 2420
f 2420 2437 2418
f 2437 2438 2418
f 2418 2438 2439
f 2440 2441 2415
f 2442 2443 2433
f 2428 2423 2444
f 2423 2426 2444
f 2444 2426 2445
f 2415 2441 2433
f 2441 2446 2433
f 2433 2446 2442
f 2439 2447 2418
f 2447 2448 2418
f 2418 2448 2426
f 2448 2449 2426
f 2426 2449 2445
f 2429 2450 2423
f 2450 2451 2423
f 2423 2451 2415
f 2451 2452 2415
f 2415 2452 2440
f 2443 2453 2433
f 2453 2454 2433
f 2433 2454 2432
f 2454 2455 2432
f 2432 2455 2420
f 2455 2456 2420
f 2420 2456 2435
f 2457 2458 2459
f 2460 2461 2462
f 2388 2387 2463
f 2387 2386 2463
f 2463 2386 2464
f 2464 2386 2467
f 2386 2468 2467
f 2467 2468 2469
f 2457 2459 2470
f 2471 2461 2472
f 2461 2460 2472
f 2472 2460 2473
f 2460 2474 2473
f 2473 2474 2475
f 2465 2466 2476
f 2477 2478 2466
f 2469 2479 2467
f 2479 2480 2467
f 2467 2480 2459
f 2480 2481 2459
f 2459 2481 2470
f 2474 2482 2475
f 2482 2483 2475
f 2475 2483 2484
f 2483 2485 2484
f 2486 2487 2465
f 2488 2489 2490
f 2490 2491 2488
f 2491 2492 2488
f 2488 2492 2493
f 2466 2494 2495
f 2465 2487 2466
f 2487 2496 2466
f 2466 2496 2477
f 2478 2497 2466
f 2497 2498 2466
f 2466 2498 2494
f 2499 2473 2500
f 2473 2475 2500
f 2500 2475 2501
f 2475 2502 2501
f 2384 2488 2385
f 2488 2493 2385
f 2385 2493 2386
f 2493 2503 2386
f 2386 2503 2468
f 2499 2504 2473
f 2504 2505 2473
f 2473 2505 2506
f 2505 2507 2506
f 2506 2507 2508
f 2507 2509 2508
f 2508 2509 2510
f 2509 2511 2510
f 2510 2511 2512
f 2511 2513 2512
f 2512 2513 2514
f 2513 2515 2514
f 2514 2515 2516
f 2515 2517 2516
f 2516 2517 2518
f 2517 2519 2518
f 2518 2519 2520
f 2519 2521 2520
f 2520 2521 2522
f 2521 2523 2522
f 2522 2523 2524
f 2523 2525 2524
f 2524 2525 2526
f 2525 2527 2526
f 2526 2527 2528
f 2527 2529 2528
f 2528 2529 2530
f 2529 2531 2530
f 2530 2531 2532
f 2531 2533 2532
f 2532 2533 2534
f 2533 2535 2534
f 2534 2535 2536
f 2535 2537 2536
f 2536 2537 2538
f 2537 2539 2538
f 2538 2539 2475
f 2539 2540 2475
f 2475 2540 2502
f 2486 2465 2541
f 2465 2542 2541
f 2541 2542 2543
f 2543 2544 2541
f 2544 2545 2541
f 2541 2545 2458
f 2545 2546 2458
f 2546 2547 2458
f 2458 2547 2459
f 2547 2548 2459
f 2459 2548 2549
f 2550 2551 2466
f 2552 2553 2554
f 2555 2556 2557
f 2556 2558 2557
f 2466 2559 2560
f 2561 2562 2466
f 2466 2562 2563
f 2564 2559 2565
f 2559 2466 2565
f 2565 2466 2563
f 2566 2567 2460
f 2567 2568 2460
f 2568 2569 2460
f 2460 2569 2570
f 2571 2572 2570
f 2572 2573 2570
f 2570 2573 2460
f 2573 2574 2460
f 2460 2574 2558
f 2551 2575 2576
f 2577 2476 2462
f 2476 2466 2462
f 2462 2466 2460
f 2466 2560 2460
f 2460 2560 2566
f 2560 2578 2566
f 2576 2579 2551
f 2579 2580 2551
f 2551 2580 2466
f 2580 2581 2466
f 2466 2581 2561
f 2574 2582 2558
f 2582 2583 2558
f 2558 2583 2584
f 2570 2585 2571
f 2585 2586 2571
f 2571 2586 2587
f 2584 2588 2558
f 2588 2589 2558
f 2558 2589 2557
f 2589 2590 2557
f 2591 2592 2593
f 2592 2594 2593
f 2595 2596 2597
f 2596 2598 2597
f 2597 2598 2587
f 2590 2599 2557
f 2599 2600 2557
f 2557 2600 2593
f 2600 2601 2593
f 2593 2601 2591
f 2602 2603 2554
f 2603 2593 2554
f 2554 2593 2552
f 2593 2594 2552
f 2552 2594 2604
f 2604 2605 2552
f 2605 2606 2552
f 2552 2606 2597
f 2606 2607 2597
f 2597 2607 2595
f 2586 2608 2587
f 2587 2608 2597
f 2608 2609 2597
f 2597 2609 2610
f 2611 2612 2613
f 2614 2615 2616
f 2615 2617 2616
f 2611 2618 2466
f 2618 2619 2466
f 2466 2619 2620
f 2613 2621 2611
f 2621 2622 2611
f 2611 2622 2623
f 2624 2625 2626
f 2623 2627 2611
f 2627 2628 2611
f 2611 2628 2629
f 2629 2630 2611
f 2630 2631 2611
f 2611 2631 2618
f 2620 2632 2466
f 2632 2633 2466
f 2466 2633 2634
f 2616 2635 2621
f 2635 2636 2621
f 2621 2636 2622
f 2637 2550 2626
f 2550 2466 2626
f 2626 2466 2624
f 2466 2634 2624
f 2625 2638 2626
f 2638 2639 2626
f 2626 2639 2617
f 2639 2640 2617
f 2617 2640 2641
f 2641 2642 2617
f 2642 2643 2617
f 2617 2643 2616
f 2643 2644 2616
f 2616 2644 2635
f 2645 2646 2647
f 2489 2488 2495
f 2488 2645 2495
f 2495 2645 2466
f 2645 2647 2466
f 2466 2647 2648
f 2649 2650 2466
f 2650 2651 2466
f 2466 2651 2611
f 2652 2653 2466
f 2466 2653 2654
f 2655 2649 2656
f 2649 2466 2656
f 2656 2466 2657
f 2466 2654 2657
f 2648 2658 2659
f 2659 2660 2648
f 2660 2661 2648
f 2648 2661 2466
f 2661 2662 2466
f 2466 2662 2652
f 2650 2663 2651
f 2663 2664 2651
f 2651 2664 2665
f 2664 2666 2665
f 2665 2666 2667
f 2666 2668 2667
f 2667 2668 2669
f 2668 2670 2669
f 2669 2670 2671
f 2672 2673 2666
f 2673 2674 2666
f 2666 2674 2668
f 2674 2675 2668
f 2675 2676 2668
f 2676 2677 2668
f 2668 2677 2678
f 2677 2679 2678
f 2678 2679 2680
f 2679 2681 2680
f 2680 2681 2682
f 2681 2683 2682
f 2682 2683 2684
f 2683 2685 2684
f 2684 2685 2686
f 2685 2687 2686
f 2686 2687 2688
f 2687 2689 2688
f 2688 2689 2690
f 2689 2691 2690
f 2690 2691 2692
f 2691 2693 2692
f 2692 2693 2694
f 2693 2695 2694
f 2694 2695 2696
f 2695 2697 2696
f 2696 2697 2698
f 2697 2699 2698
f 2698 2699 2700
f 2699 2701 2700
f 2700 2701 2702
f 2701 2703 2702
f 2702 2703 2704
f 2703 2705 2704
f 2704 2705 2706
f 2705 2707 2706
f 2706 2707 2708
f 2707 2709 2708
f 2708 2709 2710
f 2709 2711 2710
f 2710 2711 2666
f 2711 2712 2666
f 2666 2712 2672
f 2713 2714 2715
f 2716 2717 2718
f 2719 2720 2715
f 2720 2721 2715
f 2722 2723 2715
f 2718 2724 2716
f 2724 2725 2716
f 2716 2725 2726
f 2727 2728 2729
f 2728 2730 2729
f 2395 2731 2396
f 2731 2397 2396
f 2732 2731 2729
f 2731 2395 2729
f 2729 2395 2727
f 2395 2394 2727
f 2727 2394 2393
f 2733 2734 2730
f 2715 2723 2713
f 2723 2735 2713
f 2713 2735 2730
f 2735 2736 2730
f 2730 2736 2733
f 2734 2737 2730
f 2737 2738 2730
f 2730 2738 2729
f 2738 2739 2729
f 2729 2739 2740
f 2740 2741 2729
f 2741 2742 2729
f 2729 2742 2724
f 2742 2743 2724
f 2724 2743 2744
f 2744 2745 2724
f 2745 2746 2724
f 2724 2746 2725
f 2746 2747 2725
f 2725 2747 2748
f 2749 2721 2750
f 2721 2725 2750
f 2750 2725 2751
f 2725 2748 2751
f 2749 2752 2721
f 2752 2753 2721
f 2721 2753 2715
f 2753 2754 2715
f 2715 2754 2722
f 2755 2756 2757
f 2758 2759 2760
f 2761 2762 2763
f 2764 2765 2766
f 2767 2768 2769
f 2402 2770 2403
f 2770 2404 2403
f 2771 2772 2773
f 2765 2774 2767
f 2774 2775 2767
f 2767 2775 2776
f 2770 2777 2404
f 2777 2778 2404
f 2404 2778 2405
f 2778 2779 2405
f 2405 2779 2406
f 2780 2781 2763
f 2764 2766 2782
f 2783 2784 2785
f 2773 2786 2771
f 2786 2787 2771
f 2771 2787 2778
f 2787 2788 2778
f 2778 2788 2789
f 2790 2791 2766
f 2792 2779 2793
f 2779 2778 2793
f 2793 2778 2794
f 2778 2789 2794
f 2792 2795 2779
f 2795 2796 2779
f 2779 2796 2763
f 2796 2797 2763
f 2763 2797 2780
f 2791 2798 2766
f 2798 2799 2766
f 2766 2799 2782
f 2800 2801 2776
f 2802 2803 2771
f 2803 2804 2771
f 2771 2804 2772
f 2804 2805 2772
f 2772 2805 2776
f 2805 2806 2776
f 2776 2806 2800
f 2801 2807 2776
f 2776 2807 2767
f 2807 2808 2767
f 2767 2808 2809
f 2768 2810 2769
f 2810 2811 2769
f 2769 2811 2783
f 2811 2812 2783
f 2783 2812 2784
f 2812 2813 2784
f 2785 2814 2783
f 2814 2815 2783
f 2783 2815 2816
f 2815 2817 2816
f 2816 2817 2818
f 2817 2819 2818
f 2818 2819 2820
f 2819 2821 2820
f 2820 2821 2822
f 2821 2823 2822
f 2822 2823 2824
f 2823 2825 2824
f 2824 2825 2826
f 2825 2827 2826
f 2826 2827 2828
f 2827 2829 2828
f 2828 2829 2830
f 2829 2831 2830
f 2830 2831 2832
f 2831 2833 2832
f 2832 2833 2834
f 2833 2835 2834
f 2834 2835 2836
f 2835 2837 2836
f 2836 2837 2838
f 2837 2839 2838
f 2838 2839 2840
f 2839 2841 2840
f 2840 2841 2842
f 2841 2843 2842
f 2842 2843 2844
f 2843 2845 2844
f 2844 2845 2846
f 2845 2847 2846
f 2846 2847 2848
f 2847 2849 2848
f 2848 2849 2850
f 2849 2851 2850
f 2850 2851 2852
f 2851 2853 2852
f 2852 2853 2854
f 2853 2855 2854
f 2813 2812 2853
f 2812 2856 2853
f 2853 2856 2855
f 2857 2858 2766
f 2781 2790 2763
f 2790 2766 2763
f 2763 2766 2761
f 2766 2859 2761
f 2860 2861 2857
f 2862 2863 2864
f 2865 2866 2766
f 2860 2867 2862
f 2867 2868 2862
f 2862 2868 2863
f 2866 2869 2766
f 2869 2870 2766
f 2766 2870 2871
f 2858 2872 2766
f 2872 2873 2766
f 2766 2873 2865
f 2874 2875 2876
f 2875 2859 2876
f 2859 2766 2876
f 2876 2766 2877
f 2766 2871 2877
f 2868 2878 2863
f 2878 2879 2863
f 2863 2879 2880
f 2879 2881 2880
f 2880 2881 2882
f 2881 2883 2882
f 2882 2883 2884
f 2883 2885 2884
f 2884 2885 2886
f 2885 2887 2886
f 2886 2887 2888
f 2887 2889 2888
f 2888 2889 2890
f 2889 2891 2890
f 2890 2891 2892
f 2891 2893 2892
f 2892 2893 2894
f 2893 2895 2894
f 2894 2895 2896
f 2895 2897 2896
f 2896 2897 2898
f 2897 2899 2898
f 2898 2899 2900
f 2899 2901 2900
f 2900 2901 2902
f 2901 2903 2902
f 2902 2903 2904
f 2903 2905 2904
f 2904 2905 2906
f 2905 2907 2906
f 2906 2907 2908
f 2907 2909 2908
f 2908 2909 2910
f 2909 2911 2910
f 2910 2911 2912
f 2911 2913 2912
f 2912 2913 2914
f 2913 2915 2914
f 2914 2915 2916
f 2915 2917 2916
f 2916 2917 2918
f 2917 2919 2918
f 2918 2919 2920
f 2919 2862 2920
f 2920 2862 2921
f 2862 2864 2921
f 2922 2923 2924
f 2924 2925 2926
f 2924 2923 2927
f 2928 2929 2926
f 2929 2930 2926
f 2926 2930 2924
f 2930 2931 2924
f 2924 2931 2922
f 2932 2933 2757
f 2923 2934 2927
f 2934 2935 2927
f 2927 2935 2757
f 2935 2936 2757
f 2757 2936 2932
f 2937 2938 2766
f 2938 2939 2766
f 2766 2939 2940
f 2941 2942 2943
f 2940 2944 2766
f 2944 2945 2766
f 2766 2945 2946
f 2947 2948 2941
f 2948 2949 2941
f 2941 2949 2942
f 2760 2941 2758
f 2941 2943 2758
f 2758 2943 2926
f 2943 2950 2926
f 2926 2950 2928
f 2860 2857 2867
f 2857 2766 2867
f 2867 2766 2941
f 2766 2946 2941
f 2941 2946 2947
f 2951 2952 2953
f 2952 2954 2953
f 2953 2954 2955
f 2954 2956 2955
f 2957 2958 2959
f 2958 2960 2959
f 2933 2937 2757
f 2937 2766 2757
f 2757 2766 2755
f 2766 2961 2755
f 2962 2963 2964
f 2963 2965 2964
f 2966 2967 2968
f 2968 2969 2766
f 2965 2970 2964
f 2970 2971 2964
f 2964 2971 2954
f 2971 2972 2954
f 2954 2972 2956
f 2765 2767 2766
f 2767 2769 2766
f 2766 2769 2968
f 2769 2959 2968
f 2968 2959 2966
f 2973 2974 2766
f 2977 2978 2979
f 2978 2961 2979
f 2979 2961 2980
f 2961 2766 2980
f 2980 2766 2981
f 2960 2982 2983
f 2959 2975 2984
f 2969 2985 2766
f 2985 2986 2766
f 2766 2986 2973
f 2974 2987 2766
f 2987 2988 2766
f 2766 2988 2981
f 2989 2990 2991
f 2990 2951 2991
f 2991 2951 2992
f 2951 2953 2992
f 2984 2993 2959
f 2993 2994 2959
f 2959 2994 2966
f 2960 2983 2959
f 2983 2995 2959
f 2959 2995 2996
f 2996 2997 2959
f 2997 2998 2959
f 2959 2998 2999
f 2992 3000 2991
f 3000 3001 2991
f 2991 3001 2960
f 3001 3002 2960
f 2960 3002 2982
f 2999 3003 2959
f 3003 3004 2959
f 2959 3004 2975
f 3004 3005 2975
f 2975 3005 2976
f 3006 3007 2964
f 3007 3008 2964
f 2964 3008 2962
f 3008 3009 2962
f 2962 3009 2976
f 3009 3010 2976
f 2976 3010 2975
f 2470 2059 2457
f 2059 2060 2457
f 2457 2060 2458
f 2060 2061 2458
f 2458 2061 2541
f 2061 2062 2541
f 2541 2062 2486
f 2062 2063 2486
f 2486 2063 2487
f 2063 2064 2487
f 2487 2064 2496
f 2064 2065 2496
f 2496 2065 2477
f 2065 2066 2477
f 2477 2066 2478
f 2066 2067 2478
f 2478 2067 2497
f 2067 2044 2497
f 2497 2044 2498
f 2044 2045 2498
f 2498 2045 2494
f 2045 2046 2494
f 2494 2046 2495
f 2046 2047 2495
f 2495 2047 2489
f 2047 2048 2489
f 2489 2048 2490
f 2048 2049 2490
f 2490 2049 2491
f 2049 2050 2491
f 2491 2050 2492
f 2050 2051 2492
f 2492 2051 2493
f 2051 2052 2493
f 2493 2052 2503
f 2052 2053 2503
f 2503 2053 2468
f 2053 2054 2468
f 2468 2054 2469
f 2054 2055 2469
f 2469 2055 2479
f 2055 2056 2479
f 2479 2056 2480
f 2056 2057 2480
f 2480 2057 2481
f 2057 2058 2481
f 2481 2058 2470
f 2058 2059 2470
f 3011 1725 3012
f 1725 1724 3012
f 3012 1724 3013
f 1724 1723 3013
f 3013 1723 3014
f 1723 1722 3014
f 3014 1722 3015
f 1722 1721 3015
f 3015 1721 3016
f 1721 1720 3016
f 3016 1720 3017
f 1720 1719 3017
f 3017 1719 3018
f 1719 1742 3018
f 3018 1742 3019
f 1742 1741 3019
f 3019 1741 3020
f 1741 1740 3020
f 3020 1740 3021
f 1740 1739 3021
f 3021 1739 3022
f 1739 1738 3022
f 3022 1738 3023
f 1738 1737 3023
f 3023 1737 3024
f 1737 1736 3024
f 3024 1736 3025
f 1736 1735 3025
f 3025 1735 3026
f 1735 1734 3026
f 3026 1734 3027
f 1734 1733 3027
f 3027 1733 3028
f 1733 1732 3028
f 3028 1732 3029
f 1732 1731 3029
f 3029 1731 3030
f 1731 1730 3030
f 3030 1730 3031
f 1730 1729 3031
f 3031 1729 3032
f 1729 1728 3032
f 3032 1728 3033
f 1728 1727 3033
f 3033 1727 3034
f 1727 1726 3034
f 3034 1726 3011
f 1726 1725 3011
f 2165 3035 1442
f 1455 1459 2174
f 1442 3035 1435
f 3035 3036 1435
f 1435 3036 1436
f 3036 3037 1436
f 1436 3037 1438
f 3037 3038 1438
f 1438 3038 1439
f 3038 3039 1439
f 1439 3039 1458
f 3039 3040 1458
f 1458 3040 1459
f 3040 3041 1459
f 1459 3041 2174
f 2174 2173 1455
f 2173 3042 1455
f 1455 3042 1456
f 3042 3043 1456
f 1456 3043 1457
f 3043 3044 1457
f 1457 3044 1452
f 3044 3045 1452
f 1452 3045 1453
f 3045 3046 1453
f 1453 3046 1454
f 3046 3047 1454
f 1454 3047 1449
f 3047 3048 1449
f 1449 3048 1450
f 3048 3049 1450
f 1450 3049 1451
f 3049 3050 1451
f 1451 3050 1446
f 3050 3051 1446
f 1446 3051 1447
f 3051 3052 1447
f 1447 3052 1448
f 3052 3053 1448
f 1448 3053 1443
f 3053 3054 1443
f 1443 3054 1444
f 3054 3055 1444
f 1444 3055 1445
f 3055 3056 1445
f 1445 3056 1440
f 3056 3057 1440
f 1440 3057 1441
f 3057 3058 1441
f 1441 3058 1442
f 3058 2166 1442
f 1442 2166 2165
f 1417 1416 2214
f 2214 2213 1417
f 2213 3059 1417
f 1417 3059 1410
f 3059 3060 1410
f 1410 3060 1411
f 3060 3061 1411
f 1411 3061 1413
f 3061 3062 1413
f 1413 3062 1414
f 3062 3063 1414
f 1414 3063 1433
f 3063 3064 1433
f 1433 3064 1434
f 3064 3065 1434
f 3065 2234 1434
f 2234 2236 1434
f 1434 2236 1430
f 2236 3066 1430
f 1430 3066 1431
f 3066 3067 1431
f 1431 3067 1432
f 3067 3068 1432
f 1432 3068 1427
f 3068 3069 1427
f 1427 3069 1428
f 3069 3070 1428
f 1428 3070 1429
f 3070 3071 1429
f 1429 3071 1424
f 3071 3072 1424
f 1424 3072 1425
f 3072 3073 1425
f 1425 3073 1426
f 3073 3074 1426
f 1426 3074 1421
f 3074 3075 1421
f 1421 3075 1422
f 3075 3076 1422
f 1422 3076 1423
f 3076 3077 1423
f 1423 3077 1418
f 3077 3078 1418
f 1418 3078 1419
f 3078 3079 1419
f 1419 3079 1420
f 3079 3080 1420
f 1420 3080 1415
f 3080 3081 1415
f 1415 3081 1416
f 3081 3082 1416
f 1416 3082 2214
f 2381 2380 2427
f 2380 3083 2427
f 3083 3084 2427
f 3084 3085 2427
f 2427 3085 3086
f 3087 2434 3088
f 2434 2427 3088
f 3089 2427 3090
f 2427 3086 3090
f 3089 3091 2427
f 3091 3092 2427
f 2427 3092 3088
f 3093 2417 3094
f 2417 2416 3094
f 2433 2434 3095
f 2434 3087 3095
f 2415 2433 3096
f 2433 3095 3096
f 3087 3094 3095
f 3094 3096 3095
f 3094 2416 3096
f 2416 2415 3096
f 2380 2379 3083
f 2379 3097 3083
f 3098 3083 3097
f 3085 3084 3099
f 3099 3084 3098
f 3098 3084 3083
f 3085 3099 3086
f 3099 3100 3086
f 3086 3100 3090
f 3090 3100 3089
f 3100 3101 3089
f 3089 3101 3091
f 3091 3101 3092
f 3101 3102 3092
f 3092 3102 3088
f 2270 2269 2379
f 2269 3103 2379
f 3099 3098 3100
f 3098 3101 3100
f 3103 3102 2379
f 3102 3101 2379
f 2379 3101 3097
f 3101 3098 3097
f 2272 3104 3105
f 2272 3105 2273
f 3105 3106 2273
f 2273 3106 2275
f 3106 3107 2275
f 2275 3107 2276
f 3107 3108 2276
f 2276 3108 2268
f 3108 3103 2268
f 2268 3103 2269
f 2272 2271 3104
f 2271 2390 3104
f 3104 2390 3109
f 2390 3110 3109
f 2390 3111 3112
f 3112 3113 2390
f 3113 3114 2390
f 2390 3114 3110
f 3115 3109 3110
f 3117 3118 3113
f 3113 3118 3114
f 3112 3116 3113
f 3113 3116 3117
f 3111 2390 2389
f 2389 3119 3111
f 3119 3120 3111
f 3111 3120 3112
f 3112 3120 3116
f 3118 3121 3114
f 3114 3121 3110
f 3110 3121 3115
f 3122 2549 3123
f 2549 2548 3123
f 3124 3115 2464
f 3115 3121 2464
f 3117 2463 3118
f 2463 2464 3118
f 2464 3121 3118
f 3123 2548 2208
f 2548 2547 2208
f 2208 2547 2210
f 2476 3125 3126
f 2476 3126 2465
f 3126 3127 2465
f 2465 3127 2542
f 3127 3128 2542
f 2542 3128 2543
f 3128 3129 2543
f 2543 3129 2544
f 3129 3130 2544
f 2544 3130 2545
f 3130 3131 2545
f 2545 3131 2546
f 3131 2210 2546
f 2546 2210 2547
f 3132 2471 3133
f 2471 2472 3133
f 3125 2476 3134
f 2476 2577 3134
f 3135 2655 3136
f 2655 2656 3136
f 3137 2664 3138
f 2664 2663 3138
f 3133 2472 3139
f 2472 2473 3139
f 2474 3140 2482
f 3140 3141 2482
f 2482 3141 2483
f 3141 3142 2483
f 2483 3142 2485
f 3142 3143 2485
f 2485 3143 2484
f 3143 3144 2484
f 2484 3144 2475
f 3144 3145 2475
f 2475 3145 2538
f 3145 3146 2538
f 3146 2202 2538
f 2202 2201 2538
f 2538 2201 2536
f 2201 3147 2536
f 2536 3147 2534
f 3147 3148 2534
f 2534 3148 2532
f 3148 3149 2532
f 2532 3149 2530
f 3149 3150 2530
f 2530 3150 2528
f 3150 3151 2528
f 2528 3151 2526
f 3151 3152 2526
f 2526 3152 2524
f 3152 3153 2524
f 2524 3153 2522
f 3153 3154 2522
f 2522 3154 2520
f 3154 3155 2520
f 2520 3155 2518
f 3155 3156 2518
f 2518 3156 2516
f 3156 3157 2516
f 2516 3157 2514
f 3157 3158 2514
f 2514 3158 2512
f 3158 3159 2512
f 2512 3159 2510
f 3159 3160 2510
f 2510 3160 2508
f 3160 3161 2508
f 2508 3161 2506
f 3161 3162 2506
f 3139 2473 2209
f 2473 2506 2209
f 2209 2506 2207
f 2506 3162 2207
f 2558 3163 2460
f 3163 3140 2460
f 2460 3140 2474
f 3163 2558 3164
f 2558 2556 3164
f 3165 2603 3166
f 2603 2602 3166
f 3164 2556 3167
f 2556 2555 3167
f 3166 2602 3168
f 2602 2554 3168
f 3169 2610 3170
f 2610 2609 3170
f 3168 2554 3171
f 2554 2553 3171
f 3170 2609 3172
f 2609 2608 3172
f 2566 3173 3174
f 2566 3174 2567
f 3174 3175 2567
f 2567 3175 2568
f 3175 3176 2568
f 2568 3176 2569
f 3176 3177 2569
f 2569 3177 2570
f 3177 3178 2570
f 2570 3178 2585
f 3178 3179 2585
f 2585 3179 2586
f 3179 3172 2586
f 2586 3172 2608
f 3180 2564 3181
f 2564 2565 3181
f 3173 2566 3182
f 2566 2578 3182
f 3181 2565 2563
f 3181 2563 3183
f 2563 2562 3183
f 3183 2562 3184
f 2562 2561 3184
f 3184 2561 3185
f 2561 2581 3185
f 3185 2581 3186
f 2581 2580 3186
f 3186 2580 3187
f 2580 2579 3187
f 3187 2579 3188
f 3188 2579 3189
f 2579 2576 3189
f 2617 3190 2626
f 3190 3191 2626
f 2626 3191 2637
f 3189 2576 3192
f 2576 2575 3192
f 3190 2617 3193
f 2617 2615 3193
f 3194 2613 3195
f 2613 2612 3195
f 3193 2615 3196
f 2615 2614 3196
f 3195 2612 3197
f 2612 2611 3197
f 2665 3198 2651
f 3198 3197 2651
f 2651 3197 2611
f 2666 3199 2710
f 3199 2206 2710
f 2206 2204 2710
f 2710 2204 2708
f 2204 3200 2708
f 2708 3200 2706
f 3200 3201 2706
f 2706 3201 2704
f 3201 3202 2704
f 2704 3202 2702
f 3202 3203 2702
f 2702 3203 2700
f 3203 3204 2700
f 2700 3204 2698
f 3204 3205 2698
f 2698 3205 2696
f 3205 3206 2696
f 2696 3206 2694
f 3206 3207 2694
f 2694 3207 2692
f 3207 3208 2692
f 2692 3208 2690
f 3208 3209 2690
f 2690 3209 2688
f 3209 3210 2688
f 2688 3210 2686
f 3210 3211 2686
f 2686 3211 2684
f 3211 3212 2684
f 2684 3212 2682
f 3212 3213 2682
f 2682 3213 2680
f 3213 3214 2680
f 2680 3214 2678
f 3214 2196 2678
f 2196 2198 2678
f 2678 2198 2668
f 2198 3215 2668
f 2668 3215 2670
f 3215 3216 2670
f 2670 3216 2671
f 3216 3217 2671
f 2671 3217 2669
f 3217 3218 2669
f 2669 3218 2667
f 3218 3219 2667
f 2667 3219 2665
f 3219 3198 2665
f 3199 2666 3137
f 2666 2664 3137
f 2621 2613 3220
f 2613 3194 3220
f 2616 2621 3221
f 2621 3220 3221
f 3194 3196 3220
f 3196 3221 3220
f 3196 2614 3221
f 2614 2616 3221
f 2550 2637 3222
f 2637 3191 3222
f 2551 2550 3223
f 2550 3222 3223
f 3191 3192 3222
f 3192 3223 3222
f 3192 2575 3223
f 2575 2551 3223
f 2559 2564 3224
f 2564 3180 3224
f 2560 2559 3225
f 2559 3224 3225
f 3180 3182 3224
f 3182 3225 3224
f 3182 2578 3225
f 2578 2560 3225
f 2597 2610 3226
f 2610 3169 3226
f 2552 2597 3227
f 2597 3226 3227
f 3169 3171 3226
f 3171 3227 3226
f 3171 2553 3227
f 2553 2552 3227
f 2593 2603 3228
f 2603 3165 3228
f 2557 2593 3229
f 2593 3228 3229
f 3165 3167 3228
f 3167 3229 3228
f 3167 2555 3229
f 2555 2557 3229
f 2461 2471 3230
f 2471 3132 3230
f 2462 2461 3231
f 2461 3230 3231
f 3132 3134 3230
f 3134 3231 3230
f 3134 2577 3231
f 2577 2462 3231
f 3136 2656 2657
f 3136 2657 3232
f 2657 2654 3232
f 3232 2654 3233
f 2654 2653 3233
f 3233 2653 3234
f 2653 2652 3234
f 3234 2652 3235
f 2652 2662 3235
f 3235 2662 3236
f 2662 2661 3236
f 3236 2661 3237
f 2661 2660 3237
f 3237 2660 3238
f 2660 2659 3239
f 3239 2203 2660
f 2203 2205 2660
f 2660 2205 3238
f 3240 3241 2645
f 3241 2646 2645
f 3242 3243 2645
f 2645 3243 3240
f 2488 3244 2645
f 3244 3245 2645
f 2645 3245 3242
f 3239 2659 3246
f 2659 2658 3246
f 2384 2383 2488
f 2383 3247 2488
f 3247 3248 2488
f 3248 3244 2488
f 2383 2382 3247
f 2382 3249 3247
f 3250 3247 3249
f 3244 3248 3251
f 3251 3248 3250
f 3250 3248 3247
f 3251 3252 3244
f 3244 3252 3245
f 3245 3252 3242
f 3252 3253 3242
f 3242 3253 3243
f 3253 3254 3243
f 3243 3254 3240
f 2265 2267 2382
f 2267 3255 2382
f 3250 3253 3251
f 3253 3252 3251
f 3255 3254 2382
f 3254 3253 2382
f 2382 3253 3249
f 3253 3250 3249
f 2259 3256 3257
f 2259 3257 2260
f 3257 3258 2260
f 2260 3258 2262
f 3258 3259 2262
f 2262 3259 2264
f 3259 3260 2264
f 2264 3260 2266
f 3260 3255 2266
f 2266 3255 2267
f 2259 2261 3256
f 2261 2399 3256
f 3256 2399 3261
f 2399 3262 3261
f 2399 3263 3264
f 3264 3265 2399
f 3265 3266 2399
f 2399 3266 3262
f 3267 3261 3262
f 3269 3270 3265
f 3265 3270 3266
f 3264 3268 3265
f 3268 3271 3265
f 3265 3271 3269
f 3263 2399 2398
f 2398 3272 3263
f 3272 3273 3263
f 3263 3273 3264
f 3264 3273 3268
f 3270 3274 3266
f 3266 3274 3262
f 3262 3274 3267
f 3275 2718 3276
f 2718 2717 3276
f 3277 3267 2732
f 3267 3274 2732
f 3269 2731 3270
f 2731 2732 3270
f 2732 3274 3270
f 3276 2717 3278
f 2717 2716 3278
f 3279 2720 3280
f 2720 2719 3280
f 3278 2716 3281
f 2716 2726 3281
f 3280 2719 3282
f 2719 2715 3282
f 3283 2728 3284
f 2728 2727 3284
f 2727 3286 3285
f 3285 3287 2727
f 2727 3287 3284
f 3282 2715 3288
f 2715 2714 3288
f 2393 2392 2727
f 2392 3289 2727
f 3289 3290 2727
f 2727 3290 3291
f 3291 3286 2727
f 2392 2391 3289
f 2391 3292 3289
f 3293 3289 3292
f 3286 3291 3294
f 3294 3291 3293
f 3291 3290 3293
f 3293 3290 3289
f 3294 3295 3286
f 3286 3295 3285
f 3295 3296 3285
f 3285 3296 3287
f 3296 3297 3287
f 3287 3297 3284
f 2252 2251 2391
f 2251 3298 2391
f 3298 3297 2391
f 3297 3296 2391
f 2391 3296 3295
f 3295 3294 2391
f 3294 3293 2391
f 2391 3293 3292
f 2254 3299 3300
f 2254 3300 2255
f 3300 3301 2255
f 2255 3301 2257
f 3301 3302 2257
f 2257 3302 2258
f 3302 3303 2258
f 2258 3303 2250
f 3303 3298 2250
f 2250 3298 2251
f 2254 2253 3299
f 2253 2408 3299
f 3299 2408 3304
f 2408 3305 3304
f 2408 3306 3307
f 3307 3308 2408
f 3308 3309 2408
f 2408 3309 3305
f 3310 3304 3305
f 3312 3313 3308
f 3308 3313 3309
f 3307 3311 3308
f 3308 3311 3312
f 3306 2408 2407
f 2407 3314 3306
f 3314 3315 3306
f 3306 3315 3307
f 3307 3315 3311
f 3313 3316 3309
f 3309 3316 3305
f 3305 3316 3310
f 3317 2875 3318
f 2875 2874 3318
f 2763 2762 3319
f 3319 3310 2763
f 3310 3316 2763
f 3312 2779 3313
f 2779 2763 3313
f 2763 3316 3313
f 3318 2874 3320
f 2874 2876 3320
f 2873 3321 3322
f 2873 3322 2865
f 3322 3323 2865
f 2865 3323 2866
f 3323 3324 2866
f 2866 3324 2869
f 3324 3325 2869
f 2869 3325 2870
f 3325 3326 2870
f 2870 3326 2871
f 3326 3327 2871
f 2871 3327 2877
f 3327 3320 2877
f 2877 3320 2876
f 3328 2861 3329
f 2861 2860 3329
f 3321 2873 3330
f 2873 2872 3330
f 3331 2809 3332
f 2809 2808 3332
f 3333 2811 3334
f 2811 2810 3334
f 3329 2860 3335
f 2860 2862 3335
f 2868 3336 2878
f 3336 3337 2878
f 2878 3337 2879
f 3337 3338 2879
f 2879 3338 2881
f 3338 3339 2881
f 2881 3339 2883
f 3339 3340 2883
f 2883 3340 2885
f 3340 3341 2885
f 2885 3341 2887
f 3341 3342 2887
f 2887 3342 2889
f 3342 3343 2889
f 2889 3343 2891
f 3343 3344 2891
f 2891 3344 2893
f 3344 3345 2893
f 2893 3345 2895
f 3345 3346 2895
f 2895 3346 2897
f 3346 3347 2897
f 2897 3347 2899
f 3347 3348 2899
f 2899 3348 2901
f 3348 3349 2901
f 2901 3349 2903
f 3349 3350 2903
f 2903 3350 2905
f 3350 3351 2905
f 2905 3351 2907
f 3351 3352 2907
f 2907 3352 2909
f 3352 3353 2909
f 2909 3353 2911
f 3353 3354 2911
f 2911 3354 2913
f 3354 3355 2913
f 2913 3355 2915
f 3355 3356 2915
f 2915 3356 2917
f 3356 3357 2917
f 2917 3357 2919
f 3357 3358 2919
f 2919 3358 2862
f 3358 3335 2862
f 2867 2941 3359
f 3336 2868 2235
f 2868 2867 2235
f 2867 3359 2235
f 3359 2941 3360
f 2941 2760 3360
f 2230 2925 2228
f 2925 2924 2228
f 3360 2760 3361
f 2760 2759 3361
f 2228 2924 2233
f 2924 2927 2233
f 2233 2927 3362
f 3363 2978 3364
f 2978 2977 3364
f 2756 3365 2757
f 3365 3362 2757
f 2757 3362 2927
f 3364 2977 3366
f 2977 2979 3366
f 2986 3367 3368
f 2986 3368 2973
f 3368 3369 2973
f 2973 3369 2974
f 3369 3370 2974
f 2974 3370 2987
f 3370 3371 2987
f 2987 3371 2988
f 3371 3372 2988
f 2988 3372 2981
f 3372 3373 2981
f 2981 3373 2980
f 3373 3366 2980
f 2980 3366 2979
f 3374 2967 3375
f 2967 2966 3375
f 3367 2986 3376
f 2986 2985 3376
f 3375 2966 2994
f 3375 2994 3377
f 2994 2993 3377
f 3377 2993 3378
f 2993 2984 3378
f 3378 2984 3379
f 2984 2975 3379
f 3379 2975 3380
f 2975 3010 3380
f 3380 3010 3381
f 3010 3009 3381
f 3381 3009 3382
f 3009 3008 3382
f 3382 3008 3383
f 3383 3008 3384
f 3008 3007 3384
f 3385 2952 3386
f 2952 2951 3386
f 3384 3007 3387
f 3007 3006 3387
f 3386 2951 3388
f 2951 2990 3388
f 3389 2958 3390
f 2958 2957 3390
f 3388 2990 3391
f 2990 2989 3391
f 3390 2957 3392
f 2957 2959 3392
f 2769 2783 3393
f 3392 2959 2164
f 2959 2769 2164
f 2769 3393 2164
f 2812 3394 2856
f 3394 3395 2856
f 2856 3395 2855
f 3395 3396 2855
f 2855 3396 2854
f 3396 3397 2854
f 2854 3397 2852
f 3397 3398 2852
f 2852 3398 2850
f 3398 3399 2850
f 2850 3399 2848
f 3399 3400 2848
f 2848 3400 2846
f 3400 3401 2846
f 2846 3401 2844
f 3401 3402 2844
f 2844 3402 2842
f 3402 3403 2842
f 2842 3403 2840
f 3403 3404 2840
f 2840 3404 2838
f 3404 3405 2838
f 2838 3405 2836
f 3405 3406 2836
f 2836 3406 2834
f 3406 3407 2834
f 2834 3407 2832
f 3407 3408 2832
f 2832 3408 2830
f 3408 3409 2830
f 2830 3409 2828
f 3409 3410 2828
f 2828 3410 2826
f 3410 3411 2826
f 2826 3411 2824
f 3411 3412 2824
f 2824 3412 2822
f 3412 3413 2822
f 2822 3413 2820
f 3413 3414 2820
f 2820 3414 2818
f 3414 3415 2818
f 2818 3415 2816
f 3415 3416 2816
f 2816 3416 2783
f 3416 3393 2783
f 3394 2812 3333
f 2812 2811 3333
f 2960 2958 3417
f 2958 3389 3417
f 2991 2960 3418
f 2960 3417 3418
f 3389 3391 3417
f 3391 3418 3417
f 3391 2989 3418
f 2989 2991 3418
f 2954 2952 3419
f 2952 3385 3419
f 2964 2954 3420
f 2954 3419 3420
f 3385 3387 3419
f 3387 3420 3419
f 3387 3006 3420
f 3006 2964 3420
f 2968 2967 3421
f 2967 3374 3421
f 2969 2968 3422
f 2968 3421 3422
f 3374 3376 3421
f 3376 3422 3421
f 3376 2985 3422
f 2985 2969 3422
f 2961 2978 3423
f 2978 3363 3423
f 2755 2961 3424
f 2961 3423 3424
f 3363 3365 3423
f 3365 3424 3423
f 3365 2756 3424
f 2756 2755 3424
f 2926 2925 3425
f 2925 2230 3425
f 2758 2926 3426
f 2926 3425 3426
f 3361 3426 2232
f 3426 3425 2232
f 2232 3425 2230
f 3361 2759 3426
f 2759 2758 3426
f 2857 2861 3427
f 2861 3328 3427
f 2858 2857 3428
f 2857 3427 3428
f 3328 3330 3427
f 3330 3428 3427
f 3330 2872 3428
f 2872 2858 3428
f 3332 2808 2807
f 3332 2807 3429
f 2807 2801 3429
f 3429 2801 3430
f 2801 2800 3430
f 3430 2800 3431
f 2800 2806 3431
f 3431 2806 3432
f 2806 2805 3432
f 3432 2805 3433
f 2805 2804 3433
f 3433 2804 3434
f 3434 2804 3435
f 2804 2803 3435
f 3436 2777 3437
f 2777 2770 3437
f 2770 3439 3438
f 3438 3440 2770
f 2770 3440 3437
f 3435 2803 3441
f 2803 2802 3441
f 2402 2401 2770
f 2401 3442 2770
f 3442 3443 2770
f 3443 3439 2770
f 2401 2400 3442
f 2400 3444 3442
f 3445 3442 3444
f 3439 3443 3446
f 3446 3443 3445
f 3445 3443 3442
f 3446 3447 3439
f 3439 3447 3438
f 3447 3448 3438
f 3438 3448 3440
f 3448 3449 3440
f 3440 3449 3437
f 2243 2242 2400
f 2242 3450 2400
f 3450 3449 2400
f 3449 3448 2400
f 2400 3448 3447
f 3447 3446 2400
f 3446 3445 2400
f 2400 3445 3444
f 2245 3451 3452
f 2245 3452 2246
f 3452 3453 2246
f 2246 3453 2248
f 3453 3454 2248
f 2248 3454 2249
f 3454 3455 2249
f 2249 3455 2241
f 3455 3450 2241
f 2241 3450 2242
f 2245 2244 3451
f 2244 2414 3451
f 3451 2414 3456
f 3457 2414 3458
f 2414 3459 3458
f 3457 3460 2414
f 3460 3461 2414
f 2414 3461 3456
f 3462 3456 3461
f 3464 3465 3457
f 3465 3466 3457
f 3457 3466 3460
f 3458 3463 3457
f 3457 3463 3464
f 3459 2414 2413
f 2413 3467 3459
f 3467 3468 3459
f 3459 3468 3458
f 3458 3468 3463
f 3466 3469 3460
f 3460 3469 3461
f 3461 3469 3462
f 3470 2419 3471
f 2419 2418 3471
f 3472 3462 2430
f 3462 3469 2430
f 3465 2431 3466
f 2431 2430 3466
f 2430 3469 3466
f 3471 2418 3473
f 2418 2425 3473
f 3474 2422 3475
f 2422 2421 3475
f 3473 2425 3476
f 2425 2424 3476
f 3475 2421 3093
f 2421 2417 3093
f 2423 2422 3477
f 2422 3474 3477
f 2426 2423 3478
f 2423 3477 3478
f 3474 3476 3477
f 3476 3478 3477
f 3476 2424 3478
f 2424 2426 3478
f 2420 2419 3479
f 2419 3470 3479
f 2432 2420 3480
f 2420 3479 3480
f 3470 3472 3479
f 3472 3480 3479
f 3472 2430 3480
f 2430 2432 3480
f 3465 3464 2431
f 3464 3463 2431
f 3463 3468 2431
f 3468 3467 2431
f 3467 2413 2431
f 2431 2413 2412
f 2778 2777 3481
f 2777 3436 3481
f 2771 2778 3482
f 2778 3481 3482
f 3436 3441 3481
f 3441 3482 3481
f 3441 2802 3482
f 2802 2771 3482
f 2767 2809 3483
f 2809 3331 3483
f 2768 2767 3484
f 2767 3483 3484
f 3331 3334 3483
f 3334 3484 3483
f 3334 2810 3484
f 2810 2768 3484
f 2859 2875 3485
f 2875 3317 3485
f 2761 2859 3486
f 2859 3485 3486
f 3317 3319 3485
f 3319 3486 3485
f 3319 2762 3486
f 2762 2761 3486
f 3312 3311 2779
f 3311 3315 2779
f 3315 3314 2779
f 3314 2407 2779
f 2779 2407 2406
f 2730 2728 3487
f 2728 3283 3487
f 2713 2730 3488
f 2730 3487 3488
f 3283 3288 3487
f 3288 3488 3487
f 3288 2714 3488
f 2714 2713 3488
f 2721 2720 3489
f 2720 3279 3489
f 2725 2721 3490
f 2721 3489 3490
f 3279 3281 3489
f 3281 3490 3489
f 3281 2726 3490
f 2726 2725 3490
f 2724 2718 3491
f 2718 3275 3491
f 2729 2724 3492
f 2724 3491 3492
f 3275 3277 3491
f 3277 3492 3491
f 3277 2732 3492
f 2732 2729 3492
f 3269 3271 2731
f 2731 3271 3268
f 3268 3273 2731
f 3273 3272 2731
f 3272 2398 2731
f 2731 2398 2397
f 2647 2646 3493
f 2646 3241 3493
f 2648 2647 3494
f 2647 3493 3494
f 3241 3246 3493
f 3246 3494 3493
f 3246 2658 3494
f 2658 2648 3494
f 2649 2655 3495
f 2655 3135 3495
f 2650 2649 3496
f 2649 3495 3496
f 3135 3138 3495
f 3138 3496 3495
f 3138 2663 3496
f 2663 2650 3496
f 2459 2549 3497
f 2549 3122 3497
f 2467 2459 3498
f 2459 3497 3498
f 3122 3124 3497
f 3124 3498 3497
f 3124 2464 3498
f 2464 2467 3498
f 3117 3116 2463
f 3116 3120 2463
f 3120 3119 2463
f 3119 2389 2463
f 2463 2389 2388
f 2744 2080 2745
f 2080 2081 2745
f 2745 2081 2746
f 2081 2082 2746
f 2746 2082 2747
f 2082 2083 2747
f 2747 2083 2748
f 2083 2084 2748
f 2748 2084 2751
f 2084 2085 2751
f 2751 2085 2750
f 2085 2086 2750
f 2750 2086 2749
f 2086 2087 2749
f 2749 2087 2752
f 2087 2088 2752
f 2752 2088 2753
f 2088 2089 2753
f 2753 2089 2754
f 2089 2090 2754
f 2754 2090 2722
f 2090 2091 2722
f 2722 2091 2723
f 2091 2068 2723
f 2723 2068 2735
f 2068 2069 2735
f 2735 2069 2736
f 2069 2070 2736
f 2736 2070 2733
f 2070 2071 2733
f 2733 2071 2734
f 2071 2072 2734
f 2734 2072 2737
f 2072 2073 2737
f 2737 2073 2738
f 2073 2074 2738
f 2738 2074 2739
f 2074 2075 2739
f 2739 2075 2740
f 2075 2076 2740
f 2740 2076 2741
f 2076 2077 2741
f 2741 2077 2742
f 2077 2078 2742
f 2742 2078 2743
f 2078 2079 2743
f 2743 2079 2744
f 2079 2080 2744
f 2790 1950 2791
f 1950 1951 2791
f 2791 1951 2798
f 1951 1952 2798
f 2798 1952 2799
f 1952 1953 2799
f 2799 1953 2782
f 1953 1954 2782
f 2782 1954 2764
f 1954 1955 2764
f 2764 1955 2765
f 1955 1956 2765
f 2765 1956 2774
f 1956 1957 2774
f 2774 1957 2775
f 1957 1958 2775
f 2775 1958 2776
f 1958 1959 2776
f 2776 1959 2772
f 1959 1960 2772
f 2772 1960 2773
f 1960 1961 2773
f 2773 1961 2786
f 1961 1962 2786
f 2786 1962 2787
f 1962 1963 2787
f 2787 1963 2788
f 1963 1964 2788
f 2788 1964 2789
f 1964 1965 2789
f 2789 1965 2794
f 1965 1966 2794
f 2794 1966 2793
f 1966 1967 2793
f 2793 1967 2792
f 1967 1968 2792
f 2792 1968 2795
f 1968 1969 2795
f 2795 1969 2796
f 1969 1970 2796
f 2796 1970 2797
f 1970 1971 2797
f 2797 1971 2780
f 1971 1948 2780
f 2780 1948 2781
f 1948 1949 2781
f 2781 1949 2790
f 1949 1950 2790
f 2438 1975 2439
f 1975 1976 2439
f 2439 1976 2447
f 1976 1977 2447
f 2447 1977 2448
f 1977 1978 2448
f 2448 1978 2449
f 1978 1979 2449
f 2449 1979 2445
f 1979 1980 2445
f 2445 1980 2444
f 1980 1981 2444
f 2444 1981 2428
f 1981 1982 2428
f 2428 1982 2429
f 1982 1983 2429
f 2429 1983 2450
f 1983 1984 2450
f 2450 1984 2451
f 1984 1985 2451
f 2451 1985 2452
f 1985 1986 2452
f 2452 1986 2440
f 1986 1987 2440
f 2440 1987 2441
f 1987 1988 2441
f 2441 1988 2446
f 1988 1989 2446
f 2446 1989 2442
f 1989 1990 2442
f 2442 1990 2443
f 1990 1991 2443
f 2443 1991 2453
f 1991 1992 2453
f 2453 1992 2454
f 1992 1993 2454
f 2454 1993 2455
f 1993 1994 2455
f 2455 1994 2456
f 1994 1995 2456
f 2456 1995 2435
f 1995 1972 2435
f 2435 1972 2436
f 1972 1973 2436
f 2436 1973 2437
f 1973 1974 2437
f 2437 1974 2438
f 1974 1975 2438
f 2707 1407 2709
f 1407 1406 2709
f 2709 1406 2711
f 1406 1405 2711
f 2711 1405 2712
f 1405 1409 2712
f 2712 1409 2672
f 1409 1408 2672
f 2672 1408 2673
f 1408 1389 2673
f 2673 1389 2674
f 1389 1388 2674
f 2674 1388 2675
f 1388 1386 2675
f 2675 1386 2676
f 1386 1385 2676
f 2676 1385 2677
f 1385 1392 2677
f 2677 1392 2679
f 1392 1391 2679
f 2679 1391 2681
f 1391 1390 2681
f 2681 1390 2683
f 1390 1395 2683
f 2683 1395 2685
f 1395 1394 2685
f 2685 1394 2687
f 1394 1393 2687
f 2687 1393 2689
f 1393 1398 2689
f 2689 1398 2691
f 1398 1397 2691
f 2691 1397 2693
f 1397 1396 2693
f 2693 1396 2695
f 1396 1401 2695
f 2695 1401 2697
f 1401 1400 2697
f 2697 1400 2699
f 1400 1399 2699
f 2699 1399 2701
f 1399 1404 2701
f 2701 1404 2703
f 1404 1403 2703
f 2703 1403 2705
f 1403 1402 2705
f 2705 1402 2707
f 1402 1407 2707
f 3499 3500 3501
f 3500 3502 3501
f 3501 3502 3503
f 3502 3504 3503
f 3503 3504 3505
f 3504 3506 3505
f 3505 3506 3507
f 3506 3508 3507
f 3507 3508 3509
f 3508 3510 3509
f 3509 3510 3511
f 3510 3512 3511
f 3511 3512 3513
f 3512 3514 3513
f 3513 3514 3515
f 3514 3516 3515
f 3515 3516 3517
f 3516 3518 3517
f 3517 3518 3519
f 3518 3520 3519
f 3519 3520 3521
f 3520 3522 3521
f 3521 3522 3523
f 3522 3524 3523
f 3523 3524 3525
f 3524 3526 3525
f 3525 3526 3527
f 3526 3528 3527
f 3527 3528 3529
f 3528 3530 3529
f 3529 3530 3531
f 3530 3532 3531
f 3531 3532 3533
f 3532 3534 3533
f 3533 3534 3535
f 3534 3536 3535
f 3535 3536 3537
f 3536 3538 3537
f 3537 3538 3539
f 3538 3540 3539
f 3539 3540 3541
f 3540 3542 3541
f 3541 3542 3543
f 3542 3544 3543
f 3543 3544 3545
f 3544 3546 3545
f 3545 3546 3499
f 3546 3500 3499
f 3536 3547 3538
f 3547 3548 3538
f 3538 3548 3540
f 3548 3549 3540
f 3540 3549 3542
f 3549 3550 3542
f 3542 3550 3544
f 3550 3551 3544
f 3544 3551 3546
f 3551 3552 3546
f 3546 3552 3500
f 3552 3553 3500
f 3500 3553 3502
f 3553 3554 3502
f 3502 3554 3504
f 3554 3555 3504
f 3504 3555 3506
f 3555 3556 3506
f 3506 3556 3508
f 3556 3557 3508
f 3508 3557 3510
f 3557 3558 3510
f 3510 3558 3512
f 3558 3559 3512
f 3512 3559 3514
f 3559 3560 3514
f 3514 3560 3516
f 3560 3561 3516
f 3516 3561 3518
f 3561 3562 3518
f 3518 3562 3520
f 3562 3563 3520
f 3520 3563 3522
f 3563 3564 3522
f 3522 3564 3524
f 3564 3565 3524
f 3524 3565 3526
f 3565 3566 3526
f 3526 3566 3528
f 3566 3567 3528
f 3528 3567 3530
f 3567 3568 3530
f 3530 3568 3532
f 3568 3569 3532
f 3532 3569 3534
f 3569 3570 3534
f 3534 3570 3536
f 3570 3547 3536
f 3558 3571 3559
f 3571 3572 3559
f 3559 3572 3560
f 3572 3573 3560
f 3560 3573 3561
f 3573 3562 3561
f 3562 3574 3563
f 3574 3575 3563
f 3563 3575 3564
f 3575 3576 3564
f 3564 3576 3565
f 3576 3566 3565
f 3568 3577 3569
f 3577 3578 3569
f 3569 3578 3570
f 3578 3579 3570
f 3570 3579 3547
f 3579 3548 3547
f 3548 3580 3549
f 3580 3581 3549
f 3549 3581 3550
f 3581 3582 3550
f 3550 3582 3551
f 3582 3583 3551
f 3551 3583 3552
f 3583 3584 3552
f 3552 3584 3553
f 3584 3585 3553
f 3553 3585 3554
f 3585 3586 3554
f 3554 3586 3555
f 3586 3587 3555
f 3555 3587 3556
f 3587 3588 3556
f 3556 3588 3557
f 3588 3589 3557
f 3557 3589 3558
f 3589 3571 3558
f 3589 3590 3571
f 3590 3591 3571
f 3571 3591 3572
f 3591 3592 3572
f 3572 3592 3573
f 3592 3593 3573
f 3573 3593 3562
f 3593 3594 3562
f 3562 3594 3574
f 3594 3595 3574
f 3574 3595 3575
f 3595 3596 3575
f 3575 3596 3576
f 3596 3597 3576
f 3576 3597 3566
f 3597 3598 3566
f 3566 3598 3567
f 3598 3599 3567
f 3567 3599 3568
f 3599 3600 3568
f 3568 3600 3577
f 3600 3601 3577
f 3577 3601 3578
f 3601 3602 3578
f 3578 3602 3579
f 3602 3603 3579
f 3579 3603 3548
f 3603 3604 3548
f 3548 3604 3580
f 3604 3605 3580
f 3580 3605 3581
f 3605 3606 3581
f 3581 3606 3582
f 3606 3607 3582
f 3582 3607 3583
f 3607 3608 3583
f 3583 3608 3584
f 3608 3609 3584
f 3584 3609 3585
f 3609 3610 3585
f 3585 3610 3586
f 3610 3611 3586
f 3586 3611 3587
f 3611 3612 3587
f 3587 3612 3588
f 3612 3613 3588
f 3588 3613 3589
f 3613 3590 3589
f 3613 3614 3590
f 3614 3615 3590
f 3590 3615 3591
f 3615 3616 3591
f 3591 3616 3592
f 3616 3617 3592
f 3592 3617 3593
f 3617 3618 3593
f 3593 3618 3594
f 3618 3619 3594
f 3594 3619 3595
f 3619 3620 3595
f 3595 3620 3596
f 3620 3621 3596
f 3596 3621 3597
f 3621 3622 3597
f 3597 3622 3598
f 3622 3623 3598
f 3598 3623 3599
f 3623 3624 3599
f 3599 3624 3600
f 3624 3625 3600
f 3600 3625 3601
f 3625 3626 3601
f 3601 3626 3602
f 3626 3627 3602
f 3602 3627 3603
f 3627 3628 3603
f 3603 3628 3604
f 3628 3629 3604
f 3604 3629 3605
f 3629 3630 3605
f 3605 3630 3606
f 3630 3631 3606
f 3606 3631 3607
f 3631 3632 3607
f 3607 3632 3608
f 3632 3633 3608
f 3608 3633 3609
f 3633 3634 3609
f 3609 3634 3610
f 3634 3635 3610
f 3610 3635 3611
f 3635 3636 3611
f 3611 3636 3612
f 3636 3637 3612
f 3612 3637 3613
f 3637 3614 3613
f 3637 3638 3614
f 3638 3639 3614
f 3614 3639 3615
f 3639 3640 3615
f 3615 3640 3616
f 3640 3641 3616
f 3616 3641 3617
f 3641 3642 3617
f 3617 3642 3618
f 3642 3643 3618
f 3618 3643 3619
f 3643 3644 3619
f 3619 3644 3620
f 3644 3645 3620
f 3620 3645 3621
f 3645 3646 3621
f 3621 3646 3622
f 3646 3647 3622
f 3622 3647 3623
f 3647 3648 3623
f 3623 3648 3624
f 3648 3649 3624
f 3624 3649 3625
f 3649 3650 3625
f 3625 3650 3626
f 3650 3651 3626
f 3626 3651 3627
f 3651 3652 3627
f 3627 3652 3628
f 3652 3653 3628
f 3628 3653 3629
f 3653 3654 3629
f 3629 3654 3630
f 3654 3655 3630
f 3630 3655 3631
f 3655 3656 3631
f 3631 3656 3632
f 3656 3657 3632
f 3632 3657 3633
f 3657 3658 3633
f 3633 3658 3634
f 3658 3659 3634
f 3634 3659 3635
f 3659 3660 3635
f 3635 3660 3636
f 3660 3661 3636
f 3636 3661 3637
f 3661 3638 3637
f 3661 3662 3638
f 3662 3663 3638
f 3638 3663 3639
f 3663 3664 3639
f 3639 3664 3640
f 3664 3665 3640
f 3640 3665 3641
f 3665 3666 3641
f 3641 3666 3642
f 3666 3667 3642
f 3642 3667 3643
f 3667 3668 3643
f 3643 3668 3644
f 3668 3669 3644
f 3644 3669 3645
f 3669 3670 3645
f 3645 3670 3646
f 3670 3671 3646
f 3646 3671 3647
f 3671 3672 3647
f 3647 3672 3648
f 3672 3673 3648
f 3648 3673 3649
f 3673 3674 3649
f 3649 3674 3650
f 3674 3675 3650
f 3650 3675 3651
f 3675 3676 3651
f 3651 3676 3652
f 3676 3677 3652
f 3652 3677 3653
f 3677 3678 3653
f 3653 3678 3654
f 3678 3679 3654
f 3654 3679 3655
f 3679 3680 3655
f 3655 3680 3656
f 3680 3681 3656
f 3656 3681 3657
f 3681 3682 3657
f 3657 3682 3658
f 3682 3683 3658
f 3658 3683 3659
f 3683 3684 3659
f 3659 3684 3660
f 3684 3685 3660
f 3660 3685 3661
f 3685 3662 3661
f 3685 3686 3662
f 3686 3687 3662
f 3662 3687 3663
f 3687 3688 3663
f 3663 3688 3664
f 3688 3689 3664
f 3664 3689 3665
f 3689 3690 3665
f 3665 3690 3666
f 3690 3691 3666
f 3666 3691 3667
f 3691 3692 3667
f 3667 3692 3668
f 3692 3693 3668
f 3668 3693 3669
f 3693 3694 3669
f 3669 3694 3670
f 3694 3695 3670
f 3670 3695 3671
f 3695 3696 3671
f 3671 3696 3672
f 3696 3697 3672
f 3672 3697 3673
f 3697 3698 3673
f 3673 3698 3674
f 3698 3699 3674
f 3674 3699 3675
f 3699 3700 3675
f 3675 3700 3676
f 3700 3701 3676
f 3676 3701 3677
f 3701 3702 3677
f 3677 3702 3678
f 3702 3703 3678
f 3678 3703 3679
f 3703 3704 3679
f 3679 3704 3680
f 3704 3705 3680
f 3680 3705 3681
f 3705 3706 3681
f 3681 3706 3682
f 3706 3707 3682
f 3682 3707 3683
f 3707 3708 3683
f 3683 3708 3684
f 3708 3709 3684
f 3684 3709 3685
f 3709 3686 3685
f 3709 3710 3686
f 3710 3711 3686
f 3686 3711 3687
f 3711 3712 3687
f 3687 3712 3688
f 3712 3713 3688
f 3688 3713 3689
f 3713 3714 3689
f 3689 3714 3690
f 3714 3715 3690
f 3690 3715 3691
f 3715 3716 3691
f 3691 3716 3692
f 3716 3717 3692
f 3692 3717 3693
f 3717 3718 3693
f 3693 3718 3694
f 3718 3719 3694
f 3694 3719 3695
f 3719 3720 3695
f 3695 3720 3696
f 3720 3721 3696
f 3696 3721 3697
f 3721 3722 3697
f 3697 3722 3698
f 3722 3723 3698
f 3698 3723 3699
f 3723 3724 3699
f 3699 3724 3700
f 3724 3725 3700
f 3700 3725 3701
f 3725 3726 3701
f 3701 3726 3702
f 3726 3727 3702
f 3702 3727 3703
f 3727 3728 3703
f 3703 3728 3704
f 3728 3729 3704
f 3704 3729 3705
f 3729 3730 3705
f 3705 3730 3706
f 3730 3731 3706
f 3706 3731 3707
f 3731 3732 3707
f 3707 3732 3708
f 3732 3733 3708
f 3708 3733 3709
f 3733 3710 3709
f 3733 3734 3710
f 3734 3735 3710
f 3710 3735 3711
f 3735 3736 3711
f 3711 3736 3712
f 3736 3737 3712
f 3712 3737 3713
f 3737 3738 3713
f 3713 3738 3714
f 3738 3739 3714
f 3714 3739 3715
f 3739 3740 3715
f 3715 3740 3716
f 3740 3741 3716
f 3716 3741 3717
f 3741 3742 3717
f 3717 3742 3718
f 3742 3743 3718
f 3718 3743 3719
f 3743 3744 3719
f 3719 3744 3720
f 3744 3745 3720
f 3720 3745 3721
f 3745 3746 3721
f 3721 3746 3722
f 3746 3747 3722
f 3722 3747 3723
f 3747 3748 3723
f 3723 3748 3724
f 3748 3749 3724
f 3724 3749 3725
f 3749 3750 3725
f 3725 3750 3726
f 3750 3751 3726
f 3726 3751 3727
f 3751 3752 3727
f 3727 3752 3728
f 3752 3753 3728
f 3728 3753 3729
f 3753 3754 3729
f 3729 3754 3730
f 3754 3755 3730
f 3730 3755 3731
f 3755 3756 3731
f 3731 3756 3732
f 3756 3757 3732
f 3732 3757 3733
f 3757 3734 3733
f 3758 3759 3760
f 3761 3762 3763
f 3762 3764 3763
f 3764 3765 3763
f 3763 3765 3766
f 3765 3767 3766
f 3768 3769 3763
f 3763 3769 3761
f 3770 3771 3768
f 3771 3772 3768
f 3768 3772 3769
f 3773 3774 3770
f 3774 3771 3770
f 3775 3776 3777
f 3776 3778 3777
f 3777 3778 3779
f 3778 3780 3779
f 3781 3782 3777
f 3777 3782 3775
f 3783 3784 3781
f 3784 3782 3781
f 3759 3758 3783
f 3783 3758 3785
f 3785 3784 3783
f 3786 3788 3787
f 3787 3788 3789
f 3788 3790 3789
f 3791 3792 3787
f 3787 3792 3786
f 3793 3794 3791
f 3794 3795 3791
f 3791 3795 3792
f 3793 3796 3797
f 3797 3794 3793
f 3798 3800 3799
f 3799 3800 3801
f 3800 3802 3801
f 3803 3804 3799
f 3799 3804 3798
f 3805 3806 3803
f 3803 3806 3804
f 3807 3808 3805
f 3808 3806 3805
f 3760 3734 3809
f 3734 3757 3809
f 3809 3757 3790
f 3757 3756 3790
f 3790 3756 3789
f 3756 3755 3789
f 3789 3755 3787
f 3755 3754 3787
f 3787 3754 3791
f 3754 3753 3791
f 3791 3753 3793
f 3753 3752 3793
f 3793 3752 3810
f 3793 3810 3796
f 3796 3810 3811
f 3810 3752 3811
f 3811 3752 3812
f 3752 3751 3812
f 3812 3751 3802
f 3751 3750 3802
f 3802 3750 3801
f 3750 3749 3801
f 3801 3749 3799
f 3749 3748 3799
f 3799 3748 3803
f 3748 3747 3803
f 3803 3747 3805
f 3747 3746 3805
f 3805 3746 3813
f 3807 3805 3814
f 3805 3813 3814
f 3814 3813 3815
f 3813 3746 3815
f 3815 3746 3816
f 3746 3745 3816
f 3816 3745 3767
f 3745 3744 3767
f 3767 3744 3766
f 3744 3743 3766
f 3766 3743 3763
f 3743 3742 3763
f 3763 3742 3768
f 3742 3741 3768
f 3768 3741 3770
f 3741 3740 3770
f 3770 3740 3817
f 3760 3759 3734
f 3759 3783 3734
f 3734 3783 3735
f 3783 3781 3735
f 3735 3781 3736
f 3781 3777 3736
f 3736 3777 3737
f 3777 3779 3737
f 3737 3779 3738
f 3779 3780 3738
f 3738 3780 3739
f 3780 3818 3739
f 3739 3818 3740
f 3818 3819 3740
f 3740 3819 3817
f 3819 3820 3817
f 3817 3820 3770
f 3820 3821 3770
f 3770 3821 3773
f 3790 3822 3809
f 3822 3823 3809
f 3809 3823 3760
f 3823 3824 3760
f 3825 3822 3788
f 3822 3790 3788
f 3826 3827 3828
f 3829 3830 3831
f 3830 3832 3831
f 3833 3834 3835
f 3836 3833 3837
f 3833 3835 3837
f 3837 3835 3838
f 3823 3822 3825
f 3839 3840 3832
f 3840 3841 3832
f 3842 3826 3843
f 3826 3828 3843
f 3843 3828 3844
f 3828 3830 3844
f 3844 3830 3845
f 3830 3829 3845
f 3839 3846 3840
f 3846 3847 3840
f 3840 3847 3848
f 3849 3850 3851
f 3838 3831 3837
f 3831 3832 3837
f 3837 3832 3852
f 3832 3841 3852
f 3853 3849 3854
f 3849 3851 3854
f 3854 3851 3848
f 3851 3855 3848
f 3848 3855 3840
f 3824 3823 3856
f 3823 3825 3856
f 3856 3825 3857
f 3825 3858 3857
f 3857 3858 3859
f 3858 3839 3859
f 3859 3839 3832
f 3824 3856 3760
f 3856 3758 3760
f 3856 3857 3758
f 3758 3857 3785
f 3857 3859 3785
f 3785 3859 3784
f 3859 3832 3784
f 3784 3832 3782
f 3782 3832 3775
f 3832 3830 3775
f 3775 3830 3776
f 3830 3828 3776
f 3776 3828 3778
f 3828 3827 3778
f 3827 3780 3778
f 3780 3827 3818
f 3827 3826 3818
f 3818 3826 3819
f 3826 3842 3819
f 3842 3843 3819
f 3843 3820 3819
f 3820 3843 3821
f 3843 3844 3821
f 3821 3844 3773
f 3773 3844 3774
f 3844 3845 3774
f 3774 3845 3771
f 3845 3829 3771
f 3771 3829 3772
f 3772 3829 3769
f 3829 3831 3769
f 3769 3831 3761
f 3831 3838 3761
f 3761 3838 3762
f 3762 3838 3764
f 3838 3835 3764
f 3764 3835 3765
f 3835 3834 3765
f 3834 3767 3765
f 3767 3834 3816
f 3834 3833 3816
f 3816 3833 3815
f 3833 3836 3815
f 3836 3837 3815
f 3837 3814 3815
f 3814 3837 3807
f 3837 3852 3807
f 3807 3852 3808
f 3852 3841 3808
f 3808 3841 3806
f 3806 3841 3804
f 3841 3840 3804
f 3804 3840 3798
f 3840 3855 3798
f 3798 3855 3800
f 3855 3851 3800
f 3851 3850 3800
f 3850 3802 3800
f 3802 3850 3812
f 3850 3849 3812
f 3812 3849 3811
f 3849 3853 3811
f 3853 3854 3811
f 3854 3796 3811
f 3854 3848 3796
f 3796 3848 3797
f 3848 3847 3797
f 3797 3847 3794
f 3847 3846 3794
f 3794 3846 3795
f 3795 3846 3792
f 3846 3839 3792
f 3792 3839 3786
f 3839 3858 3786
f 3786 3858 3788
f 3858 3825 3788
f 3860 3861 3862
f 3861 3863 3862
f 3862 3863 3864
f 3863 3865 3864
f 3864 3865 3866
f 3865 3867 3866
f 3866 3867 3868
f 3867 3869 3868
f 3868 3869 3870
f 3869 3871 3870
f 3870 3871 3872
f 3872 3874 3873
f 3873 3874 3875
f 3874 3876 3875
f 3875 3876 3877
f 3876 3878 3877
f 3877 3878 3879
f 3878 3880 3879
f 3879 3880 3881
f 3880 3882 3881
f 3881 3882 3883
f 3882 3884 3883
f 3883 3884 3885
f 3884 3886 3885
f 3885 3886 3887
f 3886 3888 3887
f 3887 3888 3889
f 3888 3890 3889
f 3889 3890 3891
f 3890 3892 3891
f 3891 3892 3893
f 3892 3894 3893
f 3893 3894 3895
f 3894 3896 3895
f 3895 3896 3897
f 3896 3898 3897
f 3897 3898 3899
f 3898 3900 3899
f 3899 3900 3901
f 3900 3902 3901
f 3901 3902 3903
f 3902 3904 3903
f 3903 3904 3905
f 3904 3906 3905
f 3905 3906 3860
f 3906 3861 3860
f 3866 3907 3864
f 3907 3908 3864
f 3864 3908 3862
f 3908 3909 3862
f 3862 3909 3860
f 3909 3910 3860
f 3860 3910 3905
f 3910 3911 3905
f 3905 3911 3903
f 3911 3912 3903
f 3903 3912 3901
f 3912 3913 3901
f 3901 3913 3899
f 3913 3914 3899
f 3899 3914 3897
f 3914 3915 3897
f 3897 3915 3895
f 3915 3916 3895
f 3895 3916 3893
f 3916 3917 3893
f 3893 3917 3891
f 3917 3918 3891
f 3891 3918 3889
f 3918 3919 3889
f 3889 3919 3887
f 3919 3920 3887
f 3887 3920 3885
f 3920 3921 3885
f 3885 3921 3883
f 3921 3922 3883
f 3883 3922 3881
f 3922 3923 3881
f 3881 3923 3879
f 3923 3924 3879
f 3879 3924 3877
f 3924 3925 3877
f 3877 3925 3875
f 3925 3926 3875
f 3875 3926 3873
f 3926 3927 3873
f 3873 3927 3872
f 3927 3928 3872
f 3872 3928 3870
f 3928 3929 3870
f 3870 3929 3868
f 3929 3930 3868
f 3868 3930 3866
f 3930 3907 3866
f 3915 3931 3916
f 3931 3932 3916
f 3916 3932 3917
f 3932 3933 3917
f 3917 3933 3918
f 3933 3934 3918
f 3918 3934 3919
f 3934 3935 3919
f 3919 3935 3920
f 3935 3936 3920
f 3920 3936 3921
f 3936 3937 3921
f 3921 3937 3922
f 3937 3938 3922
f 3922 3938 3923
f 3938 3939 3923
f 3923 3939 3924
f 3939 3940 3924
f 3924 3940 3925
f 3940 3941 3925
f 3925 3941 3926
f 3941 3942 3926
f 3926 3942 3927
f 3942 3943 3927
f 3927 3943 3928
f 3943 3944 3928
f 3928 3944 3929
f 3944 3945 3929
f 3929 3945 3930
f 3945 3946 3930
f 3930 3946 3907
f 3946 3947 3907
f 3907 3947 3908
f 3947 3948 3908
f 3908 3948 3909
f 3948 3949 3909
f 3909 3949 3910
f 3949 3950 3910
f 3910 3950 3911
f 3950 3951 3911
f 3911 3951 3912
f 3951 3952 3912
f 3912 3952 3913
f 3952 3953 3913
f 3913 3953 3914
f 3953 3954 3914
f 3914 3954 3915
f 3954 3931 3915
f 3952 3955 3953
f 3955 3956 3953
f 3953 3956 3954
f 3956 3957 3954
f 3954 3957 3931
f 3957 3958 3931
f 3931 3958 3932
f 3958 3959 3932
f 3932 3959 3933
f 3959 3960 3933
f 3933 3960 3934
f 3960 3961 3934
f 3934 3961 3935
f 3961 3962 3935
f 3935 3962 3936
f 3962 3963 3936
f 3936 3963 3937
f 3963 3938 3937
f 3938 3964 3939
f 3964 3965 3939
f 3939 3965 3940
f 3965 3966 3940
f 3940 3966 3941
f 3966 3942 3941
f 3944 3967 3945
f 3967 3968 3945
f 3945 3968 3946
f 3968 3969 3946
f 3946 3969 3947
f 3969 3948 3947
f 3948 3970 3949
f 3970 3971 3949
f 3949 3971 3950
f 3971 3972 3950
f 3950 3972 3951
f 3972 3973 3951
f 3951 3973 3952
f 3973 3955 3952
f 3973 3974 3955
f 3974 3975 3955
f 3955 3975 3956
f 3975 3976 3956
f 3956 3976 3957
f 3976 3977 3957
f 3957 3977 3958
f 3977 3978 3958
f 3958 3978 3959
f 3978 3979 3959
f 3959 3979 3960
f 3979 3980 3960
f 3960 3980 3961
f 3980 3981 3961
f 3961 3981 3962
f 3981 3982 3962
f 3962 3982 3963
f 3982 3983 3963
f 3963 3983 3938
f 3983 3984 3938
f 3938 3984 3964
f 3984 3985 3964
f 3964 3985 3965
f 3985 3986 3965
f 3965 3986 3966
f 3986 3987 3966
f 3966 3987 3942
f 3987 3988 3942
f 3942 3988 3943
f 3988 3989 3943
f 3943 3989 3944
f 3989 3990 3944
f 3944 3990 3967
f 3990 3991 3967
f 3967 3991 3968
f 3991 3992 3968
f 3968 3992 3969
f 3992 3993 3969
f 3969 3993 3948
f 3993 3994 3948
f 3948 3994 3970
f 3994 3995 3970
f 3970 3995 3971
f 3995 3996 3971
f 3971 3996 3972
f 3996 3997 3972
f 3972 3997 3973
f 3997 3974 3973
f 3997 3998 3974
f 3998 3999 3974
f 3974 3999 3975
f 3999 4000 3975
f 3975 4000 3976
f 4000 4001 3976
f 3976 4001 3977
f 4001 4002 3977
f 3977 4002 3978
f 4002 4003 3978
f 3978 4003 3979
f 4003 4004 3979
f 3979 4004 3980
f 4004 4005 3980
f 3980 4005 3981
f 4005 4006 3981
f 3981 4006 3982
f 4006 4007 3982
f 3982 4007 3983
f 4007 4008 3983
f 3983 4008 3984
f 4008 4009 3984
f 3984 4009 3985
f 4009 4010 3985
f 3985 4010 3986
f 4010 4011 3986
f 3986 4011 3987
f 4011 4012 3987
f 3987 4012 3988
f 4012 4013 3988
f 3988 4013 3989
f 4013 4014 3989
f 3989 4014 3990
f 4014 4015 3990
f 3990 4015 3991
f 4015 4016 3991
f 3991 4016 3992
f 4016 4017 3992
f 3992 4017 3993
f 4017 4018 3993
f 3993 4018 3994
f 4018 4019 3994
f 3994 4019 3995
f 4019 4020 3995
f 3995 4020 3996
f 4020 4021 3996
f 3996 4021 3997
f 4021 3998 3997
f 4021 4022 3998
f 4022 4023 3998
f 3998 4023 3999
f 4023 4024 3999
f 3999 4024 4000
f 4024 4025 4000
f 4000 4025 4001
f 4025 4026 4001
f 4001 4026 4002
f 4026 4027 4002
f 4002 4027 4003
f 4027 4028 4003
f 4003 4028 4004
f 4028 4029 4004
f 4004 4029 4005
f 4029 4030 4005
f 4005 4030 4006
f 4030 4031 4006
f 4006 4031 4007
f 4031 4032 4007
f 4007 4032 4008
f 4032 4033 4008
f 4008 4033 4009
f 4033 4034 4009
f 4009 4034 4010
f 4034 4035 4010
f 4010 4035 4011
f 4035 4036 4011
f 4011 4036 4012
f 4036 4037 4012
f 4012 4037 4013
f 4037 4038 4013
f 4013 4038 4014
f 4038 4039 4014
f 4014 4039 4015
f 4039 4040 4015
f 4015 4040 4016
f 4040 4041 4016
f 4016 4041 4017
f 4041 4042 4017
f 4017 4042 4018
f 4042 4043 4018
f 4018 4043 4019
f 4043 4044 4019
f 4019 4044 4020
f 4044 4045 4020
f 4020 4045 4021
f 4045 4022 4021
f 4045 4046 4022
f 4046 4047 4022
f 4022 4047 4023
f 4047 4048 4023
f 4023 4048 4024
f 4048 4049 4024
f 4024 4049 4025
f 4049 4050 4025
f 4025 4050 4026
f 4050 4051 4026
f 4026 4051 4027
f 4051 4052 4027
f 4027 4052 4028
f 4052 4053 4028
f 4028 4053 4029
f 4053 4054 4029
f 4029 4054 4030
f 4054 4055 4030
f 4030 4055 4031
f 4055 4056 4031
f 4031 4056 4032
f 4056 4057 4032
f 4032 4057 4033
f 4057 4058 4033
f 4033 4058 4034
f 4058 4059 4034
f 4034 4059 4035
f 4059 4060 4035
f 4035 4060 4036
f 4060 4061 4036
f 4036 4061 4037
f 4061 4062 4037
f 4037 4062 4038
f 4062 4063 4038
f 4038 4063 4039
f 4063 4064 4039
f 4039 4064 4040
f 4064 4065 4040
f 4040 4065 4041
f 4065 4066 4041
f 4041 4066 4042
f 4066 4067 4042
f 4042 4067 4043
f 4067 4068 4043
f 4043 4068 4044
f 4068 4069 4044
f 4044 4069 4045
f 4069 4046 4045
f 4069 4070 4046
f 4070 4071 4046
f 4046 4071 4047
f 4071 4072 4047
f 4047 4072 4048
f 4072 4073 4048
f 4048 4073 4049
f 4073 4074 4049
f 4049 4074 4050
f 4074 4075 4050
f 4050 4075 4051
f 4075 4076 4051
f 4051 4076 4052
f 4076 4077 4052
f 4052 4077 4053
f 4077 4078 4053
f 4053 4078 4054
f 4078 4079 4054
f 4054 4079 4055
f 4079 4080 4055
f 4055 4080 4056
f 4080 4081 4056
f 4056 4081 4057
f 4081 4082 4057
f 4057 4082 4058
f 4082 4083 4058
f 4058 4083 4059
f 4083 4084 4059
f 4059 4084 4060
f 4084 4085 4060
f 4060 4085 4061
f 4085 4086 4061
f 4061 4086 4062
f 4086 4087 4062
f 4062 4087 4063
f 4087 4088 4063
f 4063 4088 4064
f 4088 4089 4064
f 4064 4089 4065
f 4089 4090 4065
f 4065 4090 4066
f 4090 4091 4066
f 4066 4091 4067
f 4091 4092 4067
f 4067 4092 4068
f 4092 4093 4068
f 4068 4093 4069
f 4093 4070 4069
f 4093 4094 4070
f 4094 4095 4070
f 4070 4095 4071
f 4095 4096 4071
f 4071 4096 4072
f 4096 4097 4072
f 4072 4097 4073
f 4097 4098 4073
f 4073 4098 4074
f 4098 4099 4074
f 4074 4099 4075
f 4099 4100 4075
f 4075 4100 4076
f 4100 4101 4076
f 4076 4101 4077
f 4101 4102 4077
f 4077 4102 4078
f 4102 4103 4078
f 4078 4103 4079
f 4103 4104 4079
f 4079 4104 4080
f 4104 4105 4080
f 4080 4105 4081
f 4105 4106 4081
f 4081 4106 4082
f 4106 4107 4082
f 4082 4107 4083
f 4107 4108 4083
f 4083 4108 4084
f 4108 4109 4084
f 4084 4109 4085
f 4109 4110 4085
f 4085 4110 4086
f 4110 4111 4086
f 4086 4111 4087
f 4111 4112 4087
f 4087 4112 4088
f 4112 4113 4088
f 4088 4113 4089
f 4113 4114 4089
f 4089 4114 4090
f 4114 4115 4090
f 4090 4115 4091
f 4115 4116 4091
f 4091 4116 4092
f 4116 4117 4092
f 4092 4117 4093
f 4117 4094 4093
f 4117 4118 4094
f 4118 4119 4094
f 4094 4119 4095
f 4119 4120 4095
f 4095 4120 4096
f 4120 4121 4096
f 4096 4121 4097
f 4121 4122 4097
f 4097 4122 4098
f 4122 4123 4098
f 4098 4123 4099
f 4123 4124 4099
f 4099 4124 4100
f 4124 4125 4100
f 4100 4125 4101
f 4125 4126 4101
f 4101 4126 4102
f 4126 4127 4102
f 4102 4127 4103
f 4127 4128 4103
f 4103 4128 4104
f 4128 4129 4104
f 4104 4129 4105
f 4129 4130 4105
f 4105 4130 4106
f 4130 4131 4106
f 4106 4131 4107
f 4131 4132 4107
f 4107 4132 4108
f 4132 4133 4108
f 4108 4133 4109
f 4133 4134 4109
f 4109 4134 4110
f 4134 4135 4110
f 4110 4135 4111
f 4135 4136 4111
f 4111 4136 4112
f 4136 4137 4112
f 4112 4137 4113
f 4137 4138 4113
f 4113 4138 4114
f 4138 4139 4114
f 4114 4139 4115
f 4139 4140 4115
f 4115 4140 4116
f 4140 4141 4116
f 4116 4141 4117
f 4141 4118 4117
f 4142 4143 4144
f 4145 4146 4147
f 4146 4148 4147
f 4147 4148 4149
f 4148 4150 4149
f 4151 4152 4147
f 4147 4152 4145
f 4153 4154 4151
f 4154 4152 4151
f 4155 4154 4153
f 4156 4158 4157
f 4157 4158 4159
f 4158 4160 4159
f 4161 4162 4157
f 4157 4162 4156
f 4163 4164 4161
f 4164 4165 4161
f 4161 4165 4162
f 4143 4142 4163
f 4163 4142 4166
f 4166 4164 4163
f 4167 4169 4168
f 4168 4169 4170
f 4169 4171 4170
f 4172 4173 4168
f 4168 4173 4167
f 4174 4175 4172
f 4172 4175 4173
f 4176 4177 4174
f 4177 4175 4174
f 4178 4179 4180
f 4179 4181 4180
f 4181 4182 4180
f 4180 4182 4183
f 4182 4184 4183
f 4185 4186 4180
f 4180 4186 4178
f 4187 4188 4185
f 4188 4189 4185
f 4185 4189 4186
f 4187 4190 4191
f 4191 4192 4187
f 4192 4188 4187
f 4144 4118 4193
f 4118 4141 4193
f 4193 4141 4171
f 4141 4140 4171
f 4171 4140 4170
f 4140 4139 4170
f 4170 4139 4168
f 4139 4138 4168
f 4168 4138 4172
f 4138 4137 4172
f 4172 4137 4174
f 4137 4136 4174
f 4174 4136 4194
f 4176 4174 4195
f 4174 4194 4195
f 4195 4194 4196
f 4194 4136 4196
f 4196 4136 4197
f 4136 4135 4197
f 4197 4135 4184
f 4135 4134 4184
f 4184 4134 4183
f 4134 4133 4183
f 4183 4133 4180
f 4133 4132 4180
f 4180 4132 4185
f 4132 4131 4185
f 4185 4131 4187
f 4131 4130 4187
f 4187 4130 4198
f 4190 4187 4199
f 4187 4198 4199
f 4199 4198 4200
f 4198 4130 4200
f 4200 4130 4201
f 4130 4129 4201
f 4201 4129 4150
f 4129 4128 4150
f 4150 4128 4149
f 4128 4127 4149
f 4149 4127 4147
f 4127 4126 4147
f 4147 4126 4151
f 4126 4125 4151
f 4151 4125 4153
f 4125 4124 4153
f 4153 4124 4202
f 4144 4143 4118
f 4143 4163 4118
f 4118 4163 4119
f 4163 4161 4119
f 4119 4161 4120
f 4161 4157 4120
f 4120 4157 4121
f 4157 4159 4121
f 4121 4159 4122
f 4159 4160 4122
f 4122 4160 4123
f 4160 4203 4123
f 4123 4203 4124
f 4203 4204 4124
f 4124 4204 4202
f 4204 4205 4202
f 4202 4205 4153
f 4153 4205 4155
f 4171 4206 4193
f 4206 4207 4193
f 4193 4207 4144
f 4207 4208 4144
f 4209 4206 4169
f 4206 4171 4169
f 4210 4211 4212
f 4213 4214 4215
f 4214 4216 4215
f 4215 4216 4217
f 4218 4213 4219
f 4213 4215 4219
f 4219 4215 4211
f 4215 4220 4211
f 4211 4220 4212
f 4219 4221 4222
f 4218 4219 4223
f 4219 4222 4223
f 4223 4222 4224
f 4207 4206 4209
f 4225 4226 4227
f 4208 4207 4228
f 4207 4209 4228
f 4228 4209 4217
f 4209 4229 4217
f 4217 4229 4215
f 4230 4231 4232
f 4233 4230 4234
f 4230 4232 4234
f 4234 4232 4235
f 4232 4236 4235
f 4235 4236 4220
f 4236 4237 4220
f 4220 4237 4212
f 4238 4225 4239
f 4225 4227 4239
f 4239 4227 4240
f 4227 4241 4240
f 4240 4241 4242
f 4241 4243 4242
f 4242 4243 4212
f 4212 4243 4210
f 4208 4228 4144
f 4228 4142 4144
f 4228 4217 4142
f 4142 4217 4166
f 4217 4216 4166
f 4166 4216 4164
f 4216 4214 4164
f 4164 4214 4165
f 4165 4214 4162
f 4214 4213 4162
f 4162 4213 4156
f 4213 4218 4156
f 4156 4218 4158
f 4218 4223 4158
f 4223 4224 4158
f 4224 4160 4158
f 4160 4224 4203
f 4224 4222 4203
f 4203 4222 4204
f 4222 4221 4204
f 4221 4219 4204
f 4219 4205 4204
f 4219 4211 4205
f 4205 4211 4155
f 4211 4210 4155
f 4155 4210 4154
f 4210 4243 4154
f 4154 4243 4152
f 4152 4243 4145
f 4243 4241 4145
f 4145 4241 4146
f 4241 4227 4146
f 4146 4227 4148
f 4227 4226 4148
f 4226 4150 4148
f 4150 4226 4201
f 4226 4225 4201
f 4201 4225 4200
f 4225 4238 4200
f 4238 4239 4200
f 4239 4199 4200
f 4199 4239 4190
f 4239 4240 4190
f 4190 4240 4191
f 4191 4240 4192
f 4240 4242 4192
f 4192 4242 4188
f 4242 4212 4188
f 4188 4212 4189
f 4189 4212 4186
f 4212 4237 4186
f 4186 4237 4178
f 4237 4236 4178
f 4178 4236 4179
f 4179 4236 4181
f 4236 4232 4181
f 4181 4232 4182
f 4232 4231 4182
f 4231 4184 4182
f 4184 4231 4197
f 4231 4230 4197
f 4197 4230 4196
f 4230 4233 4196
f 4233 4234 4196
f 4234 4195 4196
f 4195 4234 4176
f 4234 4235 4176
f 4176 4235 4177
f 4235 4220 4177
f 4177 4220 4175
f 4175 4220 4173
f 4220 4215 4173
f 4173 4215 4167
f 4215 4229 4167
f 4167 4229 4169
f 4229 4209 4169
f 4244 4245 4246
f 4247 4248 4249
f 4248 4244 4249
f 4249 4244 4250
f 4244 4246 4250
f 4251 4252 4253
f 4251 4253 4245
f 4253 4254 4245
f 4245 4254 4246
f 4255 4256 4257
f 4256 4248 4257
f 4248 4247 4257
f 4247 4258 4257
f 4251 4259 4252
f 4259 4260 4252
f 4257 4258 4259
f 4258 4261 4259
f 4259 4261 4260
f 4256 4255 4262
f 4255 4263 4262
f 4258 4247 4261
f 4247 4249 4261
f 4260 4261 4250
f 4261 4249 4250
f 4257 4264 4255
f 4264 4263 4255
f 4265 4266 4267
f 4266 4268 4267
f 4267 4268 4269
f 4268 4270 4269
f 4269 4270 4271
f 4270 4272 4271
f 4273 4271 4274
f 4271 4272 4274
f 4275 4276 4277
f 4276 4278 4277
f 4277 4278 4279
f 4280 4281 4278
f 4281 4279 4278
f 4282 4280 4278
f 4283 4284 4285
f 4284 4286 4285
f 4285 4286 4287
f 4286 4288 4287
f 4278 4289 4282
f 4289 4290 4282
f 4282 4290 4291
f 4290 4292 4291
f 4291 4292 4293
f 4292 4294 4293
f 4293 4294 4295
f 4294 4296 4295
f 4295 4296 4297
f 4296 4298 4297
f 4297 4298 4299
f 4298 4300 4299
f 4299 4300 4301
f 4300 4302 4301
f 4301 4302 4303
f 4302 4304 4303
f 4303 4304 4305
f 4304 4306 4305
f 4305 4306 4307
f 4306 4308 4307
f 4307 4308 4286
f 4308 4309 4286
f 4286 4309 4288
f 4310 4284 4311
f 4284 4283 4311
f 4311 4283 4312
f 4313 4311 4314
f 4311 4312 4314
f 4315 4316 4317
f 4316 4313 4317
f 4317 4313 4314
f 4318 4319 4317
f 4319 4315 4317
f 4320 4319 4321
f 4319 4318 4321
f 4321 4318 4322
f 4323 4321 4324
f 4321 4322 4324
f 4325 4326 4327
f 4328 4329 4330
f 4332 4333 4334
f 4333 4327 4334
f 4330 4329 4335
f 4329 4336 4335
f 4335 4336 4337
f 4325 4327 4331
f 4327 4333 4331
f 4331 4333 4338
f 4339 4340 4341
f 4340 4342 4341
f 4341 4342 4343
f 4342 4344 4343
f 4343 4344 4345
f 4346 4347 4348
f 4349 4350 4351
f 4350 4343 4351
f 4351 4343 4352
f 4343 4345 4352
f 4349 4353 4350
f 4353 4354 4350
f 4350 4354 4330
f 4354 4355 4330
f 4330 4355 4328
f 4341 4331 4339
f 4331 4338 4339
f 4339 4338 4356
f 4338 4357 4356
f 4356 4357 4358
f 4357 4359 4358
f 4358 4359 4360
f 4348 4361 4346
f 4361 4362 4346
f 4346 4362 4363
f 4362 4364 4363
f 4364 4365 4363
f 4363 4365 4359
f 4365 4366 4359
f 4359 4366 4360
f 4367 4368 4369
f 4369 4370 4367
f 4370 4335 4367
f 4367 4335 4347
f 4335 4337 4347
f 4347 4337 4348
f 4371 4372 4373
f 4372 4374 4373
f 4373 4374 4375
f 4376 4377 4378
f 4377 4379 4378
f 4378 4379 4380
f 4381 4382 4383
f 4382 4384 4383
f 4383 4384 4379
f 4384 4385 4379
f 4379 4385 4380
f 4369 4386 4383
f 4386 4387 4383
f 4383 4387 4381
f 4375 4374 4388
f 4374 4389 4388
f 4388 4389 4390
f 4391 4392 4393
f 4392 4394 4393
f 4371 4395 4372
f 4395 4396 4372
f 4372 4396 4397
f 4396 4398 4397
f 4397 4398 4368
f 4398 4399 4368
f 4368 4399 4369
f 4399 4400 4369
f 4369 4400 4386
f 4376 4401 4377
f 4401 4402 4377
f 4377 4402 4403
f 4402 4404 4403
f 4403 4404 4405
f 4404 4406 4405
f 4405 4406 4407
f 4406 4408 4407
f 4407 4408 4392
f 4408 4390 4392
f 4392 4390 4394
f 4390 4389 4394
f 4409 4410 4411
f 4412 4413 4414
f 4409 4411 4415
f 4416 4417 4418
f 4417 4419 4418
f 4418 4419 4420
f 4416 4421 4417
f 4421 4422 4417
f 4417 4422 4332
f 4422 4423 4332
f 4332 4423 4333
f 4423 4424 4333
f 4424 4425 4333
f 4333 4425 4426
f 4425 4427 4426
f 4428 4429 4430
f 4429 4412 4430
f 4430 4412 4431
f 4412 4414 4431
f 4410 4432 4411
f 4432 4433 4411
f 4411 4433 4419
f 4433 4434 4419
f 4419 4434 4420
f 4425 4435 4427
f 4435 4436 4427
f 4427 4436 4437
f 4436 4438 4437
f 4438 4439 4437
f 4437 4439 4440
f 4439 4441 4440
f 4441 4442 4440
f 4442 4443 4440
f 4440 4443 4444
f 4443 4445 4444
f 4444 4445 4446
f 4445 4447 4446
f 4446 4447 4448
f 4449 4450 4451
f 4450 4452 4451
f 4451 4452 4453
f 4452 4454 4453
f 4449 4455 4450
f 4455 4456 4450
f 4450 4456 4457
f 4456 4458 4457
f 4458 4459 4457
f 4459 4460 4457
f 4457 4460 4461
f 4460 4462 4461
f 4461 4462 4463
f 4462 4464 4463
f 4463 4464 4465
f 4464 4466 4465
f 4465 4466 4411
f 4448 4415 4446
f 4415 4411 4446
f 4446 4411 4467
f 4411 4466 4467
f 4467 4466 4413
f 4466 4468 4413
f 4413 4468 4414
f 4428 4469 4429
f 4469 4470 4429
f 4429 4470 4471
f 4470 4472 4471
f 4471 4472 4391
f 4472 4473 4391
f 4391 4473 4392
f 4473 4474 4392
f 4474 4475 4392
f 4392 4475 4452
f 4475 4476 4452
f 4452 4476 4454
f 4477 4326 4325
f 4478 4479 4480
f 4480 4479 4481
f 4482 4483 4484
f 4483 4485 4484
f 4484 4485 4486
f 4485 4487 4486
f 4486 4487 4480
f 4487 4488 4480
f 4480 4488 4478
f 4489 4490 4482
f 4490 4491 4482
f 4482 4491 4483
f 4490 4489 4325
f 4325 4489 4477
f 4489 4492 4477
f 4477 4492 4493
f 4492 4494 4493
f 4493 4494 4495
f 4494 4496 4495
f 4495 4496 4497
f 4498 4499 4500
f 4479 4501 4481
f 4501 4502 4481
f 4481 4502 4503
f 4502 4504 4503
f 4503 4504 4505
f 4504 4498 4505
f 4505 4498 4506
f 4498 4500 4506
f 4281 4280 4282
f 4281 4282 4507
f 4282 4291 4507
f 4507 4291 4508
f 4291 4293 4508
f 4508 4293 4509
f 4293 4295 4509
f 4509 4295 4510
f 4295 4297 4510
f 4510 4297 4511
f 4297 4299 4511
f 4511 4299 4512
f 4299 4301 4512
f 4512 4301 4513
f 4301 4303 4513
f 4513 4303 4514
f 4303 4305 4514
f 4514 4305 4515
f 4305 4307 4515
f 4515 4307 4516
f 4307 4286 4516
f 4516 4286 4517
f 4286 4284 4517
f 4517 4284 4310
f 4315 4319 4316
f 4319 4320 4316
f 4518 4496 4494
f 4518 4494 4519
f 4494 4492 4519
f 4519 4492 4520
f 4492 4489 4520
f 4520 4489 4521
f 4489 4482 4521
f 4521 4482 4522
f 4482 4484 4522
f 4522 4484 4523
f 4484 4486 4523
f 4523 4486 4524
f 4486 4480 4524
f 4524 4480 4525
f 4480 4481 4525
f 4525 4481 4526
f 4481 4503 4526
f 4526 4503 4527
f 4503 4505 4527
f 4527 4505 4528
f 4505 4506 4528
f 4528 4506 4529
f 4506 4500 4529
f 4529 4500 4530
f 4530 4500 4275
f 4500 4499 4275
f 4275 4499 4276
f 4313 4316 4321
f 4316 4320 4321
f 4530 4275 4531
f 4323 4518 4532
f 4518 4519 4532
f 4532 4519 4533
f 4519 4534 4533
f 4525 4535 4524
f 4535 4536 4524
f 4524 4536 4523
f 4536 4537 4523
f 4523 4537 4522
f 4537 4538 4522
f 4522 4538 4521
f 4538 4534 4521
f 4521 4534 4520
f 4534 4519 4520
f 4530 4531 4529
f 4531 4539 4529
f 4529 4539 4528
f 4539 4540 4528
f 4528 4540 4527
f 4540 4541 4527
f 4527 4541 4526
f 4541 4542 4526
f 4526 4542 4525
f 4542 4543 4525
f 4525 4543 4535
f 4310 4311 4517
f 4311 4544 4517
f 4279 4281 4507
f 4510 4545 4509
f 4545 4546 4509
f 4509 4546 4508
f 4546 4547 4508
f 4508 4547 4507
f 4547 4279 4507
f 4544 4548 4517
f 4548 4549 4517
f 4517 4549 4516
f 4549 4550 4516
f 4516 4550 4515
f 4550 4551 4515
f 4515 4551 4514
f 4551 4552 4514
f 4514 4552 4513
f 4552 4553 4513
f 4513 4553 4512
f 4553 4554 4512
f 4512 4554 4511
f 4554 4555 4511
f 4511 4555 4510
f 4555 4556 4510
f 4510 4556 4545
f 4321 4557 4313
f 4557 4558 4313
f 4313 4558 4311
f 4532 4559 4323
f 4559 4560 4323
f 4323 4560 4321
f 4560 4561 4321
f 4321 4561 4557
f 4558 4562 4311
f 4562 4563 4311
f 4311 4563 4544
f 4563 4564 4544
f 4564 4565 4544
f 4544 4565 4566
f 4566 4567 4544
f 4567 4568 4544
f 4544 4568 4569
f 4570 4569 4571
f 4571 4572 4570
f 4572 4573 4570
f 4570 4573 4574
f 4575 4576 4533
f 4576 4577 4533
f 4533 4577 4532
f 4577 4578 4532
f 4532 4578 4559
f 4574 4579 4570
f 4579 4580 4570
f 4570 4580 4533
f 4580 4581 4533
f 4533 4581 4575
f 4551 4550 4582
f 4570 4583 4584
f 4569 4570 4544
f 4570 4584 4544
f 4544 4584 4585
f 4582 4550 4586
f 4550 4549 4586
f 4586 4549 4585
f 4549 4548 4585
f 4585 4548 4544
f 4587 4552 4588
f 4552 4551 4588
f 4588 4551 4589
f 4551 4582 4589
f 4587 4590 4552
f 4552 4590 4553
f 4590 4591 4553
f 4553 4591 4592
f 4593 4594 4555
f 4594 4595 4555
f 4592 4596 4553
f 4596 4597 4553
f 4553 4597 4554
f 4597 4598 4554
f 4554 4598 4555
f 4598 4599 4555
f 4555 4599 4593
f 4600 4601 4570
f 4601 4602 4570
f 4570 4602 4583
f 4595 4603 4555
f 4603 4604 4555
f 4555 4604 4570
f 4604 4605 4570
f 4570 4605 4600
f 4555 4606 4607
f 4608 4531 4609
f 4531 4275 4609
f 4609 4275 4610
f 4275 4277 4610
f 4610 4277 4611
f 4277 4279 4611
f 4611 4279 4612
f 4279 4547 4612
f 4612 4547 4613
f 4547 4614 4613
f 4615 4616 4617
f 4608 4618 4531
f 4618 4619 4531
f 4531 4619 4539
f 4619 4620 4539
f 4539 4620 4540
f 4620 4621 4540
f 4540 4621 4541
f 4621 4622 4541
f 4541 4622 4542
f 4622 4623 4542
f 4542 4623 4616
f 4542 4624 4625
f 4626 4627 4570
f 4627 4628 4570
f 4615 4617 4629
f 4617 4630 4629
f 4629 4630 4631
f 4630 4632 4631
f 4631 4632 4633
f 4632 4634 4633
f 4633 4634 4635
f 4634 4636 4635
f 4635 4636 4637
f 4607 4638 4555
f 4638 4639 4555
f 4555 4639 4640
f 4615 4641 4616
f 4641 4642 4616
f 4616 4642 4542
f 4642 4643 4542
f 4542 4643 4624
f 4628 4644 4570
f 4644 4645 4570
f 4570 4645 4555
f 4645 4646 4555
f 4555 4646 4606
f 4614 4547 4647
f 4547 4546 4647
f 4647 4546 4648
f 4546 4545 4648
f 4648 4545 4649
f 4545 4556 4649
f 4649 4556 4650
f 4556 4555 4650
f 4650 4555 4651
f 4555 4640 4651
f 4651 4640 4637
f 4640 4652 4637
f 4637 4652 4635
f 4625 4653 4542
f 4653 4654 4542
f 4542 4654 4570
f 4654 4655 4570
f 4570 4655 4626
f 4656 4657 4570
f 4657 4658 4570
f 4658 4659 4570
f 4570 4659 4660
f 4660 4661 4570
f 4661 4662 4570
f 4570 4662 4542
f 4662 4663 4542
f 4542 4663 4664
f 4664 4665 4542
f 4665 4666 4542
f 4542 4666 4543
f 4667 4668 4535
f 4668 4669 4535
f 4535 4669 4536
f 4669 4670 4536
f 4670 4671 4536
f 4536 4671 4537
f 4666 4672 4543
f 4672 4673 4543
f 4543 4673 4535
f 4673 4674 4535
f 4535 4674 4667
f 4671 4675 4537
f 4675 4676 4537
f 4537 4676 4538
f 4676 4677 4538
f 4538 4677 4534
f 4677 4678 4534
f 4534 4678 4533
f 4678 4679 4533
f 4533 4679 4570
f 4679 4680 4570
f 4570 4680 4656
f 4628 4627 4681
f 4681 4682 4628
f 4682 4683 4628
f 4628 4683 4644
f 4683 4684 4644
f 4684 4685 4644
f 4644 4685 4645
f 4685 4686 4645
f 4645 4686 4646
f 4686 4687 4646
f 4646 4687 4606
f 4687 4688 4606
f 4688 4689 4606
f 4606 4689 4607
f 4689 4690 4607
f 4690 4691 4607
f 4607 4691 4638
f 4691 4692 4638
f 4692 4693 4638
f 4638 4693 4639
f 4693 4694 4639
f 4694 4695 4639
f 4639 4695 4640
f 4695 4696 4640
f 4696 4697 4640
f 4640 4697 4652
f 4697 4698 4652
f 4698 4699 4652
f 4652 4699 4635
f 4699 4700 4635
f 4700 4701 4635
f 4635 4701 4633
f 4701 4702 4633
f 4702 4703 4633
f 4633 4703 4631
f 4703 4704 4631
f 4704 4705 4631
f 4631 4705 4629
f 4705 4706 4629
f 4706 4707 4629
f 4629 4707 4615
f 4707 4708 4615
f 4708 4709 4615
f 4615 4709 4641
f 4709 4710 4641
f 4710 4711 4641
f 4641 4711 4642
f 4711 4712 4642
f 4712 4713 4642
f 4642 4713 4643
f 4713 4714 4643
f 4714 4715 4643
f 4643 4715 4624
f 4715 4716 4624
f 4716 4717 4624
f 4624 4717 4625
f 4717 4718 4625
f 4718 4719 4625
f 4625 4719 4653
f 4719 4720 4653
f 4720 4721 4653
f 4653 4721 4654
f 4721 4722 4654
f 4722 4723 4654
f 4654 4723 4655
f 4723 4724 4655
f 4724 4725 4655
f 4655 4725 4626
f 4725 4726 4626
f 4726 4727 4626
f 4626 4727 4627
f 4727 4728 4627
f 4627 4728 4681
f 4693 4729 4730
f 4731 4695 4730
f 4695 4694 4730
f 4730 4694 4693
f 4732 4697 4731
f 4697 4696 4731
f 4731 4696 4695
f 4733 4699 4732
f 4699 4698 4732
f 4732 4698 4697
f 4734 4701 4733
f 4701 4700 4733
f 4733 4700 4699
f 4735 4703 4734
f 4703 4702 4734
f 4734 4702 4701
f 4736 4705 4735
f 4705 4704 4735
f 4735 4704 4703
f 4737 4707 4736
f 4707 4706 4736
f 4736 4706 4705
f 4738 4709 4737
f 4709 4708 4737
f 4737 4708 4707
f 4739 4711 4738
f 4711 4710 4738
f 4738 4710 4709
f 4740 4713 4739
f 4713 4712 4739
f 4739 4712 4711
f 4741 4715 4740
f 4715 4714 4740
f 4740 4714 4713
f 4742 4717 4741
f 4717 4716 4741
f 4741 4716 4715
f 4743 4719 4742
f 4719 4718 4742
f 4742 4718 4717
f 4744 4721 4743
f 4721 4720 4743
f 4743 4720 4719
f 4745 4723 4744
f 4723 4722 4744
f 4744 4722 4721
f 4746 4725 4745
f 4725 4724 4745
f 4745 4724 4723
f 4747 4727 4746
f 4727 4726 4746
f 4746 4726 4725
f 4748 4681 4747
f 4681 4728 4747
f 4747 4728 4727
f 4749 4683 4748
f 4683 4682 4748
f 4748 4682 4681
f 4750 4685 4749
f 4685 4684 4749
f 4749 4684 4683
f 4751 4687 4750
f 4687 4686 4750
f 4750 4686 4685
f 4752 4689 4751
f 4689 4688 4751
f 4751 4688 4687
f 4693 4692 4729
f 4692 4691 4729
f 4729 4691 4752
f 4691 4690 4752
f 4752 4690 4689
f 4753 4754 4755
f 4755 4754 4756
f 4757 4734 4758
f 4734 4733 4758
f 4733 4754 4758
f 4757 4759 4734
f 4734 4759 4735
f 4759 4265 4735
f 4735 4265 4736
f 4265 4267 4736
f 4736 4267 4737
f 4756 4754 4760
f 4754 4733 4760
f 4760 4733 4732
f 4267 4269 4737
f 4737 4269 4738
f 4269 4271 4738
f 4271 4273 4761
f 4271 4761 4738
f 4738 4761 4739
f 4761 4762 4739
f 4739 4762 4740
f 4762 4763 4740
f 4740 4763 4741
f 4763 4764 4741
f 4741 4764 4742
f 4764 4765 4742
f 4742 4765 4743
f 4765 4766 4743
f 4743 4766 4744
f 4766 4767 4744
f 4744 4767 4745
f 4767 4768 4745
f 4745 4768 4746
f 4768 4769 4746
f 4746 4769 4747
f 4769 4770 4747
f 4747 4770 4748
f 4770 4771 4748
f 4748 4771 4749
f 4771 4772 4749
f 4749 4772 4750
f 4772 4773 4750
f 4750 4773 4751
f 4773 4774 4751
f 4751 4774 4752
f 4774 4775 4752
f 4752 4775 4729
f 4775 4776 4729
f 4729 4776 4730
f 4776 4760 4730
f 4730 4760 4731
f 4760 4732 4731
f 4265 4759 4266
f 4759 4777 4266
f 4754 4753 4778
f 4753 4779 4778
f 4754 4778 4758
f 4778 4780 4758
f 4758 4780 4757
f 4780 4781 4757
f 4757 4781 4759
f 4781 4777 4759
f 4496 4518 4497
f 4518 4323 4497
f 4497 4323 4324
f 4564 4563 4410
f 4410 4563 4432
f 4563 4562 4432
f 4432 4562 4433
f 4562 4558 4433
f 4433 4558 4434
f 4558 4557 4434
f 4434 4557 4420
f 4557 4561 4420
f 4420 4561 4418
f 4561 4560 4418
f 4418 4560 4416
f 4560 4559 4416
f 4416 4559 4421
f 4559 4578 4421
f 4421 4578 4422
f 4578 4577 4422
f 4422 4577 4423
f 4577 4576 4423
f 4423 4576 4424
f 4576 4575 4424
f 4424 4575 4425
f 4575 4581 4425
f 4425 4581 4435
f 4581 4580 4435
f 4435 4580 4436
f 4580 4579 4436
f 4436 4579 4438
f 4579 4574 4438
f 4438 4574 4439
f 4574 4573 4439
f 4439 4573 4441
f 4573 4572 4441
f 4441 4572 4442
f 4572 4571 4442
f 4442 4571 4443
f 4571 4569 4443
f 4443 4569 4445
f 4569 4568 4445
f 4445 4568 4447
f 4568 4567 4447
f 4447 4567 4448
f 4567 4566 4448
f 4448 4566 4415
f 4566 4565 4415
f 4415 4565 4409
f 4565 4564 4409
f 4409 4564 4410
f 4590 4587 4458
f 4458 4587 4459
f 4587 4588 4459
f 4459 4588 4460
f 4588 4589 4460
f 4460 4589 4462
f 4589 4582 4462
f 4462 4582 4464
f 4582 4586 4464
f 4464 4586 4466
f 4586 4585 4466
f 4466 4585 4468
f 4585 4584 4468
f 4468 4584 4414
f 4584 4583 4414
f 4414 4583 4431
f 4583 4602 4431
f 4431 4602 4430
f 4602 4601 4430
f 4430 4601 4428
f 4601 4600 4428
f 4428 4600 4469
f 4600 4605 4469
f 4469 4605 4470
f 4605 4604 4470
f 4470 4604 4472
f 4604 4603 4472
f 4472 4603 4473
f 4603 4595 4473
f 4473 4595 4474
f 4595 4594 4474
f 4474 4594 4475
f 4594 4593 4475
f 4475 4593 4476
f 4593 4599 4476
f 4476 4599 4454
f 4599 4598 4454
f 4454 4598 4453
f 4598 4597 4453
f 4453 4597 4451
f 4597 4596 4451
f 4451 4596 4449
f 4596 4592 4449
f 4449 4592 4455
f 4592 4591 4455
f 4455 4591 4456
f 4591 4590 4456
f 4456 4590 4458
f 4650 4651 4390
f 4651 4637 4390
f 4390 4637 4388
f 4637 4636 4388
f 4388 4636 4375
f 4636 4634 4375
f 4375 4634 4373
f 4634 4632 4373
f 4373 4632 4371
f 4632 4630 4371
f 4371 4630 4395
f 4630 4617 4395
f 4395 4617 4396
f 4617 4616 4396
f 4396 4616 4398
f 4616 4623 4398
f 4398 4623 4399
f 4623 4622 4399
f 4399 4622 4400
f 4622 4621 4400
f 4400 4621 4386
f 4621 4620 4386
f 4386 4620 4387
f 4620 4619 4387
f 4387 4619 4381
f 4619 4618 4381
f 4381 4618 4382
f 4618 4608 4382
f 4382 4608 4384
f 4608 4609 4384
f 4384 4609 4385
f 4609 4610 4385
f 4385 4610 4380
f 4610 4611 4380
f 4380 4611 4378
f 4611 4612 4378
f 4378 4612 4376
f 4612 4613 4376
f 4376 4613 4401
f 4613 4614 4401
f 4401 4614 4402
f 4614 4647 4402
f 4402 4647 4404
f 4647 4648 4404
f 4404 4648 4406
f 4648 4649 4406
f 4406 4649 4408
f 4649 4650 4408
f 4408 4650 4390
f 4657 4656 4358
f 4656 4680 4358
f 4358 4680 4356
f 4680 4679 4356
f 4356 4679 4339
f 4679 4678 4339
f 4339 4678 4340
f 4678 4677 4340
f 4340 4677 4342
f 4677 4676 4342
f 4342 4676 4344
f 4676 4675 4344
f 4344 4675 4345
f 4675 4671 4345
f 4345 4671 4352
f 4671 4670 4352
f 4352 4670 4351
f 4670 4669 4351
f 4351 4669 4349
f 4669 4668 4349
f 4349 4668 4353
f 4668 4667 4353
f 4353 4667 4354
f 4667 4674 4354
f 4354 4674 4355
f 4674 4673 4355
f 4355 4673 4328
f 4673 4672 4328
f 4328 4672 4329
f 4672 4666 4329
f 4329 4666 4336
f 4666 4665 4336
f 4336 4665 4337
f 4665 4664 4337
f 4337 4664 4348
f 4664 4663 4348
f 4348 4663 4361
f 4663 4662 4361
f 4361 4662 4362
f 4662 4661 4362
f 4362 4661 4364
f 4661 4660 4364
f 4364 4660 4365
f 4660 4659 4365
f 4365 4659 4366
f 4659 4658 4366
f 4366 4658 4360
f 4658 4657 4360
f 4360 4657 4358
f 4782 4479 4783
f 4479 4478 4783
f 4783 4478 4784
f 4478 4488 4784
f 4784 4488 4785
f 4488 4487 4785
f 4785 4487 4786
f 4487 4787 4786
f 4786 4787 4788
f 4787 4789 4788
f 4788 4789 4790
f 4789 4791 4790
f 4790 4791 4792
f 4791 4793 4792
f 4792 4793 4794
f 4793 4795 4794
f 4794 4795 4796
f 4795 4797 4796
f 4796 4797 4798
f 4797 4799 4798
f 4800 4801 4802
f 4801 4803 4802
f 4802 4803 4782
f 4803 4804 4782
f 4782 4804 4479
f 4331 4805 4325
f 4805 4806 4325
f 4325 4806 4490
f 4807 4808 4809
f 4808 4810 4809
f 4809 4810 4806
f 4810 4811 4806
f 4806 4811 4490
f 4787 4487 4485
f 4491 4490 4811
f 4812 4813 4814
f 4815 4797 4816
f 4797 4795 4816
f 4816 4795 4817
f 4795 4818 4817
f 4491 4793 4483
f 4793 4791 4483
f 4483 4791 4485
f 4791 4789 4485
f 4485 4789 4787
f 4815 4819 4797
f 4819 4820 4797
f 4797 4820 4799
f 4820 4821 4799
f 4799 4821 4822
f 4821 4823 4822
f 4822 4823 4824
f 4814 4813 4825
f 4813 4826 4825
f 4826 4827 4825
f 4825 4827 4828
f 4829 4830 4811
f 4824 4831 4822
f 4831 4832 4822
f 4822 4832 4814
f 4832 4833 4814
f 4814 4833 4812
f 4828 4834 4825
f 4834 4835 4825
f 4825 4835 4811
f 4835 4836 4811
f 4811 4836 4829
f 4795 4793 4818
f 4793 4491 4818
f 4818 4491 4837
f 4491 4811 4837
f 4837 4811 4838
f 4811 4830 4838
f 4283 4285 4839
f 4317 4314 4312
f 4840 4841 4497
f 4841 4842 4497
f 4497 4842 4843
f 4324 4322 4497
f 4322 4318 4497
f 4844 4845 4846
f 4845 4847 4846
f 4843 4848 4497
f 4848 4849 4497
f 4497 4849 4495
f 4849 4850 4495
f 4495 4850 4493
f 4851 4477 4493
f 4852 4853 4854
f 4853 4855 4854
f 4854 4855 4856
f 4855 4857 4856
f 4852 4858 4853
f 4858 4859 4853
f 4853 4859 4845
f 4859 4860 4845
f 4845 4860 4847
f 4850 4861 4493
f 4861 4862 4493
f 4493 4862 4851
f 4862 4863 4851
f 4851 4863 4864
f 4864 4865 4851
f 4865 4866 4851
f 4851 4866 4855
f 4866 4867 4855
f 4855 4867 4857
f 4312 4283 4317
f 4283 4839 4317
f 4317 4839 4318
f 4839 4868 4318
f 4318 4868 4497
f 4868 4869 4497
f 4869 4870 4497
f 4870 4871 4497
f 4497 4871 4840
f 4871 4872 4840
f 4840 4872 4844
f 4872 4873 4844
f 4844 4873 4845
f 4805 4331 4341
f 4327 4874 4875
f 4875 4874 4876
f 4877 4332 4875
f 4332 4334 4875
f 4875 4334 4327
f 4874 4878 4876
f 4878 4805 4876
f 4876 4805 4879
f 4805 4341 4879
f 4879 4341 4880
f 4341 4343 4880
f 4880 4343 4881
f 4343 4350 4881
f 4881 4350 4882
f 4350 4330 4882
f 4882 4330 4883
f 4330 4335 4883
f 4883 4335 4884
f 4335 4370 4884
f 4884 4370 4885
f 4370 4369 4885
f 4885 4369 4886
f 4369 4383 4886
f 4886 4383 4887
f 4383 4379 4887
f 4887 4379 4888
f 4379 4377 4888
f 4888 4377 4889
f 4377 4403 4889
f 4889 4403 4890
f 4403 4405 4890
f 4890 4405 4891
f 4405 4407 4891
f 4407 4392 4891
f 4891 4392 4892
f 4392 4452 4892
f 4892 4452 4893
f 4452 4450 4893
f 4893 4450 4894
f 4450 4457 4894
f 4894 4457 4895
f 4457 4461 4895
f 4895 4461 4896
f 4461 4463 4896
f 4896 4463 4897
f 4463 4465 4897
f 4897 4465 4898
f 4465 4411 4898
f 4898 4411 4899
f 4411 4419 4899
f 4899 4419 4877
f 4419 4417 4877
f 4877 4417 4332
f 4326 4477 4851
f 4900 4901 4902
f 4901 4903 4902
f 4902 4903 4851
f 4903 4904 4851
f 4851 4904 4326
f 4904 4874 4326
f 4326 4874 4327
f 4907 4908 4909
f 4908 4910 4909
f 2206 2198 4911
f 2198 2199 4911
f 4911 2199 4912
f 4913 4906 4914
f 4914 4906 1711
f 4906 4912 1711
f 1711 4912 1713
f 4912 2199 1713
f 4909 4915 4907
f 4915 4916 4907
f 4907 4916 4917
f 4916 4918 4917
f 4917 4918 4919
f 4918 2176 4919
f 4919 2176 2202
f 2202 2209 4919
f 2209 2210 4919
f 4919 2210 4911
f 2210 2205 4911
f 4911 2205 2206
f 4910 4908 4920
f 4908 4921 4920
f 4920 4921 4922
f 4921 4923 4922
f 4922 4923 4924
f 4923 4925 4924
f 4924 4925 4926
f 4927 4928 4929
f 4930 4932 4931
f 4931 4932 4933
f 4932 4934 4933
f 4933 4934 4935
f 4934 4936 4935
f 4935 4936 4937
f 4937 4939 4938
f 4938 4939 4940
f 4945 4947 4946
f 4946 4947 4948
f 4947 4949 4948
f 4948 4949 4950
f 4951 4953 4952
f 4952 4953 4954
f 4954 4956 4955
f 4955 4956 4957
f 4956 4958 4957
f 4957 4958 4959
f 4958 4960 4959
f 4959 4960 4961
f 4961 4928 4927
f 4962 4963 4964
f 4963 4965 4964
f 4964 4965 4966
f 4965 4967 4966
f 4966 4967 4968
f 4967 4969 4968
f 4968 4969 4970
f 4969 4971 4970
f 4970 4971 4972
f 4971 4973 4972
f 4972 4973 4974
f 4973 4975 4974
f 4974 4975 4976
f 4975 4977 4976
f 4976 4977 4978
f 4977 4979 4978
f 4978 4979 4980
f 4979 4981 4980
f 4980 4981 4982
f 4981 4983 4982
f 4982 4983 4984
f 4983 4985 4984
f 4984 4985 4986
f 4985 4987 4986
f 4986 4987 4988
f 4987 4989 4988
f 4988 4989 4990
f 4989 4991 4990
f 4990 4991 4992
f 4991 4993 4992
f 4992 4993 4994
f 4993 4995 4994
f 4994 4995 4996
f 4995 4997 4996
f 4996 4997 4998
f 4997 4999 4998
f 4998 4999 5000
f 4999 5001 5000
f 5000 5001 5002
f 5001 5003 5002
f 5002 5003 5004
f 5003 5005 5004
f 5004 5005 5006
f 5005 5007 5006
f 5006 5007 5008
f 5007 5009 5008
f 5008 5009 4962
f 5009 4963 4962
f 5013 5015 5014
f 5014 5015 5016
f 5015 5017 5016
f 5018 4248 4262
f 4248 4256 4262
f 4264 5018 4263
f 5018 4262 4263
f 5019 5020 4264
f 5020 5018 4264
f 5021 4244 5022
f 4244 4248 5022
f 5022 4248 5020
f 4248 5018 5020
f 5023 5024 4245
f 5023 4245 5025
f 4245 4244 5025
f 5025 4244 5021
f 5021 5022 5025
f 5022 5026 5025
f 5025 5026 5027
f 5028 5029 5019
f 5029 5030 5019
f 5019 5030 5020
f 5030 5031 5020
f 5020 5031 5022
f 5031 5026 5022
f 5032 5033 5028
f 5033 5034 5028
f 5028 5034 5029
f 5034 5035 5029
f 5035 5036 5029
f 5037 5030 5036
f 5030 5029 5036
f 5038 5039 5040
f 5039 5041 5040
f 5042 5043 5044
f 5044 5045 5042
f 5042 5045 5046
f 5045 5047 5046
f 5046 5047 5048
f 5047 5031 5048
f 5048 5031 5049
f 5031 5030 5049
f 5049 5030 5050
f 5030 5037 5050
f 5050 5037 5041
f 5037 5051 5041
f 5041 5051 5040
f 4926 4912 4905
f 4912 4906 4905
f 4911 4912 4925
f 4912 4926 4925
f 4919 4911 4923
f 4911 4925 4923
f 4917 4919 4921
f 4919 4923 4921
f 4917 4921 4907
f 4921 4908 4907
f 5017 5041 5016
f 5041 5039 5016
f 5052 5053 5054
f 5053 5055 5054
f 5054 5055 5056
f 5035 5053 5036
f 5053 5052 5036
f 5051 5037 5052
f 5037 5036 5052
f 4918 4916 5057
f 4916 5058 5057
f 2124 5057 2125
f 5057 5058 2125
f 2125 5058 5059
f 5060 5057 2122
f 5057 2124 2122
f 2176 4918 2177
f 4918 5057 2177
f 2177 5057 5060
f 5061 5062 5063
f 5062 2193 5063
f 5060 2122 2183
f 2122 2121 2183
f 2183 2121 2184
f 2121 5063 2184
f 2184 5063 2191
f 5063 2193 2191
f 5064 5062 5065
f 5062 5061 5065
f 1713 2199 1710
f 2199 2219 1710
f 1710 2219 5064
f 2219 5062 5064
f 4914 1711 5066
f 1711 1710 5066
f 5066 1710 5064
f 5047 5045 5067
f 5045 5068 5067
f 5069 5066 5070
f 5066 5064 5070
f 5070 5064 5065
f 5071 5066 5072
f 5066 5069 5072
f 5073 5074 5075
f 5074 5076 5075
f 5075 5076 5077
f 5078 5074 5079
f 5074 5073 5079
f 5080 5081 5078
f 5081 5074 5078
f 5082 5081 5083
f 5081 5080 5083
f 5083 5080 5084
f 5085 5082 5086
f 5082 5083 5086
f 5087 5086 5084
f 5086 5083 5084
f 5088 5089 5090
f 5089 5091 5090
f 5087 5092 5086
f 5092 5093 5086
f 5086 5093 5085
f 5094 5068 5095
f 5068 5078 5095
f 5095 5078 5079
f 5094 5096 5068
f 5096 5067 5068
f 5026 5067 5027
f 5067 5096 5027
f 5031 5047 5026
f 5047 5067 5026
f 5046 5011 9778
f 5011 5010 5042
f 5046 5048 5011
f 5048 5012 5011
f 5048 5049 5012
f 5049 5013 5012
f 5049 5050 5013
f 5050 5015 5013
f 5015 5050 5017
f 5050 5041 5017
f 5097 5098 5099
f 5098 5090 5099
f 5099 5090 5091
f 5097 5099 5076
f 5099 5071 5076
f 5076 5071 5077
f 5071 5072 5077
f 5088 5090 5100
f 5090 5098 5100
f 5101 5089 5102
f 5089 5088 5102
f 5102 5088 5100
f 5103 5059 5104
f 5059 5058 5104
f 5105 5106 5104
f 5106 5107 5104
f 5104 5107 5103
f 5107 5108 5103
f 5108 5107 5109
f 5107 5110 5109
f 5109 5110 5111
f 5112 5113 5110
f 5113 5054 5110
f 5110 5054 5111
f 5054 5056 5111
f 5112 5114 5113
f 5114 5115 5113
f 5113 5115 5116
f 5117 5118 5115
f 5118 5116 5115
f 5119 5120 5121
f 5120 5122 5121
f 5123 5124 5117
f 5124 5125 5117
f 5117 5125 5118
f 5117 5115 5123
f 5115 5114 5123
f 5126 5106 5122
f 5106 5105 5122
f 5122 5105 5121
f 5127 5126 5120
f 5126 5122 5120
f 5119 5128 5120
f 5128 5129 5120
f 5120 5129 5127
f 4251 5130 5131
f 4251 5131 4259
f 5131 5033 4259
f 4259 5033 5032
f 4251 4245 5130
f 4245 5024 5130
f 5019 4264 4257
f 4259 5032 4257
f 5032 5028 4257
f 4257 5028 5019
f 5132 5133 5134
f 5133 5135 5134
f 5134 5135 5136
f 5135 5137 5136
f 5136 5137 5138
f 5137 5139 5138
f 5138 5139 5140
f 5139 5141 5140
f 5140 5141 5142
f 5141 5143 5142
f 5142 5143 5144
f 5143 5145 5144
f 5144 5145 5146
f 5145 5147 5146
f 5146 5147 5148
f 5147 5149 5148
f 5148 5149 5150
f 5149 5151 5150
f 5150 5151 5152
f 5151 5153 5152
f 5152 5153 5154
f 5153 5155 5154
f 5154 5155 5156
f 5155 5157 5156
f 5156 5157 5158
f 5157 5159 5158
f 5158 5159 5160
f 5159 5161 5160
f 5160 5161 5162
f 5161 5163 5162
f 5162 5163 5164
f 5163 5165 5164
f 5164 5165 5166
f 5165 5167 5166
f 5166 5167 5168
f 5167 5169 5168
f 5168 5169 5170
f 5169 5171 5170
f 5170 5171 5172
f 5171 5173 5172
f 5172 5173 5174
f 5173 5175 5174
f 5174 5175 5176
f 5175 5177 5176
f 5176 5177 5178
f 5177 5179 5178
f 5178 5179 5132
f 5179 5133 5132
f 5180 5181 5182
f 5181 5183 5182
f 5182 5183 5184
f 5183 5185 5184
f 5184 5185 5186
f 5185 5187 5186
f 5186 5187 5188
f 5187 5189 5188
f 5188 5189 5190
f 5189 5191 5190
f 5190 5191 5192
f 5191 5193 5192
f 5192 5193 5194
f 5193 5195 5194
f 5194 5195 5196
f 5195 5197 5196
f 5196 5197 5198
f 5197 5199 5198
f 5198 5199 5200
f 5199 5201 5200
f 5200 5201 5202
f 5201 5203 5202
f 5202 5203 5204
f 5203 5205 5204
f 5204 5205 5206
f 5205 5207 5206
f 5206 5207 5208
f 5207 5209 5208
f 5208 5209 5210
f 5209 5211 5210
f 5210 5211 5212
f 5211 5213 5212
f 5212 5213 5214
f 5213 5215 5214
f 5214 5215 5216
f 5215 5217 5216
f 5216 5217 5218
f 5217 5219 5218
f 5218 5219 5220
f 5219 5221 5220
f 5220 5221 5222
f 5221 5223 5222
f 5222 5223 5224
f 5223 5225 5224
f 5224 5225 5226
f 5225 5227 5226
f 5226 5227 5180
f 5227 5181 5180
f 5228 4800 5229
f 4800 5230 5229
f 5230 4800 5231
f 4800 4802 5231
f 5231 4802 5232
f 4802 4782 5232
f 5232 4782 5233
f 4782 4783 5233
f 5233 4783 5234
f 4783 4784 5234
f 5234 4784 5235
f 4784 4785 5235
f 5235 4785 5236
f 4785 4786 5236
f 5236 4786 5237
f 4786 4788 5237
f 5237 4788 5238
f 4788 4790 5238
f 5238 4790 5239
f 4790 4792 5239
f 5239 4792 5240
f 4792 4794 5240
f 5240 4794 5241
f 4794 4796 5241
f 5241 4796 5242
f 4796 4798 5242
f 5243 5244 4798
f 5244 5242 4798
f 5243 4798 4822
f 4798 4799 4822
f 5245 5246 5247
f 5246 5248 5247
f 5249 2170 5248
f 2170 2168 5248
f 5248 2168 5247
f 5250 5245 5247
f 5247 2161 5250
f 2161 2159 5250
f 5250 2159 5251
f 2159 2221 5251
f 5251 2221 2223
f 2223 5252 5251
f 5252 5253 5251
f 5253 5252 5254
f 5252 5255 5254
f 5254 5255 5256
f 5255 5257 5256
f 5256 5257 5258
f 5257 5259 5258
f 5258 5259 5260
f 5259 5261 5260
f 5260 5261 5262
f 5261 5263 5262
f 5262 5263 5264
f 5263 5265 5264
f 5264 5265 5266
f 5265 5267 5266
f 5266 5267 5268
f 5267 5269 5268
f 5270 5271 5272
f 5271 5273 5272
f 5272 5273 5274
f 5273 5275 5274
f 5274 5275 5276
f 5275 5277 5276
f 5276 5277 5278
f 5277 5279 5278
f 5278 5279 5269
f 5279 5268 5269
f 5280 5271 5281
f 5271 5270 5281
f 5281 5270 5282
f 5270 5283 5282
f 5283 5270 5284
f 5270 5272 5284
f 5284 5272 5285
f 5272 5274 5285
f 5285 5274 5286
f 5274 5276 5286
f 5286 5276 5287
f 5276 5278 5287
f 5287 5278 5288
f 5278 5269 5288
f 5288 5269 5289
f 5269 5267 5289
f 5289 5267 5290
f 5267 5265 5290
f 5290 5265 5291
f 5265 5263 5291
f 5291 5263 5292
f 5263 5261 5292
f 5292 5261 5293
f 5261 5259 5293
f 5293 5259 5294
f 5259 5257 5294
f 5294 5257 5295
f 5257 5255 5295
f 5295 5255 5296
f 5255 5252 5296
f 5297 5296 2233
f 5296 5252 2233
f 2233 5252 2223
f 5298 5280 5299
f 5280 5281 5299
f 5300 5298 1715
f 5298 5299 1715
f 2215 1717 2211
f 1717 1715 2211
f 2211 1715 5299
f 5301 5302 5303
f 5302 5304 5303
f 5305 5306 5307
f 5306 5308 5307
f 5309 5310 5311
f 5310 5312 5311
f 5313 5314 5315
f 5314 5316 5315
f 5317 5318 5319
f 5318 5320 5319
f 5319 5320 5321
f 5320 5322 5321
f 5321 5322 5323
f 5322 5324 5323
f 5325 5326 5327
f 5326 5328 5327
f 5327 5328 5329
f 5328 5330 5329
f 5329 5330 5331
f 5330 5332 5331
f 5333 5334 5335
f 5334 5336 5335
f 5335 5336 5337
f 5336 5338 5337
f 5337 5338 5339
f 5338 5340 5339
f 5341 5342 5343
f 5342 5344 5343
f 5343 5344 5345
f 5344 5346 5345
f 5345 5346 5347
f 5346 5348 5347
f 5349 4837 5350
f 4837 4838 5350
f 5350 4838 5351
f 4838 4830 5351
f 5351 4830 5352
f 4830 4829 5352
f 5352 4829 5353
f 4829 4836 5353
f 5353 4836 5354
f 4836 4835 5354
f 5354 4835 5355
f 4835 4834 5355
f 5355 4834 5356
f 4834 4828 5356
f 5356 4828 5357
f 4828 4827 5357
f 5357 4827 5358
f 4827 4826 5358
f 5358 4826 5359
f 4826 4813 5359
f 5359 4813 5360
f 4813 4812 5360
f 5360 4812 5361
f 4812 4833 5361
f 5361 4833 5362
f 4833 4832 5362
f 5362 4832 5363
f 4832 4831 5363
f 5363 4831 5364
f 4831 4824 5364
f 5364 4824 5365
f 4824 4823 5365
f 5365 4823 5366
f 4823 4821 5366
f 5366 4821 5367
f 4821 4820 5367
f 5367 4820 5368
f 4820 4819 5368
f 5368 4819 5369
f 4819 4815 5369
f 5369 4815 5370
f 4815 4816 5370
f 5370 4816 5371
f 4816 4817 5371
f 5371 4817 5372
f 4817 4818 5372
f 5372 4818 5349
f 4818 4837 5349
f 5373 4859 5374
f 4859 4858 5374
f 5374 4858 5375
f 4858 4852 5375
f 5375 4852 5376
f 4852 4854 5376
f 5376 4854 5377
f 4854 4856 5377
f 5377 4856 5378
f 4856 4857 5378
f 5378 4857 5379
f 4857 4867 5379
f 5379 4867 5380
f 4867 4866 5380
f 5380 4866 5381
f 4866 4865 5381
f 5381 4865 5382
f 4865 4864 5382
f 5382 4864 5383
f 4864 4863 5383
f 5383 4863 5384
f 4863 4862 5384
f 5384 4862 5385
f 4862 4861 5385
f 5385 4861 5386
f 4861 4850 5386
f 5386 4850 5387
f 4850 4849 5387
f 5387 4849 5388
f 4849 4848 5388
f 5388 4848 5389
f 4848 4843 5389
f 5389 4843 5390
f 4843 4842 5390
f 5390 4842 5391
f 4842 4841 5391
f 5391 4841 5392
f 4841 4840 5392
f 5392 4840 5393
f 4840 4844 5393
f 5393 4844 5394
f 4844 4846 5394
f 5394 4846 5395
f 4846 4847 5395
f 5395 4847 5396
f 4847 4860 5396
f 5396 4860 5373
f 4860 4859 5373
f 5397 5398 5399
f 5398 5400 5399
f 5399 5400 5401
f 5400 5402 5401
f 5401 5402 5403
f 5402 5404 5403
f 5403 5404 5405
f 5404 5406 5405
f 5405 5406 5407
f 5406 5408 5407
f 5407 5408 5409
f 5408 5410 5409
f 5409 5410 5411
f 5410 5412 5411
f 5411 5412 5413
f 5412 5414 5413
f 5413 5414 5415
f 5414 5416 5415
f 5415 5416 5417
f 5416 5418 5417
f 5417 5418 5419
f 5418 5420 5419
f 5419 5420 5421
f 5420 5422 5421
f 5421 5422 5423
f 5422 5424 5423
f 5423 5424 5425
f 5424 5426 5425
f 5425 5426 5427
f 5426 5428 5427
f 5427 5428 5429
f 5428 5430 5429
f 5429 5430 5431
f 5430 5432 5431
f 5431 5432 5433
f 5432 5434 5433
f 5433 5434 5435
f 5434 5436 5435
f 5435 5436 5437
f 5436 5438 5437
f 5437 5438 5439
f 5438 5440 5439
f 5439 5440 5441
f 5440 5442 5441
f 5441 5442 5443
f 5442 5444 5443
f 5443 5444 5397
f 5444 5398 5397
f 5445 5446 5447
f 5446 5448 5447
f 5447 5448 5449
f 5448 5450 5449
f 5449 5450 5451
f 5450 5452 5451
f 5451 5452 5453
f 5452 5454 5453
f 5453 5454 5455
f 5454 5456 5455
f 5455 5456 5457
f 5456 5458 5457
f 5457 5458 5459
f 5458 5460 5459
f 5459 5460 5461
f 5460 5462 5461
f 5461 5462 5463
f 5462 5464 5463
f 5463 5464 5465
f 5464 5466 5465
f 5465 5466 5467
f 5466 5468 5467
f 5467 5468 5469
f 5468 5470 5469
f 5469 5470 5471
f 5470 5472 5471
f 5471 5472 5473
f 5472 5474 5473
f 5473 5474 5475
f 5474 5476 5475
f 5475 5476 5477
f 5476 5478 5477
f 5477 5478 5479
f 5478 5480 5479
f 5479 5480 5481
f 5480 5482 5481
f 5481 5482 5483
f 5482 5484 5483
f 5483 5484 5485
f 5484 5486 5485
f 5485 5486 5487
f 5486 5488 5487
f 5487 5488 5489
f 5488 5490 5489
f 5489 5490 5491
f 5490 5492 5491
f 5491 5492 5445
f 5492 5446 5445
f 5495 5493 5496
f 5496 5493 5497
f 5493 5494 5497
f 5497 5494 5498
f 5499 5495 5500
f 5499 5500 5501
f 5501 5500 5502
f 5500 5503 5502
f 5505 5499 5506
f 5506 5499 5507
f 5499 5504 5507
f 5507 5504 5508
f 5509 5453 5510
f 5453 5455 5510
f 5510 5455 5511
f 5455 5457 5511
f 5511 5457 5512
f 5457 5459 5512
f 5512 5459 5513
f 5459 5461 5513
f 5513 5461 5514
f 5461 5463 5514
f 5514 5463 5515
f 5463 5465 5515
f 5515 5465 5516
f 5465 5467 5516
f 5516 5467 5517
f 5467 5469 5517
f 5517 5469 5518
f 5469 5471 5518
f 5518 5471 5519
f 5471 5473 5519
f 5519 5473 5520
f 5473 5475 5520
f 5520 5475 5521
f 5475 5477 5521
f 5521 5477 5522
f 5477 5479 5522
f 5522 5479 5523
f 5479 5481 5523
f 5523 5481 5524
f 5481 5483 5524
f 5524 5483 5525
f 5483 5485 5525
f 5525 5485 5526
f 5485 5487 5526
f 5526 5487 5527
f 5487 5489 5527
f 5527 5489 5528
f 5489 5491 5528
f 5528 5491 5529
f 5491 5445 5529
f 5529 5445 5530
f 5445 5447 5530
f 5530 5447 5531
f 5447 5449 5531
f 5531 5449 5532
f 5449 5451 5532
f 5532 5451 5509
f 5451 5453 5509
f 5533 5405 5534
f 5405 5407 5534
f 5534 5407 5535
f 5407 5409 5535
f 5535 5409 5536
f 5409 5411 5536
f 5536 5411 5537
f 5411 5413 5537
f 5537 5413 5538
f 5413 5415 5538
f 5538 5415 5539
f 5415 5417 5539
f 5539 5417 5540
f 5417 5419 5540
f 5540 5419 5541
f 5419 5421 5541
f 5541 5421 5542
f 5421 5423 5542
f 5542 5423 5543
f 5423 5425 5543
f 5543 5425 5544
f 5425 5427 5544
f 5544 5427 5545
f 5427 5429 5545
f 5545 5429 5546
f 5429 5431 5546
f 5546 5431 5547
f 5431 5433 5547
f 5547 5433 5548
f 5433 5435 5548
f 5548 5435 5549
f 5435 5437 5549
f 5549 5437 5550
f 5437 5439 5550
f 5550 5439 5551
f 5439 5441 5551
f 5551 5441 5552
f 5441 5443 5552
f 5552 5443 5553
f 5443 5397 5553
f 5553 5397 5554
f 5397 5399 5554
f 5554 5399 5555
f 5399 5401 5555
f 5555 5401 5556
f 5401 5403 5556
f 5556 5403 5533
f 5403 5405 5533
f 5557 5377 5558
f 5377 5378 5558
f 5558 5378 5559
f 5378 5379 5559
f 5559 5379 5560
f 5379 5380 5560
f 5560 5380 5561
f 5380 5381 5561
f 5561 5381 5562
f 5381 5382 5562
f 5562 5382 5563
f 5382 5383 5563
f 5563 5383 5564
f 5383 5384 5564
f 5564 5384 5565
f 5384 5385 5565
f 5565 5385 5566
f 5385 5386 5566
f 5566 5386 5567
f 5386 5387 5567
f 5567 5387 5568
f 5387 5388 5568
f 5568 5388 5569
f 5388 5389 5569
f 5569 5389 5570
f 5389 5390 5570
f 5570 5390 5571
f 5390 5391 5571
f 5571 5391 5572
f 5391 5392 5572
f 5572 5392 5573
f 5392 5393 5573
f 5573 5393 5574
f 5393 5394 5574
f 5574 5394 5575
f 5394 5395 5575
f 5575 5395 5576
f 5395 5396 5576
f 5576 5396 5577
f 5396 5373 5577
f 5577 5373 5578
f 5373 5374 5578
f 5578 5374 5579
f 5374 5375 5579
f 5579 5375 5580
f 5375 5376 5580
f 5580 5376 5557
f 5376 5377 5557
f 5581 5353 5582
f 5353 5354 5582
f 5582 5354 5583
f 5354 5355 5583
f 5583 5355 5584
f 5355 5356 5584
f 5584 5356 5585
f 5356 5357 5585
f 5585 5357 5586
f 5357 5358 5586
f 5586 5358 5587
f 5358 5359 5587
f 5587 5359 5588
f 5359 5360 5588
f 5588 5360 5589
f 5360 5361 5589
f 5589 5361 5590
f 5361 5362 5590
f 5590 5362 5591
f 5362 5363 5591
f 5591 5363 5592
f 5363 5364 5592
f 5592 5364 5593
f 5364 5365 5593
f 5593 5365 5594
f 5365 5366 5594
f 5594 5366 5595
f 5366 5367 5595
f 5595 5367 5596
f 5367 5368 5596
f 5596 5368 5597
f 5368 5369 5597
f 5597 5369 5598
f 5369 5370 5598
f 5598 5370 5599
f 5370 5371 5599
f 5599 5371 5600
f 5371 5372 5600
f 5600 5372 5601
f 5372 5349 5601
f 5601 5349 5602
f 5349 5350 5602
f 5602 5350 5603
f 5350 5351 5603
f 5603 5351 5604
f 5351 5352 5604
f 5604 5352 5581
f 5352 5353 5581
f 5605 5606 5607
f 5606 5608 5607
f 5607 5608 5609
f 5608 5610 5609
f 5609 5610 5611
f 5610 5612 5611
f 5611 5612 5613
f 5612 5614 5613
f 5613 5614 5615
f 5614 5616 5615
f 5615 5616 5617
f 5616 5618 5617
f 5617 5618 5619
f 5618 5620 5619
f 5619 5620 5621
f 5620 5622 5621
f 5621 5622 5623
f 5622 5624 5623
f 5623 5624 5625
f 5625 5627 5626
f 5626 5627 5628
f 5628 5630 5629
f 5629 5630 5631
f 5630 5632 5631
f 5631 5632 5633
f 5632 5634 5633
f 5633 5634 5635
f 5634 5636 5635
f 5635 5636 5637
f 5636 5638 5637
f 5637 5638 5639
f 5638 5640 5639
f 5639 5640 5641
f 5640 5642 5641
f 5641 5642 5643
f 5642 5644 5643
f 5643 5644 5645
f 5644 5646 5645
f 5645 5646 5647
f 5646 5648 5647
f 5647 5648 5649
f 5648 5650 5649
f 5649 5650 5605
f 5650 5606 5605
f 5651 5652 5653
f 5652 5654 5653
f 5653 5654 5655
f 5654 5656 5655
f 5655 5656 5657
f 5656 5658 5657
f 5657 5658 5659
f 5658 5660 5659
f 5659 5660 5661
f 5660 5662 5661
f 5661 5662 5663
f 5662 5664 5663
f 5663 5664 5665
f 5664 5666 5665
f 5665 5666 5667
f 5666 5668 5667
f 5667 5668 5669
f 5668 5670 5669
f 5669 5670 5671
f 5671 5673 5672
f 5672 5673 5674
f 5674 5676 5675
f 5675 5676 5677
f 5676 5678 5677
f 5677 5678 5679
f 5678 5680 5679
f 5679 5680 5681
f 5680 5682 5681
f 5681 5682 5683
f 5682 5684 5683
f 5683 5684 5685
f 5684 5686 5685
f 5685 5686 5687
f 5686 5688 5687
f 5687 5688 5689
f 5688 5690 5689
f 5689 5690 5691
f 5690 5692 5691
f 5691 5692 5693
f 5692 5694 5693
f 5693 5694 5695
f 5694 5696 5695
f 5695 5696 5651
f 5696 5652 5651
f 5697 5698 5699
f 5698 5700 5699
f 5699 5700 5701
f 5700 5702 5701
f 5701 5702 5703
f 5702 5704 5703
f 5703 5704 5705
f 5704 5706 5705
f 5705 5706 5707
f 5706 5708 5707
f 5707 5708 5709
f 5708 5710 5709
f 5709 5710 5711
f 5710 5712 5711
f 5711 5712 5713
f 5712 5714 5713
f 5713 5714 5715
f 5714 5716 5715
f 5715 5716 5717
f 5717 5719 5718
f 5718 5719 5720
f 5720 5722 5721
f 5721 5722 5723
f 5722 5724 5723
f 5723 5724 5725
f 5724 5726 5725
f 5725 5726 5727
f 5726 5728 5727
f 5727 5728 5729
f 5728 5730 5729
f 5729 5730 5731
f 5730 5732 5731
f 5731 5732 5733
f 5732 5734 5733
f 5733 5734 5735
f 5734 5736 5735
f 5735 5736 5737
f 5736 5738 5737
f 5737 5738 5739
f 5738 5740 5739
f 5739 5740 5741
f 5740 5742 5741
f 5741 5742 5697
f 5742 5698 5697
f 5743 5744 4922
f 5744 4920 4922
f 5745 5743 4924
f 5743 4922 4924
f 5746 5745 4926
f 5745 4924 4926
f 4913 5747 4906
f 5747 5746 4906
f 4906 5746 4905
f 5746 4926 4905
f 5748 5749 5012
f 5749 5011 5012
f 5750 5748 5013
f 5748 5012 5013
f 5751 5750 5014
f 5750 5013 5014
f 5752 5577 5753
f 5577 5578 5753
f 5753 5578 5754
f 5578 5579 5754
f 5754 5579 5755
f 5579 5580 5755
f 5755 5580 5756
f 5580 5557 5756
f 5756 5557 5757
f 5557 5558 5757
f 5757 5558 5758
f 5558 5559 5758
f 5758 5559 5759
f 5559 5560 5759
f 5759 5560 5760
f 5560 5561 5760
f 5760 5561 5761
f 5561 5562 5761
f 5761 5562 5762
f 5562 5563 5762
f 5762 5563 5763
f 5563 5564 5763
f 5763 5564 5764
f 5564 5565 5764
f 5764 5565 5765
f 5565 5566 5765
f 5765 5566 5766
f 5566 5567 5766
f 5766 5567 5767
f 5567 5568 5767
f 5767 5568 5768
f 5568 5569 5768
f 5768 5569 5769
f 5569 5570 5769
f 5769 5570 5770
f 5570 5571 5770
f 5770 5571 5771
f 5571 5572 5771
f 5771 5572 5772
f 5572 5573 5772
f 5772 5573 5773
f 5573 5574 5773
f 5773 5574 5774
f 5574 5575 5774
f 5774 5575 5775
f 5575 5576 5775
f 5775 5576 5752
f 5576 5577 5752
f 5776 5601 5777
f 5601 5602 5777
f 5777 5602 5778
f 5602 5603 5778
f 5778 5603 5779
f 5603 5604 5779
f 5779 5604 5780
f 5604 5581 5780
f 5780 5581 5781
f 5581 5582 5781
f 5781 5582 5782
f 5582 5583 5782
f 5782 5583 5783
f 5583 5584 5783
f 5783 5584 5784
f 5584 5585 5784
f 5784 5585 5785
f 5585 5586 5785
f 5785 5586 5786
f 5586 5587 5786
f 5786 5587 5787
f 5587 5588 5787
f 5787 5588 5788
f 5588 5589 5788
f 5788 5589 5789
f 5589 5590 5789
f 5789 5590 5790
f 5590 5591 5790
f 5790 5591 5791
f 5591 5592 5791
f 5791 5592 5792
f 5592 5593 5792
f 5792 5593 5793
f 5593 5594 5793
f 5793 5594 5794
f 5594 5595 5794
f 5794 5595 5795
f 5595 5596 5795
f 5795 5596 5796
f 5596 5597 5796
f 5796 5597 5797
f 5597 5598 5797
f 5797 5598 5798
f 5598 5599 5798
f 5798 5599 5799
f 5599 5600 5799
f 5799 5600 5776
f 5600 5601 5776
f 5800 5689 5801
f 5689 5691 5801
f 5801 5691 5802
f 5691 5693 5802
f 5802 5693 5803
f 5693 5695 5803
f 5803 5695 5804
f 5695 5651 5804
f 5804 5651 5805
f 5651 5653 5805
f 5805 5653 5806
f 5653 5655 5806
f 5806 5655 5807
f 5655 5657 5807
f 5807 5657 5808
f 5657 5659 5808
f 5808 5659 5809
f 5659 5661 5809
f 5809 5661 5810
f 5661 5663 5810
f 5810 5663 5811
f 5663 5665 5811
f 5811 5665 5812
f 5665 5667 5812
f 5812 5667 5813
f 5667 5669 5813
f 5813 5669 5814
f 5669 5671 5814
f 5814 5671 5815
f 5671 5672 5815
f 5815 5672 5816
f 5672 5674 5816
f 5816 5674 5817
f 5674 5675 5817
f 5817 5675 5818
f 5675 5677 5818
f 5818 5677 5819
f 5677 5679 5819
f 5819 5679 5820
f 5679 5681 5820
f 5820 5681 5821
f 5681 5683 5821
f 5821 5683 5822
f 5683 5685 5822
f 5822 5685 5823
f 5685 5687 5823
f 5823 5687 5800
f 5687 5689 5800
f 5824 5529 5825
f 5529 5530 5825
f 5825 5530 5826
f 5530 5531 5826
f 5826 5531 5827
f 5531 5532 5827
f 5827 5532 5828
f 5532 5509 5828
f 5828 5509 5829
f 5509 5510 5829
f 5829 5510 5830
f 5510 5511 5830
f 5830 5511 5831
f 5511 5512 5831
f 5831 5512 5832
f 5512 5513 5832
f 5832 5513 5833
f 5513 5514 5833
f 5833 5514 5834
f 5514 5515 5834
f 5834 5515 5835
f 5515 5516 5835
f 5835 5516 5836
f 5516 5517 5836
f 5836 5517 5837
f 5517 5518 5837
f 5837 5518 5838
f 5518 5519 5838
f 5838 5519 5839
f 5519 5520 5839
f 5839 5520 5840
f 5520 5521 5840
f 5840 5521 5841
f 5521 5522 5841
f 5841 5522 5842
f 5522 5523 5842
f 5842 5523 5843
f 5523 5524 5843
f 5843 5524 5844
f 5524 5525 5844
f 5844 5525 5845
f 5525 5526 5845
f 5845 5526 5846
f 5526 5527 5846
f 5846 5527 5847
f 5527 5528 5847
f 5847 5528 5824
f 5528 5529 5824
f 2215 2218 1717
f 2218 2217 1717
f 1717 2217 1718
f 2217 2216 1718
f 1718 2216 2197
f 5848 5553 5849
f 5553 5554 5849
f 5849 5554 5850
f 5554 5555 5850
f 5850 5555 5851
f 5555 5556 5851
f 5851 5556 5852
f 5556 5533 5852
f 5852 5533 5853
f 5533 5534 5853
f 5853 5534 5854
f 5534 5535 5854
f 5854 5535 5855
f 5535 5536 5855
f 5855 5536 5856
f 5536 5537 5856
f 5856 5537 5857
f 5537 5538 5857
f 5857 5538 5858
f 5538 5539 5858
f 5858 5539 5859
f 5539 5540 5859
f 5859 5540 5860
f 5540 5541 5860
f 5860 5541 5861
f 5541 5542 5861
f 5861 5542 5862
f 5542 5543 5862
f 5862 5543 5863
f 5543 5544 5863
f 5863 5544 5864
f 5544 5545 5864
f 5864 5545 5865
f 5545 5546 5865
f 5865 5546 5866
f 5546 5547 5866
f 5866 5547 5867
f 5547 5548 5867
f 5867 5548 5868
f 5548 5549 5868
f 5868 5549 5869
f 5549 5550 5869
f 5869 5550 5870
f 5550 5551 5870
f 5870 5551 5871
f 5551 5552 5871
f 5871 5552 5848
f 5552 5553 5848
f 5872 5643 5873
f 5643 5645 5873
f 5873 5645 5874
f 5645 5647 5874
f 5874 5647 5875
f 5647 5649 5875
f 5875 5649 5876
f 5649 5605 5876
f 5876 5605 5877
f 5605 5607 5877
f 5877 5607 5878
f 5607 5609 5878
f 5878 5609 5879
f 5609 5611 5879
f 5879 5611 5880
f 5611 5613 5880
f 5880 5613 5881
f 5613 5615 5881
f 5881 5615 5882
f 5615 5617 5882
f 5882 5617 5883
f 5617 5619 5883
f 5883 5619 5884
f 5619 5621 5884
f 5884 5621 5885
f 5621 5623 5885
f 5885 5623 5886
f 5623 5625 5886
f 5886 5625 3529
f 5625 5626 3529
f 3529 5626 5887
f 5626 5628 5887
f 5887 5628 5888
f 5628 5629 5888
f 5888 5629 5889
f 5629 5631 5889
f 5889 5631 5890
f 5631 5633 5890
f 5890 5633 5891
f 5633 5635 5891
f 5891 5635 5892
f 5635 5637 5892
f 5892 5637 5893
f 5637 5639 5893
f 5893 5639 5894
f 5639 5641 5894
f 5894 5641 5872
f 5641 5643 5872
f 3890 5895 3892
f 5895 5896 3892
f 3892 5896 3894
f 5896 5897 3894
f 3894 5897 3896
f 5897 5898 3896
f 3896 5898 3898
f 5898 5899 3898
f 3898 5899 3900
f 5899 5900 3900
f 3900 5900 3902
f 5900 5901 3902
f 3902 5901 3904
f 5901 5902 3904
f 3904 5902 3906
f 5902 5903 3906
f 3906 5903 3861
f 5903 5904 3861
f 3861 5904 3863
f 5904 5905 3863
f 3863 5905 3865
f 5905 5906 3865
f 3865 5906 3867
f 5906 5907 3867
f 3867 5907 3869
f 5907 5908 3869
f 3869 5908 3871
f 5908 5909 3871
f 3871 5909 3872
f 5909 5910 3872
f 3872 5910 3874
f 5910 5911 3874
f 3874 5911 3876
f 5911 5912 3876
f 3876 5912 3878
f 5912 5913 3878
f 3878 5913 3880
f 5913 5914 3880
f 3880 5914 3882
f 5914 5915 3882
f 3882 5915 3884
f 5915 5916 3884
f 3884 5916 3886
f 5916 5917 3886
f 3886 5917 3888
f 5917 5918 3888
f 3888 5918 3890
f 5918 5895 3890
f 5919 5735 5920
f 5735 5737 5920
f 5920 5737 5921
f 5737 5739 5921
f 5921 5739 5922
f 5739 5741 5922
f 5922 5741 5923
f 5741 5697 5923
f 5923 5697 5924
f 5697 5699 5924
f 5924 5699 5925
f 5699 5701 5925
f 5925 5701 5926
f 5701 5703 5926
f 5926 5703 5927
f 5703 5705 5927
f 5927 5705 5928
f 5705 5707 5928
f 5928 5707 5929
f 5707 5709 5929
f 5929 5709 5930
f 5709 5711 5930
f 5930 5711 5931
f 5711 5713 5931
f 5931 5713 5932
f 5713 5715 5932
f 5932 5715 5933
f 5715 5717 5933
f 5933 5717 5934
f 5717 5718 5934
f 5934 5718 5935
f 5718 5720 5935
f 5935 5720 5936
f 5720 5721 5936
f 5936 5721 5937
f 5721 5723 5937
f 5937 5723 5938
f 5723 5725 5938
f 5938 5725 5939
f 5725 5727 5939
f 5939 5727 5940
f 5727 5729 5940
f 5940 5729 5941
f 5729 5731 5941
f 5941 5731 5942
f 5731 5733 5942
f 5942 5733 5919
f 5733 5735 5919
f 5943 4915 4909
f 4910 4920 4909
f 4920 5744 4909
f 4909 5744 5943
f 5944 2172 5945
f 2172 2171 5945
f 5945 2171 5249
f 2171 2175 5249
f 5249 2175 2170
f 5946 1939 5947
f 1939 1937 5947
f 5301 5946 5948
f 5946 5947 5948
f 5302 5301 5949
f 5301 5948 5949
f 5950 5945 5951
f 5945 5249 5951
f 5951 5249 5952
f 5249 5302 5952
f 5952 5302 5953
f 5302 5949 5953
f 4913 4914 5066
f 5954 1940 1300
f 5954 1300 5747
f 1300 1301 5747
f 5747 1301 1935
f 5101 5954 5089
f 5954 5747 5089
f 5089 5747 5091
f 5747 4913 5091
f 5091 4913 5099
f 4913 5066 5099
f 5099 5066 5071
f 5093 5092 5955
f 5092 5956 5955
f 5098 5097 5076
f 5100 5955 5957
f 5958 5959 5957
f 5959 5102 5957
f 5957 5102 5100
f 5074 5081 5082
f 5093 5955 5085
f 5955 5100 5085
f 5085 5100 5082
f 5100 5098 5082
f 5082 5098 5074
f 5098 5076 5074
f 5954 5101 5959
f 5101 5102 5959
f 5960 5961 5951
f 5962 5960 5963
f 5960 5951 5963
f 5963 5951 5964
f 5951 5952 5964
f 2197 2196 5745
f 2197 5745 1718
f 5745 5746 1718
f 1718 5746 1712
f 5746 5747 1712
f 1712 5747 1935
f 2196 2204 5745
f 2204 2203 5745
f 5745 2203 5743
f 2203 2208 5743
f 2208 2207 5743
f 5743 2207 2201
f 5950 5943 5945
f 5943 5744 5945
f 5945 5744 5944
f 5744 5743 5944
f 5944 5743 2200
f 5743 2201 2200
f 5965 5953 5949
f 5966 5967 5749
f 5968 5965 5751
f 5965 5949 5751
f 5751 5949 5750
f 5949 5948 5750
f 5750 5948 5748
f 5948 5947 5748
f 5748 5947 5749
f 5947 1937 5749
f 5749 1937 5966
f 1937 1936 5966
f 5505 5969 9775
f 2215 5969 2213
f 5326 2174 2165
f 5505 2215 9757
f 1664 9771 1717
f 5505 1664 5499
f 5499 9769 1939
f 5495 9776 1939
f 9761 5946 9765
f 5495 5946 5493
f 5946 5301 5493
f 5342 9770 5301
f 5342 5301 9756
f 5970 9772 5302
f 5970 9768 5249
f 5326 9773 5249
f 5326 5249 9760
f 2174 9774 2170
f 2165 2164 5326
f 2164 2235 5326
f 5326 2235 5969
f 2235 2234 5969
f 5969 2234 2213
f 5969 5505 5971
f 5969 5971 5972
f 5971 5973 5972
f 5326 5969 5974
f 5974 5969 5975
f 5969 5318 5975
f 5975 5318 5317
f 5970 5326 5976
f 5326 5325 5976
f 5342 5970 5977
f 5977 5970 5978
f 5970 5334 5978
f 5978 5334 5333
f 5493 5342 5979
f 5979 5342 5980
f 5342 5341 5980
f 5899 5981 5900
f 5981 5982 5900
f 5900 5982 5901
f 5982 5983 5901
f 5901 5983 5902
f 5983 5984 5902
f 5902 5984 5903
f 5984 5985 5903
f 5903 5985 5904
f 5985 5986 5904
f 5904 5986 5905
f 5986 5987 5905
f 5905 5987 5906
f 5987 5988 5906
f 5906 5988 5907
f 5988 5989 5907
f 5907 5989 5908
f 5989 5990 5908
f 5908 5990 5909
f 5909 5991 5910
f 5910 5991 5911
f 5911 5992 5912
f 5912 5992 5913
f 5992 5993 5913
f 5913 5993 5914
f 5993 5994 5914
f 5914 5994 5915
f 5994 5995 5915
f 5915 5995 5916
f 5995 5996 5916
f 5916 5996 5917
f 5996 5997 5917
f 5917 5997 5918
f 5997 5998 5918
f 5918 5998 5895
f 5998 5999 5895
f 5895 5999 5896
f 5999 6000 5896
f 5896 6000 5897
f 6000 6001 5897
f 5897 6001 5898
f 6001 6002 5898
f 5898 6002 5899
f 6002 5981 5899
f 6003 4801 5228
f 4801 4800 5228
f 6004 6003 6005
f 6003 5228 6005
f 6006 6007 6008
f 6007 6009 6008
f 6008 6009 6010
f 6009 6011 6010
f 6010 6011 6012
f 6011 6013 6012
f 6012 6013 6014
f 6013 6015 6014
f 6014 6015 6016
f 6015 6017 6016
f 6016 6017 6018
f 6017 6019 6018
f 6018 6019 6020
f 6019 6021 6020
f 6020 6021 6022
f 6021 6023 6022
f 6022 6023 6024
f 6023 6025 6024
f 6024 6025 2132
f 6025 6026 2132
f 6027 2128 6028
f 2128 2136 6028
f 6028 2136 6029
f 2136 2137 6029
f 6029 2137 6026
f 2137 2133 6026
f 6026 2133 2132
f 6005 6007 6004
f 6007 6006 6004
f 6005 6030 6007
f 6030 6031 6007
f 6032 6027 6033
f 6027 6028 6033
f 6033 6028 6034
f 6028 6029 6034
f 6034 6029 6035
f 6029 6026 6035
f 6035 6026 6036
f 6026 6025 6036
f 6036 6025 6037
f 6025 6023 6037
f 6037 6023 6038
f 6023 6021 6038
f 6038 6021 6039
f 6021 6019 6039
f 6039 6019 6040
f 6019 6017 6040
f 6040 6017 6041
f 6017 6015 6041
f 6041 6015 6042
f 6015 6013 6042
f 6042 6013 6043
f 6013 6011 6043
f 6043 6011 6044
f 6011 6009 6044
f 6044 6009 6031
f 6009 6007 6031
f 6045 6027 6046
f 6027 6032 6046
f 2128 6027 2129
f 6027 6045 2129
f 2129 6045 6047
f 5248 5246 6045
f 5246 6048 6045
f 6045 6048 6047
f 6005 5228 6030
f 5228 5229 6030
f 5248 6045 5249
f 6045 6046 5249
f 5243 5304 5244
f 5304 5302 5244
f 5244 5302 5229
f 5302 5249 5229
f 5229 5249 6030
f 5249 6046 6030
f 4822 4814 5243
f 4814 5304 5243
f 5303 5304 4825
f 5304 4814 4825
f 4855 6049 4851
f 6049 4902 4851
f 5303 4825 4810
f 4825 4811 4810
f 6049 5946 4902
f 5946 4900 4902
f 5301 5303 4808
f 5303 4810 4808
f 1939 5946 6050
f 5946 6049 6050
f 4855 4853 6049
f 4853 6050 6049
f 4853 4845 6050
f 4845 6051 6050
f 6050 6051 1939
f 6051 6052 1939
f 6053 1525 6054
f 1525 1524 6054
f 1616 1664 1524
f 1664 1939 1524
f 1524 1939 6054
f 1939 6052 6054
f 5300 1715 6055
f 1715 1525 6055
f 6055 1525 6056
f 1525 6053 6056
f 6053 6057 6056
f 6057 6058 6056
f 6059 4285 6060
f 4285 4287 6060
f 6060 4287 6061
f 4287 4288 6061
f 6061 4288 6062
f 4288 4309 6062
f 6058 6057 6063
f 6057 6064 6063
f 6063 6064 6065
f 6064 6066 6065
f 6065 6066 4309
f 6066 6067 4309
f 4309 6067 6062
f 6068 4873 6069
f 4873 4872 6069
f 6069 4872 6070
f 4872 4871 6070
f 6070 4871 6071
f 4871 4870 6071
f 6071 4870 6072
f 4870 4869 6072
f 6072 4869 6073
f 4869 4868 6073
f 6073 4868 6059
f 4868 4839 6059
f 6059 4839 4285
f 4845 4873 6051
f 4873 6068 6051
f 6051 6068 6052
f 6068 6074 6052
f 6074 6068 6075
f 6068 6069 6075
f 6075 6069 6076
f 6069 6070 6076
f 6076 6070 6077
f 6070 6071 6077
f 6077 6071 6078
f 6071 6072 6078
f 6078 6072 6079
f 6072 6073 6079
f 6079 6073 6080
f 6073 6059 6080
f 6080 6059 6081
f 6059 6060 6081
f 6081 6060 6082
f 6060 6061 6082
f 6082 6061 6083
f 6061 6062 6083
f 6083 6062 6084
f 6062 6067 6084
f 6084 6067 6085
f 6067 6066 6085
f 6085 6066 6086
f 6066 6064 6086
f 6086 6064 6087
f 6064 6057 6087
f 6053 6054 6057
f 6054 6087 6057
f 6088 5622 6089
f 5622 5620 6089
f 6089 5620 6090
f 5620 5618 6090
f 6090 5618 6091
f 5618 5616 6091
f 6091 5616 6092
f 5616 5614 6092
f 6092 5614 6093
f 5614 5612 6093
f 6093 5612 6094
f 5612 5610 6094
f 6094 5610 6095
f 5610 5608 6095
f 6095 5608 6096
f 5608 5606 6096
f 6096 5606 6097
f 5606 5650 6097
f 6097 5650 6098
f 5650 5648 6098
f 6098 5648 6099
f 5648 5646 6099
f 6099 5646 6100
f 5646 5644 6100
f 6100 5644 6101
f 5644 5642 6101
f 6101 5642 6102
f 5642 5640 6102
f 6102 5640 6103
f 5640 5638 6103
f 6103 5638 6104
f 5638 5636 6104
f 6104 5636 6105
f 5636 5634 6105
f 6105 5634 6106
f 5634 5632 6106
f 6106 5632 6107
f 5632 5630 6107
f 6107 5630 6108
f 5630 5628 6108
f 6108 5628 6109
f 5628 5627 6109
f 6109 5627 6110
f 5627 5625 6110
f 6110 5625 6111
f 5625 5624 6111
f 6111 5624 6088
f 5624 5622 6088
f 6112 5668 6113
f 5668 5666 6113
f 6113 5666 6114
f 5666 5664 6114
f 6114 5664 6115
f 5664 5662 6115
f 6115 5662 6116
f 5662 5660 6116
f 6116 5660 6117
f 5660 5658 6117
f 6117 5658 6118
f 5658 5656 6118
f 6118 5656 6119
f 5656 5654 6119
f 6119 5654 6120
f 5654 5652 6120
f 6120 5652 6121
f 5652 5696 6121
f 6121 5696 6122
f 5696 5694 6122
f 6122 5694 6123
f 5694 5692 6123
f 6123 5692 6124
f 5692 5690 6124
f 6124 5690 6125
f 5690 5688 6125
f 6125 5688 6126
f 5688 5686 6126
f 6126 5686 6127
f 5686 5684 6127
f 6127 5684 6128
f 5684 5682 6128
f 6128 5682 6129
f 5682 5680 6129
f 6129 5680 6130
f 5680 5678 6130
f 6130 5678 6131
f 5678 5676 6131
f 6131 5676 6132
f 5676 5674 6132
f 6132 5674 6133
f 5674 5673 6133
f 6133 5673 6134
f 5673 5671 6134
f 6134 5671 6135
f 5671 5670 6135
f 6135 5670 6112
f 5670 5668 6112
f 6136 5714 6137
f 5714 5712 6137
f 6137 5712 6138
f 5712 5710 6138
f 6138 5710 6139
f 5710 5708 6139
f 6139 5708 6140
f 5708 5706 6140
f 6140 5706 6141
f 5706 5704 6141
f 6141 5704 6142
f 5704 5702 6142
f 6142 5702 6143
f 5702 5700 6143
f 6143 5700 6144
f 5700 5698 6144
f 6144 5698 6145
f 5698 5742 6145
f 6145 5742 6146
f 5742 5740 6146
f 6146 5740 6147
f 5740 5738 6147
f 6147 5738 6148
f 5738 5736 6148
f 6148 5736 6149
f 5736 5734 6149
f 6149 5734 6150
f 5734 5732 6150
f 6150 5732 6151
f 5732 5730 6151
f 6151 5730 6152
f 5730 5728 6152
f 6152 5728 6153
f 5728 5726 6153
f 6153 5726 6154
f 5726 5724 6154
f 6154 5724 6155
f 5724 5722 6155
f 6155 5722 6156
f 5722 5720 6156
f 6156 5720 6157
f 5720 5719 6157
f 6157 5719 6158
f 5719 5717 6158
f 6158 5717 6159
f 5717 5716 6159
f 6159 5716 6136
f 5716 5714 6136
f 6149 6150 6036
f 6046 6157 6158
f 6138 6139 6030
f 6139 6140 6030
f 6030 6140 6031
f 6036 6150 6035
f 6150 6151 6035
f 6035 6151 6034
f 6151 6152 6034
f 6034 6152 6033
f 6152 6153 6033
f 6033 6153 6032
f 6036 6037 6149
f 6037 6038 6149
f 6149 6038 6148
f 6038 6039 6148
f 6148 6039 6147
f 6039 6040 6147
f 6147 6040 6146
f 6040 6041 6146
f 6146 6041 6145
f 6041 6042 6145
f 6145 6042 6144
f 6042 6043 6144
f 6144 6043 6143
f 6043 6044 6143
f 6143 6044 6142
f 6044 6031 6142
f 6142 6031 6141
f 6031 6140 6141
f 6153 6154 6032
f 6154 6155 6032
f 6032 6155 6046
f 6155 6156 6046
f 6046 6156 6157
f 6158 6159 6046
f 6159 6136 6046
f 6046 6136 6030
f 6136 6137 6030
f 6030 6137 6138
f 5283 6124 6125
f 5283 6125 5282
f 6125 6126 5282
f 6126 6127 5282
f 5282 6127 2231
f 6124 5283 6123
f 5283 5284 6123
f 6123 5284 6122
f 5284 5285 6122
f 6122 5285 6121
f 5285 5286 6121
f 6121 5286 6120
f 5286 5287 6120
f 6120 5287 6119
f 6132 5297 6131
f 5297 2232 6131
f 6127 6128 2231
f 6128 6129 2231
f 2231 6129 2232
f 6129 6130 2232
f 2232 6130 6131
f 6132 6133 5297
f 6133 6134 5297
f 5297 6134 5296
f 5287 5288 6119
f 5288 5289 6119
f 6119 5289 6118
f 5289 5290 6118
f 6118 5290 6117
f 5290 5291 6117
f 6117 5291 6116
f 5291 5292 6116
f 6116 5292 6115
f 5292 5293 6115
f 6115 5293 6114
f 5293 5294 6114
f 6114 5294 6113
f 5294 5295 6113
f 6113 5295 6112
f 5295 5296 6112
f 6112 5296 6135
f 5296 6134 6135
f 5229 6109 6110
f 6090 6091 5244
f 6091 6092 5244
f 5244 6092 5242
f 6092 6093 5242
f 6093 6094 5242
f 5242 6094 5241
f 6094 6095 5241
f 5241 6095 5240
f 6095 6096 5240
f 5240 6096 5239
f 6096 6097 5239
f 5239 6097 5238
f 6097 6098 5238
f 5238 6098 5237
f 6098 6099 5237
f 5237 6099 5236
f 6099 6100 5236
f 5236 6100 5235
f 6100 6101 5235
f 5235 6101 5234
f 6101 6102 5234
f 5234 6102 5233
f 6102 6103 5233
f 5233 6103 5232
f 6103 6104 5232
f 5232 6104 5231
f 6104 6105 5231
f 5231 6105 5230
f 6105 6106 5230
f 6106 6107 5230
f 5230 6107 5229
f 6107 6108 5229
f 5229 6108 6109
f 6110 6111 5229
f 6111 6088 5229
f 5229 6088 5244
f 6088 6089 5244
f 5244 6089 6090
f 6160 6161 6052
f 6162 6163 6054
f 6163 6164 6054
f 6054 6164 6087
f 6165 6166 6078
f 6074 6167 6052
f 6167 6168 6052
f 6052 6168 6160
f 6161 6169 6052
f 6169 6170 6052
f 6052 6170 6054
f 6170 6171 6054
f 6054 6171 6162
f 6078 6166 6077
f 6166 6172 6077
f 6077 6172 6076
f 6172 6173 6076
f 6076 6173 6075
f 6173 6174 6075
f 6075 6174 6074
f 6174 6175 6074
f 6074 6175 6167
f 6164 6176 6087
f 6176 6177 6087
f 6087 6177 6086
f 6177 6178 6086
f 6086 6178 6085
f 6178 6179 6085
f 6085 6179 6084
f 6179 6180 6084
f 6084 6180 6083
f 6180 6181 6083
f 6083 6181 6082
f 6181 6182 6082
f 6082 6182 6081
f 6182 6183 6081
f 6081 6183 6080
f 6183 6165 6080
f 6080 6165 6079
f 6165 6078 6079
f 6183 5989 6165
f 5989 5988 6165
f 6165 5988 6166
f 5988 5987 6166
f 6166 5987 6172
f 5987 5986 6172
f 6172 5986 6173
f 5986 5985 6173
f 6173 5985 6174
f 5985 5984 6174
f 6174 5984 6175
f 5984 5983 6175
f 6175 5983 6167
f 5983 5982 6167
f 6167 5982 6168
f 5982 5981 6168
f 6168 5981 6160
f 5981 6002 6160
f 6160 6002 6161
f 6002 6001 6161
f 6161 6001 6169
f 6001 6000 6169
f 6169 6000 6170
f 6000 5999 6170
f 6170 5999 6171
f 5999 5998 6171
f 6171 5998 6162
f 5998 5997 6162
f 6162 5997 6163
f 5997 5996 6163
f 6163 5996 6164
f 5996 5995 6164
f 6164 5995 6176
f 5995 5994 6176
f 6176 5994 6177
f 5994 5993 6177
f 6177 5993 6178
f 5993 5992 6178
f 6178 5992 6179
f 5992 5911 6179
f 6179 5911 6180
f 5911 5991 6180
f 6180 5991 6181
f 5991 5909 6181
f 6181 5909 6182
f 5909 5990 6182
f 6182 5990 6183
f 5990 5989 6183
f 6184 6185 6186
f 6185 6187 6186
f 5301 4808 4807
f 5494 5493 5301
f 5979 5301 9770
f 5505 1717 5971
f 1717 6188 5971
f 5344 5342 5302
f 5977 5302 9772
f 5336 5334 5249
f 5334 5970 5249
f 2166 2173 5324
f 5496 6189 5946
f 6189 6187 5946
f 5977 6190 5302
f 6190 5340 5302
f 5340 5249 9768
f 5340 5338 5249
f 5249 5338 5336
f 2170 5328 5326
f 5974 2170 9774
f 2170 5974 2173
f 5974 6191 2173
f 2173 6191 5324
f 5322 5320 2214
f 5320 5318 2214
f 2214 5318 2215
f 5318 5969 2215
f 6192 5500 5946
f 5500 9765 5946
f 5946 5495 5496
f 4900 5946 4901
f 5946 6187 4901
f 4901 6187 4807
f 6187 6185 4807
f 4807 6185 5301
f 6185 6193 5301
f 5301 6193 5494
f 5979 6194 5301
f 6194 5348 5301
f 5348 9756 5301
f 5348 5346 5302
f 5302 5346 5344
f 6195 9775 5969
f 6195 5313 2215
f 5313 9757 2215
f 5313 5315 1717
f 1717 5315 6188
f 6196 5504 1939
f 5504 5499 1939
f 5501 1939 9776
f 6197 5249 9773
f 6197 5332 5249
f 5332 9760 5249
f 5332 5330 2170
f 2170 5330 5328
f 5506 1717 9771
f 5506 6198 1717
f 1717 6198 1664
f 6198 5309 1664
f 5309 1939 9769
f 5309 5311 1939
f 1939 5311 6196
f 5501 6199 1939
f 6199 5308 1939
f 5308 5946 9761
f 5308 5306 5946
f 5946 5306 6192
f 2214 2236 5322
f 2236 2235 5322
f 5322 2235 5324
f 2235 2164 5324
f 5324 2164 2166
f 4874 4904 4878
f 4904 4806 4878
f 4878 4806 4805
f 4903 4809 4904
f 4809 4806 4904
f 4901 4807 4903
f 4807 4809 4903
f 6200 4898 6201
f 4898 4899 6201
f 6201 4899 6202
f 4899 4877 6202
f 6202 4877 6203
f 4877 4875 6203
f 6203 4875 6204
f 4875 4876 6204
f 6204 4876 6205
f 4876 4879 6205
f 6205 4879 6206
f 4879 4880 6206
f 6206 4880 6207
f 4880 4881 6207
f 6207 4881 6208
f 4881 4882 6208
f 6208 4882 6209
f 4882 4883 6209
f 6209 4883 6210
f 4883 4884 6210
f 6210 4884 6211
f 4884 4885 6211
f 6211 4885 6212
f 4885 4886 6212
f 6212 4886 6213
f 4886 4887 6213
f 6213 4887 6214
f 4887 4888 6214
f 6214 4888 6215
f 4888 4889 6215
f 6215 4889 6216
f 4889 4890 6216
f 6216 4890 6217
f 4890 4891 6217
f 6217 4891 6218
f 4891 4892 6218
f 6218 4892 6219
f 4892 4893 6219
f 6219 4893 6220
f 4893 4894 6220
f 6220 4894 6221
f 4894 4895 6221
f 6221 4895 6222
f 4895 4896 6222
f 6222 4896 6223
f 4896 4897 6223
f 6223 4897 6200
f 4897 4898 6200
f 4397 4368 6210
f 6216 4394 6215
f 4394 4389 6215
f 6215 4389 6214
f 4389 4374 6214
f 6214 4374 6213
f 4374 4372 6213
f 6213 4372 6212
f 4372 4397 6212
f 6212 4397 6211
f 4397 6210 6211
f 4471 4391 6216
f 4391 4393 6216
f 6216 4393 4394
f 6203 4427 6202
f 4427 4437 6202
f 6202 4437 6201
f 4437 4440 6201
f 6201 4440 6200
f 4440 4444 6200
f 6200 4444 6223
f 4444 4446 6223
f 6223 4446 6222
f 4446 4467 6222
f 6222 4467 6221
f 4467 4413 6221
f 6221 4413 6220
f 4413 4412 6220
f 6220 4412 6219
f 4412 4429 6219
f 6219 4429 6218
f 4429 4471 6218
f 6218 4471 6217
f 4471 6216 6217
f 4338 4333 6203
f 4333 4426 6203
f 6203 4426 4427
f 4368 4367 6210
f 4367 4347 6210
f 6210 4347 6209
f 4347 4346 6209
f 6209 4346 6208
f 4346 4363 6208
f 6208 4363 6207
f 4363 4359 6207
f 6207 4359 6206
f 4359 4357 6206
f 6206 4357 6205
f 4357 4338 6205
f 6205 4338 6204
f 4338 6203 6204
f 6224 6225 6226
f 6227 6226 6228
f 6226 6229 6228
f 6230 6227 6231
f 6227 6232 6231
f 6231 6232 6233
f 6230 6234 6227
f 6234 6235 6227
f 6227 6235 6226
f 6235 6236 6226
f 6226 6236 6237
f 6238 6229 6239
f 6229 6240 6239
f 6229 6241 6228
f 6241 6242 6228
f 6228 6242 6243
f 6244 6245 6246
f 6237 6247 6226
f 6247 6248 6226
f 6226 6248 6224
f 6238 6249 6229
f 6249 6250 6229
f 6229 6250 6241
f 6244 6246 6242
f 6246 6251 6242
f 6242 6251 6243
f 6242 6252 6244
f 6252 6253 6244
f 6244 6253 6245
f 6253 6254 6245
f 6245 6254 6246
f 6254 6255 6246
f 6246 6255 6251
f 6255 6256 6251
f 6251 6256 6243
f 6256 6257 6243
f 6243 6257 6228
f 6257 6258 6228
f 6227 6228 6259
f 6228 6258 6259
f 6227 6259 6232
f 6259 6260 6232
f 6232 6260 6233
f 6260 6261 6233
f 6233 6261 6231
f 6261 6262 6231
f 6231 6262 6230
f 6262 6263 6230
f 6230 6263 6234
f 6263 6264 6234
f 6234 6264 6235
f 6264 6265 6235
f 6236 6235 6266
f 6235 6265 6266
f 6236 6266 6237
f 6266 6267 6237
f 6237 6267 6247
f 6267 6268 6247
f 6247 6268 6248
f 6268 6269 6248
f 6248 6269 6224
f 6269 6270 6224
f 6224 6270 6225
f 6270 6271 6225
f 6225 6271 6226
f 6271 6272 6226
f 6229 6226 6273
f 6226 6272 6273
f 6229 6273 6240
f 6273 6274 6240
f 6240 6274 6239
f 6274 6275 6239
f 6239 6275 6238
f 6275 6276 6238
f 6238 6276 6249
f 6276 6277 6249
f 6249 6277 6250
f 6277 6278 6250
f 6250 6278 6241
f 6278 6279 6241
f 6242 6241 6252
f 6241 6279 6252
f 4276 4499 4278
f 6024 2132 6280
f 4479 4804 4501
f 4804 4803 4501
f 4501 4803 4502
f 4803 4801 4502
f 4502 4801 4504
f 6014 6016 6256
f 4300 4298 6271
f 6281 5250 5251
f 4801 6003 4504
f 6003 6004 4504
f 4504 6004 4498
f 6004 6006 4498
f 4498 6006 4499
f 6006 6008 4499
f 4499 6008 6010
f 6271 4298 6272
f 6056 6270 6269
f 6266 6265 6282
f 6262 6261 6283
f 6260 5264 5266
f 6257 6280 6258
f 6280 6284 6258
f 6284 6285 6258
f 6285 6286 6258
f 6258 6286 6259
f 6256 6016 6257
f 6273 4290 6274
f 4290 4289 6274
f 6276 6275 4499
f 6275 6274 4499
f 4499 6274 4278
f 6274 4289 4278
f 6269 6268 6056
f 6268 6267 6056
f 6056 6267 6055
f 6267 6266 6055
f 6055 6266 6287
f 6266 6282 6287
f 6265 6264 6282
f 6264 6263 6282
f 6282 6263 6288
f 6263 6262 6288
f 6288 6262 6289
f 6262 6283 6289
f 5251 5253 6281
f 5253 5254 6281
f 6281 5254 5256
f 6286 6290 6259
f 6290 6281 6259
f 6259 6281 6260
f 6016 6018 6257
f 6018 6020 6257
f 6257 6020 6280
f 6020 6022 6280
f 6280 6022 6024
f 6270 6056 6271
f 6056 4302 6271
f 6271 4302 4300
f 4298 4296 6272
f 4296 4294 6272
f 6272 4294 6273
f 4294 4292 6273
f 6273 4292 4290
f 5256 5258 6281
f 5258 5260 6281
f 6281 5260 6260
f 5260 5262 6260
f 6260 5262 5264
f 6256 6255 6014
f 6255 6254 6014
f 6014 6254 6012
f 6254 6253 6012
f 6012 6253 6010
f 6253 6252 6010
f 6058 4306 6056
f 4306 4304 6056
f 6056 4304 4302
f 5266 5268 6260
f 5268 6291 6260
f 6260 6291 6292
f 6252 6279 6010
f 6279 6278 6010
f 6010 6278 4499
f 6278 6277 4499
f 4499 6277 6276
f 6058 6063 4306
f 6063 6065 4306
f 4306 6065 4308
f 6065 4309 4308
f 6292 6293 6260
f 6293 6294 6260
f 6260 6294 6261
f 6294 6295 6261
f 6261 6295 6283
f 5980 5341 5343
f 5343 5345 5980
f 5345 5347 5980
f 5980 5347 6296
f 6297 6184 5498
f 6184 6186 5498
f 5498 6186 5497
f 6186 6298 5497
f 5503 6299 5305
f 5305 5307 5503
f 5307 6300 5503
f 5503 6300 5502
f 6301 5312 5508
f 5312 5310 5508
f 5508 5310 5507
f 5310 6302 5507
f 5972 5973 6303
f 6303 5316 5972
f 5316 5314 5972
f 5972 5314 6304
f 5323 6305 5975
f 5323 5975 5321
f 5975 5317 5321
f 5321 5317 5319
f 5325 5327 5329
f 5329 5331 5325
f 5331 6306 5325
f 5325 6306 5976
f 5339 6307 5978
f 5339 5978 5337
f 5978 5333 5337
f 5337 5333 5335
f 5310 5309 6302
f 5309 6198 6302
f 6302 6198 5507
f 6198 5506 5507
f 5973 5971 6303
f 5971 6188 6303
f 6303 6188 5316
f 6188 5315 5316
f 5314 5313 6304
f 5313 6195 6304
f 6304 6195 5972
f 6195 5969 5972
f 5323 5324 6305
f 5324 6191 6305
f 6305 6191 5975
f 6191 5974 5975
f 5307 5308 6300
f 5308 6199 6300
f 6300 6199 5502
f 6199 5501 5502
f 5508 5504 6301
f 5504 6196 6301
f 6301 6196 5312
f 6196 5311 5312
f 5331 5332 6306
f 5332 6197 6306
f 6306 6197 5976
f 6197 5970 5976
f 6186 6187 6298
f 6187 6189 6298
f 6298 6189 5497
f 6189 5496 5497
f 5503 5500 6299
f 5500 6192 6299
f 6299 6192 5305
f 6192 5306 5305
f 5339 5340 6307
f 5340 6190 6307
f 6307 6190 5978
f 6190 5977 5978
f 5347 5348 6296
f 5348 6194 6296
f 6296 6194 5980
f 6194 5979 5980
f 5498 5494 6297
f 5494 6193 6297
f 6297 6193 6184
f 6193 6185 6184
f 5754 4967 5753
f 4967 4965 5753
f 5753 4965 5752
f 4965 4963 5752
f 5752 4963 5775
f 4963 5009 5775
f 5775 5009 5774
f 5009 5007 5774
f 5774 5007 5773
f 5007 5005 5773
f 5773 5005 5772
f 5005 5003 5772
f 5772 5003 5771
f 5003 5001 5771
f 5771 5001 5770
f 5001 4999 5770
f 5770 4999 5769
f 4999 4997 5769
f 5769 4997 5768
f 4997 4995 5768
f 5768 4995 5767
f 4995 4993 5767
f 5767 4993 5766
f 4993 4991 5766
f 5766 4991 5765
f 4991 4989 5765
f 5765 4989 5764
f 4989 4987 5764
f 5764 4987 5763
f 4987 4985 5763
f 5763 4985 5762
f 4985 4983 5762
f 5762 4983 5761
f 4983 4981 5761
f 5761 4981 5760
f 4981 4979 5760
f 5760 4979 5759
f 4979 4977 5759
f 5759 4977 5758
f 4977 4975 5758
f 5758 4975 5757
f 4975 4973 5757
f 5757 4973 5756
f 4973 4971 5756
f 5756 4971 5755
f 4971 4969 5755
f 5755 4969 5754
f 4969 4967 5754
f 5778 5137 5777
f 5137 5135 5777
f 5777 5135 5776
f 5135 5133 5776
f 5776 5133 5799
f 5133 5179 5799
f 5799 5179 5798
f 5179 5177 5798
f 5798 5177 5797
f 5177 5175 5797
f 5797 5175 5796
f 5175 5173 5796
f 5796 5173 5795
f 5173 5171 5795
f 5795 5171 5794
f 5171 5169 5794
f 5794 5169 5793
f 5169 5167 5793
f 5793 5167 5792
f 5167 5165 5792
f 5792 5165 5791
f 5165 5163 5791
f 5791 5163 5790
f 5163 5161 5790
f 5790 5161 5789
f 5161 5159 5789
f 5789 5159 5788
f 5159 5157 5788
f 5788 5157 5787
f 5157 5155 5787
f 5787 5155 5786
f 5155 5153 5786
f 5786 5153 5785
f 5153 5151 5785
f 5785 5151 5784
f 5151 5149 5784
f 5784 5149 5783
f 5149 5147 5783
f 5783 5147 5782
f 5147 5145 5782
f 5782 5145 5781
f 5145 5143 5781
f 5781 5143 5780
f 5143 5141 5780
f 5780 5141 5779
f 5141 5139 5779
f 5779 5139 5778
f 5139 5137 5778
f 5826 5185 5825
f 5185 5183 5825
f 5825 5183 5824
f 5183 5181 5824
f 5824 5181 5847
f 5181 5227 5847
f 5847 5227 5846
f 5227 5225 5846
f 5846 5225 5845
f 5225 5223 5845
f 5845 5223 5844
f 5223 5221 5844
f 5844 5221 5843
f 5221 5219 5843
f 5843 5219 5842
f 5219 5217 5842
f 5842 5217 5841
f 5217 5215 5841
f 5841 5215 5840
f 5215 5213 5840
f 5840 5213 5839
f 5213 5211 5839
f 5839 5211 5838
f 5211 5209 5838
f 5838 5209 5837
f 5209 5207 5837
f 5837 5207 5836
f 5207 5205 5836
f 5836 5205 5835
f 5205 5203 5835
f 5835 5203 5834
f 5203 5201 5834
f 5834 5201 5833
f 5201 5199 5833
f 5833 5199 5832
f 5199 5197 5832
f 5832 5197 5831
f 5197 5195 5831
f 5831 5195 5830
f 5195 5193 5830
f 5830 5193 5829
f 5193 5191 5829
f 5829 5191 5828
f 5191 5189 5828
f 5828 5189 5827
f 5189 5187 5827
f 5827 5187 5826
f 5187 5185 5826
f 5850 6308 5849
f 6308 6309 5849
f 5849 6309 5848
f 6309 6310 5848
f 5848 6310 5871
f 6310 6311 5871
f 5871 6311 5870
f 6311 6312 5870
f 5870 6312 5869
f 6312 6313 5869
f 5869 6313 5868
f 6313 6314 5868
f 5868 6314 5867
f 6314 6315 5867
f 5867 6315 5866
f 6315 6316 5866
f 5866 6316 5865
f 6316 6317 5865
f 5865 6317 5864
f 6317 6318 5864
f 5864 6318 5863
f 6318 6319 5863
f 5863 6319 5862
f 6319 6320 5862
f 5862 6320 5861
f 6320 6321 5861
f 5861 6321 5860
f 6321 6322 5860
f 5860 6322 5859
f 6322 6323 5859
f 5859 6323 5858
f 6323 6324 5858
f 5858 6324 5857
f 6324 6325 5857
f 5857 6325 5856
f 6325 6326 5856
f 5856 6326 5855
f 6326 6327 5855
f 5855 6327 5854
f 6327 6328 5854
f 5854 6328 5853
f 6328 6329 5853
f 5853 6329 5852
f 6329 6330 5852
f 5852 6330 5851
f 6330 6331 5851
f 5851 6331 5850
f 6331 6308 5850
f 5943 5950 5951
f 5961 5128 5119
f 5105 5104 4915
f 5104 5058 4915
f 4915 5058 4916
f 5951 5961 5943
f 5961 5119 5943
f 5943 5119 4915
f 5119 5121 4915
f 4915 5121 5105
f 5960 5129 5961
f 5129 5128 5961
f 5125 6332 5118
f 6332 6333 5118
f 5118 6333 5116
f 6333 5052 5116
f 5116 5052 5113
f 5052 5054 5113
f 5040 5051 6334
f 5051 5052 6334
f 6334 5052 6335
f 5052 6333 6335
f 6335 6333 6336
f 6333 6337 6336
f 6336 6337 6338
f 6337 6339 6338
f 5038 5968 5039
f 5968 5751 5039
f 5039 5751 5016
f 5751 5014 5016
f 5042 5010 5011
f 5749 9778 5011
f 5749 5967 5042
f 5042 5967 5043
f 6340 6341 6342
f 6341 6343 6342
f 6342 6343 6344
f 6343 6345 6344
f 6344 6345 6346
f 6345 6347 6346
f 6346 6347 6348
f 6347 6349 6348
f 6348 6349 6350
f 6349 6351 6350
f 6350 6351 6352
f 6351 6353 6352
f 6352 6353 6354
f 6353 6355 6354
f 6354 6355 6356
f 6355 6357 6356
f 6356 6357 6358
f 6357 6359 6358
f 6358 6359 6360
f 6359 6361 6360
f 6360 6361 6362
f 6361 6363 6362
f 6362 6363 6364
f 6363 6365 6364
f 6364 6365 6366
f 6365 6367 6366
f 6366 6367 6368
f 6367 6369 6368
f 6368 6369 6370
f 6369 6371 6370
f 6370 6371 6372
f 6371 6373 6372
f 6372 6373 6374
f 6373 6375 6374
f 6374 6375 6376
f 6375 6377 6376
f 6376 6377 6378
f 6377 6379 6378
f 6378 6379 6380
f 6379 6381 6380
f 6380 6381 6382
f 6381 6383 6382
f 6382 6383 6384
f 6383 6385 6384
f 6384 6385 6386
f 6385 6387 6386
f 6386 6387 6340
f 6387 6341 6340
f 6367 6388 6369
f 6388 6389 6369
f 6369 6389 6371
f 6389 6390 6371
f 6371 6390 6373
f 6390 6391 6373
f 6373 6391 6375
f 6391 6392 6375
f 6375 6392 6377
f 6392 6393 6377
f 6377 6393 6379
f 6393 6394 6379
f 6379 6394 6381
f 6394 6395 6381
f 6381 6395 6383
f 6395 6396 6383
f 6383 6396 6385
f 6396 6397 6385
f 6385 6397 6387
f 6397 6398 6387
f 6387 6398 6341
f 6398 6399 6341
f 6341 6399 6343
f 6399 6400 6343
f 6343 6400 6345
f 6400 6401 6345
f 6345 6401 6347
f 6401 6402 6347
f 6347 6402 6349
f 6402 6403 6349
f 6349 6403 6351
f 6403 6404 6351
f 6351 6404 6353
f 6404 6405 6353
f 6353 6405 6355
f 6405 6406 6355
f 6355 6406 6357
f 6406 6407 6357
f 6357 6407 6359
f 6407 6408 6359
f 6359 6408 6361
f 6408 6409 6361
f 6361 6409 6363
f 6409 6410 6363
f 6363 6410 6365
f 6410 6411 6365
f 6365 6411 6367
f 6411 6388 6367
f 6407 6412 6408
f 6412 6413 6408
f 6408 6413 6409
f 6413 6414 6409
f 6409 6414 6410
f 6414 6415 6410
f 6410 6415 6411
f 6415 6416 6411
f 6411 6416 6388
f 6416 6417 6388
f 6388 6417 6389
f 6417 6418 6389
f 6389 6418 6390
f 6418 6419 6390
f 6390 6419 6391
f 6419 6420 6391
f 6391 6420 6392
f 6420 6421 6392
f 6392 6421 6393
f 6421 6422 6393
f 6393 6422 6394
f 6422 6423 6394
f 6394 6423 6395
f 6423 6424 6395
f 6395 6424 6396
f 6424 6425 6396
f 6396 6425 6397
f 6425 6426 6397
f 6397 6426 6398
f 6426 6427 6398
f 6398 6427 6399
f 6427 6428 6399
f 6399 6428 6400
f 6428 6429 6400
f 6400 6429 6401
f 6429 6430 6401
f 6401 6430 6402
f 6430 6431 6402
f 6402 6431 6403
f 6431 6432 6403
f 6403 6432 6404
f 6432 6433 6404
f 6404 6433 6405
f 6433 6434 6405
f 6405 6434 6406
f 6434 6435 6406
f 6406 6435 6407
f 6435 6412 6407
f 6436 6437 6438
f 6437 6439 6438
f 6438 6439 6440
f 6439 6441 6440
f 6440 6441 6442
f 6441 6443 6442
f 6442 6443 6444
f 6443 6445 6444
f 6444 6445 6446
f 6445 6447 6446
f 6446 6447 6448
f 6447 6449 6448
f 6448 6449 6450
f 6449 6451 6450
f 6450 6451 6452
f 6451 6453 6452
f 6452 6453 6454
f 6453 6455 6454
f 6454 6455 6456
f 6455 6457 6456
f 6456 6457 6458
f 6457 6459 6458
f 6458 6459 6460
f 6459 6461 6460
f 6460 6461 6462
f 6461 6463 6462
f 6462 6463 6464
f 6463 6465 6464
f 6464 6465 6466
f 6465 6467 6466
f 6466 6467 6468
f 6467 6469 6468
f 6468 6469 6470
f 6469 6471 6470
f 6470 6471 6472
f 6471 6473 6472
f 6472 6473 6474
f 6473 6475 6474
f 6474 6475 6476
f 6475 6477 6476
f 6476 6477 6478
f 6477 6479 6478
f 6478 6479 6480
f 6479 6481 6480
f 6480 6481 6482
f 6481 6483 6482
f 6482 6483 6436
f 6483 6437 6436
f 6484 6441 6485
f 6441 6439 6485
f 6485 6439 6486
f 6439 6437 6486
f 6486 6437 6487
f 6437 6483 6487
f 6487 6483 6488
f 6483 6481 6488
f 6488 6481 6489
f 6481 6479 6489
f 6489 6479 6490
f 6479 6477 6490
f 6490 6477 6491
f 6477 6475 6491
f 6491 6475 6492
f 6475 6473 6492
f 6492 6473 6493
f 6473 6471 6493
f 6493 6471 6494
f 6471 6469 6494
f 6494 6469 6495
f 6469 6467 6495
f 6495 6467 6496
f 6467 6465 6496
f 6496 6465 6497
f 6465 6463 6497
f 6497 6463 6498
f 6463 6461 6498
f 6498 6461 6499
f 6461 6459 6499
f 6499 6459 6500
f 6459 6457 6500
f 6500 6457 6501
f 6457 6455 6501
f 6501 6455 6502
f 6455 6453 6502
f 6502 6453 6503
f 6453 6451 6503
f 6503 6451 6504
f 6451 6449 6504
f 6504 6449 6505
f 6449 6447 6505
f 6505 6447 6506
f 6447 6445 6506
f 6506 6445 6507
f 6445 6443 6507
f 6507 6443 6484
f 6443 6441 6484
f 6508 6499 6509
f 6499 6500 6509
f 6509 6500 6510
f 6500 6501 6510
f 6510 6501 6511
f 6501 6502 6511
f 6511 6502 6512
f 6502 6503 6512
f 6512 6503 6513
f 6503 6504 6513
f 6513 6504 6514
f 6504 6505 6514
f 6514 6505 6515
f 6505 6506 6515
f 6515 6506 6516
f 6506 6507 6516
f 6516 6507 6517
f 6507 6484 6517
f 6517 6484 6518
f 6484 6485 6518
f 6518 6485 6519
f 6485 6486 6519
f 6519 6486 6520
f 6486 6487 6520
f 6520 6487 6521
f 6487 6488 6521
f 6521 6488 6522
f 6488 6489 6522
f 6522 6489 6523
f 6489 6490 6523
f 6523 6490 6524
f 6490 6491 6524
f 6524 6491 6525
f 6491 6492 6525
f 6525 6492 6526
f 6492 6493 6526
f 6526 6493 6527
f 6493 6494 6527
f 6527 6494 6528
f 6494 6495 6528
f 6528 6495 6529
f 6495 6496 6529
f 6529 6496 6530
f 6496 6497 6530
f 6530 6497 6531
f 6497 6498 6531
f 6531 6498 6508
f 6498 6499 6508
f 4927 6310 4961
f 6310 6309 4961
f 4961 6309 4959
f 6309 6308 4959
f 4959 6308 4957
f 6308 6331 4957
f 4957 6331 4955
f 6331 6330 4955
f 4955 6330 4954
f 6330 6329 4954
f 4954 6329 4952
f 6329 6328 4952
f 4952 6328 4951
f 6328 6327 4951
f 4951 6327 4950
f 6327 6326 4950
f 4950 6326 4948
f 6326 6325 4948
f 4948 6325 4946
f 6325 6324 4946
f 4946 6324 4945
f 6324 6323 4945
f 4945 6323 4944
f 6323 6322 4944
f 4944 6322 4943
f 6322 6321 4943
f 4943 6321 4942
f 6321 6320 4942
f 4942 6320 4941
f 6320 6319 4941
f 4941 6319 4940
f 6319 6318 4940
f 4940 6318 4938
f 6318 6317 4938
f 4938 6317 4937
f 6317 6316 4937
f 4937 6316 4935
f 6316 6315 4935
f 4935 6315 4933
f 6315 6314 4933
f 4933 6314 4931
f 6314 6313 4931
f 4931 6313 4930
f 6313 6312 4930
f 4930 6312 4929
f 6312 6311 4929
f 4929 6311 4927
f 6311 6310 4927
f 3545 5879 3543
f 5879 5880 3543
f 3543 5880 3541
f 5880 5881 3541
f 3541 5881 3539
f 5881 5882 3539
f 3539 5882 3537
f 5882 5883 3537
f 3537 5883 3535
f 5883 5884 3535
f 3535 5884 3533
f 5884 5885 3533
f 3533 5885 3531
f 5885 5886 3531
f 3531 5886 3529
f 3529 5887 3527
f 3527 5887 3525
f 5887 5888 3525
f 3525 5888 3523
f 5888 5889 3523
f 3523 5889 3521
f 5889 5890 3521
f 3521 5890 3519
f 5890 5891 3519
f 3519 5891 3517
f 5891 5892 3517
f 3517 5892 3515
f 5892 5893 3515
f 3515 5893 3513
f 5893 5894 3513
f 3513 5894 3511
f 5894 5872 3511
f 3511 5872 3509
f 5872 5873 3509
f 3509 5873 3507
f 5873 5874 3507
f 3507 5874 3505
f 5874 5875 3505
f 3505 5875 3503
f 5875 5876 3503
f 3503 5876 3501
f 5876 5877 3501
f 3501 5877 3499
f 5877 5878 3499
f 3499 5878 3545
f 5878 5879 3545
f 6532 6533 6534
f 6533 6535 6534
f 6534 6535 6536
f 6535 6537 6536
f 6536 6537 6538
f 6538 6537 6539
f 6537 6540 6539
f 6539 6540 6541
f 6540 6542 6541
f 6541 6542 6543
f 6543 6542 6544
f 6542 6545 6544
f 6546 6533 6547
f 6533 6532 6547
f 6548 6549 6550
f 6549 6551 6550
f 6550 6551 6547
f 6551 6546 6547
f 6552 6549 6553
f 6549 6548 6553
f 6554 6555 6556
f 6555 6557 6556
f 6556 6557 6558
f 6557 6559 6558
f 6558 6559 6560
f 6559 6561 6560
f 6560 6561 6562
f 6562 6561 6563
f 6561 6564 6563
f 6563 6564 6565
f 6564 6566 6565
f 6565 6566 6567
f 6567 6566 6568
f 6566 6552 6568
f 6568 6552 6553
f 6569 6555 6570
f 6555 6554 6570
f 6571 6572 6573
f 6572 6574 6573
f 6573 6574 6570
f 6574 6569 6570
f 6575 6572 6576
f 6572 6571 6576
f 6577 6578 6579
f 6578 6580 6579
f 6579 6580 6581
f 6580 6582 6581
f 6583 6584 2150
f 6584 6585 2150
f 2150 6585 6586
f 6585 6587 6586
f 6586 6587 6588
f 6590 6591 6589
f 6589 6591 6592
f 6591 6593 6592
f 6592 6593 6594
f 6593 6583 6594
f 6594 6583 6595
f 6583 2150 6595
f 6595 2150 2139
f 6596 6590 6597
f 6590 6589 6597
f 6551 6549 6552
f 6585 6584 6598
f 6584 6540 6598
f 6598 6540 6599
f 6600 6601 6545
f 6561 6559 6602
f 6602 6559 6557
f 6540 6537 6599
f 6537 6561 6599
f 6599 6561 6603
f 6561 6602 6603
f 6574 6572 6575
f 6598 6582 6580
f 6596 6600 6590
f 6600 6545 6590
f 6590 6545 6591
f 6545 6542 6591
f 6591 6542 6593
f 6542 6540 6593
f 6593 6540 6583
f 6540 6584 6583
f 6546 6551 6533
f 6551 6552 6533
f 6533 6552 6535
f 6552 6566 6535
f 6535 6566 6537
f 6566 6564 6537
f 6537 6564 6561
f 6569 6574 6555
f 6574 6575 6555
f 6555 6575 6557
f 6575 6604 6557
f 6557 6604 6602
f 6585 6598 6587
f 6598 6580 6587
f 6587 6580 6578
f 6545 6601 6544
f 6601 6605 6544
f 6605 6601 6606
f 6601 6600 6606
f 6606 6600 6597
f 6600 6596 6597
f 6589 6607 6597
f 2138 6595 2139
f 6608 6609 2146
f 6609 6576 2146
f 2146 6576 2144
f 2148 6610 2147
f 2147 6610 2146
f 2146 6610 6608
f 6611 6612 6613
f 6612 6614 6613
f 6613 6614 6615
f 6614 2144 6615
f 6615 2144 6616
f 6616 2144 6617
f 2144 6576 6617
f 6617 6576 6571
f 6581 6618 6619
f 6577 6621 6620
f 6621 6622 6620
f 6620 6622 6623
f 6622 6624 6623
f 6624 6625 2153
f 2153 6589 6592
f 6625 2152 9779
f 6625 6607 2152
f 2152 6607 2153
f 6607 6589 2153
f 6592 6594 2153
f 2153 6594 2138
f 2138 6594 6595
f 6541 6543 6626
f 6543 6544 6626
f 6626 6544 6627
f 6544 6605 6627
f 6628 6539 6626
f 6626 6539 6541
f 6629 6538 6628
f 6628 6538 6539
f 6534 6536 6629
f 6536 6538 6629
f 6565 6567 6630
f 6567 6568 6630
f 6568 6553 6630
f 6630 6553 6631
f 6553 6548 6631
f 6632 6563 6630
f 6630 6563 6565
f 6633 6560 6632
f 6560 6562 6632
f 6632 6562 6563
f 6556 6558 6633
f 6558 6560 6633
f 6597 6634 6606
f 6634 6635 6606
f 6606 6635 6605
f 6635 6636 6605
f 6605 6636 6627
f 6636 6637 6627
f 6627 6637 6626
f 6637 6638 6626
f 6626 6638 6628
f 6638 6639 6628
f 6628 6639 6629
f 6639 6640 6629
f 6629 6640 6641
f 6534 6629 6532
f 6629 6641 6532
f 6532 6641 6547
f 6641 6640 6547
f 6547 6640 6550
f 6640 6642 6550
f 6550 6642 6548
f 6642 6643 6548
f 6548 6643 6631
f 6643 6644 6631
f 6631 6644 6630
f 6644 6645 6630
f 6630 6645 6632
f 6645 6646 6632
f 6632 6646 6633
f 6646 6647 6633
f 6633 6647 6648
f 6556 6633 6554
f 6633 6648 6554
f 6554 6648 6570
f 6648 6647 6570
f 6570 6647 6573
f 6647 6649 6573
f 6573 6649 6571
f 6649 6650 6571
f 6571 6650 6617
f 6650 6651 6617
f 6617 6651 6616
f 6651 6652 6616
f 6616 6652 6615
f 6652 6653 6615
f 6615 6653 6613
f 6653 6654 6613
f 6613 6654 6611
f 6597 6607 6634
f 6607 6625 6634
f 6634 6625 6655
f 6625 6624 6655
f 6655 6624 6656
f 6624 6622 6656
f 6656 6622 6657
f 6622 6621 6657
f 6657 6621 6658
f 6621 6577 6658
f 6658 6577 6659
f 6577 6579 6659
f 6659 6579 6654
f 6579 6581 6654
f 6654 6581 6611
f 6581 6619 6611
f 6611 6619 6612
f 6660 6661 6662
f 6661 6663 6662
f 6662 6663 6664
f 6663 6665 6664
f 6664 6665 6666
f 6665 6667 6666
f 6666 6667 6668
f 6667 6669 6668
f 6668 6669 6670
f 6669 6671 6670
f 6670 6671 6672
f 6671 6673 6672
f 6672 6673 6674
f 6673 6675 6674
f 6674 6675 6676
f 6675 6677 6676
f 6676 6677 6678
f 6677 6679 6678
f 6679 6680 6681
f 6680 6682 6681
f 6681 6682 6683
f 6682 6684 6683
f 6683 6684 6685
f 6684 6686 6685
f 6688 6689 6690
f 6689 6691 6690
f 6690 6691 6692
f 6691 6693 6692
f 6692 6693 6694
f 6693 6695 6694
f 6695 6696 6697
f 6696 6698 6697
f 6697 6698 6699
f 6698 6700 6699
f 6699 6700 6701
f 6700 6702 6701
f 6701 6702 6660
f 6702 6661 6660
f 6702 6703 6661
f 6703 6704 6661
f 6661 6704 6663
f 6704 6705 6663
f 6663 6705 6665
f 6705 6706 6665
f 6665 6706 6667
f 6706 6707 6667
f 6667 6707 6669
f 6707 6708 6669
f 6669 6708 6671
f 6708 6709 6671
f 6671 6709 6673
f 6709 6710 6673
f 6673 6710 6675
f 6710 6711 6675
f 6675 6711 6677
f 6711 6712 6677
f 6677 6712 6679
f 6712 6713 6679
f 6679 6713 6680
f 6713 6714 6680
f 6680 6714 6682
f 6714 6715 6682
f 6682 6715 6684
f 6715 6716 6684
f 6684 6716 6686
f 6716 6717 6686
f 6686 6717 6687
f 6717 6718 6687
f 6687 6718 6688
f 6718 6719 6688
f 6688 6719 6689
f 6719 6720 6689
f 6689 6720 6691
f 6720 6721 6691
f 6691 6721 6693
f 6721 6722 6693
f 6693 6722 6695
f 6722 6723 6695
f 6695 6723 6696
f 6723 6724 6696
f 6696 6724 6698
f 6724 6725 6698
f 6698 6725 6700
f 6725 6726 6700
f 6700 6726 6702
f 6726 6703 6702
f 6726 6727 6703
f 6727 6728 6703
f 6703 6728 6704
f 6728 6729 6704
f 6704 6729 6705
f 6729 6730 6705
f 6705 6730 6706
f 6730 6731 6706
f 6706 6731 6707
f 6731 6732 6707
f 6707 6732 6708
f 6732 6733 6708
f 6708 6733 6709
f 6733 6734 6709
f 6709 6734 6710
f 6734 6735 6710
f 6710 6735 6711
f 6735 6736 6711
f 6711 6736 6712
f 6736 6737 6712
f 6712 6737 6713
f 6737 6738 6713
f 6713 6738 6714
f 6738 6739 6714
f 6714 6739 6715
f 6739 6740 6715
f 6715 6740 6716
f 6740 6741 6716
f 6716 6741 6717
f 6741 6742 6717
f 6717 6742 6718
f 6742 6743 6718
f 6718 6743 6719
f 6743 6744 6719
f 6719 6744 6720
f 6744 6745 6720
f 6720 6745 6721
f 6745 6746 6721
f 6721 6746 6722
f 6746 6747 6722
f 6722 6747 6723
f 6747 6748 6723
f 6723 6748 6724
f 6748 6749 6724
f 6724 6749 6725
f 6749 6750 6725
f 6725 6750 6726
f 6750 6727 6726
f 6750 6751 6727
f 6751 6752 6727
f 6727 6752 6728
f 6752 6753 6728
f 6728 6753 6729
f 6753 6754 6729
f 6729 6754 6730
f 6754 6755 6730
f 6730 6755 6731
f 6755 6756 6731
f 6731 6756 6732
f 6756 6757 6732
f 6732 6757 6733
f 6757 6758 6733
f 6733 6758 6734
f 6758 6759 6734
f 6734 6759 6735
f 6759 6760 6735
f 6735 6760 6736
f 6760 6761 6736
f 6736 6761 6737
f 6761 6762 6737
f 6737 6762 6738
f 6762 6763 6738
f 6738 6763 6739
f 6763 6764 6739
f 6739 6764 6740
f 6764 6765 6740
f 6740 6765 6741
f 6765 6766 6741
f 6741 6766 6742
f 6766 6767 6742
f 6742 6767 6743
f 6767 6768 6743
f 6743 6768 6744
f 6768 6769 6744
f 6744 6769 6745
f 6769 6770 6745
f 6745 6770 6746
f 6770 6771 6746
f 6746 6771 6747
f 6771 6772 6747
f 6747 6772 6748
f 6772 6773 6748
f 6748 6773 6749
f 6773 6774 6749
f 6749 6774 6750
f 6774 6751 6750
f 6774 6775 6751
f 6775 6776 6751
f 6751 6776 6752
f 6776 6777 6752
f 6752 6777 6753
f 6777 6778 6753
f 6753 6778 6754
f 6778 6779 6754
f 6754 6779 6755
f 6779 6780 6755
f 6755 6780 6756
f 6780 6781 6756
f 6756 6781 6757
f 6781 6782 6757
f 6757 6782 6758
f 6782 6783 6758
f 6758 6783 6759
f 6783 6784 6759
f 6759 6784 6760
f 6784 6785 6760
f 6760 6785 6761
f 6785 6786 6761
f 6761 6786 6762
f 6786 6787 6762
f 6762 6787 6763
f 6787 6788 6763
f 6763 6788 6764
f 6788 6789 6764
f 6764 6789 6765
f 6789 6790 6765
f 6765 6790 6766
f 6790 6791 6766
f 6766 6791 6767
f 6791 6792 6767
f 6767 6792 6768
f 6792 6793 6768
f 6768 6793 6769
f 6793 6794 6769
f 6769 6794 6770
f 6794 6795 6770
f 6770 6795 6771
f 6795 6796 6771
f 6771 6796 6772
f 6796 6797 6772
f 6772 6797 6773
f 6797 6798 6773
f 6773 6798 6774
f 6798 6775 6774
f 6798 6799 6775
f 6799 6800 6775
f 6775 6800 6776
f 6800 6801 6776
f 6776 6801 6777
f 6801 6802 6777
f 6777 6802 6778
f 6802 6803 6778
f 6778 6803 6779
f 6803 6804 6779
f 6779 6804 6780
f 6804 6805 6780
f 6780 6805 6781
f 6805 6806 6781
f 6781 6806 6782
f 6806 6807 6782
f 6782 6807 6783
f 6807 6808 6783
f 6783 6808 6784
f 6808 6809 6784
f 6784 6809 6785
f 6809 6810 6785
f 6785 6810 6786
f 6810 6811 6786
f 6786 6811 6787
f 6811 6812 6787
f 6787 6812 6788
f 6812 6813 6788
f 6788 6813 6789
f 6813 6814 6789
f 6789 6814 6790
f 6814 6815 6790
f 6790 6815 6791
f 6815 6816 6791
f 6791 6816 6792
f 6816 6817 6792
f 6792 6817 6793
f 6817 6818 6793
f 6793 6818 6794
f 6818 6819 6794
f 6794 6819 6795
f 6819 6820 6795
f 6795 6820 6796
f 6820 6821 6796
f 6796 6821 6797
f 6821 6822 6797
f 6797 6822 6798
f 6822 6799 6798
f 6822 6823 6799
f 6823 6824 6799
f 6799 6824 6800
f 6824 6825 6800
f 6800 6825 6801
f 6825 6826 6801
f 6801 6826 6802
f 6826 6827 6802
f 6802 6827 6803
f 6827 6828 6803
f 6803 6828 6804
f 6828 6829 6804
f 6804 6829 6805
f 6829 6830 6805
f 6805 6830 6806
f 6830 6831 6806
f 6806 6831 6807
f 6831 6832 6807
f 6807 6832 6808
f 6832 6833 6808
f 6808 6833 6809
f 6833 6834 6809
f 6809 6834 6810
f 6834 6835 6810
f 6810 6835 6811
f 6835 6836 6811
f 6811 6836 6812
f 6836 6837 6812
f 6812 6837 6813
f 6837 6838 6813
f 6813 6838 6814
f 6838 6839 6814
f 6814 6839 6815
f 6839 6840 6815
f 6815 6840 6816
f 6840 6841 6816
f 6816 6841 6817
f 6841 6842 6817
f 6817 6842 6818
f 6842 6843 6818
f 6818 6843 6819
f 6843 6844 6819
f 6819 6844 6820
f 6844 6845 6820
f 6820 6845 6821
f 6845 6846 6821
f 6821 6846 6822
f 6846 6823 6822
f 6846 6634 6823
f 6634 6655 6823
f 6823 6655 6824
f 6655 6656 6824
f 6824 6656 6825
f 6656 6657 6825
f 6825 6657 6826
f 6657 6658 6826
f 6826 6658 6827
f 6658 6659 6827
f 6827 6659 6828
f 6659 6654 6828
f 6828 6654 6829
f 6654 6653 6829
f 6829 6653 6830
f 6653 6652 6830
f 6830 6652 6831
f 6652 6651 6831
f 6831 6651 6832
f 6651 6650 6832
f 6832 6650 6833
f 6650 6649 6833
f 6833 6649 6834
f 6649 6647 6834
f 6834 6647 6835
f 6647 6646 6835
f 6835 6646 6836
f 6646 6645 6836
f 6836 6645 6837
f 6645 6644 6837
f 6837 6644 6838
f 6644 6643 6838
f 6838 6643 6839
f 6643 6642 6839
f 6839 6642 6840
f 6642 6640 6840
f 6840 6640 6841
f 6640 6639 6841
f 6841 6639 6842
f 6639 6638 6842
f 6842 6638 6843
f 6638 6637 6843
f 6843 6637 6844
f 6637 6636 6844
f 6844 6636 6845
f 6636 6635 6845
f 6845 6635 6846
f 6635 6634 6846
f 6847 6666 6848
f 6666 6668 6848
f 6848 6668 6849
f 6668 6670 6849
f 6849 6670 6850
f 6670 6672 6850
f 6850 6672 6851
f 6672 6674 6851
f 6851 6674 6852
f 6674 6676 6852
f 6852 6676 6853
f 6676 6678 6853
f 6853 6678 6854
f 6678 6679 6854
f 6854 6679 6855
f 6679 6681 6855
f 6855 6681 6856
f 6681 6683 6856
f 6856 6683 6857
f 6683 6685 6857
f 6857 6685 6858
f 6685 6686 6858
f 6858 6686 6859
f 6686 6687 6859
f 6859 6687 6860
f 6687 6688 6860
f 6860 6688 6861
f 6688 6690 6861
f 6861 6690 6862
f 6690 6692 6862
f 6862 6692 6863
f 6692 6694 6863
f 6863 6694 6864
f 6694 6695 6864
f 6864 6695 6865
f 6695 6697 6865
f 6865 6697 6866
f 6697 6699 6866
f 6866 6699 6867
f 6699 6701 6867
f 6867 6701 6868
f 6701 6660 6868
f 6868 6660 6869
f 6660 6662 6869
f 6869 6662 6870
f 6662 6664 6870
f 6870 6664 6847
f 6664 6666 6847
f 6871 6863 6872
f 6863 6864 6872
f 6872 6864 6873
f 6864 6865 6873
f 6873 6865 6874
f 6865 6866 6874
f 6874 6866 6875
f 6866 6867 6875
f 6875 6867 6876
f 6867 6868 6876
f 6876 6868 6877
f 6868 6869 6877
f 6877 6869 6878
f 6869 6870 6878
f 6878 6870 6879
f 6870 6847 6879
f 6879 6847 6880
f 6847 6848 6880
f 6880 6848 6881
f 6848 6849 6881
f 6881 6849 6882
f 6849 6850 6882
f 6882 6850 6883
f 6850 6851 6883
f 6883 6851 6884
f 6851 6852 6884
f 6884 6852 6885
f 6852 6853 6885
f 6885 6853 6886
f 6853 6854 6886
f 6886 6854 6887
f 6854 6855 6887
f 6887 6855 6888
f 6855 6856 6888
f 6888 6856 6889
f 6856 6857 6889
f 6889 6857 6890
f 6857 6858 6890
f 6890 6858 6891
f 6858 6859 6891
f 6891 6859 5815
f 6859 6860 5815
f 5815 6860 6892
f 6860 6861 6892
f 6892 6861 6893
f 6861 6862 6893
f 6893 6862 6871
f 6862 6863 6871
f 6874 5809 6873
f 5809 5810 6873
f 6873 5810 6872
f 5810 5811 6872
f 6872 5811 6871
f 5811 5812 6871
f 6871 5812 6893
f 5812 5813 6893
f 6893 5813 6892
f 5813 5814 6892
f 6892 5814 5815
f 5815 5816 6891
f 6891 5816 6890
f 5816 5817 6890
f 6890 5817 6889
f 5817 5818 6889
f 6889 5818 6888
f 5818 5819 6888
f 6888 5819 6887
f 5819 5820 6887
f 6887 5820 6886
f 5820 5821 6886
f 6886 5821 6885
f 5821 5822 6885
f 6885 5822 6884
f 5822 5823 6884
f 6884 5823 6883
f 5823 5800 6883
f 6883 5800 6882
f 5800 5801 6882
f 6882 5801 6881
f 5801 5802 6881
f 6881 5802 6880
f 5802 5803 6880
f 6880 5803 6879
f 5803 5804 6879
f 6879 5804 6878
f 5804 5805 6878
f 6878 5805 6877
f 5805 5806 6877
f 6877 5806 6876
f 5806 5807 6876
f 6876 5807 6875
f 5807 5808 6875
f 6875 5808 6874
f 5808 5809 6874
f 6895 6896 6894
f 6894 6896 6897
f 6897 6896 6898
f 6896 6899 6898
f 6898 6899 6900
f 6899 6901 6900
f 6900 6901 6902
f 6902 6901 6903
f 6901 6904 6903
f 6903 6904 6905
f 6904 6906 6905
f 6905 6906 6907
f 6908 6895 6909
f 6895 6894 6909
f 6910 6911 6912
f 6911 6913 6912
f 6912 6913 6909
f 6913 6908 6909
f 6914 6911 6915
f 6911 6910 6915
f 6917 6918 6916
f 6916 6918 6919
f 6918 6920 6919
f 6919 6920 6921
f 6920 6922 6921
f 6921 6922 6923
f 6923 6922 6924
f 6922 6925 6924
f 6924 6925 6926
f 6925 6927 6926
f 6926 6927 6915
f 6927 6914 6915
f 6928 6917 6929
f 6917 6916 6929
f 6930 6931 6932
f 6931 6933 6932
f 6932 6933 6929
f 6933 6928 6929
f 6934 6931 6935
f 6931 6930 6935
f 6936 6937 6938
f 6937 6939 6938
f 6938 6939 6940
f 6939 6941 6940
f 6940 6941 6942
f 6942 6941 6943
f 6941 6944 6943
f 6943 6944 6945
f 6944 6946 6945
f 6945 6946 6935
f 6946 6934 6935
f 6947 6937 6948
f 6937 6936 6948
f 6949 6950 6951
f 6950 6952 6951
f 6951 6952 6948
f 6952 6947 6948
f 6953 6950 6954
f 6950 6949 6954
f 6955 6956 6957
f 6956 6958 6957
f 6957 6958 6959
f 6959 6958 6960
f 6958 6961 6960
f 6960 6961 6962
f 6961 6963 6962
f 6962 6963 6964
f 6964 6963 6965
f 6963 6966 6965
f 6965 6966 6967
f 6966 6968 6967
f 6967 6968 6969
f 6968 6953 6969
f 6969 6953 6954
f 6970 6956 6971
f 6956 6955 6971
f 6972 6973 6906
f 6952 6950 6953
f 6968 6944 6941
f 6963 6904 6966
f 6904 6901 6966
f 6966 6901 6968
f 6899 6896 6925
f 6970 6972 6956
f 6972 6906 6956
f 6956 6906 6958
f 6906 6904 6958
f 6958 6904 6961
f 6904 6963 6961
f 6968 6901 6925
f 6925 6901 6899
f 6913 6911 6914
f 6933 6931 6934
f 6947 6952 6937
f 6952 6953 6937
f 6937 6953 6939
f 6953 6968 6939
f 6939 6968 6941
f 6908 6913 6895
f 6913 6914 6895
f 6895 6914 6896
f 6914 6927 6896
f 6896 6927 6925
f 6918 6944 6920
f 6944 6968 6920
f 6920 6968 6922
f 6968 6925 6922
f 6928 6933 6917
f 6933 6934 6917
f 6917 6934 6918
f 6934 6946 6918
f 6918 6946 6944
f 6906 6973 6907
f 6973 6974 6907
f 6974 6973 6975
f 6973 6972 6975
f 6975 6972 6971
f 6972 6970 6971
f 6955 6976 6971
f 6945 6935 6977
f 6977 6935 6978
f 6935 6930 6978
f 6979 6943 6977
f 6977 6943 6945
f 6980 6942 6979
f 6979 6942 6943
f 6938 6940 6980
f 6940 6942 6980
f 6967 6969 6981
f 6969 6954 6981
f 6981 6954 6982
f 6954 6949 6982
f 6983 6965 6981
f 6981 6965 6967
f 6984 6962 6983
f 6962 6964 6983
f 6983 6964 6965
f 6976 6955 6984
f 6955 6957 6984
f 6984 6957 6959
f 6959 6960 6984
f 6960 6962 6984
f 6903 6905 6985
f 6905 6907 6985
f 6985 6907 6986
f 6907 6974 6986
f 6987 6902 6985
f 6985 6902 6903
f 6988 6900 6987
f 6900 6902 6987
f 6988 6894 6897
f 6897 6898 6988
f 6898 6900 6988
f 6926 6915 6989
f 6989 6915 6990
f 6915 6910 6990
f 6991 6924 6989
f 6989 6924 6926
f 6992 6921 6991
f 6921 6923 6991
f 6991 6923 6924
f 6992 6916 6919
f 6919 6921 6992
f 6971 6993 6975
f 6993 6994 6975
f 6975 6994 6974
f 6994 6995 6974
f 6974 6995 6986
f 6995 6996 6986
f 6986 6996 6985
f 6996 6997 6985
f 6985 6997 6987
f 6997 6998 6987
f 6987 6998 6988
f 6998 6999 6988
f 6988 6999 7000
f 6988 7000 6894
f 6894 7000 6909
f 7000 6999 6909
f 6909 6999 6912
f 6999 7001 6912
f 6912 7001 6910
f 7001 7002 6910
f 6910 7002 6990
f 7002 7003 6990
f 6990 7003 6989
f 7003 7004 6989
f 6989 7004 6991
f 7004 7005 6991
f 6991 7005 6992
f 7005 7006 6992
f 6992 7006 7007
f 6992 7007 6916
f 6916 7007 6929
f 7007 7006 6929
f 6929 7006 6932
f 7006 7008 6932
f 6932 7008 6930
f 7008 7009 6930
f 6930 7009 6978
f 7009 7010 6978
f 6978 7010 6977
f 7010 7011 6977
f 6977 7011 6979
f 7011 7012 6979
f 6979 7012 6980
f 7012 7013 6980
f 6980 7013 7014
f 6971 6976 6993
f 6976 6984 6993
f 6993 6984 7015
f 6984 6983 7015
f 7015 6983 7016
f 6983 6981 7016
f 7016 6981 7017
f 6981 6982 7017
f 7017 6982 7018
f 6982 6949 7018
f 7018 6949 7019
f 6949 6951 7019
f 7019 6951 7013
f 6951 6948 7013
f 7013 6948 7014
f 6948 6936 7014
f 7014 6936 6980
f 6936 6938 6980
f 7020 7021 7022
f 7021 7023 7022
f 7025 7026 7027
f 7026 7028 7027
f 7027 7028 7029
f 7028 7030 7029
f 7029 7030 7031
f 7030 7032 7031
f 7032 7033 7034
f 7033 7035 7034
f 7034 7035 7036
f 7035 7037 7036
f 7036 7037 7038
f 7037 7039 7038
f 7038 7039 7040
f 7039 7041 7040
f 7040 7041 7042
f 7041 7043 7042
f 7042 7043 7044
f 7043 7045 7044
f 7044 7045 7046
f 7045 7047 7046
f 7046 7047 7048
f 7047 7049 7048
f 7048 7049 7050
f 7049 7051 7050
f 7050 7051 7052
f 7051 7053 7052
f 7052 7053 7054
f 7053 7055 7054
f 7054 7055 7056
f 7055 7057 7056
f 7056 7057 7058
f 7057 7059 7058
f 7059 7060 7061
f 7060 7062 7061
f 7061 7062 7020
f 7062 7021 7020
f 7062 7063 7021
f 7063 7064 7021
f 7021 7064 7023
f 7064 7065 7023
f 7023 7065 7024
f 7065 7066 7024
f 7024 7066 7025
f 7066 7067 7025
f 7025 7067 7026
f 7067 7068 7026
f 7026 7068 7028
f 7068 7069 7028
f 7028 7069 7030
f 7069 7070 7030
f 7030 7070 7032
f 7070 7071 7032
f 7032 7071 7033
f 7071 7072 7033
f 7033 7072 7035
f 7072 7073 7035
f 7035 7073 7037
f 7073 7074 7037
f 7037 7074 7039
f 7074 7075 7039
f 7039 7075 7041
f 7075 7076 7041
f 7041 7076 7043
f 7076 7077 7043
f 7043 7077 7045
f 7077 7078 7045
f 7045 7078 7047
f 7078 7079 7047
f 7047 7079 7049
f 7079 7080 7049
f 7049 7080 7051
f 7080 7081 7051
f 7051 7081 7053
f 7081 7082 7053
f 7053 7082 7055
f 7082 7083 7055
f 7055 7083 7057
f 7083 7084 7057
f 7057 7084 7059
f 7084 7085 7059
f 7059 7085 7060
f 7085 7086 7060
f 7060 7086 7062
f 7086 7063 7062
f 7086 7087 7063
f 7087 7088 7063
f 7063 7088 7064
f 7088 7089 7064
f 7064 7089 7065
f 7089 7090 7065
f 7065 7090 7066
f 7090 7091 7066
f 7066 7091 7067
f 7091 7092 7067
f 7067 7092 7068
f 7092 7093 7068
f 7068 7093 7069
f 7093 7094 7069
f 7069 7094 7070
f 7094 7095 7070
f 7070 7095 7071
f 7095 7096 7071
f 7071 7096 7072
f 7096 7097 7072
f 7072 7097 7073
f 7097 7098 7073
f 7073 7098 7074
f 7098 7099 7074
f 7074 7099 7075
f 7099 7100 7075
f 7075 7100 7076
f 7100 7101 7076
f 7076 7101 7077
f 7101 7102 7077
f 7077 7102 7078
f 7102 7103 7078
f 7078 7103 7079
f 7103 7104 7079
f 7079 7104 7080
f 7104 7105 7080
f 7080 7105 7081
f 7105 7106 7081
f 7081 7106 7082
f 7106 7107 7082
f 7082 7107 7083
f 7107 7108 7083
f 7083 7108 7084
f 7108 7109 7084
f 7084 7109 7085
f 7109 7110 7085
f 7085 7110 7086
f 7110 7087 7086
f 7110 7111 7087
f 7111 7112 7087
f 7087 7112 7088
f 7112 7113 7088
f 7088 7113 7089
f 7113 7114 7089
f 7089 7114 7090
f 7114 7115 7090
f 7090 7115 7091
f 7115 7116 7091
f 7091 7116 7092
f 7116 7117 7092
f 7092 7117 7093
f 7117 7118 7093
f 7093 7118 7094
f 7118 7119 7094
f 7094 7119 7095
f 7119 7120 7095
f 7095 7120 7096
f 7120 7121 7096
f 7096 7121 7097
f 7121 7122 7097
f 7097 7122 7098
f 7122 7123 7098
f 7098 7123 7099
f 7123 7124 7099
f 7099 7124 7100
f 7124 7125 7100
f 7100 7125 7101
f 7125 7126 7101
f 7101 7126 7102
f 7126 7127 7102
f 7102 7127 7103
f 7127 7128 7103
f 7103 7128 7104
f 7128 7129 7104
f 7104 7129 7105
f 7129 7130 7105
f 7105 7130 7106
f 7130 7131 7106
f 7106 7131 7107
f 7131 7132 7107
f 7107 7132 7108
f 7132 7133 7108
f 7108 7133 7109
f 7133 7134 7109
f 7109 7134 7110
f 7134 7111 7110
f 7134 7135 7111
f 7135 7136 7111
f 7111 7136 7112
f 7136 7137 7112
f 7112 7137 7113
f 7137 7138 7113
f 7113 7138 7114
f 7138 7139 7114
f 7114 7139 7115
f 7139 7140 7115
f 7115 7140 7116
f 7140 7141 7116
f 7116 7141 7117
f 7141 7142 7117
f 7117 7142 7118
f 7142 7143 7118
f 7118 7143 7119
f 7143 7144 7119
f 7119 7144 7120
f 7144 7145 7120
f 7120 7145 7121
f 7145 7146 7121
f 7121 7146 7122
f 7146 7147 7122
f 7122 7147 7123
f 7147 7148 7123
f 7123 7148 7124
f 7148 7149 7124
f 7124 7149 7125
f 7149 7150 7125
f 7125 7150 7126
f 7150 7151 7126
f 7126 7151 7127
f 7151 7152 7127
f 7127 7152 7128
f 7152 7153 7128
f 7128 7153 7129
f 7153 7154 7129
f 7129 7154 7130
f 7154 7155 7130
f 7130 7155 7131
f 7155 7156 7131
f 7131 7156 7132
f 7156 7157 7132
f 7132 7157 7133
f 7157 7158 7133
f 7133 7158 7134
f 7158 7135 7134
f 7158 7159 7135
f 7159 7160 7135
f 7135 7160 7136
f 7160 7161 7136
f 7136 7161 7137
f 7161 7162 7137
f 7137 7162 7138
f 7162 7163 7138
f 7138 7163 7139
f 7163 7164 7139
f 7139 7164 7140
f 7164 7165 7140
f 7140 7165 7141
f 7165 7166 7141
f 7141 7166 7142
f 7166 7167 7142
f 7142 7167 7143
f 7167 7168 7143
f 7143 7168 7144
f 7168 7169 7144
f 7144 7169 7145
f 7169 7170 7145
f 7145 7170 7146
f 7170 7171 7146
f 7146 7171 7147
f 7171 7172 7147
f 7147 7172 7148
f 7172 7173 7148
f 7148 7173 7149
f 7173 7174 7149
f 7149 7174 7150
f 7174 7175 7150
f 7150 7175 7151
f 7175 7176 7151
f 7151 7176 7152
f 7176 7177 7152
f 7152 7177 7153
f 7177 7178 7153
f 7153 7178 7154
f 7178 7179 7154
f 7154 7179 7155
f 7179 7180 7155
f 7155 7180 7156
f 7180 7181 7156
f 7156 7181 7157
f 7181 7182 7157
f 7157 7182 7158
f 7182 7159 7158
f 7182 7183 7159
f 7183 7184 7159
f 7159 7184 7160
f 7184 7185 7160
f 7160 7185 7161
f 7185 7186 7161
f 7161 7186 7162
f 7186 7187 7162
f 7162 7187 7163
f 7187 7188 7163
f 7163 7188 7164
f 7188 7189 7164
f 7164 7189 7165
f 7189 7190 7165
f 7165 7190 7166
f 7190 7191 7166
f 7166 7191 7167
f 7191 7192 7167
f 7167 7192 7168
f 7192 7193 7168
f 7168 7193 7169
f 7193 7194 7169
f 7169 7194 7170
f 7194 7195 7170
f 7170 7195 7171
f 7195 7196 7171
f 7171 7196 7172
f 7196 7197 7172
f 7172 7197 7173
f 7197 7198 7173
f 7173 7198 7174
f 7198 7199 7174
f 7174 7199 7175
f 7199 7200 7175
f 7175 7200 7176
f 7200 7201 7176
f 7176 7201 7177
f 7201 7202 7177
f 7177 7202 7178
f 7202 7203 7178
f 7178 7203 7179
f 7203 7204 7179
f 7179 7204 7180
f 7204 7205 7180
f 7180 7205 7181
f 7205 7206 7181
f 7181 7206 7182
f 7206 7183 7182
f 7206 6993 7183
f 6993 7015 7183
f 7183 7015 7184
f 7015 7016 7184
f 7184 7016 7185
f 7016 7017 7185
f 7185 7017 7186
f 7017 7018 7186
f 7186 7018 7187
f 7018 7019 7187
f 7187 7019 7188
f 7019 7013 7188
f 7188 7013 7189
f 7013 7012 7189
f 7189 7012 7190
f 7012 7011 7190
f 7190 7011 7191
f 7011 7010 7191
f 7191 7010 7192
f 7010 7009 7192
f 7192 7009 7193
f 7009 7008 7193
f 7193 7008 7194
f 7008 7006 7194
f 7194 7006 7195
f 7006 7005 7195
f 7195 7005 7196
f 7005 7004 7196
f 7196 7004 7197
f 7004 7003 7197
f 7197 7003 7198
f 7003 7002 7198
f 7198 7002 7199
f 7002 7001 7199
f 7199 7001 7200
f 7001 6999 7200
f 7200 6999 7201
f 6999 6998 7201
f 7201 6998 7202
f 6998 6997 7202
f 7202 6997 7203
f 6997 6996 7203
f 7203 6996 7204
f 6996 6995 7204
f 7204 6995 7205
f 6995 6994 7205
f 7205 6994 7206
f 6994 6993 7206
f 7207 7042 7208
f 7042 7044 7208
f 7208 7044 7209
f 7044 7046 7209
f 7209 7046 7210
f 7046 7048 7210
f 7210 7048 7211
f 7048 7050 7211
f 7211 7050 7212
f 7050 7052 7212
f 7212 7052 7213
f 7052 7054 7213
f 7213 7054 7214
f 7054 7056 7214
f 7214 7056 7215
f 7056 7058 7215
f 7215 7058 7216
f 7058 7059 7216
f 7216 7059 7217
f 7059 7061 7217
f 7217 7061 7218
f 7061 7020 7218
f 7218 7020 7219
f 7020 7022 7219
f 7219 7022 7220
f 7022 7023 7220
f 7220 7023 7221
f 7023 7024 7221
f 7221 7024 7222
f 7024 7025 7222
f 7222 7025 7223
f 7025 7027 7223
f 7223 7027 7224
f 7027 7029 7224
f 7224 7029 7225
f 7029 7031 7225
f 7225 7031 7226
f 7031 7032 7226
f 7226 7032 7227
f 7032 7034 7227
f 7227 7034 7228
f 7034 7036 7228
f 7228 7036 7229
f 7036 7038 7229
f 7229 7038 7230
f 7038 7040 7230
f 7230 7040 7207
f 7040 7042 7207
f 7231 7213 7232
f 7213 7214 7232
f 7232 7214 7233
f 7214 7215 7233
f 7233 7215 7234
f 7215 7216 7234
f 7234 7216 7235
f 7216 7217 7235
f 7235 7217 7236
f 7217 7218 7236
f 7236 7218 7237
f 7218 7219 7237
f 7237 7219 7238
f 7219 7220 7238
f 7238 7220 7239
f 7220 7221 7239
f 7239 7221 5934
f 7221 7222 5934
f 5934 7222 7240
f 7222 7223 7240
f 7240 7223 7241
f 7223 7224 7241
f 7241 7224 7242
f 7224 7225 7242
f 7242 7225 7243
f 7225 7226 7243
f 7243 7226 7244
f 7226 7227 7244
f 7244 7227 7245
f 7227 7228 7245
f 7245 7228 7246
f 7228 7229 7246
f 7246 7229 7247
f 7229 7230 7247
f 7247 7230 7248
f 7230 7207 7248
f 7248 7207 7249
f 7207 7208 7249
f 7249 7208 7250
f 7208 7209 7250
f 7250 7209 7251
f 7209 7210 7251
f 7251 7210 7252
f 7210 7211 7252
f 7252 7211 7253
f 7211 7212 7253
f 7253 7212 7231
f 7212 7213 7231
f 7253 5920 7252
f 5920 5921 7252
f 7252 5921 7251
f 5921 5922 7251
f 7251 5922 7250
f 5922 5923 7250
f 7250 5923 7249
f 5923 5924 7249
f 7249 5924 7248
f 5924 5925 7248
f 7248 5925 7247
f 5925 5926 7247
f 7247 5926 7246
f 5926 5927 7246
f 7246 5927 7245
f 5927 5928 7245
f 7245 5928 7244
f 5928 5929 7244
f 7244 5929 7243
f 5929 5930 7243
f 7243 5930 7242
f 5930 5931 7242
f 7242 5931 7241
f 5931 5932 7241
f 7241 5932 7240
f 5932 5933 7240
f 7240 5933 5934
f 5934 5935 7239
f 7239 5935 7238
f 5935 5936 7238
f 7238 5936 7237
f 5936 5937 7237
f 7237 5937 7236
f 5937 5938 7236
f 7236 5938 7235
f 5938 5939 7235
f 7235 5939 7234
f 5939 5940 7234
f 7234 5940 7233
f 5940 5941 7233
f 7233 5941 7232
f 5941 5942 7232
f 7232 5942 7231
f 5942 5919 7231
f 7231 5919 7253
f 5919 5920 7253
f 7254 4274 4272
f 4781 4780 7255
f 4779 7255 4778
f 7255 4780 4778
f 7254 4272 7256
f 7256 4272 4270
f 4270 4268 7256
f 4268 4266 7256
f 7256 4266 7257
f 4266 4777 7257
f 7257 4777 7255
f 4777 4781 7255
f 7258 7259 7260
f 7259 7261 7260
f 7260 7261 7262
f 7261 7263 7262
f 7262 7263 7264
f 7264 7263 7265
f 7263 7266 7265
f 7265 7266 7267
f 7267 7266 7268
f 7266 7269 7268
f 7268 7269 7270
f 7269 7271 7270
f 7270 7271 7272
f 7272 7271 7273
f 7271 7274 7273
f 7273 7274 7275
f 7276 7259 7277
f 7259 7258 7277
f 7276 7277 7278
f 7277 7279 7278
f 7278 7279 7280
f 7279 7281 7280
f 7282 7280 7283
f 7280 7281 7283
f 7284 7285 7286
f 7285 7287 7286
f 7286 7287 7288
f 7288 7287 7289
f 7287 7290 7289
f 7289 7290 7291
f 7291 7290 7292
f 7290 7293 7292
f 7292 7293 7294
f 7294 7293 7295
f 7293 7296 7295
f 7295 7296 7297
f 7296 7298 7297
f 7297 7298 7299
f 7299 7298 7300
f 7298 7282 7300
f 7300 7282 7283
f 7301 7285 7302
f 7285 7284 7302
f 7301 7302 7303
f 7302 7304 7303
f 7303 7304 7305
f 7304 7306 7305
f 7307 7305 7308
f 7305 7306 7308
f 7309 7310 7311
f 7310 7312 7311
f 7311 7312 7313
f 7313 7312 7314
f 7312 7315 7314
f 7314 7315 7316
f 7316 7315 7317
f 7315 7318 7317
f 7317 7318 7319
f 7319 7318 7320
f 7318 7321 7320
f 7320 7321 7322
f 7321 7323 7322
f 7322 7323 7324
f 7324 7323 7325
f 7323 7307 7325
f 7325 7307 7308
f 7326 7310 7327
f 7310 7309 7327
f 7326 7327 7328
f 7327 7329 7328
f 7328 7329 7330
f 7329 7331 7330
f 7332 7330 7333
f 7330 7331 7333
f 7334 7335 7336
f 7335 7337 7336
f 7336 7337 7338
f 7337 7339 7338
f 7338 7339 7340
f 7340 7339 7341
f 7339 7342 7341
f 7341 7342 7343
f 7343 7342 7344
f 7342 7345 7344
f 7344 7345 7346
f 7345 7347 7346
f 7346 7347 7348
f 7348 7347 7349
f 7347 7332 7349
f 7349 7332 7333
f 7350 7335 7351
f 7335 7334 7351
f 7303 7305 7307
f 7278 7280 7282
f 7352 7353 7274
f 7269 7266 7337
f 7301 7303 7285
f 7303 7307 7285
f 7285 7307 7287
f 7307 7323 7287
f 7287 7323 7321
f 7339 7296 7342
f 7296 7293 7342
f 7342 7293 7345
f 7293 7290 7345
f 7321 7318 7287
f 7318 7315 7287
f 7287 7315 7290
f 7315 7312 7290
f 7290 7312 7345
f 7328 7330 7332
f 7350 7352 7335
f 7352 7274 7335
f 7335 7274 7337
f 7274 7271 7337
f 7337 7271 7269
f 7266 7263 7337
f 7263 7282 7337
f 7337 7282 7339
f 7282 7298 7339
f 7339 7298 7296
f 7326 7328 7310
f 7328 7332 7310
f 7310 7332 7312
f 7332 7347 7312
f 7312 7347 7345
f 7276 7278 7259
f 7278 7282 7259
f 7259 7282 7261
f 7282 7263 7261
f 7274 7353 7275
f 7353 7354 7275
f 7350 7351 7352
f 7351 7355 7352
f 7352 7355 7353
f 7355 7354 7353
f 7334 7356 7351
f 7322 7324 7357
f 7324 7325 7357
f 7325 7308 7357
f 7357 7308 7358
f 7308 7306 7358
f 7359 7320 7357
f 7357 7320 7322
f 7360 7317 7359
f 7317 7319 7359
f 7359 7319 7320
f 7313 7314 7360
f 7314 7316 7360
f 7360 7316 7317
f 7346 7348 7361
f 7348 7349 7361
f 7349 7333 7361
f 7361 7333 7362
f 7333 7331 7362
f 7363 7344 7361
f 7344 7346 7361
f 7364 7341 7363
f 7341 7343 7363
f 7363 7343 7344
f 7356 7334 7364
f 7334 7336 7364
f 7364 7336 7338
f 7338 7340 7364
f 7364 7340 7341
f 7270 7272 7365
f 7272 7273 7365
f 7273 7275 7365
f 7365 7275 7366
f 7275 7354 7366
f 7367 7268 7365
f 7268 7270 7365
f 7368 7265 7367
f 7265 7267 7367
f 7367 7267 7268
f 7368 7260 7262
f 7262 7264 7368
f 7368 7264 7265
f 7297 7299 7369
f 7299 7300 7369
f 7300 7283 7369
f 7369 7283 7370
f 7283 7281 7370
f 7371 7295 7369
f 7369 7295 7297
f 7372 7292 7371
f 7292 7294 7371
f 7371 7294 7295
f 7372 7286 7288
f 7288 7289 7372
f 7289 7291 7372
f 7372 7291 7292
f 7351 7373 7355
f 7373 7374 7355
f 7355 7374 7354
f 7374 7375 7354
f 7354 7375 7366
f 7375 7376 7366
f 7366 7376 7365
f 7376 7377 7365
f 7365 7377 7367
f 7377 7378 7367
f 7367 7378 7368
f 7378 7379 7368
f 7368 7379 7380
f 7260 7368 7258
f 7368 7380 7258
f 7258 7380 7277
f 7380 7379 7277
f 7277 7379 7279
f 7379 7381 7279
f 7279 7381 7281
f 7381 7382 7281
f 7281 7382 7370
f 7382 7383 7370
f 7370 7383 7369
f 7383 7384 7369
f 7369 7384 7371
f 7384 7385 7371
f 7371 7385 7372
f 7385 7386 7372
f 7372 7386 7387
f 7286 7372 7284
f 7372 7387 7284
f 7284 7387 7302
f 7387 7386 7302
f 7302 7386 7304
f 7386 7388 7304
f 7304 7388 7306
f 7388 7389 7306
f 7306 7389 7358
f 7389 7390 7358
f 7358 7390 7357
f 7390 7391 7357
f 7357 7391 7359
f 7391 7392 7359
f 7359 7392 7360
f 7392 7393 7360
f 7360 7393 7394
f 7351 7356 7373
f 7356 7364 7373
f 7373 7364 7395
f 7364 7363 7395
f 7395 7363 7396
f 7363 7361 7396
f 7396 7361 7397
f 7361 7362 7397
f 7397 7362 7398
f 7362 7331 7398
f 7398 7331 7399
f 7331 7329 7399
f 7399 7329 7393
f 7329 7327 7393
f 7393 7327 7394
f 7327 7309 7394
f 7394 7309 7360
f 7309 7311 7360
f 7360 7311 7313
f 7400 7401 7402
f 7401 7403 7402
f 7402 7403 7404
f 7403 7405 7404
f 7404 7405 7406
f 7405 7407 7406
f 7406 7407 7408
f 7407 7409 7408
f 7408 7409 7410
f 7409 7411 7410
f 7410 7411 7412
f 7411 7413 7412
f 7412 7413 7414
f 7413 7415 7414
f 7414 7415 7416
f 7415 7417 7416
f 7416 7417 7418
f 7417 7419 7418
f 7418 7419 7420
f 7419 7421 7420
f 7420 7421 7422
f 7421 7423 7422
f 7422 7423 7424
f 7423 7425 7424
f 7424 7425 7426
f 7425 7427 7426
f 7426 7427 7428
f 7427 7429 7428
f 7428 7429 7430
f 7429 7431 7430
f 7430 7431 7432
f 7431 7433 7432
f 7432 7433 7434
f 7433 7435 7434
f 7434 7435 7436
f 7435 7437 7436
f 7436 7437 7438
f 7437 7439 7438
f 7438 7439 7440
f 7439 7441 7440
f 7440 7441 7442
f 7441 7443 7442
f 7442 7443 7444
f 7443 7445 7444
f 7444 7445 7446
f 7445 7447 7446
f 7446 7447 7400
f 7447 7401 7400
f 7447 7448 7401
f 7448 7449 7401
f 7401 7449 7403
f 7449 7450 7403
f 7403 7450 7405
f 7450 7451 7405
f 7405 7451 7407
f 7451 7452 7407
f 7407 7452 7409
f 7452 7453 7409
f 7409 7453 7411
f 7453 7454 7411
f 7411 7454 7413
f 7454 7455 7413
f 7413 7455 7415
f 7455 7456 7415
f 7415 7456 7417
f 7456 7457 7417
f 7417 7457 7419
f 7457 7458 7419
f 7419 7458 7421
f 7458 7459 7421
f 7421 7459 7423
f 7459 7460 7423
f 7423 7460 7425
f 7460 7461 7425
f 7425 7461 7427
f 7461 7462 7427
f 7427 7462 7429
f 7462 7463 7429
f 7429 7463 7431
f 7463 7464 7431
f 7431 7464 7433
f 7464 7465 7433
f 7433 7465 7435
f 7465 7466 7435
f 7435 7466 7437
f 7466 7467 7437
f 7437 7467 7439
f 7467 7468 7439
f 7439 7468 7441
f 7468 7469 7441
f 7441 7469 7443
f 7469 7470 7443
f 7443 7470 7445
f 7470 7471 7445
f 7445 7471 7447
f 7471 7448 7447
f 7471 7472 7448
f 7472 7473 7448
f 7448 7473 7449
f 7473 7474 7449
f 7449 7474 7450
f 7474 7475 7450
f 7450 7475 7451
f 7475 7476 7451
f 7451 7476 7452
f 7476 7477 7452
f 7452 7477 7453
f 7477 7478 7453
f 7453 7478 7454
f 7478 7479 7454
f 7454 7479 7455
f 7479 7480 7455
f 7455 7480 7456
f 7480 7481 7456
f 7456 7481 7457
f 7481 7482 7457
f 7457 7482 7458
f 7482 7483 7458
f 7458 7483 7459
f 7483 7484 7459
f 7459 7484 7460
f 7484 7485 7460
f 7460 7485 7461
f 7485 7486 7461
f 7461 7486 7462
f 7486 7487 7462
f 7462 7487 7463
f 7487 7488 7463
f 7463 7488 7464
f 7488 7489 7464
f 7464 7489 7465
f 7489 7490 7465
f 7465 7490 7466
f 7490 7491 7466
f 7466 7491 7467
f 7491 7492 7467
f 7467 7492 7468
f 7492 7493 7468
f 7468 7493 7469
f 7493 7494 7469
f 7469 7494 7470
f 7494 7495 7470
f 7470 7495 7471
f 7495 7472 7471
f 7495 7496 7472
f 7496 7497 7472
f 7472 7497 7473
f 7497 7498 7473
f 7473 7498 7474
f 7498 7499 7474
f 7474 7499 7475
f 7499 7500 7475
f 7475 7500 7476
f 7500 7501 7476
f 7476 7501 7477
f 7501 7502 7477
f 7477 7502 7478
f 7502 7503 7478
f 7478 7503 7479
f 7503 7504 7479
f 7479 7504 7480
f 7504 7505 7480
f 7480 7505 7481
f 7505 7506 7481
f 7481 7506 7482
f 7506 7507 7482
f 7482 7507 7483
f 7507 7508 7483
f 7483 7508 7484
f 7508 7509 7484
f 7484 7509 7485
f 7509 7510 7485
f 7485 7510 7486
f 7510 7511 7486
f 7486 7511 7487
f 7511 7512 7487
f 7487 7512 7488
f 7512 7513 7488
f 7488 7513 7489
f 7513 7514 7489
f 7489 7514 7490
f 7514 7515 7490
f 7490 7515 7491
f 7515 7516 7491
f 7491 7516 7492
f 7516 7517 7492
f 7492 7517 7493
f 7517 7518 7493
f 7493 7518 7494
f 7518 7519 7494
f 7494 7519 7495
f 7519 7496 7495
f 7519 4695 7496
f 4695 7520 7496
f 7496 7520 7497
f 7520 7521 7497
f 7497 7521 7498
f 7521 4701 7498
f 7498 4701 7499
f 4701 7522 7499
f 7499 7522 7500
f 7522 7523 7500
f 7500 7523 7501
f 7523 7524 7501
f 7501 7524 7502
f 7524 7525 7502
f 7502 7525 7503
f 7525 7526 7503
f 7503 7526 7504
f 7526 4713 7504
f 7504 4713 7505
f 4713 4715 7505
f 7505 4715 7506
f 4715 7527 7506
f 7506 7527 7507
f 7527 7528 7507
f 7507 7528 7508
f 7528 7529 7508
f 7508 7529 7509
f 7529 4723 7509
f 7509 4723 7510
f 4723 4725 7510
f 7510 4725 7511
f 4725 4727 7511
f 7511 4727 7512
f 4727 4681 7512
f 7512 4681 7513
f 4681 4683 7513
f 7513 4683 7514
f 4683 7530 7514
f 7514 7530 7515
f 7530 4687 7515
f 7515 4687 7516
f 4687 4689 7516
f 7516 4689 7517
f 4689 7531 7517
f 7517 7531 7518
f 7531 4693 7518
f 7518 4693 7519
f 4693 4695 7519
f 4693 7532 4695
f 7532 7533 4695
f 4695 7533 7520
f 7533 7534 7520
f 7520 7534 7521
f 7534 7535 7521
f 7521 7535 4701
f 7535 7536 4701
f 4701 7536 7522
f 7536 7537 7522
f 7522 7537 7523
f 7537 7538 7523
f 7523 7538 7524
f 7538 7539 7524
f 7524 7539 7525
f 7539 7540 7525
f 7525 7540 7526
f 7540 7541 7526
f 7526 7541 4713
f 7541 7542 4713
f 4713 7542 4715
f 7542 7543 4715
f 4715 7543 7527
f 7543 7544 7527
f 7527 7544 7528
f 7544 7545 7528
f 7528 7545 7529
f 7545 7546 7529
f 7529 7546 4723
f 7546 7547 4723
f 4723 7547 4725
f 7547 7548 4725
f 4725 7548 4727
f 7548 7549 4727
f 4727 7549 4681
f 7549 7550 4681
f 4681 7550 4683
f 7550 7551 4683
f 4683 7551 7530
f 7551 7552 7530
f 7530 7552 4687
f 7552 7553 4687
f 4687 7553 4689
f 7553 7554 4689
f 4689 7554 7531
f 7554 7555 7531
f 7531 7555 4693
f 7555 7532 4693
f 7555 7556 7532
f 7556 7557 7532
f 7532 7557 7533
f 7557 7558 7533
f 7533 7558 7534
f 7558 7559 7534
f 7534 7559 7535
f 7559 7560 7535
f 7535 7560 7536
f 7560 7561 7536
f 7536 7561 7537
f 7561 7562 7537
f 7537 7562 7538
f 7562 7563 7538
f 7538 7563 7539
f 7563 7564 7539
f 7539 7564 7540
f 7564 7565 7540
f 7540 7565 7541
f 7565 7566 7541
f 7541 7566 7542
f 7566 7567 7542
f 7542 7567 7543
f 7567 7568 7543
f 7543 7568 7544
f 7568 7569 7544
f 7544 7569 7545
f 7569 7570 7545
f 7545 7570 7546
f 7570 7571 7546
f 7546 7571 7547
f 7571 7572 7547
f 7547 7572 7548
f 7572 7573 7548
f 7548 7573 7549
f 7573 7574 7549
f 7549 7574 7550
f 7574 7575 7550
f 7550 7575 7551
f 7575 7576 7551
f 7551 7576 7552
f 7576 7577 7552
f 7552 7577 7553
f 7577 7578 7553
f 7553 7578 7554
f 7578 7579 7554
f 7554 7579 7555
f 7579 7556 7555
f 7579 7580 7556
f 7580 7581 7556
f 7556 7581 7557
f 7581 7582 7557
f 7557 7582 7558
f 7582 7583 7558
f 7558 7583 7559
f 7583 7584 7559
f 7559 7584 7560
f 7584 7585 7560
f 7560 7585 7561
f 7585 7586 7561
f 7561 7586 7562
f 7586 7587 7562
f 7562 7587 7563
f 7587 7588 7563
f 7563 7588 7564
f 7588 7589 7564
f 7564 7589 7565
f 7589 7590 7565
f 7565 7590 7566
f 7590 7591 7566
f 7566 7591 7567
f 7591 7592 7567
f 7567 7592 7568
f 7592 7593 7568
f 7568 7593 7569
f 7593 7594 7569
f 7569 7594 7570
f 7594 7595 7570
f 7570 7595 7571
f 7595 7596 7571
f 7571 7596 7572
f 7596 7597 7572
f 7572 7597 7573
f 7597 7598 7573
f 7573 7598 7574
f 7598 7599 7574
f 7574 7599 7575
f 7599 7600 7575
f 7575 7600 7576
f 7600 7601 7576
f 7576 7601 7577
f 7601 7602 7577
f 7577 7602 7578
f 7602 7603 7578
f 7578 7603 7579
f 7603 7580 7579
f 7603 7373 7580
f 7373 7395 7580
f 7580 7395 7581
f 7395 7396 7581
f 7581 7396 7582
f 7396 7397 7582
f 7582 7397 7583
f 7397 7398 7583
f 7583 7398 7584
f 7398 7399 7584
f 7584 7399 7585
f 7399 7393 7585
f 7585 7393 7586
f 7393 7392 7586
f 7586 7392 7587
f 7392 7391 7587
f 7587 7391 7588
f 7391 7390 7588
f 7588 7390 7589
f 7390 7389 7589
f 7589 7389 7590
f 7389 7388 7590
f 7590 7388 7591
f 7388 7386 7591
f 7591 7386 7592
f 7386 7385 7592
f 7592 7385 7593
f 7385 7384 7593
f 7593 7384 7594
f 7384 7383 7594
f 7594 7383 7595
f 7383 7382 7595
f 7595 7382 7596
f 7382 7381 7596
f 7596 7381 7597
f 7381 7379 7597
f 7597 7379 7598
f 7379 7378 7598
f 7598 7378 7599
f 7378 7377 7599
f 7599 7377 7600
f 7377 7376 7600
f 7600 7376 7601
f 7376 7375 7601
f 7601 7375 7602
f 7375 7374 7602
f 7602 7374 7603
f 7374 7373 7603
f 7604 7406 7605
f 7406 7408 7605
f 7605 7408 7606
f 7408 7410 7606
f 7606 7410 7607
f 7410 7412 7607
f 7607 7412 7608
f 7412 7414 7608
f 7608 7414 7609
f 7414 7416 7609
f 7609 7416 7610
f 7416 7418 7610
f 7610 7418 7611
f 7418 7420 7611
f 7611 7420 7612
f 7420 7422 7612
f 7612 7422 7613
f 7422 7424 7613
f 7613 7424 7614
f 7424 7426 7614
f 7614 7426 7615
f 7426 7428 7615
f 7615 7428 7616
f 7428 7430 7616
f 7616 7430 7617
f 7430 7432 7617
f 7617 7432 7618
f 7432 7434 7618
f 7618 7434 7619
f 7434 7436 7619
f 7619 7436 7620
f 7436 7438 7620
f 7620 7438 7621
f 7438 7440 7621
f 7621 7440 7622
f 7440 7442 7622
f 7622 7442 7623
f 7442 7444 7623
f 7623 7444 7624
f 7444 7446 7624
f 7624 7446 7625
f 7446 7400 7625
f 7625 7400 7626
f 7400 7402 7626
f 7626 7402 7627
f 7402 7404 7627
f 7627 7404 7604
f 7404 7406 7604
f 4273 4274 7254
f 4761 4273 7609
f 7604 4756 7627
f 4756 4760 7627
f 7627 4760 7626
f 4760 4776 7626
f 7626 4776 7625
f 4776 4775 7625
f 7625 4775 7624
f 4775 4774 7624
f 7624 4774 7623
f 4774 4773 7623
f 7623 4773 7622
f 4773 4772 7622
f 7622 4772 7621
f 4772 4771 7621
f 7621 4771 7620
f 4771 4770 7620
f 7620 4770 7619
f 4770 4769 7619
f 7619 4769 7618
f 4769 4768 7618
f 7618 4768 7617
f 4768 4767 7617
f 7617 4767 7616
f 4767 4766 7616
f 7616 4766 7615
f 4766 4765 7615
f 7615 4765 7614
f 4765 4764 7614
f 7614 4764 7613
f 4764 4763 7613
f 7613 4763 7612
f 4763 4762 7612
f 7612 4762 7611
f 4762 4761 7611
f 7611 4761 7610
f 4761 7609 7610
f 4273 7254 7609
f 7254 7256 7609
f 7609 7256 7608
f 7256 7257 7608
f 7608 7257 7607
f 7257 7255 7607
f 7607 7255 7606
f 7255 4779 7606
f 7606 4779 7605
f 4779 4753 7605
f 7605 4753 7604
f 4753 4755 7604
f 7604 4755 4756
f 5033 5136 5138
f 5160 5053 5158
f 5053 5035 5158
f 5158 5035 5156
f 5035 5154 5156
f 5160 5162 5053
f 5162 5164 5053
f 5053 5164 5166
f 5146 5148 5034
f 5148 5150 5034
f 5034 5150 5035
f 5150 5152 5035
f 5035 5152 5154
f 5138 5140 5033
f 5140 5142 5033
f 5033 5142 5034
f 5142 5144 5034
f 5034 5144 5146
f 5166 5168 7628
f 7628 5168 7629
f 5168 5170 7629
f 7629 5170 7630
f 5170 5172 7630
f 7630 5172 7631
f 5166 7628 5053
f 7628 7632 5053
f 5053 7632 5055
f 5172 5174 7631
f 5174 5176 7631
f 7631 5176 7633
f 5176 5178 7633
f 7633 5178 5131
f 5178 5132 5131
f 5131 5132 5033
f 5132 5134 5033
f 5033 5134 5136
f 5094 5002 5004
f 7634 7635 4990
f 7636 5094 7637
f 5094 5095 7637
f 5004 5006 5094
f 5006 5008 5094
f 5094 5008 5096
f 5008 4962 5096
f 5096 4962 4964
f 4972 4974 5027
f 4974 4976 5027
f 5027 4976 5025
f 4976 4978 5025
f 5025 4978 4980
f 4964 4966 5096
f 4966 4968 5096
f 5096 4968 5027
f 4968 4970 5027
f 5027 4970 4972
f 4980 4982 5025
f 4982 4984 5025
f 5025 4984 5023
f 4984 4986 5023
f 5023 4986 7635
f 4986 4988 7635
f 7635 4988 4990
f 7636 7638 5094
f 7638 5000 5094
f 5094 5000 5002
f 4990 4992 7634
f 4992 4994 7634
f 7634 4994 7639
f 4994 4996 7639
f 7639 4996 7638
f 4996 4998 7638
f 7638 4998 5000
f 4253 4252 4260
f 4246 4254 4250
f 4254 7640 4250
f 4250 7640 4260
f 7640 7641 4260
f 4260 7641 4253
f 7642 7643 7644
f 7643 7645 7644
f 7644 7645 7646
f 7645 7647 7646
f 7646 7647 7648
f 7647 7649 7648
f 7648 7649 7650
f 7649 7651 7650
f 7650 7651 7652
f 7651 7653 7652
f 7652 7653 7654
f 7653 7655 7654
f 7654 7655 7656
f 7655 7657 7656
f 7656 7657 7658
f 7657 7659 7658
f 7658 7659 7660
f 7659 7661 7660
f 7660 7661 7662
f 7661 7663 7662
f 7662 7663 7664
f 7663 7665 7664
f 7664 7665 7666
f 7665 7667 7666
f 7666 7667 7668
f 7667 7669 7668
f 7668 7669 7670
f 7669 7671 7670
f 7670 7671 7672
f 7671 7673 7672
f 7672 7673 7674
f 7673 7675 7674
f 7674 7675 7676
f 7675 7677 7676
f 7676 7677 7678
f 7677 7679 7678
f 7678 7679 7680
f 7679 7681 7680
f 7680 7681 7682
f 7681 7683 7682
f 7682 7683 7684
f 7683 7685 7684
f 7684 7685 7686
f 7685 7687 7686
f 7686 7687 7688
f 7687 7689 7688
f 7688 7689 7642
f 7689 7643 7642
f 7681 7690 7683
f 7690 7691 7683
f 7683 7691 7685
f 7691 7692 7685
f 7685 7692 7687
f 7692 7693 7687
f 7687 7693 7689
f 7693 7694 7689
f 7689 7694 7643
f 7694 7695 7643
f 7643 7695 7645
f 7695 7696 7645
f 7645 7696 7647
f 7696 7697 7647
f 7647 7697 7649
f 7697 7698 7649
f 7649 7698 7651
f 7698 7699 7651
f 7651 7699 7653
f 7699 7700 7653
f 7653 7700 7655
f 7700 7701 7655
f 7655 7701 7657
f 7701 7702 7657
f 7657 7702 7659
f 7702 7703 7659
f 7659 7703 7661
f 7703 7704 7661
f 7661 7704 7663
f 7704 7705 7663
f 7663 7705 7665
f 7705 7706 7665
f 7665 7706 7667
f 7706 7707 7667
f 7667 7707 7669
f 7707 7708 7669
f 7669 7708 7671
f 7708 7709 7671
f 7671 7709 7673
f 7709 7710 7673
f 7673 7710 7675
f 7710 7711 7675
f 7675 7711 7677
f 7711 7712 7677
f 7677 7712 7679
f 7712 7713 7679
f 7679 7713 7681
f 7713 7690 7681
f 7693 7714 7694
f 7714 7715 7694
f 7694 7715 7695
f 7715 7716 7695
f 7695 7716 7696
f 7716 7717 7696
f 7696 7717 7697
f 7717 7718 7697
f 7697 7718 7698
f 7718 7719 7698
f 7698 7719 7699
f 7719 7720 7699
f 7699 7720 7700
f 7720 7721 7700
f 7700 7721 7701
f 7721 7722 7701
f 7701 7722 7702
f 7722 7723 7702
f 7702 7723 7703
f 7723 7724 7703
f 7703 7724 7704
f 7724 7725 7704
f 7704 7725 7705
f 7725 7726 7705
f 7705 7726 7706
f 7726 7727 7706
f 7706 7727 7707
f 7727 7728 7707
f 7707 7728 7708
f 7728 7729 7708
f 7708 7729 7709
f 7729 7730 7709
f 7709 7730 7710
f 7730 7731 7710
f 7710 7731 7711
f 7731 7732 7711
f 7711 7732 7712
f 7732 7733 7712
f 7712 7733 7713
f 7733 7734 7713
f 7713 7734 7690
f 7734 7735 7690
f 7690 7735 7691
f 7735 7736 7691
f 7691 7736 7692
f 7736 7737 7692
f 7692 7737 7693
f 7737 7714 7693
f 7716 7738 7717
f 7738 7739 7717
f 7717 7739 7718
f 7739 7740 7718
f 7718 7740 7719
f 7740 7741 7719
f 7719 7741 7720
f 7741 7742 7720
f 7720 7742 7721
f 7742 7743 7721
f 7721 7743 7722
f 7743 7744 7722
f 7722 7744 7723
f 7744 7745 7723
f 7723 7745 7724
f 7745 7746 7724
f 7724 7746 7725
f 7746 7747 7725
f 7725 7747 7726
f 7747 7748 7726
f 7726 7748 7727
f 7748 7749 7727
f 7727 7749 7728
f 7749 7750 7728
f 7728 7750 7729
f 7750 7751 7729
f 7729 7751 7730
f 7751 7752 7730
f 7730 7752 7731
f 7752 7753 7731
f 7731 7753 7732
f 7753 7754 7732
f 7732 7754 7733
f 7754 7755 7733
f 7733 7755 7734
f 7755 7756 7734
f 7734 7756 7735
f 7756 7757 7735
f 7735 7757 7736
f 7757 7758 7736
f 7736 7758 7737
f 7758 7759 7737
f 7737 7759 7714
f 7759 7760 7714
f 7714 7760 7715
f 7760 7761 7715
f 7715 7761 7716
f 7761 7738 7716
f 7759 7762 7760
f 7762 7763 7760
f 7760 7763 7761
f 7763 7764 7761
f 7761 7764 7738
f 7764 7765 7738
f 7738 7765 7739
f 7765 7766 7739
f 7739 7766 7740
f 7766 7767 7740
f 7740 7767 7741
f 7767 7768 7741
f 7741 7768 7742
f 7768 7769 7742
f 7742 7769 7743
f 7769 7770 7743
f 7743 7770 7744
f 7770 7771 7744
f 7744 7771 7745
f 7771 7772 7745
f 7745 7772 7746
f 7772 7773 7746
f 7746 7773 7747
f 7773 7774 7747
f 7774 7775 7747
f 7747 7775 7748
f 7775 7776 7748
f 7748 7776 7749
f 7776 7777 7749
f 7749 7777 7750
f 7777 7778 7750
f 7750 7778 7751
f 7778 7779 7751
f 7751 7779 7752
f 7779 7780 7752
f 7752 7780 7753
f 7780 7781 7753
f 7753 7781 7754
f 7781 7782 7754
f 7754 7782 7755
f 7782 7783 7755
f 7755 7783 7756
f 7783 7784 7756
f 7756 7784 7757
f 7784 7785 7757
f 7757 7785 7758
f 7785 7786 7758
f 7758 7786 7759
f 7786 7787 7759
f 7759 7787 7762
f 7788 7789 7790
f 7790 7789 7791
f 7789 7792 7791
f 7791 7792 7793
f 7792 7794 7793
f 7793 7794 7795
f 7794 7796 7795
f 7795 7796 7797
f 7796 7798 7797
f 7797 7798 7799
f 7798 7800 7799
f 7799 7800 7801
f 7800 7802 7801
f 7801 7802 7803
f 7802 7804 7803
f 7803 7804 7805
f 7804 7806 7805
f 7805 7806 7807
f 7806 7808 7807
f 7807 7808 7809
f 7808 7810 7809
f 7809 7810 7811
f 7810 7812 7811
f 7811 7812 7813
f 7812 7814 7813
f 7813 7814 7815
f 7814 7816 7815
f 7815 7816 7817
f 7816 7818 7817
f 7817 7818 7819
f 7818 7820 7819
f 7819 7820 7821
f 7820 7822 7821
f 7821 7822 7823
f 7822 7824 7823
f 7823 7824 7825
f 7824 7826 7825
f 7825 7826 7827
f 7826 7828 7827
f 7827 7828 7829
f 7828 7830 7829
f 7829 7830 7831
f 7830 7832 7831
f 7831 7832 7833
f 7832 7834 7833
f 7833 7834 7835
f 7834 7788 7835
f 7835 7788 7790
f 7836 7837 7838
f 7838 7837 7839
f 7837 7840 7839
f 7839 7840 7841
f 7840 7842 7841
f 7841 7842 7843
f 7842 7844 7843
f 7843 7844 7845
f 7844 7846 7845
f 7845 7846 7847
f 7846 7848 7847
f 7847 7848 7849
f 7848 7850 7849
f 7849 7850 7851
f 7850 7852 7851
f 7851 7852 7853
f 7852 7854 7853
f 7853 7854 7855
f 7854 7856 7855
f 7855 7856 7857
f 7856 7858 7857
f 7857 7858 7859
f 7858 7860 7859
f 7859 7860 7861
f 7860 7862 7861
f 7861 7862 7863
f 7862 7864 7863
f 7863 7864 7865
f 7864 7866 7865
f 7865 7866 7867
f 7866 7868 7867
f 7867 7868 7869
f 7868 7870 7869
f 7869 7870 7871
f 7870 7872 7871
f 7871 7872 7873
f 7872 7874 7873
f 7873 7874 7875
f 7874 7876 7875
f 7875 7876 7877
f 7876 7878 7877
f 7877 7878 7879
f 7878 7880 7879
f 7879 7880 7881
f 7880 7882 7881
f 7881 7882 7883
f 7882 7836 7883
f 7883 7836 7838
f 7884 7885 7886
f 7886 7885 7887
f 7885 7888 7887
f 7887 7888 7889
f 7888 7890 7889
f 7889 7890 7891
f 7890 7892 7891
f 7891 7892 7893
f 7892 7894 7893
f 7893 7894 7895
f 7894 7896 7895
f 7895 7896 7897
f 7896 7898 7897
f 7897 7898 7899
f 7898 7900 7899
f 7899 7900 7901
f 7900 7902 7901
f 7901 7902 7903
f 7902 7904 7903
f 7903 7904 7905
f 7904 7906 7905
f 7905 7906 7907
f 7906 7908 7907
f 7907 7908 7909
f 7908 7910 7909
f 7909 7910 7911
f 7910 7912 7911
f 7911 7912 7913
f 7912 7914 7913
f 7913 7914 7915
f 7914 7916 7915
f 7915 7916 7917
f 7916 7918 7917
f 7917 7918 7919
f 7918 7920 7919
f 7919 7920 7921
f 7920 7922 7921
f 7921 7922 7923
f 7922 7924 7923
f 7923 7924 7925
f 7924 7926 7925
f 7925 7926 7927
f 7926 7928 7927
f 7927 7928 7929
f 7928 7930 7929
f 7929 7930 7931
f 7930 7884 7931
f 7931 7884 7886
f 7932 7933 7934
f 7933 7935 7934
f 7934 7935 7936
f 7935 7937 7936
f 7936 7937 7938
f 7937 7939 7938
f 7938 7939 7940
f 7939 7941 7940
f 7940 7941 7942
f 7941 7943 7942
f 7942 7943 7944
f 7943 7945 7944
f 7944 7945 7946
f 7945 7947 7946
f 7946 7947 7948
f 7947 7949 7948
f 7948 7949 7950
f 7949 7951 7950
f 7950 7951 7952
f 7951 7953 7952
f 7952 7953 7954
f 7953 7955 7954
f 7954 7955 7956
f 7955 7957 7956
f 7956 7957 7958
f 7957 7959 7958
f 7958 7959 7960
f 7959 7961 7960
f 7960 7961 7962
f 7961 7963 7962
f 7962 7963 7964
f 7963 7965 7964
f 7964 7965 7966
f 7965 7967 7966
f 7966 7967 7968
f 7967 7969 7968
f 7968 7969 7970
f 7969 7971 7970
f 7970 7971 7972
f 7971 7973 7972
f 7972 7973 7974
f 7973 7975 7974
f 7974 7975 7976
f 7975 7977 7976
f 7976 7977 7978
f 7977 7979 7978
f 7978 7979 7980
f 7979 7932 7980
f 7980 7932 7934
f 7901 7981 7899
f 7981 7781 7899
f 7899 7781 7897
f 7781 7780 7897
f 7913 7982 7911
f 7982 7983 7911
f 7911 7983 7909
f 7901 7903 7981
f 7903 7905 7981
f 7981 7905 7983
f 7905 7907 7983
f 7983 7907 7909
f 7913 7915 7982
f 7915 7917 7982
f 7982 7917 7984
f 7917 7919 7984
f 7919 7921 7984
f 7921 7923 7984
f 7984 7923 7985
f 7923 7925 7985
f 7985 7925 7986
f 7925 7927 7986
f 7986 7927 7987
f 7927 7929 7987
f 7987 7929 7777
f 7929 7931 7777
f 7777 7931 7886
f 7886 7887 7777
f 7887 7889 7777
f 7777 7889 7778
f 7889 7891 7778
f 7778 7891 7779
f 7891 7893 7779
f 7779 7893 7780
f 7893 7895 7780
f 7780 7895 7897
f 7774 7988 7775
f 7988 7987 7775
f 7775 7987 7776
f 7987 7777 7776
f 7989 7801 7990
f 7801 7803 7990
f 7803 7805 7990
f 7805 7807 7990
f 7990 7807 7762
f 7807 7809 7762
f 7988 7966 7968
f 7988 7968 7991
f 7974 7992 7972
f 7992 7991 7972
f 7972 7991 7970
f 7991 7968 7970
f 7793 7993 7791
f 7993 7994 7791
f 7791 7994 7790
f 7958 7960 7774
f 7960 7962 7774
f 7774 7962 7988
f 7962 7964 7988
f 7988 7964 7966
f 7942 7995 7940
f 7995 7996 7940
f 7940 7996 7938
f 7996 7997 7938
f 7938 7997 7936
f 7997 7998 7936
f 7936 7998 7934
f 7793 7795 7993
f 7795 7797 7993
f 7993 7797 7989
f 7797 7799 7989
f 7989 7799 7801
f 7825 7768 7823
f 7768 7767 7823
f 7823 7767 7766
f 7946 7948 7769
f 7958 7774 7956
f 7774 7773 7956
f 7956 7773 7772
f 7974 7976 7992
f 7976 7978 7992
f 7992 7978 7998
f 7978 7980 7998
f 7998 7980 7934
f 7995 7833 7994
f 7833 7835 7994
f 7994 7835 7790
f 7809 7811 7762
f 7811 7813 7762
f 7762 7813 7763
f 7813 7815 7763
f 7763 7815 7764
f 7815 7817 7764
f 7764 7817 7765
f 7817 7819 7765
f 7765 7819 7766
f 7819 7821 7766
f 7766 7821 7823
f 7769 7948 7770
f 7948 7950 7770
f 7770 7950 7771
f 7950 7952 7771
f 7771 7952 7772
f 7952 7954 7772
f 7772 7954 7956
f 7769 7768 7946
f 7768 7825 7946
f 7946 7825 7944
f 7825 7827 7944
f 7944 7827 7942
f 7827 7829 7942
f 7942 7829 7995
f 7829 7831 7995
f 7995 7831 7833
f 7838 7839 7786
f 7853 7999 7851
f 7999 8000 7851
f 7851 8000 7849
f 7865 8001 7863
f 8001 8002 7863
f 7863 8002 7861
f 7786 7839 7787
f 7853 7855 7999
f 7855 7857 7999
f 7999 7857 8002
f 7857 7859 8002
f 8002 7859 7861
f 7865 7867 8001
f 7867 7869 8001
f 8001 7869 7783
f 7869 7871 7783
f 7783 7871 7873
f 7762 7787 7990
f 7787 7839 7990
f 7990 7839 8003
f 7839 7841 8003
f 8003 7841 8004
f 7841 7843 8004
f 8004 7843 8005
f 7843 7845 8005
f 8005 7845 8000
f 7845 7847 8000
f 8000 7847 7849
f 7873 7875 7783
f 7875 7877 7783
f 7783 7877 7784
f 7877 7879 7784
f 7784 7879 7785
f 7879 7881 7785
f 7785 7881 7786
f 7881 7883 7786
f 7786 7883 7838
f 7783 7782 8001
f 7782 7781 8001
f 8001 7781 8006
f 7781 7981 8006
f 8007 7992 8008
f 7992 7998 8008
f 8008 7998 8009
f 7998 7997 8009
f 8009 7997 8010
f 7997 7996 8010
f 8010 7996 8011
f 7996 7995 8011
f 8011 7995 8012
f 7995 7994 8012
f 8012 7994 8013
f 7994 7993 8013
f 8013 7993 8014
f 7993 7989 8014
f 8014 7989 8015
f 7989 7990 8015
f 8015 7990 8016
f 7987 7988 8007
f 7988 7991 8007
f 8007 7991 7992
f 7990 8003 8016
f 8003 8004 8016
f 8016 8004 8017
f 8004 8005 8017
f 8017 8005 8018
f 8005 8000 8018
f 8018 8000 8019
f 8000 7999 8019
f 8019 7999 8020
f 7999 8002 8020
f 8020 8002 8021
f 8002 8001 8021
f 8021 8001 8022
f 8001 8006 8022
f 8022 8006 8023
f 8006 7981 8023
f 8023 7981 8024
f 7981 7983 8024
f 8024 7983 8025
f 7983 7982 8025
f 8025 7982 8026
f 7982 7984 8026
f 8026 7984 8027
f 7984 7985 8027
f 8027 7985 8028
f 7985 7986 8028
f 8028 7986 8029
f 7986 7987 8029
f 8029 7987 8030
f 7987 8007 8030
f 8014 8031 8013
f 8031 8032 8013
f 8013 8032 8012
f 8032 8033 8012
f 8012 8033 8011
f 8033 8034 8011
f 8011 8034 8010
f 8034 8035 8010
f 8010 8035 8009
f 8035 8036 8009
f 8009 8036 8008
f 8036 8037 8008
f 8008 8037 8007
f 8037 8038 8007
f 8007 8038 8030
f 8038 8039 8030
f 8030 8039 8029
f 8039 8040 8029
f 8029 8040 8028
f 8040 8041 8028
f 8028 8041 8027
f 8041 8042 8027
f 8027 8042 8026
f 8042 8043 8026
f 8026 8043 8025
f 8043 8044 8025
f 8025 8044 8024
f 8044 8045 8024
f 8024 8045 8023
f 8045 8046 8023
f 8023 8046 8022
f 8046 8047 8022
f 8022 8047 8021
f 8047 8048 8021
f 8021 8048 8020
f 8048 8049 8020
f 8020 8049 8019
f 8049 8050 8019
f 8019 8050 8018
f 8050 8051 8018
f 8018 8051 8017
f 8051 8052 8017
f 8017 8052 8016
f 8052 8053 8016
f 8016 8053 8015
f 8053 8054 8015
f 8015 8054 8014
f 8054 8031 8014
f 5055 8043 5109
f 8043 8042 5109
f 8042 8055 5109
f 8036 8056 8037
f 8056 8057 8037
f 8037 8057 8038
f 8057 8058 8038
f 8038 8058 8039
f 8058 8059 8039
f 8039 8059 8040
f 8059 8055 8040
f 8040 8055 8041
f 8055 8042 8041
f 8035 5075 8036
f 5075 8060 8036
f 8036 8060 8056
f 8053 7634 8054
f 7634 7639 8054
f 8054 7639 8031
f 7639 7638 8031
f 8031 7638 8032
f 7638 7636 8032
f 8032 7636 8033
f 7636 7637 8033
f 8033 7637 8034
f 7637 5095 8034
f 8034 5095 8035
f 5095 8061 8035
f 8035 8061 5075
f 8052 5023 8053
f 5023 7635 8053
f 8053 7635 7634
f 7640 4254 8052
f 8052 4254 9780
f 8052 4246 5023
f 8052 8051 7640
f 8051 8050 7640
f 7640 8050 7641
f 5055 7632 8043
f 8043 7632 8044
f 7632 7628 8044
f 8044 7628 8045
f 7628 7629 8045
f 8045 7629 8046
f 7629 7630 8046
f 8046 7630 8047
f 7630 7631 8047
f 8047 7631 8048
f 7631 7633 8048
f 8048 7633 8049
f 7633 5131 8049
f 8049 5131 8050
f 5131 4253 8050
f 8050 4253 7641
f 7654 6432 7652
f 6432 6431 7652
f 7652 6431 7650
f 6431 6430 7650
f 7650 6430 7648
f 6430 6429 7648
f 7648 6429 7646
f 6429 6428 7646
f 7646 6428 7644
f 6428 6427 7644
f 7644 6427 7642
f 6427 6426 7642
f 7642 6426 7688
f 6426 6425 7688
f 7688 6425 7686
f 6425 6424 7686
f 7686 6424 7684
f 6424 6423 7684
f 7684 6423 7682
f 6423 6422 7682
f 7682 6422 7680
f 6422 6421 7680
f 7680 6421 7678
f 6421 6420 7678
f 7678 6420 7676
f 6420 6419 7676
f 7676 6419 7674
f 6419 6418 7674
f 7674 6418 7672
f 6418 6417 7672
f 7672 6417 7670
f 6417 6416 7670
f 7670 6416 7668
f 6416 6415 7668
f 7668 6415 7666
f 6415 6414 7666
f 7666 6414 7664
f 6414 6413 7664
f 7664 6413 7662
f 6413 6412 7662
f 7662 6412 7660
f 6412 6435 7660
f 7660 6435 7658
f 6435 6434 7658
f 7658 6434 7656
f 6434 6433 7656
f 7656 6433 7654
f 6433 6432 7654
f 5130 5024 5023
f 4253 5131 4254
f 5131 5130 4254
f 5130 9780 4254
f 5130 5023 4246
f 5095 5079 8061
f 5079 5073 8061
f 8061 5073 5075
f 5056 5055 5111
f 5055 5109 5111
f 6525 6526 6472
f 6480 7933 6478
f 7933 7932 6478
f 6478 7932 7979
f 7979 7977 6478
f 7977 7975 6478
f 6478 7975 6476
f 7975 7973 6476
f 7939 7937 6480
f 7937 7935 6480
f 6480 7935 7933
f 7973 7971 6476
f 7971 7969 6476
f 6476 7969 6474
f 7939 6480 7941
f 6480 6482 7941
f 7941 6482 7943
f 6482 6436 7943
f 7943 6436 7945
f 7949 6522 7951
f 6522 6523 7951
f 7959 6524 7961
f 6524 6525 7961
f 7961 6525 7963
f 6525 6472 7963
f 7963 6472 7965
f 6472 6474 7965
f 7965 6474 7967
f 6474 7969 7967
f 7959 7957 6524
f 7957 7955 6524
f 6524 7955 6523
f 7955 7953 6523
f 6523 7953 7951
f 6527 7884 7930
f 6531 6508 6460
f 6526 6527 6472
f 6527 7930 6472
f 6472 7930 6470
f 7930 7928 6470
f 6470 7928 6468
f 7928 7926 6468
f 6528 7885 6527
f 6527 7885 7884
f 7926 7924 6468
f 7924 7922 6468
f 6468 7922 6466
f 7922 7920 6466
f 6466 7920 7918
f 7918 7916 6466
f 7916 7914 6466
f 6466 7914 6464
f 7914 7912 6464
f 7912 7910 6464
f 7910 7908 6464
f 6464 7908 6462
f 7908 7906 6462
f 7906 7904 6462
f 6462 7904 6460
f 7904 7902 6460
f 6460 7902 7900
f 7900 7898 6460
f 7898 7896 6460
f 6460 7896 7894
f 6531 6460 6530
f 6460 7894 6530
f 6530 7894 6529
f 7894 7892 6529
f 7892 7890 6529
f 6529 7890 6528
f 7890 7888 6528
f 6528 7888 7885
f 7837 7836 6448
f 7836 7882 6448
f 6448 7882 6512
f 7882 6511 6512
f 7882 7880 6511
f 7880 7878 6511
f 6511 7878 6510
f 7878 7876 6510
f 6510 7876 7874
f 7874 7872 6510
f 7872 7870 6510
f 6510 7870 6509
f 6508 6509 6460
f 6509 7870 6460
f 6460 7870 6458
f 7870 7868 6458
f 6458 7868 6456
f 7868 7866 6456
f 6450 7844 6448
f 7844 7842 6448
f 7842 7840 6448
f 7840 7837 6448
f 7866 7864 6456
f 7864 7862 6456
f 6456 7862 6454
f 7862 7860 6454
f 6454 7860 7858
f 7858 7856 6454
f 7856 7854 6454
f 6454 7854 6452
f 7854 7852 6452
f 7852 7850 6452
f 7850 7848 6452
f 6452 7848 6450
f 7848 7846 6450
f 6450 7846 7844
f 7949 7947 6522
f 7947 7945 6522
f 6522 7945 6521
f 7945 6436 6521
f 6521 6436 6520
f 6436 6519 6520
f 6518 7824 7822
f 6518 7822 6517
f 7789 7788 6440
f 6440 7788 6438
f 7822 7820 6517
f 7820 7818 6517
f 6517 7818 6516
f 7818 7816 6516
f 7812 7810 6446
f 7810 7808 6446
f 6446 7808 6444
f 7808 7806 6444
f 7798 7796 6442
f 7796 7794 6442
f 6442 7794 6440
f 7794 7792 6440
f 6440 7792 7789
f 7788 7834 6438
f 7834 7832 6438
f 6438 7832 6436
f 7832 7830 6436
f 6436 7830 6519
f 7830 7828 6519
f 6519 7828 6518
f 7828 7826 6518
f 6518 7826 7824
f 7816 7814 6516
f 7814 7812 6516
f 6516 7812 6515
f 7812 6446 6515
f 6515 6446 6514
f 6446 6448 6514
f 6514 6448 6513
f 6448 6512 6513
f 7806 7804 6444
f 7804 7802 6444
f 6444 7802 6442
f 7802 7800 6442
f 6442 7800 7798
f 8062 8063 8064
f 8063 8065 8064
f 8064 8065 8066
f 8065 8067 8066
f 8066 8067 8068
f 8067 8069 8068
f 8068 8069 8070
f 8069 8071 8070
f 8070 8071 8072
f 8072 8074 8073
f 8073 8074 8075
f 8074 8076 8075
f 8075 8076 8077
f 8076 8078 8077
f 8077 8078 8079
f 8078 8080 8079
f 8079 8080 8081
f 8080 8082 8081
f 8081 8082 8083
f 8083 8085 8084
f 8084 8085 8086
f 8085 8087 8086
f 8086 8087 8088
f 8087 8089 8088
f 8088 8089 8090
f 8089 8091 8090
f 8090 8091 8092
f 8091 8093 8092
f 8092 8093 8094
f 8094 8096 8095
f 8095 8096 8097
f 8096 8098 8097
f 8097 8098 8099
f 8098 8100 8099
f 8099 8100 8101
f 8100 8102 8101
f 8101 8102 8103
f 8102 8104 8103
f 8103 8104 8105
f 8105 8063 8062
f 8106 8107 8108
f 8107 8109 8108
f 8108 8109 8110
f 8109 8111 8110
f 8110 8111 8112
f 8111 8113 8112
f 8112 8113 8114
f 8113 8115 8114
f 8114 8115 8116
f 8115 8117 8116
f 8116 8117 8118
f 8117 8119 8118
f 8118 8119 8120
f 8119 8121 8120
f 8120 8121 8122
f 8121 8123 8122
f 8122 8123 8124
f 8123 8125 8124
f 8124 8125 8126
f 8125 8127 8126
f 8126 8127 8128
f 8127 8129 8128
f 8128 8129 8130
f 8129 8131 8130
f 8130 8131 8132
f 8131 8133 8132
f 8132 8133 8134
f 8133 8135 8134
f 8134 8135 8136
f 8135 8137 8136
f 8136 8137 8138
f 8137 8139 8138
f 8138 8139 8140
f 8139 8141 8140
f 8140 8141 8142
f 8141 8143 8142
f 8142 8143 8144
f 8143 8145 8144
f 8144 8145 8146
f 8145 8147 8146
f 8146 8147 8148
f 8147 8149 8148
f 8148 8149 8150
f 8149 8151 8150
f 8150 8151 8152
f 8151 8153 8152
f 8152 8153 8106
f 8153 8107 8106
f 8154 8130 8155
f 8130 8132 8155
f 8155 8132 8156
f 8132 8134 8156
f 8156 8134 8157
f 8134 8136 8157
f 8157 8136 8158
f 8136 8138 8158
f 8158 8138 8159
f 8138 8140 8159
f 8159 8140 8160
f 8140 8142 8160
f 8160 8142 8161
f 8142 8144 8161
f 8161 8144 8162
f 8144 8146 8162
f 8162 8146 8163
f 8146 8148 8163
f 8163 8148 8164
f 8148 8150 8164
f 8164 8150 8165
f 8150 8152 8165
f 8165 8152 8166
f 8152 8106 8166
f 8166 8106 8167
f 8106 8108 8167
f 8167 8108 8168
f 8108 8110 8168
f 8168 8110 8169
f 8110 8112 8169
f 8169 8112 8170
f 8112 8114 8170
f 8170 8114 8171
f 8114 8116 8171
f 8171 8116 8172
f 8116 8118 8172
f 8172 8118 8173
f 8118 8120 8173
f 8173 8120 8174
f 8120 8122 8174
f 8174 8122 8175
f 8122 8124 8175
f 8175 8124 8176
f 8124 8126 8176
f 8176 8126 8177
f 8126 8128 8177
f 8177 8128 8154
f 8128 8130 8154
f 8178 8173 8179
f 8173 8174 8179
f 8179 8174 8180
f 8174 8175 8180
f 8180 8175 8181
f 8175 8176 8181
f 8181 8176 8182
f 8176 8177 8182
f 8182 8177 8183
f 8177 8154 8183
f 8183 8154 8184
f 8154 8155 8184
f 8184 8155 8185
f 8155 8156 8185
f 8185 8156 8186
f 8156 8157 8186
f 8186 8157 8187
f 8157 8158 8187
f 8187 8158 8188
f 8158 8159 8188
f 8188 8159 8189
f 8159 8160 8189
f 8189 8160 8190
f 8160 8161 8190
f 8190 8161 8191
f 8161 8162 8191
f 8191 8162 8192
f 8162 8163 8192
f 8192 8163 8193
f 8163 8164 8193
f 8193 8164 8194
f 8164 8165 8194
f 8194 8165 8195
f 8165 8166 8195
f 8195 8166 8196
f 8166 8167 8196
f 8196 8167 8197
f 8167 8168 8197
f 8197 8168 8198
f 8168 8169 8198
f 8198 8169 8199
f 8169 8170 8199
f 8199 8170 8200
f 8170 8171 8200
f 8200 8171 8201
f 8171 8172 8201
f 8201 8172 8178
f 8172 8173 8178
f 8105 8195 8063
f 8195 8196 8063
f 8063 8196 8065
f 8196 8197 8065
f 8065 8197 8067
f 8197 8198 8067
f 8067 8198 8069
f 8198 8199 8069
f 8069 8199 8071
f 8199 8200 8071
f 8071 8200 8072
f 8200 8201 8072
f 8072 8201 8074
f 8201 8178 8074
f 8074 8178 8076
f 8178 8179 8076
f 8076 8179 8078
f 8179 8180 8078
f 8078 8180 8080
f 8180 8181 8080
f 8080 8181 8082
f 8181 8182 8082
f 8082 8182 8083
f 8182 8183 8083
f 8083 8183 8085
f 8183 8184 8085
f 8085 8184 8087
f 8184 8185 8087
f 8087 8185 8089
f 8185 8186 8089
f 8089 8186 8091
f 8186 8187 8091
f 8091 8187 8093
f 8187 8188 8093
f 8093 8188 8094
f 8188 8189 8094
f 8094 8189 8096
f 8189 8190 8096
f 8096 8190 8098
f 8190 8191 8098
f 8098 8191 8100
f 8191 8192 8100
f 8100 8192 8102
f 8192 8193 8102
f 8102 8193 8104
f 8193 8194 8104
f 8104 8194 8105
f 8194 8195 8105
f 6372 6374 8202
f 6376 8203 6374
f 8203 8202 6374
f 6378 8204 6376
f 8204 8203 6376
f 6380 8205 6378
f 8205 8204 6378
f 6382 8206 6380
f 8206 8207 6380
f 6380 8207 8205
f 6384 8208 6382
f 8208 8206 6382
f 6386 8209 6384
f 8209 8208 6384
f 6340 8210 6386
f 8210 8211 6386
f 6386 8211 8209
f 6342 8212 6340
f 8212 8210 6340
f 6344 8213 6342
f 8213 8214 6342
f 6342 8214 8212
f 6346 8215 6344
f 8215 8213 6344
f 6348 8216 6346
f 8216 8217 6346
f 6346 8217 8215
f 6350 8218 6348
f 8218 8219 6348
f 6348 8219 8216
f 6352 8220 6350
f 8220 8221 6350
f 6350 8221 8218
f 6354 8222 6352
f 8222 8220 6352
f 6356 8223 6354
f 8223 8224 6354
f 6354 8224 8222
f 6358 8225 6356
f 8225 8223 6356
f 6360 8226 6358
f 8226 8227 6358
f 6358 8227 8225
f 6362 8228 6360
f 8228 8229 6360
f 6360 8229 8226
f 6364 8230 6362
f 8230 8228 6362
f 6366 8231 6364
f 8231 8230 6364
f 6368 8232 6366
f 8232 8231 6366
f 6370 8233 6368
f 8233 8234 6368
f 6368 8234 8232
f 8202 8235 6372
f 6372 8235 6370
f 8235 8233 6370
f 8218 8236 8219
f 8218 8221 8220
f 8222 8224 8223
f 8223 8225 8237
f 8225 8227 8237
f 8237 8227 8226
f 8226 8229 8228
f 8232 8234 8238
f 8234 8233 8238
f 8238 8233 8235
f 8205 8207 8206
f 8206 8208 8239
f 8239 8208 8209
f 8209 8211 8210
f 8212 8214 8213
f 8215 8217 8236
f 8217 8216 8236
f 8236 8216 8219
f 8215 8240 8213
f 8240 8241 8213
f 8213 8241 8212
f 8241 8242 8212
f 8212 8242 8210
f 8242 8243 8210
f 8210 8243 8209
f 8243 8244 8209
f 8209 8244 8239
f 8244 8245 8239
f 8239 8245 8206
f 8245 8246 8206
f 8206 8246 8205
f 8246 8247 8205
f 8205 8247 8204
f 8247 8248 8204
f 8204 8248 8203
f 8248 8249 8203
f 8203 8249 8202
f 8249 8250 8202
f 8202 8250 8235
f 8250 8251 8235
f 8235 8251 8238
f 8251 8252 8238
f 8238 8252 8232
f 8252 8253 8232
f 8232 8253 8231
f 8253 8254 8231
f 8231 8254 8230
f 8254 8255 8230
f 8230 8255 8228
f 8255 8256 8228
f 8228 8256 8226
f 8256 8257 8226
f 8226 8257 8237
f 8257 8258 8237
f 8237 8258 8223
f 8258 8259 8223
f 8223 8259 8222
f 8259 8260 8222
f 8222 8260 8220
f 8260 8261 8220
f 8220 8261 8218
f 8261 8262 8218
f 8218 8262 8236
f 8262 8263 8236
f 8236 8263 8215
f 8263 8240 8215
f 8243 8264 8244
f 8244 8264 8245
f 8264 8265 8245
f 8245 8265 8246
f 8265 8266 8246
f 8246 8266 8247
f 8249 8267 8250
f 8250 8267 8251
f 8267 8268 8251
f 8251 8268 8252
f 8268 8269 8252
f 8252 8269 8253
f 8240 8270 8241
f 8270 8271 8241
f 8241 8271 8242
f 8271 8272 8242
f 8242 8272 8243
f 8272 8273 8243
f 8243 8273 8264
f 8273 8274 8264
f 8264 8274 8265
f 8274 8275 8265
f 8265 8275 8266
f 8275 8276 8266
f 8266 8276 8247
f 8276 8277 8247
f 8247 8277 8248
f 8277 8278 8248
f 8248 8278 8249
f 8278 8279 8249
f 8249 8279 8267
f 8279 8280 8267
f 8267 8280 8268
f 8280 8281 8268
f 8268 8281 8269
f 8281 8282 8269
f 8269 8282 8253
f 8282 8283 8253
f 8253 8283 8254
f 8283 8284 8254
f 8254 8284 8255
f 8284 8285 8255
f 8255 8285 8256
f 8285 8286 8256
f 8256 8286 8257
f 8286 8287 8257
f 8257 8287 8258
f 8287 8288 8258
f 8258 8288 8259
f 8288 8289 8259
f 8259 8289 8260
f 8289 8290 8260
f 8260 8290 8261
f 8290 8291 8261
f 8261 8291 8262
f 8291 8292 8262
f 8262 8292 8263
f 8292 8293 8263
f 8263 8293 8240
f 8293 8270 8240
f 8270 8294 8271
f 8271 8295 8272
f 8272 8295 8273
f 8274 8296 8275
f 8275 8296 8276
f 8296 8297 8276
f 8276 8297 8277
f 8277 8298 8278
f 8278 8298 8279
f 8280 8299 8281
f 8281 8299 8282
f 8299 8300 8282
f 8282 8300 8283
f 8285 8301 8286
f 8286 8301 8287
f 8301 8302 8287
f 8287 8302 8288
f 8302 8303 8288
f 8288 8303 8289
f 8291 8304 8292
f 8292 8304 8293
f 8304 8305 8293
f 8293 8305 8270
f 8305 8294 8270
f 8306 8307 8304
f 8307 8308 8304
f 8304 8308 8305
f 8305 8308 8294
f 8294 8309 8271
f 8271 8309 8295
f 8273 8310 8274
f 8274 8310 8296
f 8310 8311 8296
f 8296 8311 8297
f 8297 8312 8277
f 8277 8312 8298
f 8279 8313 8280
f 8280 8313 8299
f 8313 8314 8299
f 8299 8314 8300
f 8300 8315 8283
f 8283 8315 8284
f 8315 8316 8284
f 8284 8316 8285
f 8316 8317 8285
f 8285 8317 8301
f 8317 8318 8301
f 8301 8318 8302
f 8303 8319 8289
f 8289 8319 8290
f 8319 8320 8290
f 8290 8320 8291
f 8320 8306 8291
f 8291 8306 8304
f 8294 8308 8321
f 8321 8308 8322
f 8308 8307 8322
f 8322 8307 8323
f 8307 8306 8323
f 8323 8306 8324
f 8306 8320 8324
f 8324 8320 8325
f 8320 8319 8325
f 8325 8319 8326
f 8319 8303 8326
f 8326 8303 8327
f 8303 8302 8327
f 8327 8302 8328
f 8302 8318 8328
f 8328 8318 8329
f 8318 8317 8329
f 8329 8317 8330
f 8317 8316 8330
f 8330 8316 8331
f 8316 8315 8331
f 8331 8315 8332
f 8315 8300 8332
f 8332 8300 8333
f 8300 8314 8333
f 8333 8314 8334
f 8314 8313 8334
f 8334 8313 8335
f 8313 8279 8335
f 8335 8279 8336
f 8279 8298 8336
f 8336 8298 8337
f 8298 8312 8337
f 8337 8312 8338
f 8312 8297 8338
f 8338 8297 8339
f 8297 8311 8339
f 8339 8311 8340
f 8311 8310 8340
f 8340 8310 8341
f 8310 8273 8341
f 8341 8273 8342
f 8273 8295 8342
f 8342 8295 8343
f 8295 8309 8343
f 8343 8309 8344
f 8309 8294 8344
f 8344 8294 8321
f 8345 8322 8346
f 8322 8323 8346
f 8346 8323 8347
f 8323 8324 8347
f 8347 8324 8348
f 8324 8325 8348
f 8348 8325 8349
f 8325 8326 8349
f 8349 8326 8350
f 8326 8327 8350
f 8350 8327 8351
f 8327 8328 8351
f 8351 8328 8352
f 8328 8329 8352
f 8352 8329 8353
f 8329 8330 8353
f 8353 8330 8354
f 8330 8331 8354
f 8354 8331 8355
f 8331 8332 8355
f 8355 8332 8356
f 8332 8333 8356
f 8356 8333 8357
f 8333 8334 8357
f 8357 8334 8358
f 8334 8335 8358
f 8358 8335 8359
f 8335 8336 8359
f 8359 8336 8360
f 8336 8337 8360
f 8360 8337 8361
f 8337 8338 8361
f 8361 8338 8362
f 8338 8339 8362
f 8362 8339 8363
f 8339 8340 8363
f 8363 8340 8364
f 8340 8341 8364
f 8364 8341 8365
f 8341 8342 8365
f 8365 8342 8366
f 8342 8343 8366
f 8366 8343 8367
f 8343 8344 8367
f 8367 8344 8368
f 8344 8321 8368
f 8368 8321 8345
f 8321 8322 8345
f 8149 8366 8151
f 8366 8367 8151
f 8151 8367 8153
f 8367 8368 8153
f 8153 8368 8107
f 8368 8345 8107
f 8107 8345 8109
f 8345 8346 8109
f 8109 8346 8111
f 8346 8347 8111
f 8111 8347 8113
f 8347 8348 8113
f 8113 8348 8115
f 8348 8349 8115
f 8115 8349 8117
f 8349 8350 8117
f 8117 8350 8119
f 8350 8351 8119
f 8119 8351 8121
f 8351 8352 8121
f 8121 8352 8123
f 8352 8353 8123
f 8123 8353 8125
f 8353 8354 8125
f 8125 8354 8127
f 8354 8355 8127
f 8127 8355 8129
f 8355 8356 8129
f 8129 8356 8131
f 8356 8357 8131
f 8131 8357 8133
f 8357 8358 8133
f 8133 8358 8135
f 8358 8359 8135
f 8135 8359 8137
f 8359 8360 8137
f 8137 8360 8139
f 8360 8361 8139
f 8139 8361 8141
f 8361 8362 8141
f 8141 8362 8143
f 8362 8363 8143
f 8143 8363 8145
f 8363 8364 8145
f 8145 8364 8147
f 8364 8365 8147
f 8147 8365 8149
f 8365 8366 8149
f 8369 8370 8371
f 8370 8372 8371
f 8371 8372 8373
f 8372 8374 8373
f 8373 8374 8375
f 8375 8374 8376
f 8374 8377 8376
f 8376 8377 8378
f 8377 8379 8378
f 8378 8379 8380
f 8380 8379 8381
f 8379 8382 8381
f 8381 8382 8383
f 8383 8382 8384
f 8382 8385 8384
f 8384 8385 8386
f 8387 8370 8388
f 8370 8369 8388
f 8389 8390 8391
f 8390 8392 8391
f 8391 8392 8388
f 8392 8387 8388
f 8393 8390 8394
f 8390 8389 8394
f 8395 8396 8397
f 8396 8398 8397
f 8397 8398 8399
f 8398 8400 8399
f 8399 8400 8401
f 8401 8400 8402
f 8400 8403 8402
f 8402 8403 8404
f 8403 8405 8404
f 8404 8405 8406
f 8406 8405 8407
f 8405 8408 8407
f 8407 8408 8409
f 8409 8408 8410
f 8408 8393 8410
f 8410 8393 8394
f 8411 8396 8412
f 8396 8395 8412
f 8413 8414 8415
f 8414 8416 8415
f 8415 8416 8412
f 8416 8411 8412
f 8417 8414 8418
f 8414 8413 8418
f 8419 8420 8421
f 8420 8422 8421
f 8421 8422 8423
f 8423 8422 8424
f 8422 8425 8424
f 8424 8425 8426
f 8426 8425 8427
f 8425 8428 8427
f 8427 8428 8429
f 8428 8430 8429
f 8429 8430 8431
f 8431 8430 8432
f 8430 8433 8432
f 8432 8433 8434
f 8433 8417 8434
f 8434 8417 8418
f 8435 8420 8436
f 8420 8419 8436
f 8437 8438 8439
f 8438 8440 8439
f 8439 8440 8436
f 8440 8435 8436
f 8441 8438 8442
f 8438 8437 8442
f 8443 8444 8445
f 8444 8446 8445
f 8445 8446 8447
f 8447 8446 8448
f 8446 8449 8448
f 8448 8449 8450
f 8450 8449 8451
f 8449 8452 8451
f 8451 8452 8453
f 8452 8454 8453
f 8453 8454 8455
f 8455 8454 8456
f 8454 8457 8456
f 8456 8457 8458
f 8457 8441 8458
f 8458 8441 8442
f 8459 8444 8460
f 8444 8443 8460
f 8392 8390 8393
f 8440 8438 8441
f 8398 8430 8428
f 8387 8392 8370
f 8392 8393 8370
f 8370 8393 8372
f 8428 8425 8398
f 8425 8441 8398
f 8398 8441 8400
f 8416 8414 8417
f 8461 8462 8385
f 8435 8440 8420
f 8440 8441 8420
f 8420 8441 8422
f 8441 8425 8422
f 8441 8457 8400
f 8457 8454 8400
f 8400 8454 8403
f 8454 8452 8403
f 8403 8452 8405
f 8452 8449 8405
f 8405 8449 8408
f 8449 8393 8408
f 8446 8379 8449
f 8379 8377 8449
f 8449 8377 8393
f 8377 8374 8393
f 8393 8374 8372
f 8411 8416 8396
f 8416 8417 8396
f 8396 8417 8398
f 8417 8433 8398
f 8398 8433 8430
f 8459 8461 8444
f 8461 8385 8444
f 8444 8385 8446
f 8385 8382 8446
f 8446 8382 8379
f 8385 8462 8386
f 8462 8463 8386
f 8463 8462 8464
f 8462 8461 8464
f 8464 8461 8460
f 8461 8459 8460
f 8443 8465 8460
f 8432 8434 8466
f 8434 8418 8466
f 8466 8418 8467
f 8418 8413 8467
f 8468 8429 8466
f 8429 8431 8466
f 8466 8431 8432
f 8469 8427 8468
f 8468 8427 8429
f 8423 8424 8469
f 8424 8426 8469
f 8469 8426 8427
f 8456 8458 8470
f 8458 8442 8470
f 8470 8442 8471
f 8442 8437 8471
f 8472 8453 8470
f 8453 8455 8470
f 8470 8455 8456
f 8473 8451 8472
f 8472 8451 8453
f 8465 8443 8473
f 8443 8445 8473
f 8473 8445 8447
f 8447 8448 8473
f 8448 8450 8473
f 8473 8450 8451
f 8381 8383 8474
f 8383 8384 8474
f 8384 8386 8474
f 8474 8386 8475
f 8386 8463 8475
f 8476 8378 8474
f 8378 8380 8474
f 8474 8380 8381
f 8477 8376 8476
f 8376 8378 8476
f 8371 8373 8477
f 8373 8375 8477
f 8477 8375 8376
f 8407 8409 8478
f 8409 8410 8478
f 8410 8394 8478
f 8478 8394 8479
f 8394 8389 8479
f 8480 8404 8478
f 8404 8406 8478
f 8478 8406 8407
f 8481 8402 8480
f 8402 8404 8480
f 8397 8399 8481
f 8399 8401 8481
f 8481 8401 8402
f 8460 8482 8464
f 8482 8483 8464
f 8464 8483 8463
f 8483 8484 8463
f 8463 8484 8475
f 8484 8485 8475
f 8475 8485 8474
f 8485 8486 8474
f 8474 8486 8476
f 8486 8487 8476
f 8476 8487 8477
f 8487 8488 8477
f 8477 8488 8489
f 8371 8477 8369
f 8477 8489 8369
f 8369 8489 8388
f 8489 8488 8388
f 8388 8488 8391
f 8488 8490 8391
f 8391 8490 8389
f 8490 8491 8389
f 8389 8491 8479
f 8491 8492 8479
f 8479 8492 8478
f 8492 8493 8478
f 8478 8493 8480
f 8493 8494 8480
f 8480 8494 8481
f 8494 8495 8481
f 8481 8495 8496
f 8397 8481 8395
f 8481 8496 8395
f 8395 8496 8412
f 8496 8495 8412
f 8412 8495 8415
f 8495 8497 8415
f 8415 8497 8413
f 8497 8498 8413
f 8413 8498 8467
f 8498 8499 8467
f 8467 8499 8466
f 8499 8500 8466
f 8466 8500 8468
f 8500 8501 8468
f 8468 8501 8469
f 8501 8502 8469
f 8469 8502 8503
f 8460 8465 8482
f 8465 8473 8482
f 8482 8473 8504
f 8473 8472 8504
f 8504 8472 8505
f 8472 8470 8505
f 8505 8470 8506
f 8470 8471 8506
f 8506 8471 8507
f 8471 8437 8507
f 8507 8437 8508
f 8437 8439 8508
f 8508 8439 8502
f 8439 8436 8502
f 8502 8436 8503
f 8436 8419 8503
f 8503 8419 8469
f 8419 8421 8469
f 8469 8421 8423
f 8509 8510 8511
f 8510 8512 8511
f 8511 8512 8513
f 8512 8514 8513
f 8513 8514 8515
f 8514 8516 8515
f 8515 8516 8517
f 8516 8518 8517
f 8517 8518 8519
f 8518 8520 8519
f 8519 8520 8521
f 8520 8522 8521
f 8521 8522 8523
f 8522 8524 8523
f 8523 8524 8525
f 8524 8526 8525
f 8525 8526 8527
f 8526 8528 8527
f 8527 8528 8529
f 8528 8530 8529
f 8529 8530 8531
f 8530 8532 8531
f 8531 8532 8533
f 8532 8534 8533
f 8533 8534 8535
f 8534 8536 8535
f 8535 8536 8537
f 8536 8538 8537
f 8537 8538 8539
f 8538 8540 8539
f 8539 8540 8541
f 8540 8542 8541
f 8541 8542 8543
f 8542 8544 8543
f 8543 8544 8545
f 8544 8546 8545
f 8545 8546 8547
f 8546 8548 8547
f 8547 8548 8549
f 8548 8550 8549
f 8549 8550 8551
f 8550 8552 8551
f 8551 8552 8553
f 8552 8554 8553
f 8553 8554 8555
f 8554 8556 8555
f 8555 8556 8509
f 8556 8510 8509
f 8556 8557 8510
f 8557 8558 8510
f 8510 8558 8512
f 8558 8559 8512
f 8512 8559 8514
f 8559 8560 8514
f 8514 8560 8516
f 8560 8561 8516
f 8516 8561 8518
f 8561 8562 8518
f 8518 8562 8520
f 8562 8563 8520
f 8520 8563 8522
f 8563 8564 8522
f 8522 8564 8524
f 8564 8565 8524
f 8524 8565 8526
f 8565 8566 8526
f 8526 8566 8528
f 8566 8567 8528
f 8528 8567 8530
f 8567 8568 8530
f 8530 8568 8532
f 8568 8569 8532
f 8532 8569 8534
f 8569 8570 8534
f 8534 8570 8536
f 8570 8571 8536
f 8536 8571 8538
f 8571 8572 8538
f 8538 8572 8540
f 8572 8573 8540
f 8540 8573 8542
f 8573 8574 8542
f 8542 8574 8544
f 8574 8575 8544
f 8544 8575 8546
f 8575 8576 8546
f 8546 8576 8548
f 8576 8577 8548
f 8548 8577 8550
f 8577 8578 8550
f 8550 8578 8552
f 8578 8579 8552
f 8552 8579 8554
f 8579 8580 8554
f 8554 8580 8556
f 8580 8557 8556
f 8580 8581 8557
f 8581 8582 8557
f 8557 8582 8558
f 8582 8583 8558
f 8558 8583 8559
f 8583 8584 8559
f 8559 8584 8560
f 8584 8585 8560
f 8560 8585 8561
f 8585 8586 8561
f 8561 8586 8562
f 8586 8587 8562
f 8562 8587 8563
f 8587 8588 8563
f 8563 8588 8564
f 8588 8589 8564
f 8564 8589 8565
f 8589 8590 8565
f 8565 8590 8566
f 8590 8591 8566
f 8566 8591 8567
f 8591 8592 8567
f 8567 8592 8568
f 8592 8593 8568
f 8568 8593 8569
f 8593 8594 8569
f 8569 8594 8570
f 8594 8595 8570
f 8570 8595 8571
f 8595 8596 8571
f 8571 8596 8572
f 8596 8597 8572
f 8572 8597 8573
f 8597 8598 8573
f 8573 8598 8574
f 8598 8599 8574
f 8574 8599 8575
f 8599 8600 8575
f 8575 8600 8576
f 8600 8601 8576
f 8576 8601 8577
f 8601 8602 8577
f 8577 8602 8578
f 8602 8603 8578
f 8578 8603 8579
f 8603 8604 8579
f 8579 8604 8580
f 8604 8581 8580
f 8604 8605 8581
f 8605 8606 8581
f 8581 8606 8582
f 8606 8607 8582
f 8582 8607 8583
f 8607 8608 8583
f 8583 8608 8584
f 8608 8609 8584
f 8584 8609 8585
f 8609 8610 8585
f 8585 8610 8586
f 8610 8611 8586
f 8586 8611 8587
f 8611 8612 8587
f 8587 8612 8588
f 8612 8613 8588
f 8588 8613 8589
f 8613 8614 8589
f 8589 8614 8590
f 8614 8615 8590
f 8590 8615 8591
f 8615 8616 8591
f 8591 8616 8592
f 8616 8617 8592
f 8592 8617 8593
f 8617 8618 8593
f 8593 8618 8594
f 8618 8619 8594
f 8594 8619 8595
f 8619 8620 8595
f 8595 8620 8596
f 8620 8621 8596
f 8596 8621 8597
f 8621 8622 8597
f 8597 8622 8598
f 8622 8623 8598
f 8598 8623 8599
f 8623 8624 8599
f 8599 8624 8600
f 8624 8625 8600
f 8600 8625 8601
f 8625 8626 8601
f 8601 8626 8602
f 8626 8627 8602
f 8602 8627 8603
f 8627 8628 8603
f 8603 8628 8604
f 8628 8605 8604
f 8628 8629 8605
f 8629 8630 8605
f 8605 8630 8606
f 8630 8631 8606
f 8606 8631 8607
f 8631 8632 8607
f 8607 8632 8608
f 8632 8633 8608
f 8608 8633 8609
f 8633 8634 8609
f 8609 8634 8610
f 8634 8635 8610
f 8610 8635 8611
f 8635 8636 8611
f 8611 8636 8612
f 8636 8637 8612
f 8612 8637 8613
f 8637 8638 8613
f 8613 8638 8614
f 8638 8639 8614
f 8614 8639 8615
f 8639 8640 8615
f 8615 8640 8616
f 8640 8641 8616
f 8616 8641 8617
f 8641 8642 8617
f 8617 8642 8618
f 8642 8643 8618
f 8618 8643 8619
f 8643 8644 8619
f 8619 8644 8620
f 8644 8645 8620
f 8620 8645 8621
f 8645 8646 8621
f 8621 8646 8622
f 8646 8647 8622
f 8622 8647 8623
f 8647 8648 8623
f 8623 8648 8624
f 8648 8649 8624
f 8624 8649 8625
f 8649 8650 8625
f 8625 8650 8626
f 8650 8651 8626
f 8626 8651 8627
f 8651 8652 8627
f 8627 8652 8628
f 8652 8629 8628
f 8652 8653 8629
f 8653 8654 8629
f 8629 8654 8630
f 8654 8655 8630
f 8630 8655 8631
f 8655 8656 8631
f 8631 8656 8632
f 8656 8657 8632
f 8632 8657 8633
f 8657 8658 8633
f 8633 8658 8634
f 8658 8659 8634
f 8634 8659 8635
f 8659 8660 8635
f 8635 8660 8636
f 8660 8661 8636
f 8636 8661 8637
f 8661 8662 8637
f 8637 8662 8638
f 8662 8663 8638
f 8638 8663 8639
f 8663 8664 8639
f 8639 8664 8640
f 8664 8665 8640
f 8640 8665 8641
f 8665 8666 8641
f 8641 8666 8642
f 8666 8667 8642
f 8642 8667 8643
f 8667 8668 8643
f 8643 8668 8644
f 8668 8669 8644
f 8644 8669 8645
f 8669 8670 8645
f 8645 8670 8646
f 8670 8671 8646
f 8646 8671 8647
f 8671 8672 8647
f 8647 8672 8648
f 8672 8673 8648
f 8648 8673 8649
f 8673 8674 8649
f 8649 8674 8650
f 8674 8675 8650
f 8650 8675 8651
f 8675 8676 8651
f 8651 8676 8652
f 8676 8653 8652
f 8676 8677 8653
f 8677 8678 8653
f 8653 8678 8654
f 8678 8679 8654
f 8654 8679 8655
f 8679 8680 8655
f 8655 8680 8656
f 8680 8681 8656
f 8656 8681 8657
f 8681 8682 8657
f 8657 8682 8658
f 8682 8683 8658
f 8658 8683 8659
f 8683 8684 8659
f 8659 8684 8660
f 8684 8685 8660
f 8660 8685 8661
f 8685 8686 8661
f 8661 8686 8662
f 8686 8687 8662
f 8662 8687 8663
f 8687 8688 8663
f 8663 8688 8664
f 8688 8689 8664
f 8664 8689 8665
f 8689 8690 8665
f 8665 8690 8666
f 8690 8691 8666
f 8666 8691 8667
f 8691 8692 8667
f 8667 8692 8668
f 8692 8693 8668
f 8668 8693 8669
f 8693 8694 8669
f 8669 8694 8670
f 8694 8695 8670
f 8670 8695 8671
f 8695 8696 8671
f 8671 8696 8672
f 8696 8697 8672
f 8672 8697 8673
f 8697 8698 8673
f 8673 8698 8674
f 8698 8699 8674
f 8674 8699 8675
f 8699 8700 8675
f 8675 8700 8676
f 8700 8677 8676
f 8700 8701 8677
f 8701 8702 8677
f 8677 8702 8678
f 8702 8703 8678
f 8678 8703 8679
f 8703 8704 8679
f 8679 8704 8680
f 8704 8705 8680
f 8680 8705 8681
f 8705 8706 8681
f 8681 8706 8682
f 8706 8707 8682
f 8682 8707 8683
f 8707 8708 8683
f 8683 8708 8684
f 8708 8709 8684
f 8684 8709 8685
f 8709 8710 8685
f 8685 8710 8686
f 8710 8711 8686
f 8686 8711 8687
f 8711 8712 8687
f 8687 8712 8688
f 8712 8713 8688
f 8688 8713 8689
f 8713 8714 8689
f 8689 8714 8690
f 8714 8715 8690
f 8690 8715 8691
f 8715 8716 8691
f 8691 8716 8692
f 8716 8717 8692
f 8692 8717 8693
f 8717 8718 8693
f 8693 8718 8694
f 8718 8719 8694
f 8694 8719 8695
f 8719 8720 8695
f 8695 8720 8696
f 8720 8721 8696
f 8696 8721 8697
f 8721 8722 8697
f 8697 8722 8698
f 8722 8723 8698
f 8698 8723 8699
f 8723 8724 8699
f 8699 8724 8700
f 8724 8701 8700
f 8724 8482 8701
f 8482 8504 8701
f 8701 8504 8702
f 8504 8505 8702
f 8702 8505 8703
f 8505 8506 8703
f 8703 8506 8704
f 8506 8507 8704
f 8704 8507 8705
f 8507 8508 8705
f 8705 8508 8706
f 8508 8502 8706
f 8706 8502 8707
f 8502 8501 8707
f 8707 8501 8708
f 8501 8500 8708
f 8708 8500 8709
f 8500 8499 8709
f 8709 8499 8710
f 8499 8498 8710
f 8710 8498 8711
f 8498 8497 8711
f 8711 8497 8712
f 8497 8495 8712
f 8712 8495 8713
f 8495 8494 8713
f 8713 8494 8714
f 8494 8493 8714
f 8714 8493 8715
f 8493 8492 8715
f 8715 8492 8716
f 8492 8491 8716
f 8716 8491 8717
f 8491 8490 8717
f 8717 8490 8718
f 8490 8488 8718
f 8718 8488 8719
f 8488 8487 8719
f 8719 8487 8720
f 8487 8486 8720
f 8720 8486 8721
f 8486 8485 8721
f 8721 8485 8722
f 8485 8484 8722
f 8722 8484 8723
f 8484 8483 8723
f 8723 8483 8724
f 8483 8482 8724
f 8725 8535 8726
f 8535 8537 8726
f 8726 8537 8727
f 8537 8539 8727
f 8727 8539 8728
f 8539 8541 8728
f 8728 8541 8729
f 8541 8543 8729
f 8729 8543 8730
f 8543 8545 8730
f 8730 8545 8731
f 8545 8547 8731
f 8731 8547 8732
f 8547 8549 8732
f 8732 8549 8733
f 8549 8551 8733
f 8733 8551 8734
f 8551 8553 8734
f 8734 8553 8735
f 8553 8555 8735
f 8735 8555 8736
f 8555 8509 8736
f 8736 8509 8737
f 8509 8511 8737
f 8737 8511 8738
f 8511 8513 8738
f 8738 8513 8739
f 8513 8515 8739
f 8739 8515 8740
f 8515 8517 8740
f 8740 8517 8741
f 8517 8519 8741
f 8741 8519 8742
f 8519 8521 8742
f 8742 8521 8743
f 8521 8523 8743
f 8743 8523 8744
f 8523 8525 8744
f 8744 8525 8745
f 8525 8527 8745
f 8745 8527 8746
f 8527 8529 8746
f 8746 8529 8747
f 8529 8531 8747
f 8747 8531 8748
f 8531 8533 8748
f 8748 8533 8725
f 8533 8535 8725
f 8072 8737 8070
f 8737 8738 8070
f 8070 8738 8068
f 8738 8739 8068
f 8068 8739 8066
f 8739 8740 8066
f 8066 8740 8064
f 8740 8741 8064
f 8064 8741 8062
f 8741 8742 8062
f 8062 8742 8105
f 8742 8743 8105
f 8105 8743 8103
f 8743 8744 8103
f 8103 8744 8101
f 8744 8745 8101
f 8101 8745 8099
f 8745 8746 8099
f 8099 8746 8097
f 8746 8747 8097
f 8097 8747 8095
f 8747 8748 8095
f 8095 8748 8094
f 8748 8725 8094
f 8094 8725 8092
f 8725 8726 8092
f 8092 8726 8090
f 8726 8727 8090
f 8090 8727 8088
f 8727 8728 8088
f 8088 8728 8086
f 8728 8729 8086
f 8086 8729 8084
f 8729 8730 8084
f 8084 8730 8083
f 8730 8731 8083
f 8083 8731 8081
f 8731 8732 8081
f 8081 8732 8079
f 8732 8733 8079
f 8079 8733 8077
f 8733 8734 8077
f 8077 8734 8075
f 8734 8735 8075
f 8075 8735 8073
f 8735 8736 8073
f 8073 8736 8072
f 8736 8737 8072
f 8749 1938 8750
f 1938 1940 8750
f 1940 5954 8750
f 5954 5959 8750
f 8750 5959 5958
f 8751 8752 8753
f 8754 5068 8755
f 5068 5045 8755
f 8755 5045 5044
f 5956 5092 5087
f 5080 5078 5084
f 5078 5068 5084
f 5084 5068 5087
f 5068 8754 5087
f 5087 8754 5956
f 8755 8756 8754
f 8756 8751 8754
f 8754 8751 8757
f 8751 8753 8757
f 1936 1938 5966
f 1938 8749 5966
f 8751 8756 8758
f 8756 8759 8758
f 8758 8760 8751
f 8760 8752 8751
f 8761 8762 8763
f 8762 8764 8763
f 8763 8764 8765
f 8764 8766 8765
f 8761 8763 8767
f 8763 8765 8767
f 8762 8761 8768
f 8761 8767 8768
f 8764 8762 8766
f 8762 8768 8766
f 8769 8770 8771
f 8770 8772 8771
f 8771 8772 8773
f 8772 8774 8773
f 8769 8771 8775
f 8771 8773 8775
f 8770 8769 8776
f 8769 8775 8776
f 8772 8770 8774
f 8770 8776 8774
f 8777 8778 8779
f 8778 8780 8779
f 8779 8780 8781
f 8780 8782 8781
f 8777 8779 8783
f 8779 8781 8783
f 8778 8777 8784
f 8777 8783 8784
f 8780 8778 8782
f 8778 8784 8782
f 8785 8754 8786
f 8754 8757 8786
f 8786 8757 8787
f 8757 8788 8787
f 8788 8789 8787
f 8789 8790 8787
f 8787 8790 8786
f 8790 8791 8786
f 8792 8793 8791
f 8793 8794 8791
f 8791 8794 8786
f 8794 8785 8786
f 8790 8789 8791
f 8789 8792 8791
f 8795 8793 8789
f 8793 8792 8789
f 8773 8774 8796
f 8757 8753 8788
f 8753 8797 8788
f 8789 8765 8766
f 8798 8795 8796
f 8795 8789 8796
f 8796 8789 8773
f 8789 8766 8773
f 8773 8766 8775
f 8789 8788 8765
f 8788 8797 8765
f 8765 8797 8767
f 8797 8799 8767
f 8767 8799 8768
f 8799 8800 8768
f 8801 8782 8800
f 8782 8784 8800
f 8800 8784 8783
f 8766 8768 8775
f 8768 8800 8775
f 8775 8800 8776
f 8800 8783 8776
f 8776 8783 8774
f 8783 8781 8774
f 8774 8781 8796
f 8781 8782 8796
f 8796 8782 8802
f 8782 8801 8802
f 8802 8801 8803
f 8801 8804 8803
f 8805 8806 8802
f 8806 8796 8802
f 8807 8806 8808
f 8806 8805 8808
f 8798 8796 8807
f 8796 8806 8807
f 8808 8809 8807
f 8809 8810 8807
f 8807 8810 8798
f 8810 8795 8798
f 8793 8795 8794
f 8795 8810 8794
f 8811 8809 8808
f 8805 8802 8808
f 8802 8803 8808
f 8808 8803 8811
f 8812 8813 8814
f 8813 8815 8814
f 8814 8815 8804
f 8815 8750 8804
f 8804 8750 8803
f 8750 5958 8803
f 8803 5958 8811
f 5958 5957 8811
f 8816 8813 8817
f 8813 8812 8817
f 8814 8818 8812
f 8818 8817 8812
f 8804 8801 8814
f 8801 8818 8814
f 8801 8800 8818
f 8800 8819 8818
f 8818 8819 8817
f 8819 8816 8817
f 8813 8816 8815
f 8816 8819 8815
f 8815 8819 8750
f 8819 8800 8750
f 8750 8800 8749
f 8800 8799 8749
f 8749 8799 5966
f 8799 8820 5966
f 5966 8820 5044
f 8820 8755 5044
f 8760 8797 8752
f 8797 8753 8752
f 8758 8759 8760
f 8759 8820 8760
f 8760 8820 8797
f 8820 8799 8797
f 8756 8755 8759
f 8755 8820 8759
f 5967 5966 5043
f 5966 5044 5043
f 8754 8785 5956
f 8785 8794 5956
f 8809 8811 8810
f 8811 5957 8810
f 8810 5957 8794
f 5957 5955 8794
f 8794 5955 5956
f 5125 5124 6332
f 5124 8821 6332
f 5114 5112 5110
f 8822 8821 5123
f 8821 5124 5123
f 5107 5106 5126
f 5960 5962 5129
f 5962 8822 5129
f 5129 8822 5127
f 8822 5123 5127
f 5127 5123 5126
f 5123 5114 5126
f 5126 5114 5107
f 5114 5110 5107
f 5952 5953 5964
f 5953 5965 5964
f 8823 8824 8825
f 8824 8826 8825
f 8825 8827 8823
f 8827 8828 8823
f 8829 8830 8831
f 8830 8832 8831
f 8831 8832 8833
f 8832 8834 8833
f 8829 8831 8835
f 8831 8833 8835
f 8830 8829 8836
f 8829 8835 8836
f 8832 8830 8834
f 8830 8836 8834
f 8837 8838 8839
f 8838 8840 8839
f 8839 8840 8841
f 8840 8842 8841
f 8837 8839 8843
f 8839 8841 8843
f 8838 8837 8844
f 8837 8843 8844
f 8840 8838 8842
f 8838 8844 8842
f 8845 8846 8847
f 8846 8848 8847
f 8847 8848 8849
f 8848 8850 8849
f 8845 8847 8851
f 8847 8849 8851
f 8846 8845 8852
f 8845 8851 8852
f 8848 8846 8850
f 8846 8852 8850
f 8853 8854 8855
f 8854 8856 8855
f 8855 8856 8857
f 8856 8858 8857
f 8858 8859 8857
f 8859 8860 8857
f 8857 8860 8855
f 8860 8861 8855
f 8862 8863 8861
f 8863 8864 8861
f 8861 8864 8855
f 8864 8853 8855
f 8860 8859 8861
f 8859 8862 8861
f 8863 8862 8859
f 8863 8859 8865
f 8859 8866 8865
f 8865 8866 8867
f 8858 8856 8868
f 8869 8836 8870
f 8836 8835 8870
f 8870 8835 8871
f 8835 8833 8871
f 8843 8841 8834
f 8868 8871 8858
f 8871 8833 8858
f 8858 8833 8859
f 8833 8834 8859
f 8859 8834 8866
f 8834 8841 8866
f 8866 8841 8842
f 8872 8850 8869
f 8850 8852 8869
f 8869 8852 8851
f 8834 8836 8843
f 8836 8869 8843
f 8843 8869 8844
f 8869 8851 8844
f 8844 8851 8842
f 8851 8849 8842
f 8842 8849 8866
f 8849 8850 8866
f 8866 8850 8873
f 8850 8872 8873
f 8873 8872 6337
f 8872 6339 6337
f 8874 8875 8873
f 8875 8866 8873
f 8876 8875 8877
f 8875 8874 8877
f 8867 8866 8876
f 8866 8875 8876
f 8877 8878 8876
f 8878 8879 8876
f 8876 8879 8867
f 8879 8865 8867
f 8863 8865 8864
f 8865 8879 8864
f 8879 8878 6333
f 8854 8853 8822
f 8853 8864 8822
f 8822 8864 8821
f 8864 8879 8821
f 8821 8879 6332
f 8879 6333 6332
f 6333 8878 8877
f 8874 8873 8877
f 8873 6337 8877
f 8877 6337 6333
f 5965 5968 5040
f 5968 5038 5040
f 8880 6335 8881
f 6335 6336 8881
f 6338 8882 6336
f 8882 8881 6336
f 6339 8872 6338
f 8872 8882 6338
f 8872 8869 8882
f 8869 8883 8882
f 8882 8883 8881
f 8883 8880 8881
f 6335 8880 6334
f 8880 8883 6334
f 5040 6334 8883
f 8884 8885 8870
f 8885 5963 8870
f 8870 5963 8869
f 5963 5964 8869
f 8869 5964 8883
f 5964 5965 8883
f 8883 5965 5040
f 8854 8822 8856
f 8822 5962 8856
f 8856 5962 8868
f 5962 5963 8868
f 8868 5963 8828
f 5963 8885 8828
f 8828 8885 8823
f 8885 8824 8823
f 8827 8871 8828
f 8871 8868 8828
f 8825 8826 8827
f 8826 8884 8827
f 8827 8884 8871
f 8884 8870 8871
f 8824 8885 8826
f 8885 8884 8826
f 5410 8886 5412
f 5414 8887 5416
f 5416 8887 5418
f 8887 8888 5418
f 5418 8888 5420
f 5430 8889 5432
f 5432 8889 5434
f 5434 8890 5436
f 5436 8890 5438
f 8890 8891 5438
f 5438 8891 5440
f 8891 8892 5440
f 5440 8892 5442
f 5444 8893 5398
f 5398 8893 5400
f 5400 8894 5402
f 5402 8894 5404
f 8894 8895 5404
f 5404 8895 5406
f 8895 8896 5406
f 5406 8896 5408
f 5408 8886 5410
f 5458 8897 5460
f 5462 8898 5464
f 5464 8898 5466
f 8898 8899 5466
f 5466 8899 5468
f 8899 8900 5468
f 5468 8900 5470
f 5470 8901 5472
f 5472 8901 5474
f 5478 8902 5480
f 5480 8902 5482
f 5482 8903 5484
f 5484 8903 5486
f 8903 8904 5486
f 5486 8904 5488
f 8904 8905 5488
f 5488 8905 5490
f 5492 8906 5446
f 5446 8906 5448
f 5448 8907 5450
f 5450 8907 5452
f 8907 8908 5452
f 5452 8908 5454
f 8908 8909 5454
f 5454 8909 5456
f 5456 8897 5458
f 2129 6047 8910
f 6047 6048 8910
f 5069 5070 8911
f 8912 5103 5108
f 8911 8913 5069
f 8913 8914 5069
f 5069 8914 8915
f 8916 8917 5059
f 8917 8918 5059
f 8918 8919 5059
f 5059 8919 2125
f 8920 8921 8912
f 5109 8055 5108
f 8055 8059 5108
f 5108 8059 8058
f 5063 2121 8922
f 2121 8912 8922
f 8922 8912 8923
f 8912 8921 8923
f 8057 8056 5077
f 8056 8060 5077
f 5077 8060 5075
f 8915 8924 5069
f 8924 8925 5069
f 5069 8925 8926
f 8926 8920 5069
f 8920 8912 5069
f 5069 8912 5072
f 8912 5108 5072
f 5072 5108 5077
f 5108 8058 5077
f 5077 8058 8057
f 8912 8927 5103
f 8927 8928 5103
f 5103 8928 8929
f 8929 8930 5103
f 8930 8931 5103
f 5103 8931 5059
f 8931 8932 5059
f 5059 8932 8916
f 5202 8933 5200
f 8933 8934 5200
f 5200 8934 5198
f 8934 8935 5198
f 5198 8935 5196
f 5194 8936 5192
f 5192 8936 5190
f 5190 8937 5188
f 5188 8937 5186
f 8937 8938 5186
f 5186 8938 5184
f 8938 8939 5184
f 5184 8939 5182
f 5182 8940 5180
f 5180 8940 5226
f 5224 8941 5222
f 5222 8941 5220
f 8941 8942 5220
f 5220 8942 5218
f 8942 8943 5218
f 5218 8943 5216
f 5216 8944 5214
f 5214 8944 5212
f 5208 8945 5206
f 5206 8945 5204
f 5204 8933 5202
f 3145 3139 3146
f 3139 2209 3146
f 3146 2209 2202
f 3199 3215 2206
f 3215 2198 2206
f 3144 3143 3142
f 3144 3142 3145
f 3142 3141 3145
f 3145 3141 3139
f 3141 3140 3139
f 3139 3140 3133
f 3217 3216 3218
f 3216 3215 3218
f 3218 3215 3219
f 3232 3233 3126
f 3125 3134 3197
f 3175 3163 3176
f 3163 3177 3176
f 3233 3234 3126
f 3234 3235 3126
f 3126 3235 3127
f 3232 3126 3197
f 3197 3126 3125
f 3140 3163 3133
f 3163 3197 3133
f 3133 3197 3132
f 3197 3134 3132
f 3190 3193 3191
f 3193 3196 3191
f 3191 3196 3192
f 3196 3189 3192
f 3219 3215 3198
f 3215 3199 3198
f 3198 3199 3197
f 3199 3137 3197
f 3197 3137 3138
f 3197 3183 3184
f 3138 3135 3197
f 3135 3136 3197
f 3197 3136 3232
f 3165 3172 3167
f 3167 3172 3164
f 3172 3179 3164
f 3164 3179 3163
f 3179 3178 3163
f 3163 3178 3177
f 2205 2210 3238
f 2210 3237 3238
f 3165 3166 3168
f 3180 3181 3197
f 3181 3183 3197
f 3184 3185 3197
f 3197 3185 3195
f 3185 3186 3195
f 3195 3186 3194
f 3186 3187 3194
f 3194 3187 3196
f 3187 3188 3196
f 3196 3188 3189
f 2210 3131 3237
f 3237 3131 3236
f 3131 3130 3236
f 3236 3130 3235
f 3130 3129 3235
f 3129 3128 3235
f 3235 3128 3127
f 3170 3172 3169
f 3172 3165 3169
f 3169 3165 3171
f 3165 3168 3171
f 3175 3174 3163
f 3174 3173 3163
f 3163 3173 3197
f 3173 3182 3197
f 3197 3182 3180
f 8946 2177 5060
f 8946 5060 8947
f 2183 8948 8949
f 8949 8950 2183
f 8950 8951 2183
f 2183 8951 5060
f 8951 8952 5060
f 5060 8952 8947
f 2184 2191 8953
f 5062 2219 8954
f 8955 2193 8956
f 2193 5062 8956
f 8956 5062 8957
f 5062 8954 8957
f 8955 8958 2193
f 8958 8959 2193
f 2193 8959 8960
f 3456 3462 3088
f 3105 3104 3109
f 3449 3450 3455
f 3088 3462 3087
f 3462 3472 3087
f 3087 3472 3094
f 3471 3473 3470
f 3473 3476 3470
f 3476 3474 3470
f 3474 3475 3470
f 3470 3475 3472
f 3475 3093 3472
f 3472 3093 3094
f 3123 2208 3122
f 2208 2203 3122
f 3122 2203 3124
f 2203 3239 3124
f 3254 3284 3297
f 3454 3453 3456
f 3453 3452 3456
f 3456 3452 3451
f 3102 3109 3240
f 3109 3115 3240
f 3240 3115 3241
f 3115 3124 3241
f 3241 3124 3246
f 3124 3239 3246
f 3254 3255 3260
f 3259 3258 3261
f 3258 3257 3261
f 3261 3257 3256
f 3276 3278 3275
f 3278 3281 3275
f 3282 3277 3280
f 3277 3275 3280
f 3280 3275 3279
f 3275 3281 3279
f 3297 3298 3303
f 3410 3398 3397
f 3395 3394 3412
f 3455 3454 3449
f 3454 3456 3449
f 3449 3456 3437
f 3456 3088 3437
f 3437 3088 3297
f 3088 3102 3297
f 3297 3102 3254
f 3102 3240 3254
f 3103 3108 3102
f 3108 3107 3102
f 3102 3107 3109
f 3107 3106 3109
f 3109 3106 3105
f 3430 3431 3310
f 3431 3432 3310
f 3310 3432 3433
f 3409 3400 3410
f 3400 3399 3410
f 3410 3399 3398
f 3397 3396 3410
f 3396 3395 3410
f 3410 3395 3411
f 3395 3412 3411
f 3260 3259 3254
f 3259 3261 3254
f 3254 3261 3284
f 3261 3267 3284
f 3284 3267 3283
f 3267 3277 3283
f 3283 3277 3288
f 3277 3282 3288
f 3405 3404 3403
f 3409 3408 3400
f 3408 3407 3400
f 3400 3407 3401
f 3407 3402 3401
f 3325 3324 3429
f 3414 3413 3415
f 3413 3412 3415
f 3415 3412 3416
f 3357 3356 3341
f 3356 3355 3341
f 3355 3354 3341
f 3354 3353 3341
f 3341 3353 3352
f 3344 3352 3351
f 3344 3343 3352
f 3343 3342 3352
f 3352 3342 3341
f 3302 3301 3304
f 3301 3300 3304
f 3304 3300 3299
f 3321 3330 3336
f 3330 3328 3336
f 3328 3329 3336
f 3329 3335 3336
f 3336 3335 3341
f 3335 3358 3341
f 3341 3358 3357
f 2164 3324 3323
f 3351 3350 3344
f 3350 3349 3344
f 3344 3349 3348
f 3402 3407 3403
f 3407 3406 3403
f 3403 3406 3405
f 3341 3340 3339
f 3348 3347 3344
f 3347 3346 3344
f 3344 3346 3345
f 3433 3434 3310
f 3434 3435 3310
f 3310 3435 3441
f 3303 3302 3297
f 3302 3304 3297
f 3297 3304 3437
f 3304 3310 3437
f 3437 3310 3436
f 3310 3441 3436
f 3339 3338 3341
f 3338 3337 3341
f 3341 3337 3336
f 3416 3412 3393
f 3412 3394 3393
f 3393 3394 2164
f 3394 3333 2164
f 2164 3333 3334
f 3320 3327 3430
f 3430 3327 3429
f 3327 3326 3429
f 3429 3326 3325
f 3323 3322 2164
f 3322 3321 2164
f 3321 9777 2164
f 3321 3336 2235
f 3334 3331 2164
f 3331 3332 2164
f 2164 3332 3324
f 3332 3429 3324
f 3318 3320 3317
f 3320 3430 3317
f 3317 3430 3319
f 3430 3310 3319
f 3036 3035 3041
f 3035 2165 3041
f 3041 2165 2174
f 3040 3039 3038
f 3040 3038 3041
f 3038 3037 3041
f 3041 3037 3036
f 8961 8962 2171
f 8962 8963 2171
f 8963 8964 2171
f 8964 8965 2171
f 8965 2175 9759
f 8965 8966 2175
f 2175 8966 8967
f 8966 8968 8967
f 8969 8970 2172
f 8970 8971 2172
f 2172 8971 8972
f 5944 8973 2172
f 8973 8974 2172
f 2172 8974 8969
f 5944 2200 8973
f 2200 8975 8973
f 8973 8975 8976
f 3149 3162 3161
f 2201 2207 3147
f 2207 3162 3147
f 3147 3162 3148
f 3162 3149 3148
f 3156 3155 3161
f 3160 3159 3158
f 3152 3151 3161
f 3151 3150 3161
f 3161 3150 3149
f 3155 3154 3161
f 3154 3153 3161
f 3161 3153 3152
f 3160 3158 3161
f 3158 3157 3161
f 3161 3157 3156
f 2196 3214 2204
f 3214 3213 2204
f 3213 3212 2204
f 2204 3212 3211
f 3211 3210 2204
f 3210 3209 2204
f 2204 3209 3208
f 3204 3203 3202
f 3208 3207 2204
f 3207 3206 2204
f 2204 3206 3200
f 3206 3201 3200
f 3201 3206 3202
f 3206 3205 3202
f 3202 3205 3204
f 8978 8979 2216
f 8979 8980 2216
f 8981 8977 8982
f 8977 2197 8982
f 8982 2197 8983
f 2197 2216 8983
f 8983 2216 8984
f 2216 8980 8984
f 8985 8986 2217
f 8986 8987 2217
f 8987 8988 2217
f 2217 8988 8989
f 8990 8991 8992
f 8985 2217 8992
f 8992 2217 9758
f 8992 2218 8990
f 2213 2234 3059
f 2234 3065 3059
f 3063 3062 3061
f 3065 3064 3059
f 3064 3063 3059
f 3059 3063 3060
f 3063 3061 3060
f 6588 6587 6620
f 6587 6578 6620
f 6620 6578 6577
f 6581 6582 6618
f 6582 6598 6618
f 6618 6598 8993
f 6603 6602 2149
f 2148 2149 6610
f 2149 6602 6610
f 6610 6602 6608
f 6602 6604 6608
f 6608 6604 6609
f 6604 6575 6609
f 6609 6575 6576
f 2149 8994 6603
f 6603 8994 6599
f 8994 8993 6599
f 6599 8993 6598
f 3373 3372 5297
f 3392 2164 9777
f 2235 3359 3392
f 3373 5297 3366
f 3372 3371 5297
f 3371 3370 5297
f 5297 3370 3369
f 3369 3368 3359
f 5297 2233 3362
f 3364 3366 3363
f 3366 5297 3363
f 3363 5297 3365
f 5297 3362 3365
f 2232 5297 3361
f 5297 3369 3361
f 3361 3369 3360
f 3369 3359 3360
f 3374 3375 3392
f 3375 3377 3392
f 3377 3378 3392
f 3392 3378 3379
f 3379 3380 3392
f 3392 3380 3390
f 3380 3381 3390
f 3390 3381 3389
f 3381 3382 3389
f 3389 3382 3391
f 3382 3383 3391
f 3391 3383 3384
f 3386 3388 3385
f 3388 3391 3385
f 3385 3391 3387
f 3391 3384 3387
f 3368 3367 3359
f 3359 3367 3392
f 3367 3376 3392
f 3392 3376 3374
f 2236 2214 3066
f 2214 3082 3066
f 3081 3070 3082
f 3070 3069 3082
f 3069 3068 3082
f 3068 3067 3082
f 3082 3067 3066
f 3078 3077 3079
f 3077 3076 3079
f 3079 3076 3075
f 3081 3080 3070
f 3080 3079 3070
f 3070 3079 3071
f 3079 3072 3071
f 3075 3074 3079
f 3074 3073 3079
f 3079 3073 3072
f 8995 2211 5299
f 2231 8996 8997
f 5281 8998 5299
f 8998 8999 5299
f 5299 8999 8995
f 2231 8997 5282
f 8997 9000 5282
f 5282 9000 5281
f 9000 9001 5281
f 5281 9001 8998
f 2221 2159 9002
f 5247 2168 9003
f 9004 2161 9005
f 2161 9006 9005
f 9003 9007 5247
f 9007 9008 5247
f 5247 9008 2161
f 9008 9009 2161
f 2161 9009 9006
f 3044 3058 3045
f 3058 3046 3045
f 2173 2166 3042
f 2166 3058 3042
f 3042 3058 3043
f 3058 3044 3043
f 3058 3057 3046
f 3057 3056 3046
f 3046 3056 3055
f 3055 3054 3046
f 3054 3053 3046
f 3046 3053 3052
f 3052 3051 3046
f 3051 3050 3046
f 3046 3050 3047
f 3050 3049 3047
f 3047 3049 3048
f 2313 2310 2175
f 2310 9759 2175
f 2307 2313 2175
f 2175 8967 2307
f 8967 8968 2307
f 2307 8968 2308
f 2308 8968 8966
f 2308 8966 2309
f 8966 8965 2309
f 2309 8965 2311
f 8965 8964 2311
f 2311 8964 2312
f 8964 8963 2312
f 2312 8963 2314
f 8963 8962 2314
f 2314 8962 2315
f 8962 8961 2315
f 2315 8961 2316
f 2310 2316 2171
f 2316 8961 2171
f 8990 2218 2303
f 2303 2305 8990
f 2305 2306 8990
f 8990 2306 8991
f 2299 2303 2217
f 2303 9758 2217
f 2297 2299 8989
f 2299 2217 8989
f 2297 8989 8988
f 2297 8988 2298
f 8988 8987 2298
f 2298 8987 2300
f 8987 8986 2300
f 2300 8986 2301
f 8986 8985 2301
f 2301 8985 2302
f 8985 8992 2302
f 2302 8992 2304
f 8992 8991 2304
f 2304 8991 2306
f 2176 2293 2200
f 2293 2295 2200
f 2200 2295 8975
f 2295 2296 8975
f 8975 2296 8976
f 2172 2289 2176
f 2289 2293 2176
f 2287 2289 8972
f 2289 2172 8972
f 2287 8972 8971
f 2287 8971 2288
f 8971 8970 2288
f 2288 8970 2290
f 8970 8969 2290
f 2290 8969 2291
f 8969 8974 2291
f 2291 8974 2292
f 8974 8973 2292
f 2292 8973 2294
f 8973 8976 2294
f 2294 8976 2296
f 2199 2285 2216
f 2285 2279 2216
f 2285 2199 2197
f 2285 2197 2284
f 2197 8977 2284
f 8977 8981 2284
f 2284 8981 2282
f 2282 8981 8982
f 2282 8982 2283
f 8982 8983 2283
f 2283 8983 2286
f 8983 8984 2286
f 2286 8984 2277
f 8984 8980 2277
f 2277 8980 2278
f 8980 8979 2278
f 2278 8979 2280
f 8979 8978 2280
f 2280 8978 2281
f 2279 2281 2216
f 2281 8978 2216
f 2368 2367 2220
f 2367 2219 2220
f 8954 2219 2367
f 2367 2369 8954
f 2369 2370 8954
f 8954 2370 8957
f 2370 2376 8957
f 8957 2376 8956
f 2376 2375 8956
f 8956 2375 8955
f 2375 2374 8955
f 8955 2374 8958
f 2374 2373 8958
f 8958 2373 8959
f 2373 2372 8959
f 8959 2372 8960
f 8960 2372 2193
f 2372 2371 2193
f 2193 2371 2188
f 2177 2354 2120
f 2354 2118 2120
f 2355 2354 2177
f 2177 8946 2355
f 8946 8947 2355
f 2355 8947 2358
f 8947 8952 2358
f 2358 8952 2357
f 8952 8951 2357
f 2357 8951 2356
f 8951 8950 2356
f 2356 8950 2359
f 8950 8949 2359
f 2359 8949 2360
f 8949 8948 2360
f 2360 8948 2361
f 2117 2116 2183
f 2116 2361 2183
f 2183 2361 8948
f 2194 2189 2378
f 2189 2237 2378
f 2190 2239 2191
f 2239 2363 2191
f 2191 2363 8953
f 8953 2363 2184
f 2363 2364 2184
f 2184 2364 2185
f 2178 2181 2352
f 2181 2350 2352
f 2185 2364 2182
f 2364 2365 2182
f 2352 2353 2178
f 2353 2179 2178
f 2180 2182 2366
f 2182 2365 2366
f 2192 2195 2240
f 2195 2362 2240
f 2378 2377 2194
f 2377 9010 2194
f 9011 2181 9012
f 2181 2180 9012
f 9012 2180 9013
f 2351 2350 9014
f 2350 2181 9014
f 9014 2181 9015
f 2181 9011 9015
f 2366 2362 2195
f 2180 2366 9013
f 2366 2195 9013
f 9013 2195 9016
f 2195 2194 9016
f 9016 2194 9017
f 2194 9010 9017
f 5063 8922 9010
f 2186 5063 2187
f 5063 9010 2187
f 2187 9010 2238
f 9010 2377 2238
f 8927 9018 9019
f 8927 9019 8928
f 9019 9020 8928
f 8928 9020 8929
f 9020 9021 8929
f 8929 9021 8930
f 9021 9022 8930
f 8930 9022 8931
f 9023 8923 8921
f 9023 8921 9024
f 8921 8920 9024
f 9024 8920 9025
f 8920 8926 9025
f 9025 8926 9026
f 8926 8925 9026
f 9026 8925 9027
f 1945 9028 1946
f 9028 9029 1946
f 9029 9028 5070
f 9028 9030 5070
f 5070 9030 8911
f 9030 9031 8911
f 8911 9031 8913
f 9031 9032 8913
f 8913 9032 8914
f 9032 9033 8914
f 8914 9033 8915
f 9033 9034 8915
f 8915 9034 8924
f 8931 9022 8932
f 9022 9035 8932
f 8925 8924 9027
f 8924 9034 9027
f 8932 9035 9036
f 8932 9036 8916
f 9036 9037 8916
f 8916 9037 8917
f 9037 9038 8917
f 8917 9038 8918
f 9038 9039 8918
f 8918 9039 8919
f 8919 9039 2125
f 9039 9040 2125
f 2125 9040 2126
f 9040 9041 2126
f 2126 9041 2127
f 2211 2345 2212
f 2345 2344 2212
f 2346 2345 2211
f 2211 8995 2346
f 8995 8999 2346
f 2346 8999 2347
f 8999 8998 2347
f 2347 8998 2348
f 8998 9001 2348
f 2348 9001 2349
f 9001 9000 2349
f 2349 9000 2343
f 9000 8997 2343
f 2343 8997 2342
f 8997 8996 2342
f 2342 8996 2340
f 2229 2341 2231
f 2341 2340 2231
f 2231 2340 8996
f 2158 2331 2159
f 2331 2334 2159
f 2159 2334 9002
f 9002 2334 2221
f 2334 2335 2221
f 2221 2335 2222
f 2225 2227 2339
f 2227 2338 2339
f 9042 2131 2135
f 9042 2135 9043
f 2135 2134 9043
f 9043 2134 9044
f 2134 2130 9044
f 9044 2130 9045
f 2130 2129 9045
f 9045 2129 9046
f 2129 8910 9046
f 8910 6048 9046
f 9046 6048 9047
f 6048 9048 9047
f 9048 9049 9047
f 9047 9049 9050
f 1707 1714 9051
f 1707 9051 9052
f 9052 9051 9053
f 9051 6055 9053
f 9053 6055 9054
f 6055 6287 9054
f 6287 6282 9054
f 9054 6282 9055
f 6282 6288 9055
f 9055 6288 9056
f 6288 6289 9056
f 9056 6289 9057
f 6289 6283 9057
f 9057 6283 9058
f 6291 9059 9060
f 6291 9060 6292
f 9060 9061 6292
f 6292 9061 6293
f 9061 9062 6293
f 6293 9062 6294
f 9062 9063 6294
f 6294 9063 6295
f 2131 9042 2132
f 9042 9064 2132
f 2132 9064 6280
f 6283 6295 9058
f 6295 9063 9058
f 9065 6290 6286
f 9065 6286 9066
f 6286 6285 9066
f 9066 6285 9067
f 6285 6284 9067
f 9067 6284 9068
f 6284 6280 9068
f 9068 6280 9064
f 9069 9070 9071
f 9070 9072 9071
f 9071 1302 9069
f 1302 9073 9069
f 1302 1306 9073
f 1306 9074 9073
f 1306 9075 9074
f 9075 9076 9074
f 9075 1306 9077
f 1306 1305 9077
f 9077 1305 9078
f 1305 9079 9078
f 9078 9080 9077
f 9080 9081 9077
f 9082 9083 9084
f 9082 9084 9085
f 9084 9086 9085
f 9085 9086 9087
f 9086 9088 9087
f 9087 9088 9089
f 9088 9090 9089
f 9089 9090 9091
f 9090 9092 9091
f 9091 9092 9093
f 9092 9080 9093
f 9093 9080 9094
f 9081 9080 9092
f 9081 9092 9095
f 9092 9090 9095
f 9090 9088 9095
f 9095 9088 9096
f 9088 9086 9096
f 9096 9086 9097
f 9086 9084 9097
f 9097 9084 9098
f 9084 9083 9098
f 9098 9083 9099
f 9083 9100 9099
f 9100 9101 9099
f 9082 9102 9083
f 9102 9100 9083
f 9100 9102 9103
f 9102 9104 9103
f 9103 9104 9105
f 9104 9106 9105
f 9105 9106 9107
f 9106 9108 9107
f 9107 9108 9109
f 9108 9110 9109
f 9109 9110 9111
f 9110 9112 9111
f 9111 9112 9113
f 9112 9114 9113
f 9113 9115 9111
f 9115 9116 9111
f 9111 9116 9109
f 9116 9117 9109
f 9109 9117 9107
f 9117 9118 9107
f 9107 9118 9105
f 9118 9119 9105
f 9105 9119 9103
f 9119 9120 9103
f 9103 9120 9100
f 9120 9101 9100
f 9113 9121 9115
f 9121 9122 9115
f 9114 9123 9113
f 9123 9121 9113
f 9121 9123 9124
f 9121 9124 9125
f 9124 9126 9125
f 9125 9126 9127
f 9126 9128 9127
f 9127 9128 9129
f 9128 9130 9129
f 9129 9130 9131
f 9130 9132 9131
f 9131 9132 9133
f 9132 9134 9133
f 9133 9134 9135
f 9134 9136 9135
f 9135 9136 9137
f 9136 9138 9137
f 9137 9138 9139
f 9138 9140 9139
f 9139 9140 9141
f 9122 9121 9125
f 9122 9125 9142
f 9125 9127 9142
f 9127 9129 9142
f 9142 9129 9143
f 9129 9131 9143
f 9143 9131 9144
f 9131 9133 9144
f 9144 9133 9145
f 9133 9135 9145
f 9145 9135 9146
f 9135 9137 9146
f 9146 9137 9147
f 9137 9139 9147
f 9147 9139 9148
f 9139 9141 9148
f 9148 9141 9149
f 9150 9151 9152
f 9150 9152 9153
f 9152 9154 9153
f 9153 9154 9155
f 9154 9156 9155
f 9155 9156 9157
f 9156 9158 9157
f 9157 9158 9159
f 9158 9160 9159
f 9159 9160 9161
f 9160 9162 9161
f 9161 9162 9163
f 9162 9164 9163
f 9163 9164 9165
f 9164 9166 9165
f 9165 9166 9167
f 9166 9168 9167
f 9167 9168 9169
f 9150 9170 9151
f 9170 9171 9151
f 9171 9170 9172
f 9170 9173 9172
f 9172 9173 9174
f 9173 9175 9174
f 9174 9175 9176
f 9175 9177 9176
f 9176 9177 9178
f 9177 9179 9178
f 9178 9179 9180
f 9179 9181 9180
f 9180 9181 9182
f 9181 9183 9182
f 9182 9184 9180
f 9184 9185 9180
f 9180 9185 9178
f 9185 9186 9178
f 9178 9186 9176
f 9186 9187 9176
f 9176 9187 9174
f 9187 9188 9174
f 9174 9188 9172
f 9188 9189 9172
f 9172 9189 9171
f 9189 9190 9171
f 9151 9171 9191
f 9171 9190 9191
f 9192 9168 9166
f 9192 9166 9193
f 9166 9164 9193
f 9193 9164 9194
f 9164 9162 9194
f 9194 9162 9195
f 9162 9160 9195
f 9195 9160 9196
f 9160 9158 9196
f 9196 9158 9197
f 9158 9156 9197
f 9156 9154 9197
f 9197 9154 9198
f 9154 9152 9198
f 9152 9151 9198
f 9198 9151 9191
f 9168 9192 9199
f 9192 9200 9199
f 9199 9200 9201
f 9200 9202 9201
f 9201 9202 9203
f 9202 9204 9203
f 9203 9204 9205
f 9204 9206 9205
f 9205 9206 9207
f 9206 9208 9207
f 9207 9208 9209
f 9208 9210 9209
f 9209 9210 9141
f 9210 9149 9141
f 9140 2151 2140
f 2151 9140 5268
f 9140 9059 5268
f 5268 9059 6291
f 6290 9065 6281
f 9065 9169 6281
f 6281 9169 9211
f 9169 9168 9211
f 9211 9168 9212
f 9168 9199 9212
f 9212 9199 9213
f 9199 9201 9213
f 9213 9201 9214
f 9201 9203 9214
f 9214 9203 9215
f 9203 9205 9215
f 9215 9205 9216
f 9205 9207 9216
f 9216 9207 9217
f 9207 9209 9217
f 9217 9209 2140
f 9209 9141 2140
f 2140 9141 9140
f 2222 2335 2224
f 2335 2336 2224
f 2339 2141 2225
f 2141 2143 2225
f 2226 2224 2337
f 2224 2336 2337
f 2160 2163 2332
f 2163 2333 2332
f 2328 2327 2162
f 2327 9211 2162
f 9216 2227 9215
f 2227 2226 9215
f 9215 2226 9214
f 2142 2338 2140
f 2338 2227 2140
f 2140 2227 9217
f 2227 9216 9217
f 2337 2333 2163
f 2226 2337 9214
f 2337 2163 9214
f 9214 2163 9213
f 2163 2162 9213
f 9213 2162 9212
f 2162 9211 9212
f 2162 2157 2328
f 2157 2330 2328
f 2331 2158 2332
f 2158 2160 2332
f 2157 2155 2330
f 2155 2329 2330
f 5250 6281 9211
f 2154 5250 2155
f 5250 9211 2155
f 2155 9211 2329
f 9211 2327 2329
f 2318 2317 2167
f 2317 2168 2167
f 9003 2168 2317
f 2317 2319 9003
f 2319 2320 9003
f 9003 2320 9007
f 2320 2326 9007
f 9007 2326 9008
f 2326 2325 9008
f 9008 2325 9009
f 2325 2324 9009
f 9009 2324 9006
f 2324 2323 9006
f 9006 2323 9005
f 2323 2322 9005
f 9005 2322 9004
f 9004 2322 2161
f 2322 2321 2161
f 2161 2321 2156
f 5422 9218 5424
f 9218 9219 5424
f 5424 9219 5426
f 9219 9220 5426
f 5426 9220 5428
f 9220 9221 5428
f 5428 9221 5430
f 9221 9222 5430
f 5430 9222 8889
f 9222 9223 8889
f 8889 9223 5434
f 9223 9224 5434
f 5434 9224 8890
f 9224 9225 8890
f 8890 9225 8891
f 9225 9226 8891
f 8891 9226 8892
f 9226 9227 8892
f 8892 9227 5442
f 9227 9228 5442
f 5442 9228 5444
f 9228 9229 5444
f 5444 9229 8893
f 9229 9230 8893
f 8893 9230 5400
f 9230 9231 5400
f 5400 9231 8894
f 9231 9232 8894
f 8894 9232 8895
f 9232 9233 8895
f 8895 9233 8896
f 9233 9234 8896
f 8896 9234 5408
f 9234 9235 5408
f 5408 9235 8886
f 9235 9236 8886
f 8886 9236 5412
f 9236 9237 5412
f 5412 9237 5414
f 9237 9238 5414
f 5414 9238 8887
f 9238 9239 8887
f 8887 9239 8888
f 9239 9240 8888
f 8888 9240 5420
f 9240 9241 5420
f 5420 9241 5422
f 9241 9218 5422
f 8994 2149 6586
f 5300 1716 5298
f 1716 2212 5298
f 5298 2212 5280
f 2212 2344 5280
f 6055 9051 5300
f 9051 1714 5300
f 5300 1714 1716
f 6586 2149 2150
f 2341 2229 2344
f 2229 2145 2344
f 2344 2145 5280
f 2145 2144 5280
f 8994 6586 8993
f 6586 6588 8993
f 8993 6588 6618
f 2151 5268 2152
f 5268 9779 2152
f 5268 5279 2153
f 2153 5279 6624
f 5279 5277 6624
f 6624 5277 6623
f 5277 5275 6623
f 6623 5275 6620
f 5275 5273 6620
f 6588 6620 6618
f 6620 5273 6618
f 6618 5273 6619
f 5273 5271 6619
f 6619 5271 6612
f 5271 5280 6612
f 6612 5280 6614
f 5280 2144 6614
f 2154 2156 2321
f 5245 2167 5246
f 2167 2169 5246
f 5245 5250 2167
f 5250 2154 2167
f 2167 2154 2318
f 2154 2321 2318
f 2169 9049 5246
f 9049 9048 5246
f 5246 9048 6048
f 5470 9242 8901
f 9242 9243 8901
f 8901 9243 5474
f 9243 9244 5474
f 5474 9244 5476
f 9244 9245 5476
f 5476 9245 5478
f 9245 9246 5478
f 5478 9246 8902
f 9246 9247 8902
f 8902 9247 5482
f 9247 9248 5482
f 5482 9248 8903
f 9248 9249 8903
f 8903 9249 8904
f 9249 9250 8904
f 8904 9250 8905
f 9250 9251 8905
f 8905 9251 5490
f 9251 9252 5490
f 5490 9252 5492
f 9252 9253 5492
f 5492 9253 8906
f 9253 9254 8906
f 8906 9254 5448
f 9254 9255 5448
f 5448 9255 8907
f 9255 9256 8907
f 8907 9256 8908
f 9256 9257 8908
f 8908 9257 8909
f 9257 9258 8909
f 8909 9258 5456
f 9258 9259 5456
f 5456 9259 8897
f 9259 9260 8897
f 8897 9260 5460
f 9260 9261 5460
f 5460 9261 5462
f 9261 9262 5462
f 5462 9262 8898
f 9262 9263 8898
f 8898 9263 8899
f 9263 9264 8899
f 8899 9264 8900
f 9264 9265 8900
f 8900 9265 5470
f 9265 9242 5470
f 9089 9091 9052
f 9091 9093 9052
f 9052 9093 9094
f 9052 9254 9253
f 9253 9085 9052
f 9085 9087 9052
f 9052 9087 9089
f 9253 9252 9085
f 9252 9251 9085
f 9085 9251 9082
f 9251 9250 9082
f 9082 9250 9102
f 9254 9052 9255
f 9052 9053 9255
f 9255 9053 9256
f 9053 9054 9256
f 9256 9054 9257
f 9054 9055 9257
f 9257 9055 9258
f 9055 9056 9258
f 9258 9056 9259
f 9056 9057 9259
f 9259 9057 9260
f 9057 9058 9260
f 9260 9058 9261
f 9059 9140 9138
f 9261 9058 9262
f 9058 9063 9262
f 9262 9063 9263
f 9063 9062 9263
f 9263 9062 9061
f 9250 9249 9102
f 9249 9248 9102
f 9102 9248 9104
f 9248 9247 9104
f 9104 9247 9106
f 9247 9246 9106
f 9106 9246 9108
f 9246 9245 9108
f 9108 9245 9110
f 9245 9244 9110
f 9110 9244 9112
f 9244 9243 9112
f 9112 9243 9114
f 9243 9242 9114
f 9114 9242 9123
f 9242 9265 9123
f 9123 9265 9124
f 9138 9136 9059
f 9136 9134 9059
f 9059 9134 9060
f 9134 9132 9060
f 9060 9132 9130
f 9061 9060 9263
f 9060 9130 9263
f 9263 9130 9264
f 9130 9128 9264
f 9264 9128 9265
f 9128 9126 9265
f 9265 9126 9124
f 9266 9267 9050
f 9267 9268 9050
f 9050 9268 9269
f 9269 9270 9050
f 9270 9271 9050
f 9050 9271 9220
f 9183 9223 9272
f 9223 9222 9272
f 9272 9222 9271
f 9222 9221 9271
f 9271 9221 9220
f 9066 9233 9065
f 9233 9232 9065
f 9065 9232 9231
f 9220 9219 9050
f 9219 9218 9050
f 9050 9218 9047
f 9218 9241 9047
f 9047 9241 9046
f 9241 9240 9046
f 9046 9240 9045
f 9240 9239 9045
f 9045 9239 9044
f 9239 9238 9044
f 9044 9238 9043
f 9238 9237 9043
f 9043 9237 9042
f 9237 9236 9042
f 9236 9235 9042
f 9042 9235 9064
f 9235 9234 9064
f 9064 9234 9068
f 9234 9233 9068
f 9068 9233 9067
f 9233 9066 9067
f 9150 9231 9170
f 9231 9230 9170
f 9170 9230 9173
f 9230 9229 9173
f 9173 9229 9175
f 9229 9228 9175
f 9175 9228 9177
f 9228 9227 9177
f 9177 9227 9179
f 9227 9226 9179
f 9179 9226 9181
f 9226 9225 9181
f 9181 9225 9183
f 9225 9224 9183
f 9183 9224 9223
f 9163 9065 9161
f 9065 9159 9161
f 9163 9165 9065
f 9165 9167 9065
f 9065 9167 9169
f 9150 9153 9231
f 9153 9155 9231
f 9231 9155 9065
f 9155 9157 9065
f 9065 9157 9159
f 9273 9272 9271
f 9273 9271 9274
f 9271 9270 9274
f 9274 9270 9275
f 9270 9269 9275
f 9275 9269 9276
f 9269 9268 9276
f 9276 9268 9277
f 9268 9267 9277
f 9277 9267 9278
f 9267 9266 9278
f 9278 9266 9279
f 9183 9272 9182
f 9272 9273 9182
f 9182 9273 9184
f 9273 9280 9184
f 9186 9185 9075
f 9185 9184 9075
f 9075 9184 9281
f 9119 9118 9075
f 9204 9202 9189
f 9202 9200 9189
f 9189 9200 9190
f 9200 9192 9190
f 9184 9280 9281
f 9281 9280 9282
f 9282 9283 9281
f 9283 9284 9281
f 9119 9075 9120
f 9075 9077 9120
f 9120 9077 9101
f 9077 9081 9101
f 9101 9081 9099
f 9081 9095 9099
f 9116 9208 9206
f 9095 9096 9099
f 9096 9097 9099
f 9099 9097 9098
f 9198 9191 9192
f 9192 9191 9190
f 9208 9116 9210
f 9116 9115 9210
f 9210 9115 9149
f 9118 9117 9075
f 9117 9116 9075
f 9075 9116 9186
f 9116 9206 9186
f 9186 9206 9187
f 9206 9204 9187
f 9187 9204 9188
f 9204 9189 9188
f 9198 9192 9197
f 9192 9193 9197
f 9197 9193 9194
f 9194 9195 9197
f 9195 9196 9197
f 9115 9122 9149
f 9122 9142 9149
f 9142 9143 9149
f 9143 9144 9149
f 9149 9144 9145
f 9145 9146 9149
f 9146 9147 9149
f 9149 9147 9148
f 9280 9273 9274
f 9274 9275 9280
f 9280 9275 9282
f 9275 9276 9282
f 9282 9276 9283
f 9276 9277 9283
f 9283 9277 9284
f 9277 9278 9284
f 9278 9279 9284
f 9284 9279 9281
f 9075 9281 9076
f 9281 9279 9076
f 9285 9070 9069
f 9076 9279 9266
f 9050 9049 9266
f 9049 2169 9266
f 9266 2169 9076
f 2127 9041 2123
f 9041 9285 2123
f 9285 9069 2123
f 9069 9073 2123
f 2123 9073 2169
f 9073 9074 2169
f 2169 9074 9076
f 9286 9287 9288
f 9286 9288 9289
f 9288 9290 9289
f 9289 9290 9291
f 9290 9292 9291
f 9291 9292 9293
f 9292 9294 9293
f 9293 9294 9295
f 9294 9296 9295
f 9295 9296 9297
f 9296 9070 9297
f 9297 9070 9285
f 9072 9070 9296
f 9072 9296 9298
f 9296 9294 9298
f 9294 9292 9298
f 9298 9292 9299
f 9292 9290 9299
f 9299 9290 9300
f 9290 9288 9300
f 9300 9288 9301
f 9288 9287 9301
f 9287 9302 9301
f 9302 9303 9301
f 9286 9304 9287
f 9304 9302 9287
f 9305 9306 9307
f 9306 9308 9307
f 9307 9308 9309
f 9308 9310 9309
f 9309 9310 9311
f 9310 9312 9311
f 9311 9312 9313
f 9312 9314 9313
f 9313 9314 9315
f 9314 9316 9315
f 9315 9316 9304
f 9316 9302 9304
f 9306 9317 9308
f 9317 9318 9308
f 9308 9318 9310
f 9318 9319 9310
f 9310 9319 9312
f 9319 9320 9312
f 9312 9320 9314
f 9320 9321 9314
f 9314 9321 9316
f 9321 9322 9316
f 9316 9322 9302
f 9322 9303 9302
f 9306 9323 9317
f 9323 9324 9317
f 9305 9325 9306
f 9325 9323 9306
f 9323 9325 9326
f 9323 9326 9327
f 9326 9328 9327
f 9327 9328 9329
f 9328 9330 9329
f 9329 9330 9331
f 9330 9332 9331
f 9331 9332 9333
f 9332 9334 9333
f 9333 9334 9335
f 9334 9336 9335
f 9335 9336 9337
f 9336 9338 9337
f 9337 9338 9339
f 9338 9340 9339
f 9339 9340 9341
f 9340 9342 9341
f 9341 9342 9343
f 9324 9323 9327
f 9324 9327 9344
f 9327 9329 9344
f 9329 9331 9344
f 9344 9331 9345
f 9331 9333 9345
f 9333 9335 9345
f 9345 9335 9346
f 9335 9337 9346
f 9346 9337 9347
f 9337 9339 9347
f 9347 9339 9348
f 9339 9341 9348
f 9348 9341 9349
f 9341 9343 9349
f 9349 9343 9350
f 9351 9352 9353
f 9351 9353 9354
f 9353 9355 9354
f 9354 9355 9356
f 9355 9357 9356
f 9356 9357 9358
f 9357 9359 9358
f 9358 9359 9360
f 9359 9361 9360
f 9360 9361 9362
f 9361 9363 9362
f 9362 9363 9364
f 9363 9365 9364
f 9364 9365 9366
f 9365 9367 9366
f 9366 9367 9368
f 9367 9369 9368
f 9368 9369 9370
f 9351 9371 9352
f 9371 9372 9352
f 9373 9374 9375
f 9374 9376 9375
f 9375 9376 9377
f 9376 9378 9377
f 9377 9378 9379
f 9378 9380 9379
f 9379 9380 9381
f 9380 9382 9381
f 9381 9382 9383
f 9382 9384 9383
f 9383 9384 9371
f 9384 9372 9371
f 9373 9385 9374
f 9385 9386 9374
f 9374 9386 9387
f 9386 9388 9387
f 9374 9387 9376
f 9387 9389 9376
f 9376 9389 9378
f 9389 9390 9378
f 9378 9390 9380
f 9390 9391 9380
f 9380 9391 9382
f 9391 9392 9382
f 9382 9392 9384
f 9392 9393 9384
f 9384 9393 9372
f 9393 9394 9372
f 9352 9372 9395
f 9372 9394 9395
f 9396 9369 9367
f 9396 9367 9397
f 9367 9365 9397
f 9397 9365 9398
f 9365 9363 9398
f 9398 9363 9399
f 9363 9361 9399
f 9399 9361 9400
f 9361 9359 9400
f 9400 9359 9401
f 9359 9357 9401
f 9401 9357 9402
f 9357 9355 9402
f 9402 9355 9403
f 9355 9353 9403
f 9353 9352 9403
f 9403 9352 9395
f 9369 9396 9404
f 9396 9405 9404
f 9404 9405 9406
f 9405 9407 9406
f 9406 9407 9408
f 9407 9409 9408
f 9408 9409 9410
f 9409 9411 9410
f 9410 9411 9412
f 9411 9413 9412
f 9412 9413 9414
f 9413 9415 9414
f 9414 9415 9343
f 9415 9350 9343
f 9018 8927 9342
f 8927 8912 9342
f 9342 8912 9014
f 8923 9023 8922
f 9023 9370 8922
f 8922 9370 9010
f 9370 9369 9010
f 9010 9369 9017
f 9369 9404 9017
f 9017 9404 9016
f 9404 9406 9016
f 9016 9406 9013
f 9406 9408 9013
f 9013 9408 9012
f 9408 9410 9012
f 9012 9410 9011
f 9410 9412 9011
f 9011 9412 9015
f 9412 9414 9015
f 9015 9414 9014
f 9414 9343 9014
f 9014 9343 9342
f 2121 2119 2179
f 2353 2351 2179
f 2351 9014 2179
f 2179 9014 2121
f 9014 8912 2121
f 9416 5204 9417
f 5204 8945 9417
f 9417 8945 9418
f 8945 5208 9418
f 9418 5208 9419
f 5208 5210 9419
f 9419 5210 9420
f 5210 5212 9420
f 9420 5212 9421
f 5212 8944 9421
f 9421 8944 9422
f 8944 5216 9422
f 9422 5216 9423
f 5216 8943 9423
f 9423 8943 9424
f 8943 8942 9424
f 9424 8942 9425
f 8942 8941 9425
f 9425 8941 9426
f 8941 5224 9426
f 9426 5224 9427
f 5224 5226 9427
f 9427 5226 9428
f 5226 8940 9428
f 9428 8940 9429
f 8940 5182 9429
f 9429 5182 9430
f 5182 8939 9430
f 9430 8939 9431
f 8939 8938 9431
f 9431 8938 9432
f 8938 8937 9432
f 9432 8937 9433
f 8937 5190 9433
f 9433 5190 9434
f 5190 8936 9434
f 9434 8936 9435
f 8936 5194 9435
f 9435 5194 9436
f 5194 5196 9436
f 9436 5196 9437
f 5196 8935 9437
f 9437 8935 9438
f 8935 8934 9438
f 9438 8934 9439
f 8934 8933 9439
f 9439 8933 9416
f 8933 5204 9416
f 2186 2188 2371
f 2371 2368 2186
f 2368 2220 2186
f 2186 2220 5063
f 1941 5065 2220
f 5065 5061 2220
f 2220 5061 5063
f 1941 1946 5065
f 1946 9029 5065
f 5065 9029 5070
f 9440 4944 9441
f 4944 4943 9441
f 9441 4943 9442
f 4943 4942 9442
f 9442 4942 9443
f 4942 4941 9443
f 9443 4941 9444
f 4941 4940 9444
f 9444 4940 9445
f 4940 4939 9445
f 9445 4939 9446
f 4939 4937 9446
f 9446 4937 9447
f 4937 4936 9447
f 9447 4936 9448
f 4936 4934 9448
f 9448 4934 9449
f 4934 4932 9449
f 9449 4932 9450
f 4932 4930 9450
f 9450 4930 9451
f 4930 4929 9451
f 9451 4929 9452
f 4929 4928 9452
f 9452 4928 9453
f 4928 4961 9453
f 9453 4961 9454
f 4961 4960 9454
f 9454 4960 9455
f 4960 4958 9455
f 9455 4958 9456
f 4958 4956 9456
f 9456 4956 9457
f 4956 4954 9457
f 9457 4954 9458
f 4954 4953 9458
f 9458 4953 9459
f 4953 4951 9459
f 9459 4951 9460
f 4951 4950 9460
f 9460 4950 9461
f 4950 4949 9461
f 9461 4949 9462
f 4949 4947 9462
f 9462 4947 9463
f 4947 4945 9463
f 9463 4945 9440
f 4945 4944 9440
f 9293 9295 9041
f 9295 9297 9041
f 9041 9297 9285
f 9041 9440 9441
f 9441 9289 9041
f 9289 9291 9041
f 9041 9291 9293
f 9441 9442 9289
f 9442 9443 9289
f 9289 9443 9286
f 9443 9444 9286
f 9286 9444 9304
f 9440 9041 9463
f 9041 9040 9463
f 9463 9040 9462
f 9040 9039 9462
f 9462 9039 9461
f 9039 9038 9461
f 9461 9038 9460
f 9038 9037 9460
f 9460 9037 9459
f 9037 9036 9459
f 9459 9036 9458
f 9036 9035 9458
f 9458 9035 9457
f 9444 9445 9304
f 9445 9446 9304
f 9304 9446 9315
f 9446 9447 9315
f 9315 9447 9313
f 9447 9448 9313
f 9313 9448 9311
f 9448 9449 9311
f 9311 9449 9309
f 9449 9450 9309
f 9309 9450 9307
f 9450 9451 9307
f 9307 9451 9305
f 9451 9452 9305
f 9305 9452 9325
f 9452 9453 9325
f 9325 9453 9326
f 9453 9454 9326
f 9326 9454 9328
f 9018 9342 9340
f 9340 9338 9018
f 9338 9336 9018
f 9018 9336 9019
f 9336 9334 9019
f 9019 9334 9332
f 9457 9035 9456
f 9035 9022 9456
f 9456 9022 9455
f 9022 9021 9455
f 9455 9021 9020
f 9020 9019 9455
f 9019 9332 9455
f 9455 9332 9454
f 9332 9330 9454
f 9454 9330 9328
f 9368 9370 9023
f 1944 9464 1945
f 9464 9465 1945
f 1945 9465 9466
f 9373 9422 9423
f 9466 9467 1945
f 9467 9468 1945
f 1945 9468 9426
f 9024 9437 9023
f 9437 9438 9023
f 9023 9438 9439
f 9358 9360 9023
f 9360 9362 9023
f 9373 9423 9385
f 9423 9424 9385
f 9385 9424 9468
f 9424 9425 9468
f 9468 9425 9426
f 9362 9364 9023
f 9364 9366 9023
f 9023 9366 9368
f 9426 9427 1945
f 9427 9428 1945
f 1945 9428 9028
f 9428 9429 9028
f 9028 9429 9030
f 9429 9430 9030
f 9030 9430 9031
f 9430 9431 9031
f 9031 9431 9032
f 9431 9432 9032
f 9032 9432 9033
f 9432 9433 9033
f 9033 9433 9034
f 9433 9434 9034
f 9434 9435 9034
f 9034 9435 9027
f 9435 9436 9027
f 9027 9436 9026
f 9436 9437 9026
f 9026 9437 9025
f 9437 9024 9025
f 9358 9023 9356
f 9023 9439 9356
f 9356 9439 9354
f 9422 9373 9421
f 9373 9375 9421
f 9421 9375 9420
f 9375 9377 9420
f 9420 9377 9419
f 9377 9379 9419
f 9419 9379 9418
f 9379 9381 9418
f 9418 9381 9417
f 9381 9383 9417
f 9417 9383 9416
f 9383 9371 9416
f 9416 9371 9439
f 9371 9351 9439
f 9439 9351 9354
f 9386 9385 9468
f 9386 9468 9469
f 9468 9467 9469
f 9469 9467 9470
f 9467 9466 9470
f 9470 9466 9471
f 9466 9465 9471
f 9471 9465 9472
f 9465 9464 9472
f 9472 9464 9473
f 9464 1944 9473
f 9473 1944 1943
f 9388 9386 9469
f 9388 9469 9474
f 9469 9470 9474
f 9474 9470 9475
f 9470 9471 9475
f 9475 9471 9476
f 9471 9472 9476
f 9476 9472 9477
f 9472 9473 9477
f 9473 1943 9477
f 9477 1943 9478
f 9479 9478 1942
f 9478 1943 1942
f 9390 9389 9479
f 9389 9387 9479
f 9479 9387 9478
f 9301 9303 9072
f 9072 9303 9071
f 9303 9322 9071
f 9071 9322 9479
f 9322 9321 9479
f 9479 9321 9320
f 9387 9388 9478
f 9388 9474 9478
f 9478 9474 9475
f 9409 9407 9393
f 9407 9405 9393
f 9393 9405 9394
f 9405 9396 9394
f 9318 9413 9411
f 9475 9476 9478
f 9476 9477 9478
f 9299 9072 9298
f 9299 9300 9072
f 9300 9301 9072
f 9413 9318 9415
f 9318 9317 9415
f 9415 9317 9350
f 9320 9319 9479
f 9319 9318 9479
f 9479 9318 9390
f 9318 9411 9390
f 9390 9411 9391
f 9411 9409 9391
f 9391 9409 9392
f 9409 9393 9392
f 9402 9397 9398
f 9402 9403 9397
f 9397 9403 9396
f 9403 9395 9396
f 9396 9395 9394
f 9317 9324 9350
f 9324 9344 9350
f 9350 9344 9349
f 9344 9348 9349
f 9398 9399 9402
f 9399 9400 9402
f 9402 9400 9401
f 9345 9346 9344
f 9346 9347 9344
f 9344 9347 9348
f 1302 9071 1303
f 9071 9479 1303
f 1942 1947 9479
f 1947 1303 9479
f 1707 9052 9094
f 9094 9080 9078
f 1707 9094 1297
f 9094 9078 1297
f 1297 9078 9079
f 1947 1296 1303
f 1296 1297 1303
f 1303 1297 1305
f 1297 9079 1305
f 2923 3011 2934
f 3011 3012 2934
f 2934 3012 2935
f 3012 3013 2935
f 2935 3013 2936
f 3013 3014 2936
f 2936 3014 2932
f 3014 3015 2932
f 2932 3015 2933
f 3015 3016 2933
f 2933 3016 2937
f 3016 3017 2937
f 2937 3017 2938
f 3017 3018 2938
f 2938 3018 2939
f 3018 3019 2939
f 2939 3019 2940
f 3019 3020 2940
f 2940 3020 2944
f 3020 3021 2944
f 2944 3021 2945
f 3021 3022 2945
f 2945 3022 2946
f 3022 3023 2946
f 2946 3023 2947
f 3023 3024 2947
f 2947 3024 2948
f 3024 3025 2948
f 2948 3025 2949
f 3025 3026 2949
f 2949 3026 2942
f 3026 3027 2942
f 2942 3027 2943
f 3027 3028 2943
f 2943 3028 2950
f 3028 3029 2950
f 2950 3029 2928
f 3029 3030 2928
f 2928 3030 2929
f 3030 3031 2929
f 2929 3031 2930
f 3031 3032 2930
f 2930 3032 2931
f 3032 3033 2931
f 2931 3033 2922
f 3033 3034 2922
f 2922 3034 2923
f 3034 3011 2923
f 2953 2023 2992
f 2023 2024 2992
f 2992 2024 3000
f 2024 2025 3000
f 3000 2025 3001
f 2025 2026 3001
f 3001 2026 3002
f 2026 2027 3002
f 3002 2027 2982
f 2027 2028 2982
f 2982 2028 2983
f 2028 2029 2983
f 2983 2029 2995
f 2029 2030 2995
f 2995 2030 2996
f 2030 2031 2996
f 2996 2031 2997
f 2031 2032 2997
f 2997 2032 2998
f 2032 2033 2998
f 2998 2033 2999
f 2033 2034 2999
f 2999 2034 3003
f 2034 2035 3003
f 3003 2035 3004
f 2035 2036 3004
f 3004 2036 3005
f 2036 2037 3005
f 3005 2037 2976
f 2037 2038 2976
f 2976 2038 2962
f 2038 2039 2962
f 2962 2039 2963
f 2039 2040 2963
f 2963 2040 2965
f 2040 2041 2965
f 2965 2041 2970
f 2041 2042 2970
f 2970 2042 2971
f 2042 2043 2971
f 2971 2043 2972
f 2043 2020 2972
f 2972 2020 2956
f 2020 2021 2956
f 2956 2021 2955
f 2021 2022 2955
f 2955 2022 2953
f 2022 2023 2953
f 2618 2005 2619
f 2005 2006 2619
f 2619 2006 2620
f 2006 2007 2620
f 2620 2007 2632
f 2007 2008 2632
f 2632 2008 2633
f 2008 2009 2633
f 2633 2009 2634
f 2009 2010 2634
f 2634 2010 2624
f 2010 2011 2624
f 2624 2011 2625
f 2011 2012 2625
f 2625 2012 2638
f 2012 2013 2638
f 2638 2013 2639
f 2013 2014 2639
f 2639 2014 2640
f 2014 2015 2640
f 2640 2015 2641
f 2015 2016 2641
f 2641 2016 2642
f 2016 2017 2642
f 2642 2017 2643
f 2017 2018 2643
f 2643 2018 2644
f 2018 2019 2644
f 2644 2019 2635
f 2019 1996 2635
f 2635 1996 2636
f 1996 1997 2636
f 2636 1997 2622
f 1997 1998 2622
f 2622 1998 2623
f 1998 1999 2623
f 2623 1999 2627
f 1999 2000 2627
f 2627 2000 2628
f 2000 2001 2628
f 2628 2001 2629
f 2001 2002 2629
f 2629 2002 2630
f 2002 2003 2630
f 2630 2003 2631
f 2003 2004 2631
f 2631 2004 2618
f 2004 2005 2618
f 2574 2095 2582
f 2095 2096 2582
f 2582 2096 2583
f 2096 2097 2583
f 2583 2097 2584
f 2097 2098 2584
f 2584 2098 2588
f 2098 2099 2588
f 2588 2099 2589
f 2099 2100 2589
f 2589 2100 2590
f 2100 2101 2590
f 2590 2101 2599
f 2101 2102 2599
f 2599 2102 2600
f 2102 2103 2600
f 2600 2103 2601
f 2103 2104 2601
f 2601 2104 2591
f 2104 2105 2591
f 2591 2105 2592
f 2105 2106 2592
f 2592 2106 2594
f 2106 2107 2594
f 2594 2107 2604
f 2107 2108 2604
f 2604 2108 2605
f 2108 2109 2605
f 2605 2109 2606
f 2109 2110 2606
f 2606 2110 2607
f 2110 2111 2607
f 2607 2111 2595
f 2111 2112 2595
f 2595 2112 2596
f 2112 2113 2596
f 2596 2113 2598
f 2113 2114 2598
f 2598 2114 2587
f 2114 2115 2587
f 2587 2115 2571
f 2115 2092 2571
f 2571 2092 2572
f 2092 2093 2572
f 2572 2093 2573
f 2093 2094 2573
f 2573 2094 2574
f 2094 2095 2574
f 2523 1326 2525
f 1326 1325 2525
f 2525 1325 2527
f 1325 1324 2527
f 2527 1324 2529
f 1324 1329 2529
f 2529 1329 2531
f 1329 1328 2531
f 2531 1328 2533
f 1328 1327 2533
f 2533 1327 2535
f 1327 1332 2535
f 2535 1332 2537
f 1332 1331 2537
f 2537 1331 2539
f 1331 1330 2539
f 2539 1330 2540
f 1330 1334 2540
f 2540 1334 2502
f 1334 1333 2502
f 2502 1333 2501
f 1333 1314 2501
f 2501 1314 2500
f 1314 1313 2500
f 2500 1313 2499
f 1313 1311 2499
f 2499 1311 2504
f 1311 1310 2504
f 2504 1310 2505
f 1310 1317 2505
f 2505 1317 2507
f 1317 1316 2507
f 2507 1316 2509
f 1316 1315 2509
f 2509 1315 2511
f 1315 1320 2511
f 2511 1320 2513
f 1320 1319 2513
f 2513 1319 2515
f 1319 1318 2515
f 2515 1318 2517
f 1318 1323 2517
f 2517 1323 2519
f 1323 1322 2519
f 2519 1322 2521
f 1322 1321 2521
f 2521 1321 2523
f 1321 1326 2523
f 2813 1345 2784
f 1345 1344 2784
f 2784 1344 2785
f 1344 1343 2785
f 2785 1343 2814
f 1343 1348 2814
f 2814 1348 2815
f 1348 1347 2815
f 2815 1347 2817
f 1347 1346 2817
f 2817 1346 2819
f 1346 1351 2819
f 2819 1351 2821
f 1351 1350 2821
f 2821 1350 2823
f 1350 1349 2823
f 2823 1349 2825
f 1349 1354 2825
f 2825 1354 2827
f 1354 1353 2827
f 2827 1353 2829
f 1353 1352 2829
f 2829 1352 2831
f 1352 1357 2831
f 2831 1357 2833
f 1357 1356 2833
f 2833 1356 2835
f 1356 1355 2835
f 2835 1355 2837
f 1355 1359 2837
f 2837 1359 2839
f 1359 1358 2839
f 2839 1358 2841
f 1358 1339 2841
f 2841 1339 2843
f 1339 1338 2843
f 2843 1338 2845
f 1338 1336 2845
f 2845 1336 2847
f 1336 1335 2847
f 2847 1335 2849
f 1335 1342 2849
f 2849 1342 2851
f 1342 1341 2851
f 2851 1341 2853
f 1341 1340 2853
f 2853 1340 2813
f 1340 1345 2813
f 2902 1363 2900
f 1363 1361 2900
f 2900 1361 2898
f 1361 1360 2898
f 2898 1360 2896
f 1360 1367 2896
f 2896 1367 2894
f 1367 1366 2894
f 2894 1366 2892
f 1366 1365 2892
f 2892 1365 2890
f 1365 1370 2890
f 2890 1370 2888
f 1370 1369 2888
f 2888 1369 2886
f 1369 1368 2886
f 2886 1368 2884
f 1368 1373 2884
f 2884 1373 2882
f 1373 1372 2882
f 2882 1372 2880
f 1372 1371 2880
f 2880 1371 2863
f 1371 1376 2863
f 2863 1376 2864
f 1376 1375 2864
f 2864 1375 2921
f 1375 1374 2921
f 2921 1374 2920
f 1374 1379 2920
f 2920 1379 2918
f 1379 1378 2918
f 2918 1378 2916
f 1378 1377 2916
f 2916 1377 2914
f 1377 1382 2914
f 2914 1382 2912
f 1382 1381 2912
f 2912 1381 2910
f 1381 1380 2910
f 2910 1380 2908
f 1380 1384 2908
f 2908 1384 2906
f 1384 1383 2906
f 2906 1383 2904
f 1383 1364 2904
f 2904 1364 2902
f 1364 1363 2902
f 9520 9637 9735
f 9637 9689 9594
f 9637 9594 9735
f 9689 9517 9554
f 9689 9554 9563
f 9689 9563 9594
f 9554 9518 9563
f 9518 9576 9634
f 9518 9595 9563
f 9518 9562 9595
f 9518 9662 9562
f 9518 9664 9662
f 9518 9720 9664
f 9518 9719 9720
f 9518 9633 9719
f 9518 9636 9633
f 9518 9634 9636
f 9576 9619 9626
f 9576 9618 9634
f 9576 9707 9618
f 9576 9697 9707
f 9576 9709 9697
f 9576 9699 9709
f 9576 9711 9699
f 9576 9650 9711
f 9576 9645 9650
f 9576 9626 9645
f 9619 9577 9626
f 9577 9718 9626
f 9718 9579 9647
f 9718 9647 9626
f 9579 9722 9647
f 9722 9522 9647
f 9522 9620 9647
f 9620 9638 9647
f 9638 9573 9617
f 9638 9617 9627
f 9638 9627 9647
f 9617 9725 9730
f 9617 9732 9627
f 9617 9737 9732
f 9617 9731 9737
f 9617 9729 9731
f 9617 9730 9729
f 9725 9705 9536
f 9725 9581 9615
f 9725 9555 9581
f 9725 9550 9555
f 9725 9552 9550
f 9725 9549 9552
f 9725 9536 9549
f 9725 9728 9730
f 9725 9613 9728
f 9725 9727 9613
f 9725 9615 9727
f 9705 9580 9658
f 9705 9551 9536
f 9705 9537 9551
f 9705 9605 9537
f 9705 9606 9605
f 9705 9717 9606
f 9705 9658 9717
f 9580 9695 9736
f 9580 9667 9658
f 9580 9669 9667
f 9580 9516 9669
f 9580 9611 9516
f 9580 9513 9611
f 9580 9685 9513
f 9580 9512 9685
f 9580 9686 9512
f 9580 9736 9686
f 9695 9609 9660
f 9695 9659 9651
f 9695 9670 9659
f 9695 9660 9670
f 9695 9654 9506
f 9695 9509 9654
f 9695 9653 9509
f 9695 9508 9653
f 9695 9651 9508
f 9695 9506 9736
f 9609 9521 9641
f 9609 9625 9683
f 9609 9639 9625
f 9609 9640 9639
f 9609 9641 9640
f 9609 9706 9660
f 9609 9683 9706
f 9521 9616 9528
f 9521 9603 9649
f 9521 9601 9603
f 9521 9526 9601
f 9521 9600 9526
f 9521 9528 9600
f 9521 9724 9641
f 9521 9721 9724
f 9521 9723 9721
f 9521 9621 9723
f 9521 9649 9621
f 9616 9607 9608
f 9616 9608 9635
f 9616 9635 9527
f 9616 9533 9528
f 9616 9592 9533
f 9616 9574 9592
f 9616 9593 9574
f 9616 9527 9593
f 9635 9735 9594
f 9635 9594 9527
f 9603 9602 9708
f 9603 9708 9649
f 9562 9662 9596
f 9596 9648 9564
f 9596 9662 9648
f 9564 9680 9597
f 9564 9648 9680
f 9597 9622 9565
f 9597 9680 9622
f 9565 9681 9560
f 9565 9622 9681
f 9560 9681 9738
f 9560 9663 9566
f 9560 9738 9663
f 9566 9712 9561
f 9566 9663 9712
f 9561 9665 9567
f 9561 9712 9665
f 9567 9710 9604
f 9567 9665 9710
f 9604 9614 9602
f 9604 9710 9614
f 9602 9614 9708
f 9669 9516 9671
f 9671 9510 9691
f 9671 9516 9510
f 9691 9610 9693
f 9691 9510 9610
f 9693 9740 9675
f 9693 9610 9740
f 9675 9733 9679
f 9675 9740 9733
f 9679 9715 9692
f 9679 9692 9630
f 9679 9733 9715
f 9630 9612 9578
f 9630 9692 9612
f 9578 9687 9523
f 9578 9612 9687
f 9523 9687 9515
f 9523 9515 9582
f 9582 9688 9575
f 9582 9515 9688
f 9575 9726 9581
f 9575 9688 9726
f 9581 9726 9615
f 9681 9661 9739
f 9681 9739 9738
f 9711 9646 9701
f 9711 9650 9646
f 9701 9652 9713
f 9701 9646 9652
f 9713 9690 9655
f 9713 9652 9690
f 9655 9684 9715
f 9655 9690 9684
f 9715 9684 9692
f 9715 9733 9656
f 9656 9507 9672
f 9656 9733 9507
f 9672 9734 9661
f 9672 9507 9734
f 9661 9734 9739
f 9663 9738 9714
f 9714 9511 9666
f 9714 9738 9511
f 9666 9682 9716
f 9666 9511 9682
f 9716 9514 9668
f 9716 9682 9514
f 9668 9651 9659
f 9668 9514 9651
f 9735 1154 9520
f 9637 1131 9689
f 9556 9604 9529
f 9556 9567 9604
f 9631 9567 9556
f 9631 9561 9567
f 9557 9561 9631
f 9557 9566 9561
f 9632 9566 9557
f 9632 9560 9566
f 9558 9560 9632
f 9558 9565 9560
f 9642 9565 9558
f 9642 9597 9565
f 9553 9597 9642
f 9553 9564 9597
f 9643 9564 9553
f 9643 9596 9564
f 9644 9596 9643
f 9644 9562 9596
f 9525 9562 9644
f 9525 9595 9562
f 9628 9595 9525
f 9628 9563 9595
f 9541 9563 9628
f 9541 9594 9563
f 9542 9594 9541
f 9542 9527 9594
f 9497 9527 9542
f 9497 9593 9527
f 9599 9593 9497
f 9599 9574 9593
f 9498 9574 9599
f 9498 9592 9574
f 9531 9592 9498
f 9531 9533 9592
f 9496 9533 9531
f 9496 9528 9533
f 9532 9528 9496
f 9532 9600 9528
f 9500 9600 9532
f 9500 9526 9600
f 9598 9526 9500
f 9598 9601 9526
f 9499 9601 9598
f 9499 9603 9601
f 9530 9603 9499
f 9530 9602 9603
f 9529 9602 9530
f 9529 9604 9602
f 9584 9717 1136
f 9584 9606 9717
f 9491 9606 9584
f 9491 9605 9606
f 9591 9605 9491
f 9591 9537 9605
f 9492 9537 9591
f 9492 9551 9537
f 9493 9551 9492
f 9493 9536 9551
f 9540 9536 9493
f 9540 9549 9536
f 9495 9549 9540
f 9495 9552 9549
f 9545 9552 9495
f 9545 9550 9552
f 9544 9550 9545
f 9544 9555 9550
f 9494 9555 9544
f 9494 9581 9555
f 9543 9581 9494
f 9543 9575 9581
f 9503 9575 9543
f 9503 9582 9575
f 9538 9582 9503
f 9538 9523 9582
f 9539 9523 9538
f 9539 9578 9523
f 9502 9578 9539
f 9502 9630 9578
f 9546 9630 9502
f 9546 9679 9630
f 9547 9679 9546
f 9547 9675 9679
f 9501 9675 9547
f 9501 9693 9675
f 9548 9693 9501
f 9548 9691 9693
f 9629 9691 9548
f 9629 9671 9691
f 9524 9671 9629
f 9524 9669 9671
f 9504 9669 9524
f 9504 9667 9669
f 9505 9667 9504
f 9505 9658 9667
f 1136 9658 9505
f 1136 9717 9658
f 9490 9672 1146
f 9490 9656 9672
f 9583 9656 9490
f 9583 9715 9656
f 1139 9715 9583
f 1139 9655 9715
f 9585 9655 1139
f 9585 9713 9655
f 1138 9713 9585
f 1138 9701 9713
f 9586 9701 1138
f 9586 9711 9701
f 9587 9711 9586
f 9587 9699 9711
f 1137 9699 9587
f 1137 9709 9699
f 9590 9709 1137
f 9590 9697 9709
f 9589 9697 9590
f 9589 9707 9697
f 1143 9707 9589
f 1143 9618 9707
f 9535 9618 1143
f 9535 9634 9618
f 1144 9634 9535
f 1144 9636 9634
f 9588 9636 1144
f 9588 9633 9636
f 9559 9633 9588
f 9559 9719 9633
f 9534 9719 9559
f 9534 9720 9719
f 9570 9720 9534
f 9570 9664 9720
f 1142 9664 9570
f 1142 9662 9664
f 9569 9662 1142
f 9569 9648 9662
f 1141 9648 9569
f 1141 9680 9648
f 9568 9680 1141
f 9568 9622 9680
f 9572 9622 9568
f 9572 9681 9622
f 9696 9681 9572
f 9696 9661 9681
f 1146 9661 9696
f 1146 9672 9661
f 9698 9706 9484
f 9698 9660 9706
f 9700 9660 9698
f 9700 9670 9660
f 1147 9670 9700
f 1147 9659 9670
f 9704 9659 1147
f 9704 9668 9659
f 9703 9668 9704
f 9703 9716 9668
f 1148 9716 9703
f 1148 9666 9716
f 9624 9666 1148
f 9624 9714 9666
f 1149 9714 9624
f 1149 9663 9714
f 9702 9663 1149
f 9702 9712 9663
f 9657 9712 9702
f 9657 9665 9712
f 9623 9665 9657
f 9623 9710 9665
f 9676 9710 9623
f 9676 9614 9710
f 1150 9614 9676
f 1150 9708 9614
f 9674 9708 1150
f 9674 9649 9708
f 1151 9649 9674
f 1151 9621 9649
f 9673 9621 1151
f 9673 9723 9621
f 9678 9723 9673
f 9678 9721 9723
f 1152 9721 9678
f 1152 9724 9721
f 9677 9724 1152
f 9677 9641 9724
f 9519 9641 9677
f 9519 9640 9641
f 1134 9640 9519
f 1134 9639 9640
f 9488 9639 1134
f 9488 9625 9639
f 9483 9625 9488
f 9483 9683 9625
f 9484 9683 9483
f 9484 9706 9683
f 1125 9688 1124
f 1125 9726 9688
f 1126 9726 1125
f 1126 9615 9726
f 9486 9615 1126
f 9486 9727 9615
f 9485 9727 9486
f 9485 9613 9727
f 9482 9613 9485
f 9482 9728 9613
f 1135 9728 9482
f 1135 9730 9728
f 9481 9730 1135
f 9481 9729 9730
f 9487 9729 9481
f 9487 9731 9729
f 9571 9731 9487
f 9571 9737 9731
f 9694 9737 9571
f 9694 9732 9737
f 1145 9732 9694
f 1145 9627 9732
f 1140 9627 1145
f 1140 9647 9627
f 9480 9647 1140
f 9480 9626 9647
f 1128 9626 9480
f 1128 9645 9626
f 9741 9645 1128
f 9741 9650 9645
f 1133 9650 9741
f 1133 9646 9650
f 9746 9646 1133
f 9746 9652 9646
f 9744 9652 9746
f 9744 9690 9652
f 9750 9690 9744
f 9750 9684 9690
f 1127 9684 9750
f 1127 9692 9684
f 9754 9692 1127
f 9754 9612 9692
f 9742 9612 9754
f 9742 9687 9612
f 9743 9687 9742
f 9743 9515 9687
f 1124 9515 9743
f 1124 9688 9515
f 1123 9736 9782
f 1123 9686 9736
f 9753 9686 1123
f 9753 9512 9686
f 9762 9512 9753
f 9762 9685 9512
f 9745 9685 9762
f 9745 9513 9685
f 1132 9513 9745
f 1132 9611 9513
f 9752 9611 1132
f 9752 9516 9611
f 9764 9516 9752
f 9764 9510 9516
f 9751 9510 9764
f 9751 9610 9510
f 9766 9610 9751
f 9766 9740 9610
f 9747 9740 9766
f 9747 9733 9740
f 9767 9733 9747
f 9767 9507 9733
f 1130 9507 9767
f 1130 9734 9507
f 9763 9734 1130
f 9763 9739 9734
f 9781 9739 9763
f 9781 9738 9739
f 9748 9738 9781
f 9748 9511 9738
f 9489 9511 9748
f 9489 9682 9511
f 1122 9682 9489
f 1122 9514 9682
f 9784 9514 1122
f 9784 9651 9514
f 9755 9651 9784
f 9755 9508 9651
f 1129 9508 9755
f 1129 9653 9508
f 9749 9653 1129
f 9749 9509 9653
f 9786 9509 9749
f 9786 9654 9509
f 1155 9654 9786
f 1155 9506 9654
f 9782 9506 1155
f 9782 9736 9506
f 9762 9753 1795
f 1797 9762 1795
f 9745 9762 1797
f 1799 9745 1797
f 1132 9745 1799
f 1801 1132 1799
f 9752 1132 1801
f 1803 9752 1801
f 9764 9752 1803
f 1805 9764 1803
f 9751 9764 1805
f 1807 9751 1805
f 9766 9751 1807
f 1809 9766 1807
f 9747 9766 1809
f 1811 9747 1809
f 9767 9747 1811
f 1813 9767 1811
f 1130 9767 1813
f 1767 1130 1813
f 9763 1130 1767
f 1769 9763 1767
f 9781 9763 1769
f 1771 9781 1769
f 9748 9781 1771
f 1773 9748 1771
f 9489 9748 1773
f 1775 9489 1773
f 1122 9489 1775
f 1777 1122 1775
f 9784 1122 1777
f 1779 9784 1777
f 9755 9784 1779
f 1781 9755 1779
f 1129 9755 1781
f 1783 1129 1781
f 9749 1129 1783
f 1785 9749 1783
f 9786 9749 1785
f 1787 9786 1785
f 1155 9786 1787
f 1789 1155 1787
f 9782 1155 1789
f 1791 9782 1789
f 1123 9782 1791
f 1793 1123 1791
f 9753 1123 1793
f 1795 9753 1793
f 1304 1278 1153
f 1131 1304 1153
f 1308 1304 1131
f 1277 1308 1131
f 1307 1276 1154
f 9787 1307 1154
f 1309 1307 9787
f 1283 1309 9787
f 1153 1282 1285
f 1284 1153 1285
f 9787 1153 1284
f 1283 9787 1284
f 1279 1282 1153
f 1153 1278 1279
f 1277 1131 1154
f 1276 1277 1154
f 9486 1126 1252
f 1275 9486 1252
f 9485 9486 1275
f 1274 9485 1275
f 9482 9485 1274
f 1273 9482 1274
f 1135 9482 1273
f 1272 1135 1273
f 9481 1135 1272
f 1271 9481 1272
f 9487 9481 1271
f 1270 9487 1271
f 9571 9487 1270
f 1269 9571 1270
f 9694 9571 1269
f 1268 9694 1269
f 1145 9694 1268
f 1267 1145 1268
f 1140 1145 1267
f 1266 1140 1267
f 9480 1140 1266
f 1265 9480 1266
f 1128 9480 1265
f 1264 1128 1265
f 9741 1128 1264
f 1263 9741 1264
f 1133 9741 1263
f 1262 1133 1263
f 9746 1133 1262
f 1261 9746 1262
f 9744 9746 1261
f 1260 9744 1261
f 9750 9744 1260
f 1259 9750 1260
f 1127 9750 1259
f 1258 1127 1259
f 9754 1127 1258
f 1257 9754 1258
f 9742 9754 1257
f 1256 9742 1257
f 9743 9742 1256
f 1255 9743 1256
f 1124 9743 1255
f 1254 1124 1255
f 1125 1124 1254
f 1253 1125 1254
f 1126 1125 1253
f 1252 1126 1253
f 1147 9700 1228
f 1251 1147 1228
f 9704 1147 1251
f 1250 9704 1251
f 9703 9704 1250
f 1249 9703 1250
f 1148 9703 1249
f 1248 1148 1249
f 9624 1148 1248
f 1247 9624 1248
f 1149 9624 1247
f 1246 1149 1247
f 9702 1149 1246
f 1245 9702 1246
f 9657 9702 1245
f 1244 9657 1245
f 9623 9657 1244
f 1243 9623 1244
f 9676 9623 1243
f 1242 9676 1243
f 1150 9676 1242
f 1241 1150 1242
f 9674 1150 1241
f 1240 9674 1241
f 1151 9674 1240
f 1239 1151 1240
f 9673 1151 1239
f 1238 9673 1239
f 9678 9673 1238
f 1237 9678 1238
f 1152 9678 1237
f 1236 1152 1237
f 9677 1152 1236
f 1235 9677 1236
f 9519 9677 1235
f 1234 9519 1235
f 1134 9519 1234
f 1233 1134 1234
f 9488 1134 1233
f 1232 9488 1233
f 9483 9488 1232
f 1231 9483 1232
f 9484 9483 1231
f 1230 9484 1231
f 9698 9484 1230
f 1229 9698 1230
f 9700 9698 1229
f 1228 9700 1229
f 1139 9583 1204
f 1227 1139 1204
f 9585 1139 1227
f 1226 9585 1227
f 1138 9585 1226
f 1225 1138 1226
f 9586 1138 1225
f 1224 9586 1225
f 9587 9586 1224
f 1223 9587 1224
f 1137 9587 1223
f 1222 1137 1223
f 9590 1137 1222
f 1221 9590 1222
f 9589 9590 1221
f 1220 9589 1221
f 1143 9589 1220
f 1219 1143 1220
f 9535 1143 1219
f 1218 9535 1219
f 1144 9535 1218
f 1217 1144 1218
f 9588 1144 1217
f 1216 9588 1217
f 9559 9588 1216
f 1215 9559 1216
f 9534 9559 1215
f 1214 9534 1215
f 9570 9534 1214
f 1213 9570 1214
f 1142 9570 1213
f 1212 1142 1213
f 9569 1142 1212
f 1211 9569 1212
f 1141 9569 1211
f 1210 1141 1211
f 9568 1141 1210
f 1209 9568 1210
f 9572 9568 1209
f 1208 9572 1209
f 9696 9572 1208
f 1207 9696 1208
f 1146 9696 1207
f 1206 1146 1207
f 9490 1146 1206
f 1205 9490 1206
f 9583 9490 1205
f 1204 9583 1205
f 9591 9491 1180
f 1203 9591 1180
f 9492 9591 1203
f 1202 9492 1203
f 9493 9492 1202
f 1201 9493 1202
f 9540 9493 1201
f 1200 9540 1201
f 9495 9540 1200
f 1199 9495 1200
f 9545 9495 1199
f 1198 9545 1199
f 9544 9545 1198
f 1197 9544 1198
f 9494 9544 1197
f 1196 9494 1197
f 9543 9494 1196
f 1195 9543 1196
f 9503 9543 1195
f 1194 9503 1195
f 9538 9503 1194
f 1193 9538 1194
f 9539 9538 1193
f 1192 9539 1193
f 9502 9539 1192
f 1191 9502 1192
f 9546 9502 1191
f 1190 9546 1191
f 9547 9546 1190
f 1189 9547 1190
f 9501 9547 1189
f 1188 9501 1189
f 9548 9501 1188
f 1187 9548 1188
f 9629 9548 1187
f 1186 9629 1187
f 9524 9629 1186
f 1185 9524 1186
f 9504 9524 1185
f 1184 9504 1185
f 9505 9504 1184
f 1183 9505 1184
f 1136 9505 1183
f 1182 1136 1183
f 9584 1136 1182
f 1181 9584 1182
f 9491 9584 1181
f 1180 9491 1181
f 9557 9631 1156
f 1179 9557 1156
f 9632 9557 1179
f 1178 9632 1179
f 9558 9632 1178
f 1177 9558 1178
f 9642 9558 1177
f 1176 9642 1177
f 9553 9642 1176
f 1175 9553 1176
f 9643 9553 1175
f 1174 9643 1175
f 9644 9643 1174
f 1173 9644 1174
f 9525 9644 1173
f 1172 9525 1173
f 9628 9525 1172
f 1171 9628 1172
f 9541 9628 1171
f 1170 9541 1171
f 9542 9541 1170
f 1169 9542 1170
f 9497 9542 1169
f 1168 9497 1169
f 9599 9497 1168
f 1167 9599 1168
f 9498 9599 1167
f 1166 9498 1167
f 9531 9498 1166
f 1165 9531 1166
f 9496 9531 1165
f 1164 9496 1165
f 9532 9496 1164
f 1163 9532 1164
f 9500 9532 1163
f 1162 9500 1163
f 9598 9500 1162
f 1161 9598 1162
f 9499 9598 1161
f 1160 9499 1161
f 9530 9499 1160
f 1159 9530 1160
f 9529 9530 1159
f 1158 9529 1159
f 9556 9529 1158
f 1157 9556 1158
f 9631 9556 1157
f 1156 9631 1157
f 1153 9705 9789
f 9580 9705 1153
f 9787 9580 1153
f 9695 9580 9787
f 9609 9695 9787
f 9787 9788 9609
f 9785 9617 9573
f 9725 9617 9785
f 9789 9725 9785
f 9789 9705 9725
f 5348 5302 9756
f 5342 9756 5302
f 5313 1717 9757
f 5505 9757 1717
f 2303 2218 9758
f 8992 9758 2218
f 2310 2171 9759
f 8965 9759 2171
f 5332 2170 9760
f 5326 9760 2170
f 5308 9761 1939
f 5495 1939 9761
f 1154 9607 9783
f 9608 9607 1154
f 9608 1154 9635
f 9635 1154 9735
f 1131 9520 1154
f 1131 9637 9520
f 5500 5495 9765
f 9761 9765 5495
f 9689 1131 9517
f 9517 1131 9554
f 9518 9554 1131
f 9576 9518 1131
f 5340 9768 5302
f 5970 5302 9768
f 5309 9769 1664
f 5499 1664 9769
f 5979 9770 5493
f 5342 5493 9770
f 5506 9771 5505
f 1664 5505 9771
f 5977 9772 5342
f 5970 5342 9772
f 6197 9773 5970
f 5326 5970 9773
f 5974 9774 5326
f 2174 5326 9774
f 6195 2215 9775
f 5505 9775 2215
f 5501 9776 5499
f 5495 5499 9776
f 3392 9777 2235
f 3321 2235 9777
f 5749 5042 9778
f 5046 9778 5042
f 5268 2153 9779
f 6625 9779 2153
f 5130 4246 9780
f 8052 9780 4246
f 1131 9722 9579
f 9522 9722 1131
f 9620 9522 1131
f 9638 9620 1131
f 1131 9619 9576
f 9577 9619 1131
f 9718 9577 1131
f 9573 9638 1131
f 9785 9573 1131
f 9579 9718 1131
f 9788 9521 9609
f 9616 9521 9783
f 9788 9783 9521
f 9783 9607 9616
f 9788 9787 1154
f 9783 9788 1154
f 9785 1131 1153
f 9789 9785 1153
# 9789 vertices
# 0 texture params
# 0 normals
# 19740 facets

# 1 groups
