# WaveFront *.obj file (generated by Autodesk ATF)

mtllib distal.mtl

g distal.obj

v -0.007799 0.010886 -0.012888
v -0.007552 0.010886 -0.012990
v -0.007286 0.010886 -0.012000
v -0.007286 0.010886 -0.013025
v -0.007021 0.010886 -0.012990
v -0.008276 0.010886 -0.012265
v -0.008174 0.010886 -0.012513
v -0.008011 0.010886 -0.012725
v -0.008174 0.010886 -0.011487
v -0.008276 0.010886 -0.011735
v -0.008311 0.010886 -0.012000
v -0.007552 0.010886 -0.011010
v -0.007799 0.010886 -0.011112
v -0.008011 0.010886 -0.011275
v -0.006774 0.010886 -0.011112
v -0.007021 0.010886 -0.011010
v -0.007286 0.010886 -0.010975
v -0.006296 0.010886 -0.011735
v -0.006399 0.010886 -0.011487
v -0.006562 0.010886 -0.011275
v -0.006399 0.010886 -0.012513
v -0.006296 0.010886 -0.012265
v -0.006261 0.010886 -0.012000
v -0.006774 0.010886 -0.012888
v -0.006562 0.010886 -0.012725
v -0.013799 0.010886 -0.012888
v -0.013552 0.010886 -0.012990
v -0.013286 0.010886 -0.012000
v -0.013286 0.010886 -0.013025
v -0.013021 0.010886 -0.012990
v -0.014276 0.010886 -0.012265
v -0.014174 0.010886 -0.012513
v -0.014011 0.010886 -0.012725
v -0.014174 0.010886 -0.011487
v -0.014276 0.010886 -0.011735
v -0.014311 0.010886 -0.012000
v -0.013552 0.010886 -0.011010
v -0.013799 0.010886 -0.011112
v -0.014011 0.010886 -0.011275
v -0.012774 0.010886 -0.011112
v -0.013021 0.010886 -0.011010
v -0.013286 0.010886 -0.010975
v -0.012296 0.010886 -0.011735
v -0.012399 0.010886 -0.011487
v -0.012562 0.010886 -0.011275
v -0.012399 0.010886 -0.012513
v -0.012296 0.010886 -0.012265
v -0.012261 0.010886 -0.012000
v -0.012774 0.010886 -0.012888
v -0.012562 0.010886 -0.012725
v -0.019799 0.010886 -0.012888
v -0.019552 0.010886 -0.012990
v -0.019286 0.010886 -0.012000
v -0.019286 0.010886 -0.013025
v -0.019021 0.010886 -0.012990
v -0.020276 0.010886 -0.012265
v -0.020174 0.010886 -0.012513
v -0.020011 0.010886 -0.012725
v -0.020174 0.010886 -0.011487
v -0.020276 0.010886 -0.011735
v -0.020311 0.010886 -0.012000
v -0.019552 0.010886 -0.011010
v -0.019799 0.010886 -0.011112
v -0.020011 0.010886 -0.011275
v -0.018774 0.010886 -0.011112
v -0.019021 0.010886 -0.011010
v -0.019286 0.010886 -0.010975
v -0.018296 0.010886 -0.011735
v -0.018399 0.010886 -0.011487
v -0.018562 0.010886 -0.011275
v -0.018399 0.010886 -0.012513
v -0.018296 0.010886 -0.012265
v -0.018261 0.010886 -0.012000
v -0.018774 0.010886 -0.012888
v -0.018562 0.010886 -0.012725
v -0.007799 0.010886 0.011112
v -0.007552 0.010886 0.011010
v -0.007286 0.010886 0.012000
v -0.007286 0.010886 0.010975
v -0.007021 0.010886 0.011010
v -0.008276 0.010886 0.011735
v -0.008174 0.010886 0.011487
v -0.008011 0.010886 0.011275
v -0.008174 0.010886 0.012513
v -0.008276 0.010886 0.012265
v -0.008311 0.010886 0.012000
v -0.007552 0.010886 0.012990
v -0.007799 0.010886 0.012888
v -0.008011 0.010886 0.012725
v -0.006774 0.010886 0.012888
v -0.007021 0.010886 0.012990
v -0.007286 0.010886 0.013025
v -0.006296 0.010886 0.012265
v -0.006399 0.010886 0.012513
v -0.006562 0.010886 0.012725
v -0.006399 0.010886 0.011487
v -0.006296 0.010886 0.011735
v -0.006261 0.010886 0.012000
v -0.006774 0.010886 0.011112
v -0.006562 0.010886 0.011275
v -0.013799 0.010886 0.011112
v -0.013552 0.010886 0.011010
v -0.013286 0.010886 0.012000
v -0.013286 0.010886 0.010975
v -0.013021 0.010886 0.011010
v -0.014276 0.010886 0.011735
v -0.014174 0.010886 0.011487
v -0.014011 0.010886 0.011275
v -0.014174 0.010886 0.012513
v -0.014276 0.010886 0.012265
v -0.014311 0.010886 0.012000
v -0.013552 0.010886 0.012990
v -0.013799 0.010886 0.012888
v -0.014011 0.010886 0.012725
v -0.012774 0.010886 0.012888
v -0.013021 0.010886 0.012990
v -0.013286 0.010886 0.013025
v -0.012296 0.010886 0.012265
v -0.012399 0.010886 0.012513
v -0.012562 0.010886 0.012725
v -0.012399 0.010886 0.011487
v -0.012296 0.010886 0.011735
v -0.012261 0.010886 0.012000
v -0.012774 0.010886 0.011112
v -0.012562 0.010886 0.011275
v -0.019799 0.010886 0.011112
v -0.019552 0.010886 0.011010
v -0.019286 0.010886 0.012000
v -0.019286 0.010886 0.010975
v -0.019021 0.010886 0.011010
v -0.020276 0.010886 0.011735
v -0.020174 0.010886 0.011487
v -0.020011 0.010886 0.011275
v -0.020174 0.010886 0.012513
v -0.020276 0.010886 0.012265
v -0.020311 0.010886 0.012000
v -0.019552 0.010886 0.012990
v -0.019799 0.010886 0.012888
v -0.020011 0.010886 0.012725
v -0.018774 0.010886 0.012888
v -0.019021 0.010886 0.012990
v -0.019286 0.010886 0.013025
v -0.018296 0.010886 0.012265
v -0.018399 0.010886 0.012513
v -0.018562 0.010886 0.012725
v -0.018399 0.010886 0.011487
v -0.018296 0.010886 0.011735
v -0.018261 0.010886 0.012000
v -0.018774 0.010886 0.011112
v -0.018562 0.010886 0.011275
v -0.019831 0.010886 0.006169
v -0.019933 0.010886 0.005922
v -0.018943 0.010886 0.005657
v -0.019968 0.010886 0.005657
v -0.019933 0.010886 0.005392
v -0.019209 0.010886 0.006647
v -0.019456 0.010886 0.006545
v -0.019668 0.010886 0.006382
v -0.018431 0.010886 0.006545
v -0.018678 0.010886 0.006647
v -0.018943 0.010886 0.006682
v -0.017953 0.010886 0.005922
v -0.018056 0.010886 0.006169
v -0.018218 0.010886 0.006382
v -0.018056 0.010886 0.005144
v -0.017953 0.010886 0.005392
v -0.017918 0.010886 0.005657
v -0.018678 0.010886 0.004667
v -0.018431 0.010886 0.004769
v -0.018218 0.010886 0.004932
v -0.019456 0.010886 0.004769
v -0.019209 0.010886 0.004667
v -0.018943 0.010886 0.004632
v -0.019831 0.010886 0.005144
v -0.019668 0.010886 0.004932
v -0.008517 0.010886 0.006169
v -0.008620 0.010886 0.005922
v -0.007630 0.010886 0.005657
v -0.008655 0.010886 0.005657
v -0.008620 0.010886 0.005392
v -0.007895 0.010886 0.006647
v -0.008142 0.010886 0.006545
v -0.008354 0.010886 0.006382
v -0.007117 0.010886 0.006545
v -0.007364 0.010886 0.006647
v -0.007630 0.010886 0.006682
v -0.006639 0.010886 0.005922
v -0.006742 0.010886 0.006169
v -0.006905 0.010886 0.006382
v -0.006742 0.010886 0.005144
v -0.006639 0.010886 0.005392
v -0.006605 0.010886 0.005657
v -0.007364 0.010886 0.004667
v -0.007117 0.010886 0.004769
v -0.006905 0.010886 0.004932
v -0.008142 0.010886 0.004769
v -0.007895 0.010886 0.004667
v -0.007630 0.010886 0.004632
v -0.008517 0.010886 0.005144
v -0.008354 0.010886 0.004932
v -0.019831 0.010886 -0.005144
v -0.019933 0.010886 -0.005392
v -0.018943 0.010886 -0.005657
v -0.019968 0.010886 -0.005657
v -0.019933 0.010886 -0.005922
v -0.019209 0.010886 -0.004667
v -0.019456 0.010886 -0.004769
v -0.019668 0.010886 -0.004932
v -0.018431 0.010886 -0.004769
v -0.018678 0.010886 -0.004667
v -0.018943 0.010886 -0.004632
v -0.017953 0.010886 -0.005392
v -0.018056 0.010886 -0.005144
v -0.018218 0.010886 -0.004932
v -0.018056 0.010886 -0.006169
v -0.017953 0.010886 -0.005922
v -0.017918 0.010886 -0.005657
v -0.018678 0.010886 -0.006647
v -0.018431 0.010886 -0.006545
v -0.018218 0.010886 -0.006382
v -0.019456 0.010886 -0.006545
v -0.019209 0.010886 -0.006647
v -0.018943 0.010886 -0.006682
v -0.019831 0.010886 -0.006169
v -0.019668 0.010886 -0.006382
v -0.008517 0.010886 -0.005144
v -0.008620 0.010886 -0.005392
v -0.007630 0.010886 -0.005657
v -0.008655 0.010886 -0.005657
v -0.008620 0.010886 -0.005922
v -0.007895 0.010886 -0.004667
v -0.008142 0.010886 -0.004769
v -0.008354 0.010886 -0.004932
v -0.007117 0.010886 -0.004769
v -0.007364 0.010886 -0.004667
v -0.007630 0.010886 -0.004632
v -0.006639 0.010886 -0.005392
v -0.006742 0.010886 -0.005144
v -0.006905 0.010886 -0.004932
v -0.006742 0.010886 -0.006169
v -0.006639 0.010886 -0.005922
v -0.006605 0.010886 -0.005657
v -0.007364 0.010886 -0.006647
v -0.007117 0.010886 -0.006545
v -0.006905 0.010886 -0.006382
v -0.008142 0.010886 -0.006545
v -0.007895 0.010886 -0.006647
v -0.007630 0.010886 -0.006682
v -0.008517 0.010886 -0.006169
v -0.008354 0.010886 -0.006382
v -0.014174 0.010886 0.006512
v -0.014276 0.010886 0.006265
v -0.013286 0.010886 0.006000
v -0.014311 0.010886 0.006000
v -0.014276 0.010886 0.005735
v -0.013552 0.010886 0.006990
v -0.013799 0.010886 0.006888
v -0.014011 0.010886 0.006725
v -0.012774 0.010886 0.006888
v -0.013021 0.010886 0.006990
v -0.013286 0.010886 0.007025
v -0.012296 0.010886 0.006265
v -0.012399 0.010886 0.006512
v -0.012562 0.010886 0.006725
v -0.012399 0.010886 0.005488
v -0.012296 0.010886 0.005735
v -0.012261 0.010886 0.006000
v -0.013021 0.010886 0.005010
v -0.012774 0.010886 0.005112
v -0.012562 0.010886 0.005275
v -0.013799 0.010886 0.005112
v -0.013552 0.010886 0.005010
v -0.013286 0.010886 0.004975
v -0.014174 0.010886 0.005488
v -0.014011 0.010886 0.005275
v -0.012399 0.010886 -0.006512
v -0.012296 0.010886 -0.006265
v -0.013286 0.010886 -0.006000
v -0.012261 0.010886 -0.006000
v -0.012296 0.010886 -0.005735
v -0.013021 0.010886 -0.006990
v -0.012774 0.010886 -0.006888
v -0.012562 0.010886 -0.006725
v -0.013799 0.010886 -0.006888
v -0.013552 0.010886 -0.006990
v -0.013286 0.010886 -0.007025
v -0.014276 0.010886 -0.006265
v -0.014174 0.010886 -0.006512
v -0.014011 0.010886 -0.006725
v -0.014174 0.010886 -0.005488
v -0.014276 0.010886 -0.005735
v -0.014311 0.010886 -0.006000
v -0.013552 0.010886 -0.005010
v -0.013799 0.010886 -0.005112
v -0.014011 0.010886 -0.005275
v -0.012774 0.010886 -0.005112
v -0.013021 0.010886 -0.005010
v -0.013286 0.010886 -0.004975
v -0.012399 0.010886 -0.005488
v -0.012562 0.010886 -0.005275
v -0.010328 0.009386 -0.005125
v -0.010328 0.007886 -0.005125
v -0.010128 0.007886 -0.004508
v -0.010128 0.009386 -0.004508
v -0.009790 0.007886 -0.003955
v -0.009790 0.009386 -0.003955
v -0.009331 0.007886 -0.003497
v -0.009331 0.009386 -0.003497
v -0.008778 0.007886 -0.003158
v -0.008778 0.009386 -0.003158
v -0.008162 0.007886 -0.002959
v -0.008162 0.009386 -0.002959
v -0.011286 0.009386 -0.003464
v -0.011286 0.008386 -0.003464
v -0.011036 0.007886 -0.003897
v -0.011101 0.007903 -0.003785
v -0.011278 0.008256 -0.003479
v -0.011253 0.008136 -0.003522
v -0.011213 0.008032 -0.003591
v -0.011161 0.007953 -0.003681
v -0.012132 0.008146 -0.003894
v -0.012132 0.008032 -0.003982
v -0.012101 0.007969 -0.004054
v -0.012132 0.008386 -0.003830
v -0.012132 0.008304 -0.003837
v -0.011959 0.007886 -0.004300
v -0.012020 0.007900 -0.004193
v -0.012046 0.007915 -0.004149
v -0.011429 0.007886 -0.005217
v -0.011429 0.009686 -0.005217
v -0.010977 0.007886 -0.006000
v -0.010977 0.009686 -0.006000
v -0.011679 0.007886 -0.004783
v -0.011679 0.009686 -0.004783
v -0.012132 0.009686 -0.004000
v -0.011295 0.007886 -0.006550
v -0.011295 0.009686 -0.006550
v -0.011035 0.009686 -0.007000
v -0.011035 0.007886 -0.007000
v -0.011112 0.007886 -0.006990
v -0.011112 0.009686 -0.006990
v -0.011185 0.007886 -0.006960
v -0.011185 0.009686 -0.006960
v -0.011247 0.007886 -0.006912
v -0.011247 0.009686 -0.006912
v -0.011295 0.007886 -0.006850
v -0.011295 0.009686 -0.006850
v -0.011335 0.007886 -0.006700
v -0.011335 0.009686 -0.006700
v -0.010036 0.007886 -0.007000
v -0.010036 0.009686 -0.007000
v -0.009132 0.007886 -0.007000
v -0.009132 0.009686 -0.007000
v -0.010536 0.007886 -0.007000
v -0.010536 0.009686 -0.007000
v -0.016036 0.007886 -0.007000
v -0.016036 0.009686 -0.007000
v -0.015538 0.007886 -0.007000
v -0.015538 0.009686 -0.007000
v -0.017441 0.007886 -0.007000
v -0.017441 0.009686 -0.007000
v -0.016536 0.007886 -0.007000
v -0.016536 0.009686 -0.007000
v -0.008964 0.007886 -0.006789
v -0.008964 0.009686 -0.006789
v -0.008431 0.009686 -0.007212
v -0.008431 0.007886 -0.007212
v -0.008011 0.009686 -0.007365
v -0.008011 0.007886 -0.007365
v -0.007566 0.009686 -0.007406
v -0.007566 0.007886 -0.007406
v -0.007125 0.009686 -0.007332
v -0.007125 0.007886 -0.007332
v -0.006717 0.009686 -0.007150
v -0.006717 0.007886 -0.007150
v -0.006368 0.009686 -0.006870
v -0.006368 0.007886 -0.006870
v -0.006102 0.009686 -0.006511
v -0.006102 0.007886 -0.006511
v -0.005935 0.009686 -0.006096
v -0.005935 0.007886 -0.006096
v -0.005880 0.009686 -0.005652
v -0.005880 0.007886 -0.005652
v -0.005938 0.009686 -0.005209
v -0.005938 0.007886 -0.005209
v -0.006107 0.009686 -0.004795
v -0.006107 0.007886 -0.004795
v -0.006375 0.009686 -0.004437
v -0.006375 0.007886 -0.004437
v -0.006725 0.009686 -0.004159
v -0.006725 0.007886 -0.004159
v -0.007134 0.009686 -0.003979
v -0.007134 0.007886 -0.003979
v -0.007575 0.009686 -0.003908
v -0.007575 0.007886 -0.003908
v -0.008020 0.009686 -0.003951
v -0.008020 0.007886 -0.003951
v -0.008440 0.009686 -0.004106
v -0.008440 0.007886 -0.004106
v -0.008806 0.009686 -0.004361
v -0.008806 0.007886 -0.004361
v -0.009096 0.009686 -0.004702
v -0.009096 0.007886 -0.004702
v -0.009290 0.009686 -0.005105
v -0.009290 0.007886 -0.005105
v -0.009376 0.009686 -0.005543
v -0.009376 0.007886 -0.005543
v -0.009348 0.009686 -0.005989
v -0.009348 0.007886 -0.005989
v -0.009207 0.009686 -0.006414
v -0.009207 0.007886 -0.006414
v -0.008766 0.007886 -0.007634
v -0.008766 0.009686 -0.007634
v -0.007977 0.009686 -0.009000
v -0.007977 0.007886 -0.009000
v -0.008483 0.009686 -0.008124
v -0.008295 0.007886 -0.009550
v -0.008295 0.009686 -0.009550
v -0.008035 0.009686 -0.010000
v -0.008035 0.007886 -0.010000
v -0.008112 0.007886 -0.009990
v -0.008112 0.009686 -0.009990
v -0.008185 0.007886 -0.009960
v -0.008185 0.009686 -0.009960
v -0.008247 0.007886 -0.009912
v -0.008247 0.009686 -0.009912
v -0.008295 0.007886 -0.009850
v -0.008295 0.009686 -0.009850
v -0.008335 0.007886 -0.009700
v -0.008335 0.009686 -0.009700
v -0.008325 0.007886 -0.009622
v -0.008325 0.009686 -0.009622
v -0.007036 0.007886 -0.010000
v -0.007036 0.009686 -0.010000
v -0.006363 0.007886 -0.010000
v -0.006132 0.009686 -0.010000
v -0.006132 0.007886 -0.010000
v -0.007536 0.007886 -0.010000
v -0.007536 0.009686 -0.010000
v -0.019036 0.007886 -0.010000
v -0.019036 0.009686 -0.010000
v -0.018538 0.007886 -0.010000
v -0.018538 0.009686 -0.010000
v -0.019536 0.009686 -0.010000
v -0.019536 0.007886 -0.010000
v -0.020140 0.009686 -0.010000
v -0.020210 0.007886 -0.010000
v -0.020441 0.009686 -0.010000
v -0.020441 0.007886 -0.010000
v -0.014035 0.007886 -0.010000
v -0.014035 0.009686 -0.010000
v -0.013536 0.007886 -0.010000
v -0.013536 0.009686 -0.010000
v -0.013036 0.007886 -0.010000
v -0.013036 0.009686 -0.010000
v -0.012538 0.007886 -0.010000
v -0.012538 0.009686 -0.010000
v -0.004977 0.009686 -0.012000
v -0.004977 0.007886 -0.012000
v -0.005816 0.009686 -0.010548
v -0.006090 0.009686 -0.010073
v -0.005679 0.007886 -0.013217
v -0.005679 0.009686 -0.013217
v -0.006132 0.007886 -0.014000
v -0.006132 0.009686 -0.014000
v -0.005429 0.007886 -0.012783
v -0.005429 0.009686 -0.012783
v -0.006363 0.007886 -0.014000
v -0.008441 0.009686 -0.014000
v -0.008441 0.007886 -0.014000
v -0.009143 0.007886 -0.012783
v -0.009143 0.009686 -0.012783
v -0.009596 0.007886 -0.012000
v -0.009596 0.009686 -0.012000
v -0.008893 0.009686 -0.013217
v -0.008893 0.007886 -0.013217
v -0.008483 0.009686 -0.013927
v -0.009278 0.007886 -0.011450
v -0.009278 0.009686 -0.011450
v -0.009538 0.009686 -0.011000
v -0.009538 0.007886 -0.011000
v -0.009388 0.007886 -0.011040
v -0.009388 0.009686 -0.011040
v -0.009326 0.007886 -0.011088
v -0.009326 0.009686 -0.011088
v -0.009278 0.007886 -0.011150
v -0.009278 0.009686 -0.011150
v -0.009248 0.007886 -0.011222
v -0.009248 0.009686 -0.011222
v -0.009238 0.007886 -0.011300
v -0.009238 0.009686 -0.011300
v -0.009248 0.007886 -0.011378
v -0.009248 0.009686 -0.011378
v -0.010536 0.007886 -0.011000
v -0.010536 0.009686 -0.011000
v -0.011035 0.007886 -0.011000
v -0.011035 0.009686 -0.011000
v -0.010036 0.007886 -0.011000
v -0.010036 0.009686 -0.011000
v -0.011112 0.009686 -0.011010
v -0.011112 0.007886 -0.011010
v -0.011185 0.009686 -0.011040
v -0.011185 0.007886 -0.011040
v -0.011247 0.009686 -0.011088
v -0.011247 0.007886 -0.011088
v -0.011295 0.009686 -0.011150
v -0.011295 0.007886 -0.011150
v -0.011335 0.009686 -0.011300
v -0.011335 0.007886 -0.011300
v -0.011325 0.009686 -0.011378
v -0.011325 0.007886 -0.011378
v -0.010977 0.007886 -0.012000
v -0.010977 0.009686 -0.012000
v -0.011679 0.007886 -0.013217
v -0.011679 0.009686 -0.013217
v -0.012132 0.007886 -0.014000
v -0.012132 0.009686 -0.014000
v -0.011429 0.007886 -0.012783
v -0.011429 0.009686 -0.012783
v -0.013286 0.007886 -0.014000
v -0.014441 0.009686 -0.014000
v -0.014441 0.007886 -0.014000
v -0.014323 0.009686 -0.014000
v -0.012250 0.009686 -0.014000
v -0.015143 0.007886 -0.012783
v -0.015143 0.009686 -0.012783
v -0.015596 0.007886 -0.012000
v -0.015596 0.009686 -0.012000
v -0.014893 0.007886 -0.013217
v -0.014893 0.009686 -0.013217
v -0.015278 0.007886 -0.011450
v -0.015278 0.009686 -0.011450
v -0.015538 0.009686 -0.011000
v -0.015538 0.007886 -0.011000
v -0.015388 0.007886 -0.011040
v -0.015388 0.009686 -0.011040
v -0.015326 0.007886 -0.011088
v -0.015326 0.009686 -0.011088
v -0.015278 0.007886 -0.011150
v -0.015278 0.009686 -0.011150
v -0.015248 0.007886 -0.011222
v -0.015248 0.009686 -0.011222
v -0.015238 0.007886 -0.011300
v -0.015238 0.009686 -0.011300
v -0.015248 0.007886 -0.011378
v -0.015248 0.009686 -0.011378
v -0.016536 0.007886 -0.011000
v -0.016536 0.009686 -0.011000
v -0.017035 0.007886 -0.011000
v -0.017035 0.009686 -0.011000
v -0.016036 0.007886 -0.011000
v -0.016036 0.009686 -0.011000
v -0.017112 0.009686 -0.011010
v -0.017112 0.007886 -0.011010
v -0.017185 0.009686 -0.011040
v -0.017185 0.007886 -0.011040
v -0.017247 0.009686 -0.011088
v -0.017247 0.007886 -0.011088
v -0.017295 0.009686 -0.011150
v -0.017295 0.007886 -0.011150
v -0.017335 0.009686 -0.011300
v -0.017335 0.007886 -0.011300
v -0.017325 0.009686 -0.011378
v -0.017325 0.007886 -0.011378
v -0.016977 0.007886 -0.012000
v -0.016977 0.009686 -0.012000
v -0.017679 0.007886 -0.013217
v -0.017679 0.009686 -0.013217
v -0.018132 0.007886 -0.014000
v -0.018132 0.009686 -0.014000
v -0.017429 0.007886 -0.012783
v -0.017429 0.009686 -0.012783
v -0.020210 0.007886 -0.014000
v -0.020140 0.009686 -0.014000
v -0.020441 0.007886 -0.014000
v -0.020441 0.009686 -0.014000
v -0.021143 0.007886 -0.012783
v -0.021143 0.009686 -0.012783
v -0.021596 0.007886 -0.012000
v -0.021596 0.009686 -0.012000
v -0.020893 0.007886 -0.013217
v -0.020893 0.009686 -0.013217
v -0.020757 0.009686 -0.010548
v -0.020483 0.009686 -0.010073
v -0.021040 0.009686 -0.012723
v -0.021040 0.009386 -0.012723
v -0.020790 0.009686 -0.013157
v -0.020790 0.009386 -0.013157
v -0.017783 0.009686 -0.013157
v -0.017783 0.009386 -0.013157
v -0.017533 0.009686 -0.012723
v -0.017533 0.009386 -0.012723
v -0.016536 0.009686 -0.010880
v -0.016536 0.009386 -0.010880
v -0.016036 0.009686 -0.010880
v -0.016036 0.009386 -0.010880
v -0.015040 0.009686 -0.012723
v -0.015040 0.009386 -0.012723
v -0.014790 0.009686 -0.013157
v -0.014790 0.009386 -0.013157
v -0.011783 0.009686 -0.013157
v -0.011783 0.009386 -0.013157
v -0.011533 0.009686 -0.012723
v -0.011533 0.009386 -0.012723
v -0.010536 0.009686 -0.010880
v -0.010536 0.009386 -0.010880
v -0.010036 0.009686 -0.010880
v -0.010036 0.009386 -0.010880
v -0.009040 0.009686 -0.012723
v -0.009040 0.009386 -0.012723
v -0.008790 0.009686 -0.013157
v -0.008790 0.009386 -0.013157
v -0.005783 0.009686 -0.013157
v -0.005783 0.009386 -0.013157
v -0.005533 0.009686 -0.012723
v -0.005533 0.009386 -0.012723
v -0.007036 0.009686 -0.010073
v -0.007036 0.009386 -0.010120
v -0.007536 0.009686 -0.010120
v -0.007536 0.009386 -0.010120
v -0.018388 0.009686 -0.009960
v -0.018388 0.007886 -0.009960
v -0.018326 0.009686 -0.009912
v -0.018326 0.007886 -0.009912
v -0.018278 0.009686 -0.009850
v -0.018278 0.007886 -0.009850
v -0.018248 0.009686 -0.009778
v -0.018248 0.007886 -0.009778
v -0.018238 0.009686 -0.009700
v -0.018238 0.007886 -0.009700
v -0.018248 0.009686 -0.009622
v -0.018248 0.007886 -0.009622
v -0.018278 0.009686 -0.009550
v -0.018278 0.007886 -0.009550
v -0.018596 0.007886 -0.009000
v -0.018596 0.009686 -0.009000
v -0.017807 0.007886 -0.007634
v -0.017807 0.009686 -0.007634
v -0.018142 0.007886 -0.007212
v -0.018142 0.009686 -0.007212
v -0.017609 0.009686 -0.006789
v -0.017609 0.007886 -0.006789
v -0.017366 0.009686 -0.006414
v -0.017366 0.007886 -0.006414
v -0.017225 0.009686 -0.005989
v -0.017225 0.007886 -0.005989
v -0.017197 0.009686 -0.005543
v -0.017197 0.007886 -0.005543
v -0.017283 0.009686 -0.005105
v -0.017283 0.007886 -0.005105
v -0.017477 0.009686 -0.004702
v -0.017477 0.007886 -0.004702
v -0.017767 0.009686 -0.004361
v -0.017767 0.007886 -0.004361
v -0.018133 0.009686 -0.004106
v -0.018133 0.007886 -0.004106
v -0.018553 0.009686 -0.003951
v -0.018553 0.007886 -0.003951
v -0.018998 0.009686 -0.003908
v -0.018998 0.007886 -0.003908
v -0.019439 0.009686 -0.003979
v -0.019439 0.007886 -0.003979
v -0.019848 0.009686 -0.004159
v -0.019848 0.007886 -0.004159
v -0.020198 0.009686 -0.004437
v -0.020198 0.007886 -0.004437
v -0.020466 0.009686 -0.004795
v -0.020466 0.007886 -0.004795
v -0.020635 0.009686 -0.005209
v -0.020635 0.007886 -0.005209
v -0.020693 0.009686 -0.005652
v -0.020693 0.007886 -0.005652
v -0.020637 0.009686 -0.006096
v -0.020637 0.007886 -0.006096
v -0.020471 0.009686 -0.006511
v -0.020471 0.007886 -0.006511
v -0.020205 0.009686 -0.006870
v -0.020205 0.007886 -0.006870
v -0.019856 0.009686 -0.007150
v -0.019856 0.007886 -0.007150
v -0.019448 0.009686 -0.007332
v -0.019448 0.007886 -0.007332
v -0.019007 0.009686 -0.007406
v -0.019007 0.007886 -0.007406
v -0.018562 0.009686 -0.007365
v -0.018562 0.007886 -0.007365
v -0.019036 0.009686 -0.010073
v -0.019036 0.009386 -0.010120
v -0.019536 0.009686 -0.010120
v -0.019536 0.009386 -0.010120
v -0.013536 0.009686 -0.010120
v -0.013536 0.009386 -0.010120
v -0.013036 0.009386 -0.010120
v -0.013036 0.009686 -0.010120
v -0.014112 0.007886 -0.009990
v -0.014112 0.009686 -0.009990
v -0.014185 0.007886 -0.009960
v -0.014185 0.009686 -0.009960
v -0.014247 0.007886 -0.009912
v -0.014247 0.009686 -0.009912
v -0.014295 0.007886 -0.009850
v -0.014295 0.009686 -0.009850
v -0.014335 0.007886 -0.009700
v -0.014335 0.009686 -0.009700
v -0.014325 0.007886 -0.009622
v -0.014325 0.009686 -0.009622
v -0.014295 0.007886 -0.009550
v -0.014295 0.009686 -0.009550
v -0.013977 0.007886 -0.009000
v -0.013977 0.009686 -0.009000
v -0.014295 0.007886 -0.008450
v -0.014295 0.009686 -0.008450
v -0.014035 0.007886 -0.008000
v -0.014035 0.009686 -0.008000
v -0.014112 0.009686 -0.008010
v -0.014112 0.007886 -0.008010
v -0.014185 0.009686 -0.008040
v -0.014185 0.007886 -0.008040
v -0.014247 0.009686 -0.008088
v -0.014247 0.007886 -0.008088
v -0.014295 0.009686 -0.008150
v -0.014295 0.007886 -0.008150
v -0.014335 0.009686 -0.008300
v -0.014335 0.007886 -0.008300
v -0.013536 0.007886 -0.008000
v -0.013536 0.009686 -0.008000
v -0.012538 0.007886 -0.008000
v -0.012538 0.009686 -0.008000
v -0.013036 0.007886 -0.008000
v -0.013036 0.009686 -0.008000
v -0.013536 0.009686 -0.007927
v -0.013536 0.009386 -0.007880
v -0.013036 0.009686 -0.007880
v -0.013036 0.009386 -0.007880
v -0.012388 0.007886 -0.008040
v -0.012388 0.009686 -0.008040
v -0.012326 0.007886 -0.008088
v -0.012326 0.009686 -0.008088
v -0.012278 0.007886 -0.008150
v -0.012278 0.009686 -0.008150
v -0.012248 0.007886 -0.008222
v -0.012248 0.009686 -0.008222
v -0.012238 0.007886 -0.008300
v -0.012238 0.009686 -0.008300
v -0.012248 0.007886 -0.008378
v -0.012248 0.009686 -0.008378
v -0.012278 0.007886 -0.008450
v -0.012278 0.009686 -0.008450
v -0.012596 0.007886 -0.009000
v -0.012596 0.009686 -0.009000
v -0.012278 0.007886 -0.009550
v -0.012278 0.009686 -0.009550
v -0.012388 0.009686 -0.009960
v -0.012388 0.007886 -0.009960
v -0.012326 0.009686 -0.009912
v -0.012326 0.007886 -0.009912
v -0.012278 0.009686 -0.009850
v -0.012278 0.007886 -0.009850
v -0.012248 0.009686 -0.009778
v -0.012248 0.007886 -0.009778
v -0.012238 0.009686 -0.009700
v -0.012238 0.007886 -0.009700
v -0.012248 0.009686 -0.009622
v -0.012248 0.007886 -0.009622
v -0.010036 0.009686 -0.007120
v -0.010036 0.009386 -0.007120
v -0.010536 0.009686 -0.007120
v -0.010536 0.009386 -0.007120
v -0.015388 0.009686 -0.006960
v -0.015388 0.007886 -0.006960
v -0.015326 0.009686 -0.006912
v -0.015326 0.007886 -0.006912
v -0.015278 0.009686 -0.006850
v -0.015278 0.007886 -0.006850
v -0.015248 0.009686 -0.006778
v -0.015248 0.007886 -0.006778
v -0.015238 0.009686 -0.006700
v -0.015238 0.007886 -0.006700
v -0.015248 0.009686 -0.006622
v -0.015248 0.007886 -0.006622
v -0.015278 0.009686 -0.006550
v -0.015278 0.007886 -0.006550
v -0.015596 0.007886 -0.006000
v -0.015596 0.009686 -0.006000
v -0.016036 0.009686 -0.007120
v -0.016036 0.009386 -0.007120
v -0.016536 0.009686 -0.007120
v -0.016536 0.009386 -0.007120
v -0.011533 0.009686 -0.005277
v -0.011533 0.009386 -0.005277
v -0.011783 0.009686 -0.004843
v -0.011783 0.009386 -0.004843
v -0.012132 0.009686 -0.003830
v -0.009307 0.009386 0.014500
v -0.010286 0.009386 0.012804
v -0.009307 0.007886 0.014500
v -0.010286 0.007886 0.012804
v -0.011266 0.009386 0.014500
v -0.011266 0.007886 0.014500
v -0.004286 0.005886 0.014500
v -0.004286 0.009386 0.014500
v -0.004286 0.009386 0.012804
v -0.004286 0.007886 0.012804
v -0.004286 0.007886 0.012598
v -0.004286 0.007886 0.012500
v -0.004286 0.009386 -0.012804
v -0.004286 0.009386 -0.014500
v -0.004286 0.007886 -0.012804
v -0.004286 0.005886 -0.014500
v -0.004286 0.007886 -0.012500
v -0.005266 0.009386 0.014500
v -0.005266 0.007886 0.014500
v -0.003786 0.005886 0.014500
v -0.003786 0.007886 0.012500
v -0.003286 0.006593 0.014500
v -0.003286 0.008386 0.012707
v -0.003786 0.007886 -0.009148
v -0.003786 0.007886 -0.012500
v -0.003286 0.008386 -0.012707
v -0.003786 0.007886 0.009148
v -0.003786 0.007886 0.006852
v -0.003786 0.007886 0.000000
v -0.003786 0.007886 -0.006852
v -0.003286 0.006593 -0.014500
v -0.003786 0.005886 -0.014500
v -0.005266 0.009386 -0.014500
v -0.005266 0.007886 -0.014500
v -0.004286 0.009386 0.011196
v -0.004286 0.009386 0.009497
v -0.004286 0.007886 0.011196
v -0.004286 0.007886 0.009497
v -0.005098 0.009386 0.009790
v -0.005098 0.007886 0.009790
v -0.004674 0.007886 0.009693
v -0.004674 0.009386 0.009693
v -0.004286 0.009386 0.001732
v -0.006640 0.009386 0.003091
v -0.004286 0.007886 0.001732
v -0.006640 0.007886 0.003091
v -0.004941 0.009386 0.006234
v -0.004941 0.007886 0.006234
v -0.004880 0.007886 0.005590
v -0.004880 0.009386 0.005590
v -0.004972 0.007886 0.004950
v -0.004972 0.009386 0.004950
v -0.005211 0.007886 0.004349
v -0.005211 0.009386 0.004349
v -0.005583 0.007886 0.003820
v -0.005583 0.009386 0.003820
v -0.006068 0.007886 0.003393
v -0.006068 0.009386 0.003393
v -0.004286 0.009386 0.006503
v -0.004286 0.007886 0.006503
v -0.004600 0.007886 0.006336
v -0.004600 0.009386 0.006336
v -0.016286 0.009386 0.012804
v -0.017266 0.009386 0.014500
v -0.016286 0.007886 0.012804
v -0.017266 0.007886 0.014500
v -0.015307 0.009386 0.014500
v -0.015307 0.007886 0.014500
v -0.022286 0.009386 0.012804
v -0.022286 0.009386 0.014500
v -0.022286 0.007886 0.012804
v -0.022286 0.005886 0.014500
v -0.022286 0.007886 0.012598
v -0.022286 0.007886 0.012500
v -0.022286 0.009386 -0.014500
v -0.022286 0.009386 -0.012804
v -0.022286 0.005886 -0.014500
v -0.022286 0.007886 -0.012804
v -0.022286 0.007886 -0.012500
v -0.021307 0.009386 0.014500
v -0.021307 0.007886 0.014500
v -0.022786 0.007886 0.012500
v -0.022786 0.005886 0.014500
v -0.023286 0.006593 0.014500
v -0.023286 0.008386 0.012707
v -0.022786 0.005886 -0.014500
v -0.022786 0.007886 -0.012500
v -0.021307 0.009386 -0.014500
v -0.021307 0.007886 -0.014500
v -0.022286 0.009386 0.009497
v -0.022286 0.007886 0.009497
v -0.021898 0.007886 0.009693
v -0.021898 0.009386 0.009693
v -0.021475 0.007886 0.009790
v -0.021475 0.009386 0.009790
v -0.022286 0.009386 0.011196
v -0.022286 0.007886 0.011196
v -0.019933 0.009386 0.003091
v -0.019933 0.007886 0.003091
v -0.020504 0.007886 0.003393
v -0.020504 0.009386 0.003393
v -0.020990 0.007886 0.003820
v -0.020990 0.009386 0.003820
v -0.021362 0.007886 0.004349
v -0.021362 0.009386 0.004349
v -0.021601 0.007886 0.004950
v -0.021601 0.009386 0.004950
v -0.021692 0.007886 0.005590
v -0.021692 0.009386 0.005590
v -0.021632 0.007886 0.006234
v -0.021632 0.009386 0.006234
v -0.022286 0.009386 0.001732
v -0.022286 0.007886 0.001732
v -0.022286 0.009386 0.006503
v -0.022286 0.007886 0.006503
v -0.021973 0.007886 0.006336
v -0.021973 0.009386 0.006336
v -0.010286 0.009386 -0.012804
v -0.009307 0.009386 -0.014500
v -0.010286 0.007886 -0.012804
v -0.009307 0.007886 -0.014500
v -0.011266 0.009386 -0.014500
v -0.011266 0.007886 -0.014500
v -0.004286 0.009386 -0.009497
v -0.004286 0.007886 -0.009497
v -0.004674 0.007886 -0.009693
v -0.004674 0.009386 -0.009693
v -0.005098 0.007886 -0.009790
v -0.005098 0.009386 -0.009790
v -0.004286 0.009386 -0.011196
v -0.004286 0.007886 -0.011196
v -0.015899 -0.011255 -0.016000
v -0.015899 -0.011255 -0.017300
v -0.015998 -0.011468 -0.016000
v -0.015998 -0.011468 -0.017300
v -0.016145 -0.011653 -0.016000
v -0.016145 -0.011653 -0.017300
v -0.016330 -0.011798 -0.016000
v -0.016330 -0.011798 -0.017300
v -0.016545 -0.011895 -0.016000
v -0.016545 -0.011895 -0.017300
v -0.016776 -0.011940 -0.016000
v -0.016776 -0.011940 -0.017300
v -0.017011 -0.011929 -0.016000
v -0.017011 -0.011929 -0.017300
v -0.017238 -0.011864 -0.016000
v -0.017238 -0.011864 -0.017300
v -0.017442 -0.011747 -0.016000
v -0.017442 -0.011747 -0.017300
v -0.015758 -0.010908 -0.016000
v -0.015758 -0.010908 -0.017300
v -0.015570 -0.010583 -0.016000
v -0.015570 -0.010583 -0.017300
v -0.011002 -0.010583 -0.017300
v -0.011002 -0.010583 -0.016000
v -0.010815 -0.010908 -0.016000
v -0.010815 -0.010908 -0.017300
v -0.010674 -0.011255 -0.016000
v -0.010674 -0.011255 -0.017300
v -0.015459 -0.010362 -0.017300
v -0.015459 -0.010362 -0.016000
v -0.015405 -0.010120 -0.017300
v -0.015405 -0.010120 -0.016000
v -0.015413 -0.009872 -0.017300
v -0.015413 -0.009872 -0.016000
v -0.015481 -0.009634 -0.017300
v -0.015481 -0.009634 -0.016000
v -0.015605 -0.009420 -0.017300
v -0.015605 -0.009420 -0.016000
v -0.015778 -0.009243 -0.017300
v -0.015778 -0.009243 -0.016000
v -0.016416 -0.008606 -0.016000
v -0.016416 -0.008606 -0.017300
v -0.010157 -0.008606 -0.016000
v -0.010795 -0.009243 -0.016000
v -0.010157 -0.008606 -0.017300
v -0.010795 -0.009243 -0.017300
v -0.017755 -0.008398 -0.016000
v -0.017755 -0.008398 -0.017300
v -0.017534 -0.008287 -0.016000
v -0.017534 -0.008287 -0.017300
v -0.017292 -0.008233 -0.016000
v -0.017292 -0.008233 -0.017300
v -0.017045 -0.008241 -0.016000
v -0.017045 -0.008241 -0.017300
v -0.016807 -0.008309 -0.016000
v -0.016807 -0.008309 -0.017300
v -0.016593 -0.008433 -0.016000
v -0.016593 -0.008433 -0.017300
v -0.018080 -0.008585 -0.016000
v -0.018080 -0.008585 -0.017300
v -0.018427 -0.008727 -0.016000
v -0.018427 -0.008727 -0.017300
v -0.019286 -0.003364 -0.017300
v -0.019286 -0.003364 -0.016000
v -0.018748 -0.003417 -0.016000
v -0.018748 -0.003417 -0.017300
v -0.018231 -0.003575 -0.016000
v -0.018231 -0.003575 -0.017300
v -0.017755 -0.003830 -0.016000
v -0.017755 -0.003830 -0.017300
v -0.017534 -0.003942 -0.017300
v -0.017534 -0.003942 -0.016000
v -0.017292 -0.003995 -0.017300
v -0.017292 -0.003995 -0.016000
v -0.017045 -0.003988 -0.017300
v -0.017045 -0.003988 -0.016000
v -0.016807 -0.003920 -0.017300
v -0.016807 -0.003920 -0.016000
v -0.016593 -0.003796 -0.017300
v -0.016593 -0.003796 -0.016000
v -0.016416 -0.003623 -0.017300
v -0.016416 -0.003623 -0.016000
v -0.010795 -0.002985 -0.016000
v -0.010157 -0.003623 -0.016000
v -0.010795 -0.002985 -0.017300
v -0.010157 -0.003623 -0.017300
v -0.015778 -0.002985 -0.016000
v -0.015778 -0.002985 -0.017300
v -0.008818 -0.003830 -0.016000
v -0.008818 -0.003830 -0.017300
v -0.009039 -0.003942 -0.016000
v -0.009039 -0.003942 -0.017300
v -0.009281 -0.003995 -0.016000
v -0.009281 -0.003995 -0.017300
v -0.009528 -0.003988 -0.016000
v -0.009528 -0.003988 -0.017300
v -0.009766 -0.003920 -0.016000
v -0.009766 -0.003920 -0.017300
v -0.009980 -0.003796 -0.016000
v -0.009980 -0.003796 -0.017300
v -0.008146 -0.008727 -0.017300
v -0.008146 -0.008727 -0.016000
v -0.008493 -0.008585 -0.016000
v -0.008493 -0.008585 -0.017300
v -0.008818 -0.008398 -0.016000
v -0.008818 -0.008398 -0.017300
v -0.008342 -0.003575 -0.016000
v -0.008342 -0.003575 -0.017300
v -0.007824 -0.003417 -0.016000
v -0.007824 -0.003417 -0.017300
v -0.007286 -0.003364 -0.016000
v -0.007286 -0.003364 -0.017300
v -0.009039 -0.008287 -0.017300
v -0.009039 -0.008287 -0.016000
v -0.009281 -0.008233 -0.017300
v -0.009281 -0.008233 -0.016000
v -0.009528 -0.008241 -0.017300
v -0.009528 -0.008241 -0.016000
v -0.009766 -0.008309 -0.017300
v -0.009766 -0.008309 -0.016000
v -0.009980 -0.008433 -0.017300
v -0.009980 -0.008433 -0.016000
v -0.007932 -0.008826 -0.016000
v -0.007932 -0.008826 -0.017300
v -0.007748 -0.008973 -0.016000
v -0.007748 -0.008973 -0.017300
v -0.007603 -0.009158 -0.016000
v -0.007603 -0.009158 -0.017300
v -0.007506 -0.009373 -0.016000
v -0.007506 -0.009373 -0.017300
v -0.007461 -0.009604 -0.016000
v -0.007461 -0.009604 -0.017300
v -0.007472 -0.009839 -0.016000
v -0.007472 -0.009839 -0.017300
v -0.007537 -0.010065 -0.016000
v -0.007537 -0.010065 -0.017300
v -0.007654 -0.010270 -0.016000
v -0.007654 -0.010270 -0.017300
v -0.009131 -0.011747 -0.017300
v -0.009131 -0.011747 -0.016000
v -0.008337 -0.011064 -0.017300
v -0.008337 -0.011064 -0.016000
v -0.009335 -0.011864 -0.016000
v -0.009335 -0.011864 -0.017300
v -0.009561 -0.011929 -0.016000
v -0.009561 -0.011929 -0.017300
v -0.009797 -0.011940 -0.016000
v -0.009797 -0.011940 -0.017300
v -0.010028 -0.011895 -0.016000
v -0.010028 -0.011895 -0.017300
v -0.010242 -0.011798 -0.016000
v -0.010242 -0.011798 -0.017300
v -0.010428 -0.011653 -0.016000
v -0.010428 -0.011653 -0.017300
v -0.010575 -0.011468 -0.016000
v -0.010575 -0.011468 -0.017300
v -0.006485 -0.003364 -0.017300
v -0.006485 -0.003364 -0.016000
v -0.005502 -0.002547 -0.016000
v -0.005502 -0.002547 -0.017300
v -0.005570 -0.002768 -0.016000
v -0.005570 -0.002768 -0.017300
v -0.005687 -0.002967 -0.016000
v -0.005687 -0.002967 -0.017300
v -0.005846 -0.003133 -0.016000
v -0.005846 -0.003133 -0.017300
v -0.006039 -0.003259 -0.016000
v -0.006039 -0.003259 -0.017300
v -0.006256 -0.003338 -0.016000
v -0.006256 -0.003338 -0.017300
v -0.004286 0.003978 -0.016000
v -0.004286 0.003978 -0.017300
v -0.004286 0.009586 -0.017300
v -0.004286 0.009586 -0.016000
v -0.011002 -0.001646 -0.017300
v -0.011002 -0.001646 -0.016000
v -0.011114 -0.001867 -0.017300
v -0.011114 -0.001867 -0.016000
v -0.011167 -0.002109 -0.017300
v -0.011167 -0.002109 -0.016000
v -0.011160 -0.002356 -0.017300
v -0.011160 -0.002356 -0.016000
v -0.011092 -0.002594 -0.017300
v -0.011092 -0.002594 -0.016000
v -0.010968 -0.002808 -0.017300
v -0.010968 -0.002808 -0.016000
v -0.010536 -0.000114 -0.017300
v -0.010536 -0.000114 -0.016000
v -0.010590 -0.000652 -0.016000
v -0.010590 -0.000652 -0.017300
v -0.010747 -0.001169 -0.016000
v -0.010747 -0.001169 -0.017300
v -0.015570 -0.001646 -0.017300
v -0.015570 -0.001646 -0.016000
v -0.015826 -0.001169 -0.016000
v -0.015826 -0.001169 -0.017300
v -0.015983 -0.000652 -0.016000
v -0.015983 -0.000652 -0.017300
v -0.016036 -0.000114 -0.016000
v -0.016036 -0.000114 -0.017300
v -0.015459 -0.001867 -0.016000
v -0.015459 -0.001867 -0.017300
v -0.015405 -0.002109 -0.016000
v -0.015405 -0.002109 -0.017300
v -0.015413 -0.002356 -0.016000
v -0.015413 -0.002356 -0.017300
v -0.015481 -0.002594 -0.016000
v -0.015481 -0.002594 -0.017300
v -0.015605 -0.002808 -0.016000
v -0.015605 -0.002808 -0.017300
v -0.016036 0.009586 -0.017300
v -0.016036 0.009586 -0.016000
v -0.020088 -0.003364 -0.016000
v -0.020088 -0.003364 -0.017300
v -0.020317 -0.003338 -0.016000
v -0.020317 -0.003338 -0.017300
v -0.020534 -0.003259 -0.016000
v -0.020534 -0.003259 -0.017300
v -0.020727 -0.003133 -0.016000
v -0.020727 -0.003133 -0.017300
v -0.020886 -0.002967 -0.016000
v -0.020886 -0.002967 -0.017300
v -0.021003 -0.002768 -0.016000
v -0.021003 -0.002768 -0.017300
v -0.021071 -0.002547 -0.016000
v -0.021071 -0.002547 -0.017300
v -0.022286 0.003978 -0.017300
v -0.022286 0.003978 -0.016000
v -0.022286 0.009586 -0.016000
v -0.022286 0.009586 -0.017300
v -0.011114 -0.010362 -0.016000
v -0.011114 -0.010362 -0.017300
v -0.011167 -0.010120 -0.016000
v -0.011167 -0.010120 -0.017300
v -0.011160 -0.009872 -0.016000
v -0.011160 -0.009872 -0.017300
v -0.011092 -0.009634 -0.016000
v -0.011092 -0.009634 -0.017300
v -0.010968 -0.009420 -0.016000
v -0.010968 -0.009420 -0.017300
v -0.007286 -0.005089 0.014500
v -0.007286 -0.005089 0.015800
v -0.007552 -0.005124 0.014500
v -0.007552 -0.005124 0.015800
v -0.007799 -0.005227 0.014500
v -0.007799 -0.005227 0.015800
v -0.008011 -0.005389 0.014500
v -0.008011 -0.005389 0.015800
v -0.008174 -0.005602 0.014500
v -0.008174 -0.005602 0.015800
v -0.008276 -0.005849 0.014500
v -0.008276 -0.005849 0.015800
v -0.008311 -0.006114 0.014500
v -0.008311 -0.006114 0.015800
v -0.008276 -0.006380 0.014500
v -0.008276 -0.006380 0.015800
v -0.008174 -0.006627 0.014500
v -0.008174 -0.006627 0.015800
v -0.008011 -0.006839 0.014500
v -0.008011 -0.006839 0.015800
v -0.007799 -0.007002 0.014500
v -0.007799 -0.007002 0.015800
v -0.007552 -0.007104 0.014500
v -0.007552 -0.007104 0.015800
v -0.007286 -0.007139 0.014500
v -0.007286 -0.007139 0.015800
v -0.007021 -0.007104 0.014500
v -0.007021 -0.007104 0.015800
v -0.006774 -0.007002 0.014500
v -0.006774 -0.007002 0.015800
v -0.006562 -0.006839 0.014500
v -0.006562 -0.006839 0.015800
v -0.006399 -0.006627 0.014500
v -0.006399 -0.006627 0.015800
v -0.006296 -0.006380 0.014500
v -0.006296 -0.006380 0.015800
v -0.006261 -0.006114 0.014500
v -0.006261 -0.006114 0.015800
v -0.006296 -0.005849 0.014500
v -0.006296 -0.005849 0.015800
v -0.006399 -0.005602 0.014500
v -0.006399 -0.005602 0.015800
v -0.006562 -0.005389 0.014500
v -0.006562 -0.005389 0.015800
v -0.006774 -0.005227 0.014500
v -0.006774 -0.005227 0.015800
v -0.007021 -0.005124 0.014500
v -0.007021 -0.005124 0.015800
v -0.019286 -0.007139 0.014500
v -0.019286 -0.007139 0.015800
v -0.019021 -0.007104 0.014500
v -0.019021 -0.007104 0.015800
v -0.018774 -0.007002 0.014500
v -0.018774 -0.007002 0.015800
v -0.018562 -0.006839 0.014500
v -0.018562 -0.006839 0.015800
v -0.018399 -0.006627 0.014500
v -0.018399 -0.006627 0.015800
v -0.018296 -0.006380 0.014500
v -0.018296 -0.006380 0.015800
v -0.018261 -0.006114 0.014500
v -0.018261 -0.006114 0.015800
v -0.018296 -0.005849 0.014500
v -0.018296 -0.005849 0.015800
v -0.018399 -0.005602 0.014500
v -0.018399 -0.005602 0.015800
v -0.018562 -0.005389 0.014500
v -0.018562 -0.005389 0.015800
v -0.018774 -0.005227 0.014500
v -0.018774 -0.005227 0.015800
v -0.019021 -0.005124 0.014500
v -0.019021 -0.005124 0.015800
v -0.019286 -0.005089 0.014500
v -0.019286 -0.005089 0.015800
v -0.019552 -0.005124 0.014500
v -0.019552 -0.005124 0.015800
v -0.019799 -0.005227 0.014500
v -0.019799 -0.005227 0.015800
v -0.020011 -0.005389 0.014500
v -0.020011 -0.005389 0.015800
v -0.020174 -0.005602 0.014500
v -0.020174 -0.005602 0.015800
v -0.020276 -0.005849 0.014500
v -0.020276 -0.005849 0.015800
v -0.020311 -0.006114 0.014500
v -0.020311 -0.006114 0.015800
v -0.020276 -0.006380 0.014500
v -0.020276 -0.006380 0.015800
v -0.020174 -0.006627 0.014500
v -0.020174 -0.006627 0.015800
v -0.020011 -0.006839 0.014500
v -0.020011 -0.006839 0.015800
v -0.019799 -0.007002 0.014500
v -0.019799 -0.007002 0.015800
v -0.019552 -0.007104 0.014500
v -0.019552 -0.007104 0.015800
v -0.010688 -0.007614 0.017300
v -0.011070 -0.008136 0.014500
v -0.011165 -0.008236 0.017300
v -0.011165 -0.008236 0.014500
v -0.011786 -0.008712 0.017300
v -0.011786 -0.008712 0.014500
v -0.012510 -0.009012 0.017300
v -0.012510 -0.009012 0.014500
v -0.013286 -0.009114 0.017300
v -0.013286 -0.009114 0.014500
v -0.014063 -0.009012 0.017300
v -0.014063 -0.009012 0.014500
v -0.014786 -0.008712 0.017300
v -0.014786 -0.008712 0.014500
v -0.015408 -0.008236 0.017300
v -0.015408 -0.008236 0.014500
v -0.015884 -0.007614 0.017300
v -0.015884 -0.007614 0.014500
v -0.016184 -0.006891 0.017300
v -0.016184 -0.006891 0.014500
v -0.016286 -0.006114 0.017300
v -0.016286 -0.006114 0.014500
v -0.016184 -0.005338 0.017300
v -0.016184 -0.005338 0.014500
v -0.015884 -0.004614 0.017300
v -0.015884 -0.004614 0.014500
v -0.015408 -0.003993 0.017300
v -0.015408 -0.003993 0.014500
v -0.015308 -0.003898 0.014500
v -0.014786 -0.003516 0.017300
v -0.014786 -0.003516 0.014500
v -0.014063 -0.003216 0.017300
v -0.014063 -0.003216 0.014500
v -0.013286 -0.003114 0.017300
v -0.013286 -0.003114 0.014500
v -0.012510 -0.003216 0.017300
v -0.012510 -0.003216 0.014500
v -0.011786 -0.003516 0.017300
v -0.011786 -0.003516 0.014500
v -0.011165 -0.003993 0.017300
v -0.011165 -0.003993 0.014500
v -0.010688 -0.004614 0.017300
v -0.010688 -0.004614 0.014500
v -0.010389 -0.005338 0.017300
v -0.010389 -0.005338 0.014500
v -0.010286 -0.006114 0.017300
v -0.010286 -0.006114 0.014500
v -0.010389 -0.006891 0.017300
v -0.010389 -0.006891 0.014500
v -0.010688 -0.007614 0.014500
v -0.011536 -0.000114 0.015800
v -0.011536 -0.000114 0.017300
v -0.011536 0.009586 0.015800
v -0.011536 0.009586 0.017300
v -0.015036 -0.000114 0.015800
v -0.015036 -0.000114 0.017300
v -0.014977 -0.000567 0.015800
v -0.014977 -0.000567 0.017300
v -0.014802 -0.000989 0.015800
v -0.014802 -0.000989 0.017300
v -0.014524 -0.001352 0.015800
v -0.014524 -0.001352 0.017300
v -0.014161 -0.001630 0.015800
v -0.014161 -0.001630 0.017300
v -0.013739 -0.001805 0.015800
v -0.013739 -0.001805 0.017300
v -0.013286 -0.001864 0.015800
v -0.013286 -0.001864 0.017300
v -0.012833 -0.001805 0.015800
v -0.012833 -0.001805 0.017300
v -0.012411 -0.001630 0.015800
v -0.012411 -0.001630 0.017300
v -0.012049 -0.001352 0.015800
v -0.012049 -0.001352 0.017300
v -0.011771 -0.000989 0.015800
v -0.011771 -0.000989 0.017300
v -0.011596 -0.000567 0.015800
v -0.011596 -0.000567 0.017300
v -0.015036 0.009586 0.017300
v -0.015036 0.009586 0.015800
v -0.019036 -0.010065 0.016000
v -0.018919 -0.010270 0.016000
v -0.018427 -0.008727 0.016000
v -0.018236 -0.011064 0.016000
v -0.017442 -0.011747 0.016000
v -0.016776 -0.011940 0.016000
v -0.018080 -0.008585 0.016000
v -0.016545 -0.011895 0.016000
v -0.016330 -0.011798 0.016000
v -0.016145 -0.011653 0.016000
v -0.015998 -0.011468 0.016000
v -0.015899 -0.011255 0.016000
v -0.015758 -0.010908 0.016000
v -0.015778 -0.009243 0.016000
v -0.016416 -0.008606 0.016000
v -0.017238 -0.011864 0.016000
v -0.017011 -0.011929 0.016000
v -0.015570 -0.010583 0.016000
v -0.015459 -0.010362 0.016000
v -0.015405 -0.010120 0.016000
v -0.015413 -0.009872 0.016000
v -0.015481 -0.009634 0.016000
v -0.015605 -0.009420 0.016000
v -0.016593 -0.008433 0.016000
v -0.016807 -0.008309 0.016000
v -0.017045 -0.008241 0.016000
v -0.019067 -0.009373 0.016000
v -0.019112 -0.009604 0.016000
v -0.019101 -0.009839 0.016000
v -0.017292 -0.008233 0.016000
v -0.017534 -0.008287 0.016000
v -0.017755 -0.008398 0.016000
v -0.018641 -0.008826 0.016000
v -0.018825 -0.008973 0.016000
v -0.018970 -0.009158 0.016000
v -0.011002 -0.010583 0.016000
v -0.010815 -0.010908 0.016000
v -0.010795 -0.009243 0.016000
v -0.010157 -0.008606 0.016000
v -0.008146 -0.008727 0.016000
v -0.008493 -0.008585 0.016000
v -0.009797 -0.011940 0.016000
v -0.009980 -0.008433 0.016000
v -0.009039 -0.008287 0.016000
v -0.009561 -0.011929 0.016000
v -0.009335 -0.011864 0.016000
v -0.009131 -0.011747 0.016000
v -0.008337 -0.011064 0.016000
v -0.007654 -0.010270 0.016000
v -0.007537 -0.010065 0.016000
v -0.010674 -0.011255 0.016000
v -0.010575 -0.011468 0.016000
v -0.010428 -0.011653 0.016000
v -0.010242 -0.011798 0.016000
v -0.010028 -0.011895 0.016000
v -0.008818 -0.008398 0.016000
v -0.011160 -0.009872 0.016000
v -0.011092 -0.009634 0.016000
v -0.010968 -0.009420 0.016000
v -0.011167 -0.010120 0.016000
v -0.011114 -0.010362 0.016000
v -0.007472 -0.009839 0.016000
v -0.007461 -0.009604 0.016000
v -0.007506 -0.009373 0.016000
v -0.007603 -0.009158 0.016000
v -0.007748 -0.008973 0.016000
v -0.007932 -0.008826 0.016000
v -0.009766 -0.008309 0.016000
v -0.009281 -0.008233 0.016000
v -0.009528 -0.008241 0.016000
v -0.010536 -0.000114 0.016000
v -0.010590 -0.000652 0.016000
v -0.008342 -0.003575 0.016000
v -0.010747 -0.001169 0.016000
v -0.010536 0.009586 0.016000
v -0.007824 -0.003417 0.016000
v -0.007286 -0.003364 0.016000
v -0.010795 -0.002985 0.016000
v -0.010157 -0.003623 0.016000
v -0.008818 -0.003830 0.016000
v -0.009039 -0.003942 0.016000
v -0.005502 -0.002547 0.016000
v -0.004286 0.003978 0.016000
v -0.004286 0.009586 0.016000
v -0.006485 -0.003364 0.016000
v -0.006256 -0.003338 0.016000
v -0.006039 -0.003259 0.016000
v -0.011002 -0.001646 0.016000
v -0.011114 -0.001867 0.016000
v -0.011167 -0.002109 0.016000
v -0.011160 -0.002356 0.016000
v -0.011092 -0.002594 0.016000
v -0.010968 -0.002808 0.016000
v -0.005846 -0.003133 0.016000
v -0.005687 -0.002967 0.016000
v -0.005570 -0.002768 0.016000
v -0.009980 -0.003796 0.016000
v -0.009766 -0.003920 0.016000
v -0.009281 -0.003995 0.016000
v -0.009528 -0.003988 0.016000
v -0.008818 -0.003830 0.017300
v -0.009039 -0.003942 0.017300
v -0.009281 -0.003995 0.017300
v -0.009528 -0.003988 0.017300
v -0.009766 -0.003920 0.017300
v -0.009980 -0.003796 0.017300
v -0.010157 -0.003623 0.017300
v -0.008146 -0.008727 0.017300
v -0.008493 -0.008585 0.017300
v -0.008818 -0.008398 0.017300
v -0.008342 -0.003575 0.017300
v -0.007824 -0.003417 0.017300
v -0.007286 -0.003364 0.017300
v -0.009039 -0.008287 0.017300
v -0.009281 -0.008233 0.017300
v -0.009528 -0.008241 0.017300
v -0.009766 -0.008309 0.017300
v -0.009980 -0.008433 0.017300
v -0.010157 -0.008606 0.017300
v -0.007932 -0.008826 0.017300
v -0.007748 -0.008973 0.017300
v -0.007603 -0.009158 0.017300
v -0.007506 -0.009373 0.017300
v -0.007461 -0.009604 0.017300
v -0.007472 -0.009839 0.017300
v -0.007537 -0.010065 0.017300
v -0.007654 -0.010270 0.017300
v -0.009131 -0.011747 0.017300
v -0.008337 -0.011064 0.017300
v -0.009335 -0.011864 0.017300
v -0.009561 -0.011929 0.017300
v -0.009797 -0.011940 0.017300
v -0.010028 -0.011895 0.017300
v -0.010242 -0.011798 0.017300
v -0.010428 -0.011653 0.017300
v -0.010575 -0.011468 0.017300
v -0.010674 -0.011255 0.017300
v -0.006485 -0.003364 0.017300
v -0.005502 -0.002547 0.017300
v -0.005570 -0.002768 0.017300
v -0.005687 -0.002967 0.017300
v -0.005846 -0.003133 0.017300
v -0.006039 -0.003259 0.017300
v -0.006256 -0.003338 0.017300
v -0.004286 0.003978 0.017300
v -0.022286 0.003978 0.017300
v -0.022286 0.003978 0.016000
v -0.022286 0.009586 0.017300
v -0.022286 0.009586 0.016000
v -0.011002 -0.010583 0.017300
v -0.011114 -0.010362 0.017300
v -0.011167 -0.010120 0.017300
v -0.011160 -0.009872 0.017300
v -0.011092 -0.009634 0.017300
v -0.010968 -0.009420 0.017300
v -0.010795 -0.009243 0.017300
v -0.021071 -0.002547 0.016000
v -0.021071 -0.002547 0.017300
v -0.020088 -0.003364 0.017300
v -0.020088 -0.003364 0.016000
v -0.020317 -0.003338 0.017300
v -0.020317 -0.003338 0.016000
v -0.020534 -0.003259 0.017300
v -0.020534 -0.003259 0.016000
v -0.020727 -0.003133 0.017300
v -0.020727 -0.003133 0.016000
v -0.020886 -0.002967 0.017300
v -0.020886 -0.002967 0.016000
v -0.021003 -0.002768 0.017300
v -0.021003 -0.002768 0.016000
v -0.019286 -0.003364 0.017300
v -0.019286 -0.003364 0.016000
v -0.004286 0.009586 0.017300
v -0.010536 -0.000114 0.017300
v -0.010536 0.009586 0.017300
v -0.011002 -0.001646 0.017300
v -0.011114 -0.001867 0.017300
v -0.011167 -0.002109 0.017300
v -0.011160 -0.002356 0.017300
v -0.011092 -0.002594 0.017300
v -0.010968 -0.002808 0.017300
v -0.010795 -0.002985 0.017300
v -0.010590 -0.000652 0.017300
v -0.010747 -0.001169 0.017300
v -0.015570 -0.001646 0.016000
v -0.015570 -0.001646 0.017300
v -0.015826 -0.001169 0.017300
v -0.015826 -0.001169 0.016000
v -0.015983 -0.000652 0.017300
v -0.015983 -0.000652 0.016000
v -0.016036 -0.000114 0.017300
v -0.016036 -0.000114 0.016000
v -0.015459 -0.001867 0.017300
v -0.015459 -0.001867 0.016000
v -0.015405 -0.002109 0.017300
v -0.015405 -0.002109 0.016000
v -0.015413 -0.002356 0.017300
v -0.015413 -0.002356 0.016000
v -0.015481 -0.002594 0.017300
v -0.015481 -0.002594 0.016000
v -0.015605 -0.002808 0.017300
v -0.015605 -0.002808 0.016000
v -0.015778 -0.002985 0.017300
v -0.015778 -0.002985 0.016000
v -0.016416 -0.003623 0.017300
v -0.016416 -0.003623 0.016000
v -0.017755 -0.003830 0.016000
v -0.017755 -0.003830 0.017300
v -0.017534 -0.003942 0.016000
v -0.017534 -0.003942 0.017300
v -0.017292 -0.003995 0.016000
v -0.017292 -0.003995 0.017300
v -0.017045 -0.003988 0.016000
v -0.017045 -0.003988 0.017300
v -0.016807 -0.003920 0.016000
v -0.016807 -0.003920 0.017300
v -0.016593 -0.003796 0.016000
v -0.016593 -0.003796 0.017300
v -0.017755 -0.008398 0.017300
v -0.018080 -0.008585 0.017300
v -0.018427 -0.008727 0.017300
v -0.018748 -0.003417 0.017300
v -0.018748 -0.003417 0.016000
v -0.018231 -0.003575 0.017300
v -0.018231 -0.003575 0.016000
v -0.017534 -0.008287 0.017300
v -0.017292 -0.008233 0.017300
v -0.017045 -0.008241 0.017300
v -0.016807 -0.008309 0.017300
v -0.016593 -0.008433 0.017300
v -0.016416 -0.008606 0.017300
v -0.015778 -0.009243 0.017300
v -0.015570 -0.010583 0.017300
v -0.015459 -0.010362 0.017300
v -0.015405 -0.010120 0.017300
v -0.015413 -0.009872 0.017300
v -0.015481 -0.009634 0.017300
v -0.015605 -0.009420 0.017300
v -0.010815 -0.010908 0.017300
v -0.015899 -0.011255 0.017300
v -0.015758 -0.010908 0.017300
v -0.015998 -0.011468 0.017300
v -0.016145 -0.011653 0.017300
v -0.016330 -0.011798 0.017300
v -0.016545 -0.011895 0.017300
v -0.016776 -0.011940 0.017300
v -0.017011 -0.011929 0.017300
v -0.017238 -0.011864 0.017300
v -0.017442 -0.011747 0.017300
v -0.018919 -0.010270 0.017300
v -0.018236 -0.011064 0.017300
v -0.019036 -0.010065 0.017300
v -0.019101 -0.009839 0.017300
v -0.019112 -0.009604 0.017300
v -0.019067 -0.009373 0.017300
v -0.018970 -0.009158 0.017300
v -0.018825 -0.008973 0.017300
v -0.018641 -0.008826 0.017300
v -0.016036 0.009586 0.016000
v -0.018919 -0.010270 -0.017300
v -0.018919 -0.010270 -0.016000
v -0.018236 -0.011064 -0.017300
v -0.018236 -0.011064 -0.016000
v -0.019036 -0.010065 -0.016000
v -0.019036 -0.010065 -0.017300
v -0.019101 -0.009839 -0.016000
v -0.019101 -0.009839 -0.017300
v -0.019112 -0.009604 -0.016000
v -0.019112 -0.009604 -0.017300
v -0.019067 -0.009373 -0.016000
v -0.019067 -0.009373 -0.017300
v -0.018970 -0.009158 -0.016000
v -0.018970 -0.009158 -0.017300
v -0.018825 -0.008973 -0.016000
v -0.018825 -0.008973 -0.017300
v -0.018641 -0.008826 -0.016000
v -0.018641 -0.008826 -0.017300
v -0.010536 0.009586 -0.016000
v -0.011536 -0.000114 -0.017300
v -0.011536 -0.000114 -0.015800
v -0.011536 0.009586 -0.017300
v -0.011536 0.009586 -0.015800
v -0.015036 -0.000114 -0.017300
v -0.015036 -0.000114 -0.015800
v -0.014977 -0.000567 -0.017300
v -0.014977 -0.000567 -0.015800
v -0.014802 -0.000989 -0.017300
v -0.014802 -0.000989 -0.015800
v -0.014524 -0.001352 -0.017300
v -0.014524 -0.001352 -0.015800
v -0.014161 -0.001630 -0.017300
v -0.014161 -0.001630 -0.015800
v -0.013739 -0.001805 -0.017300
v -0.013739 -0.001805 -0.015800
v -0.013286 -0.001864 -0.017300
v -0.013286 -0.001864 -0.015800
v -0.012833 -0.001805 -0.017300
v -0.012833 -0.001805 -0.015800
v -0.012411 -0.001630 -0.017300
v -0.012411 -0.001630 -0.015800
v -0.012049 -0.001352 -0.017300
v -0.012049 -0.001352 -0.015800
v -0.011771 -0.000989 -0.017300
v -0.011771 -0.000989 -0.015800
v -0.011596 -0.000567 -0.017300
v -0.011596 -0.000567 -0.015800
v -0.015036 0.009586 -0.015800
v -0.015036 0.009586 -0.017300
v -0.014786 -0.003516 -0.017300
v -0.015308 -0.003898 -0.014500
v -0.015408 -0.003993 -0.017300
v -0.015408 -0.003993 -0.014500
v -0.015884 -0.004614 -0.017300
v -0.015884 -0.004614 -0.014500
v -0.016184 -0.005338 -0.017300
v -0.016184 -0.005338 -0.014500
v -0.016286 -0.006114 -0.017300
v -0.016286 -0.006114 -0.014500
v -0.016184 -0.006891 -0.017300
v -0.016184 -0.006891 -0.014500
v -0.015884 -0.007614 -0.017300
v -0.015884 -0.007614 -0.014500
v -0.015408 -0.008236 -0.017300
v -0.015408 -0.008236 -0.014500
v -0.014786 -0.008712 -0.017300
v -0.014786 -0.008712 -0.014500
v -0.014063 -0.009012 -0.017300
v -0.014063 -0.009012 -0.014500
v -0.013286 -0.009114 -0.017300
v -0.013286 -0.009114 -0.014500
v -0.012510 -0.009012 -0.017300
v -0.012510 -0.009012 -0.014500
v -0.011786 -0.008712 -0.017300
v -0.011786 -0.008712 -0.014500
v -0.011165 -0.008236 -0.017300
v -0.011165 -0.008236 -0.014500
v -0.011070 -0.008136 -0.014500
v -0.010688 -0.007614 -0.017300
v -0.010688 -0.007614 -0.014500
v -0.010389 -0.006891 -0.017300
v -0.010389 -0.006891 -0.014500
v -0.010286 -0.006114 -0.017300
v -0.010286 -0.006114 -0.014500
v -0.010389 -0.005338 -0.017300
v -0.010389 -0.005338 -0.014500
v -0.010688 -0.004614 -0.017300
v -0.010688 -0.004614 -0.014500
v -0.011165 -0.003993 -0.017300
v -0.011165 -0.003993 -0.014500
v -0.011786 -0.003516 -0.017300
v -0.011786 -0.003516 -0.014500
v -0.012510 -0.003216 -0.017300
v -0.012510 -0.003216 -0.014500
v -0.013286 -0.003114 -0.017300
v -0.013286 -0.003114 -0.014500
v -0.014063 -0.003216 -0.017300
v -0.014063 -0.003216 -0.014500
v -0.014786 -0.003516 -0.014500
v -0.019286 -0.007139 -0.015800
v -0.019286 -0.007139 -0.014500
v -0.019021 -0.007104 -0.015800
v -0.019021 -0.007104 -0.014500
v -0.018774 -0.007002 -0.015800
v -0.018774 -0.007002 -0.014500
v -0.018562 -0.006839 -0.015800
v -0.018562 -0.006839 -0.014500
v -0.018399 -0.006627 -0.015800
v -0.018399 -0.006627 -0.014500
v -0.018296 -0.006380 -0.015800
v -0.018296 -0.006380 -0.014500
v -0.018261 -0.006114 -0.015800
v -0.018261 -0.006114 -0.014500
v -0.018296 -0.005849 -0.015800
v -0.018296 -0.005849 -0.014500
v -0.018399 -0.005602 -0.015800
v -0.018399 -0.005602 -0.014500
v -0.018562 -0.005389 -0.015800
v -0.018562 -0.005389 -0.014500
v -0.018774 -0.005227 -0.015800
v -0.018774 -0.005227 -0.014500
v -0.019021 -0.005124 -0.015800
v -0.019021 -0.005124 -0.014500
v -0.019286 -0.005089 -0.015800
v -0.019286 -0.005089 -0.014500
v -0.019552 -0.005124 -0.015800
v -0.019552 -0.005124 -0.014500
v -0.019799 -0.005227 -0.015800
v -0.019799 -0.005227 -0.014500
v -0.020011 -0.005389 -0.015800
v -0.020011 -0.005389 -0.014500
v -0.020174 -0.005602 -0.015800
v -0.020174 -0.005602 -0.014500
v -0.020276 -0.005849 -0.015800
v -0.020276 -0.005849 -0.014500
v -0.020311 -0.006114 -0.015800
v -0.020311 -0.006114 -0.014500
v -0.020276 -0.006380 -0.015800
v -0.020276 -0.006380 -0.014500
v -0.020174 -0.006627 -0.015800
v -0.020174 -0.006627 -0.014500
v -0.020011 -0.006839 -0.015800
v -0.020011 -0.006839 -0.014500
v -0.019799 -0.007002 -0.015800
v -0.019799 -0.007002 -0.014500
v -0.019552 -0.007104 -0.015800
v -0.019552 -0.007104 -0.014500
v -0.007286 -0.005089 -0.015800
v -0.007286 -0.005089 -0.014500
v -0.007552 -0.005124 -0.015800
v -0.007552 -0.005124 -0.014500
v -0.007799 -0.005227 -0.015800
v -0.007799 -0.005227 -0.014500
v -0.008011 -0.005389 -0.015800
v -0.008011 -0.005389 -0.014500
v -0.008174 -0.005602 -0.015800
v -0.008174 -0.005602 -0.014500
v -0.008276 -0.005849 -0.015800
v -0.008276 -0.005849 -0.014500
v -0.008311 -0.006114 -0.015800
v -0.008311 -0.006114 -0.014500
v -0.008276 -0.006380 -0.015800
v -0.008276 -0.006380 -0.014500
v -0.008174 -0.006627 -0.015800
v -0.008174 -0.006627 -0.014500
v -0.008011 -0.006839 -0.015800
v -0.008011 -0.006839 -0.014500
v -0.007799 -0.007002 -0.015800
v -0.007799 -0.007002 -0.014500
v -0.007552 -0.007104 -0.015800
v -0.007552 -0.007104 -0.014500
v -0.007286 -0.007139 -0.015800
v -0.007286 -0.007139 -0.014500
v -0.007021 -0.007104 -0.015800
v -0.007021 -0.007104 -0.014500
v -0.006774 -0.007002 -0.015800
v -0.006774 -0.007002 -0.014500
v -0.006562 -0.006839 -0.015800
v -0.006562 -0.006839 -0.014500
v -0.006399 -0.006627 -0.015800
v -0.006399 -0.006627 -0.014500
v -0.006296 -0.006380 -0.015800
v -0.006296 -0.006380 -0.014500
v -0.006261 -0.006114 -0.015800
v -0.006261 -0.006114 -0.014500
v -0.006296 -0.005849 -0.015800
v -0.006296 -0.005849 -0.014500
v -0.006399 -0.005602 -0.015800
v -0.006399 -0.005602 -0.014500
v -0.006562 -0.005389 -0.015800
v -0.006562 -0.005389 -0.014500
v -0.006774 -0.005227 -0.015800
v -0.006774 -0.005227 -0.014500
v -0.007021 -0.005124 -0.015800
v -0.007021 -0.005124 -0.014500
v -0.003286 0.009961 0.017000
v -0.003286 0.010586 0.016376
v -0.003586 0.010086 0.017300
v -0.003586 0.010886 0.016500
v -0.005536 0.010886 0.000000
v -0.022986 0.010886 0.016500
v -0.022986 0.010086 0.017300
v -0.020700 0.010086 0.017300
v -0.015219 0.010086 0.017300
v -0.005872 0.010086 0.017300
v -0.011354 0.010086 0.017300
v -0.023286 0.009961 0.017000
v -0.023286 0.010586 0.016376
v -0.023286 0.010586 -0.016376
v -0.022986 0.010886 -0.016500
v -0.007286 0.009686 -0.013025
v -0.007552 0.009686 -0.012990
v -0.007799 0.009686 -0.012888
v -0.008011 0.009686 -0.012725
v -0.008174 0.009686 -0.012513
v -0.008276 0.009686 -0.012265
v -0.008311 0.009686 -0.012000
v -0.008276 0.009686 -0.011735
v -0.008174 0.009686 -0.011487
v -0.008011 0.009686 -0.011275
v -0.007799 0.009686 -0.011112
v -0.007552 0.009686 -0.011010
v -0.007286 0.009686 -0.010975
v -0.007021 0.009686 -0.011010
v -0.006774 0.009686 -0.011112
v -0.006562 0.009686 -0.011275
v -0.006399 0.009686 -0.011487
v -0.006296 0.009686 -0.011735
v -0.006261 0.009686 -0.012000
v -0.006296 0.009686 -0.012265
v -0.006399 0.009686 -0.012513
v -0.006562 0.009686 -0.012725
v -0.006774 0.009686 -0.012888
v -0.007021 0.009686 -0.012990
v -0.013286 0.009686 -0.013025
v -0.013552 0.009686 -0.012990
v -0.013799 0.009686 -0.012888
v -0.014011 0.009686 -0.012725
v -0.014174 0.009686 -0.012513
v -0.014276 0.009686 -0.012265
v -0.014311 0.009686 -0.012000
v -0.014276 0.009686 -0.011735
v -0.014174 0.009686 -0.011487
v -0.014011 0.009686 -0.011275
v -0.013799 0.009686 -0.011112
v -0.013552 0.009686 -0.011010
v -0.013286 0.009686 -0.010975
v -0.013021 0.009686 -0.011010
v -0.012774 0.009686 -0.011112
v -0.012562 0.009686 -0.011275
v -0.012399 0.009686 -0.011487
v -0.012296 0.009686 -0.011735
v -0.012261 0.009686 -0.012000
v -0.012296 0.009686 -0.012265
v -0.012399 0.009686 -0.012513
v -0.012562 0.009686 -0.012725
v -0.012774 0.009686 -0.012888
v -0.013021 0.009686 -0.012990
v -0.019286 0.009686 -0.013025
v -0.019552 0.009686 -0.012990
v -0.019799 0.009686 -0.012888
v -0.020011 0.009686 -0.012725
v -0.020174 0.009686 -0.012513
v -0.020276 0.009686 -0.012265
v -0.020311 0.009686 -0.012000
v -0.020276 0.009686 -0.011735
v -0.020174 0.009686 -0.011487
v -0.020011 0.009686 -0.011275
v -0.019799 0.009686 -0.011112
v -0.019552 0.009686 -0.011010
v -0.019286 0.009686 -0.010975
v -0.019021 0.009686 -0.011010
v -0.018774 0.009686 -0.011112
v -0.018562 0.009686 -0.011275
v -0.018399 0.009686 -0.011487
v -0.018296 0.009686 -0.011735
v -0.018261 0.009686 -0.012000
v -0.018296 0.009686 -0.012265
v -0.018399 0.009686 -0.012513
v -0.018562 0.009686 -0.012725
v -0.018774 0.009686 -0.012888
v -0.019021 0.009686 -0.012990
v -0.007286 0.009686 0.010975
v -0.007552 0.009686 0.011010
v -0.007799 0.009686 0.011112
v -0.008011 0.009686 0.011275
v -0.008174 0.009686 0.011487
v -0.008276 0.009686 0.011735
v -0.008311 0.009686 0.012000
v -0.008276 0.009686 0.012265
v -0.008174 0.009686 0.012513
v -0.008011 0.009686 0.012725
v -0.007799 0.009686 0.012888
v -0.007552 0.009686 0.012990
v -0.007286 0.009686 0.013025
v -0.007021 0.009686 0.012990
v -0.006774 0.009686 0.012888
v -0.006562 0.009686 0.012725
v -0.006399 0.009686 0.012513
v -0.006296 0.009686 0.012265
v -0.006261 0.009686 0.012000
v -0.006296 0.009686 0.011735
v -0.006399 0.009686 0.011487
v -0.006562 0.009686 0.011275
v -0.006774 0.009686 0.011112
v -0.007021 0.009686 0.011010
v -0.013286 0.009686 0.010975
v -0.013552 0.009686 0.011010
v -0.013799 0.009686 0.011112
v -0.014011 0.009686 0.011275
v -0.014174 0.009686 0.011487
v -0.014276 0.009686 0.011735
v -0.014311 0.009686 0.012000
v -0.014276 0.009686 0.012265
v -0.014174 0.009686 0.012513
v -0.014011 0.009686 0.012725
v -0.013799 0.009686 0.012888
v -0.013552 0.009686 0.012990
v -0.013286 0.009686 0.013025
v -0.013021 0.009686 0.012990
v -0.012774 0.009686 0.012888
v -0.012562 0.009686 0.012725
v -0.012399 0.009686 0.012513
v -0.012296 0.009686 0.012265
v -0.012261 0.009686 0.012000
v -0.012296 0.009686 0.011735
v -0.012399 0.009686 0.011487
v -0.012562 0.009686 0.011275
v -0.012774 0.009686 0.011112
v -0.013021 0.009686 0.011010
v -0.019286 0.009686 0.010975
v -0.019552 0.009686 0.011010
v -0.019799 0.009686 0.011112
v -0.020011 0.009686 0.011275
v -0.020174 0.009686 0.011487
v -0.020276 0.009686 0.011735
v -0.020311 0.009686 0.012000
v -0.020276 0.009686 0.012265
v -0.020174 0.009686 0.012513
v -0.020011 0.009686 0.012725
v -0.019799 0.009686 0.012888
v -0.019552 0.009686 0.012990
v -0.019286 0.009686 0.013025
v -0.019021 0.009686 0.012990
v -0.018774 0.009686 0.012888
v -0.018562 0.009686 0.012725
v -0.018399 0.009686 0.012513
v -0.018296 0.009686 0.012265
v -0.018261 0.009686 0.012000
v -0.018296 0.009686 0.011735
v -0.018399 0.009686 0.011487
v -0.018562 0.009686 0.011275
v -0.018774 0.009686 0.011112
v -0.019021 0.009686 0.011010
v -0.010286 0.009686 -0.010025
v -0.010286 0.010886 -0.010025
v -0.010552 0.009686 -0.009990
v -0.010552 0.010886 -0.009990
v -0.010799 0.009686 -0.009888
v -0.010799 0.010886 -0.009888
v -0.011011 0.009686 -0.009725
v -0.011011 0.010886 -0.009725
v -0.011174 0.009686 -0.009512
v -0.011174 0.010886 -0.009512
v -0.011276 0.009686 -0.009265
v -0.011276 0.010886 -0.009265
v -0.011311 0.009686 -0.009000
v -0.011311 0.010886 -0.009000
v -0.011276 0.009686 -0.008735
v -0.011276 0.010886 -0.008735
v -0.011174 0.009686 -0.008488
v -0.011174 0.010886 -0.008488
v -0.011011 0.009686 -0.008275
v -0.011011 0.010886 -0.008275
v -0.010799 0.009686 -0.008112
v -0.010799 0.010886 -0.008112
v -0.010552 0.009686 -0.008010
v -0.010552 0.010886 -0.008010
v -0.010286 0.009686 -0.007975
v -0.010286 0.010886 -0.007975
v -0.010021 0.009686 -0.008010
v -0.010021 0.010886 -0.008010
v -0.009774 0.009686 -0.008112
v -0.009774 0.010886 -0.008112
v -0.009562 0.009686 -0.008275
v -0.009562 0.010886 -0.008275
v -0.009399 0.009686 -0.008488
v -0.009399 0.010886 -0.008488
v -0.009296 0.009686 -0.008735
v -0.009296 0.010886 -0.008735
v -0.009261 0.009686 -0.009000
v -0.009261 0.010886 -0.009000
v -0.009296 0.009686 -0.009265
v -0.009296 0.010886 -0.009265
v -0.009399 0.009686 -0.009512
v -0.009399 0.010886 -0.009512
v -0.009562 0.009686 -0.009725
v -0.009562 0.010886 -0.009725
v -0.009774 0.009686 -0.009888
v -0.009774 0.010886 -0.009888
v -0.010021 0.009686 -0.009990
v -0.010021 0.010886 -0.009990
v -0.016286 0.009686 -0.010025
v -0.016286 0.010886 -0.010025
v -0.016552 0.009686 -0.009990
v -0.016552 0.010886 -0.009990
v -0.016799 0.009686 -0.009888
v -0.016799 0.010886 -0.009888
v -0.017011 0.009686 -0.009725
v -0.017011 0.010886 -0.009725
v -0.017174 0.009686 -0.009512
v -0.017174 0.010886 -0.009512
v -0.017276 0.009686 -0.009265
v -0.017276 0.010886 -0.009265
v -0.017311 0.009686 -0.009000
v -0.017311 0.010886 -0.009000
v -0.017276 0.009686 -0.008735
v -0.017276 0.010886 -0.008735
v -0.017174 0.009686 -0.008488
v -0.017174 0.010886 -0.008488
v -0.017011 0.009686 -0.008275
v -0.017011 0.010886 -0.008275
v -0.016799 0.009686 -0.008112
v -0.016799 0.010886 -0.008112
v -0.016552 0.009686 -0.008010
v -0.016552 0.010886 -0.008010
v -0.016286 0.009686 -0.007975
v -0.016286 0.010886 -0.007975
v -0.016021 0.009686 -0.008010
v -0.016021 0.010886 -0.008010
v -0.015774 0.009686 -0.008112
v -0.015774 0.010886 -0.008112
v -0.015562 0.009686 -0.008275
v -0.015562 0.010886 -0.008275
v -0.015399 0.009686 -0.008488
v -0.015399 0.010886 -0.008488
v -0.015296 0.009686 -0.008735
v -0.015296 0.010886 -0.008735
v -0.015261 0.009686 -0.009000
v -0.015261 0.010886 -0.009000
v -0.015296 0.009686 -0.009265
v -0.015296 0.010886 -0.009265
v -0.015399 0.009686 -0.009512
v -0.015399 0.010886 -0.009512
v -0.015562 0.009686 -0.009725
v -0.015562 0.010886 -0.009725
v -0.015774 0.009686 -0.009888
v -0.015774 0.010886 -0.009888
v -0.016021 0.009686 -0.009990
v -0.016021 0.010886 -0.009990
v -0.010286 0.009686 0.007975
v -0.010286 0.010886 0.007975
v -0.010552 0.009686 0.008010
v -0.010552 0.010886 0.008010
v -0.010799 0.009686 0.008112
v -0.010799 0.010886 0.008112
v -0.011011 0.009686 0.008275
v -0.011011 0.010886 0.008275
v -0.011174 0.009686 0.008488
v -0.011174 0.010886 0.008488
v -0.011276 0.009686 0.008735
v -0.011276 0.010886 0.008735
v -0.011311 0.009686 0.009000
v -0.011311 0.010886 0.009000
v -0.011276 0.009686 0.009265
v -0.011276 0.010886 0.009265
v -0.011174 0.009686 0.009512
v -0.011174 0.010886 0.009512
v -0.011011 0.009686 0.009725
v -0.011011 0.010886 0.009725
v -0.010799 0.009686 0.009888
v -0.010799 0.010886 0.009888
v -0.010552 0.009686 0.009990
v -0.010552 0.010886 0.009990
v -0.010286 0.009686 0.010025
v -0.010286 0.010886 0.010025
v -0.010021 0.009686 0.009990
v -0.010021 0.010886 0.009990
v -0.009774 0.009686 0.009888
v -0.009774 0.010886 0.009888
v -0.009562 0.009686 0.009725
v -0.009562 0.010886 0.009725
v -0.009399 0.009686 0.009512
v -0.009399 0.010886 0.009512
v -0.009296 0.009686 0.009265
v -0.009296 0.010886 0.009265
v -0.009261 0.009686 0.009000
v -0.009261 0.010886 0.009000
v -0.009296 0.009686 0.008735
v -0.009296 0.010886 0.008735
v -0.009399 0.009686 0.008488
v -0.009399 0.010886 0.008488
v -0.009562 0.009686 0.008275
v -0.009562 0.010886 0.008275
v -0.009774 0.009686 0.008112
v -0.009774 0.010886 0.008112
v -0.010021 0.009686 0.008010
v -0.010021 0.010886 0.008010
v -0.016286 0.009686 0.007975
v -0.016286 0.010886 0.007975
v -0.016552 0.009686 0.008010
v -0.016552 0.010886 0.008010
v -0.016799 0.009686 0.008112
v -0.016799 0.010886 0.008112
v -0.017011 0.009686 0.008275
v -0.017011 0.010886 0.008275
v -0.017174 0.009686 0.008488
v -0.017174 0.010886 0.008488
v -0.017276 0.009686 0.008735
v -0.017276 0.010886 0.008735
v -0.017311 0.009686 0.009000
v -0.017311 0.010886 0.009000
v -0.017276 0.009686 0.009265
v -0.017276 0.010886 0.009265
v -0.017174 0.009686 0.009512
v -0.017174 0.010886 0.009512
v -0.017011 0.009686 0.009725
v -0.017011 0.010886 0.009725
v -0.016799 0.009686 0.009888
v -0.016799 0.010886 0.009888
v -0.016552 0.009686 0.009990
v -0.016552 0.010886 0.009990
v -0.016286 0.009686 0.010025
v -0.016286 0.010886 0.010025
v -0.016021 0.009686 0.009990
v -0.016021 0.010886 0.009990
v -0.015774 0.009686 0.009888
v -0.015774 0.010886 0.009888
v -0.015562 0.009686 0.009725
v -0.015562 0.010886 0.009725
v -0.015399 0.009686 0.009512
v -0.015399 0.010886 0.009512
v -0.015296 0.009686 0.009265
v -0.015296 0.010886 0.009265
v -0.015261 0.009686 0.009000
v -0.015261 0.010886 0.009000
v -0.015296 0.009686 0.008735
v -0.015296 0.010886 0.008735
v -0.015399 0.009686 0.008488
v -0.015399 0.010886 0.008488
v -0.015562 0.009686 0.008275
v -0.015562 0.010886 0.008275
v -0.015774 0.009686 0.008112
v -0.015774 0.010886 0.008112
v -0.016021 0.009686 0.008010
v -0.016021 0.010886 0.008010
v -0.019968 0.009686 0.005657
v -0.019933 0.009686 0.005392
v -0.019831 0.009686 0.005144
v -0.019668 0.009686 0.004932
v -0.019456 0.009686 0.004769
v -0.019209 0.009686 0.004667
v -0.018943 0.009686 0.004632
v -0.018678 0.009686 0.004667
v -0.018431 0.009686 0.004769
v -0.018218 0.009686 0.004932
v -0.018056 0.009686 0.005144
v -0.017953 0.009686 0.005392
v -0.017918 0.009686 0.005657
v -0.017953 0.009686 0.005922
v -0.018056 0.009686 0.006169
v -0.018218 0.009686 0.006382
v -0.018431 0.009686 0.006545
v -0.018678 0.009686 0.006647
v -0.018943 0.009686 0.006682
v -0.019209 0.009686 0.006647
v -0.019456 0.009686 0.006545
v -0.019668 0.009686 0.006382
v -0.019831 0.009686 0.006169
v -0.019933 0.009686 0.005922
v -0.008655 0.009686 0.005657
v -0.008620 0.009686 0.005392
v -0.008517 0.009686 0.005144
v -0.008354 0.009686 0.004932
v -0.008142 0.009686 0.004769
v -0.007895 0.009686 0.004667
v -0.007630 0.009686 0.004632
v -0.007364 0.009686 0.004667
v -0.007117 0.009686 0.004769
v -0.006905 0.009686 0.004932
v -0.006742 0.009686 0.005144
v -0.006639 0.009686 0.005392
v -0.006605 0.009686 0.005657
v -0.006639 0.009686 0.005922
v -0.006742 0.009686 0.006169
v -0.006905 0.009686 0.006382
v -0.007117 0.009686 0.006545
v -0.007364 0.009686 0.006647
v -0.007630 0.009686 0.006682
v -0.007895 0.009686 0.006647
v -0.008142 0.009686 0.006545
v -0.008354 0.009686 0.006382
v -0.008517 0.009686 0.006169
v -0.008620 0.009686 0.005922
v -0.019968 0.009686 -0.005657
v -0.019933 0.009686 -0.005922
v -0.019831 0.009686 -0.006169
v -0.019668 0.009686 -0.006382
v -0.019456 0.009686 -0.006545
v -0.019209 0.009686 -0.006647
v -0.018943 0.009686 -0.006682
v -0.018678 0.009686 -0.006647
v -0.018431 0.009686 -0.006545
v -0.018218 0.009686 -0.006382
v -0.018056 0.009686 -0.006169
v -0.017953 0.009686 -0.005922
v -0.017918 0.009686 -0.005657
v -0.017953 0.009686 -0.005392
v -0.018056 0.009686 -0.005144
v -0.018218 0.009686 -0.004932
v -0.018431 0.009686 -0.004769
v -0.018678 0.009686 -0.004667
v -0.018943 0.009686 -0.004632
v -0.019209 0.009686 -0.004667
v -0.019456 0.009686 -0.004769
v -0.019668 0.009686 -0.004932
v -0.019831 0.009686 -0.005144
v -0.019933 0.009686 -0.005392
v -0.008655 0.009686 -0.005657
v -0.008620 0.009686 -0.005922
v -0.008517 0.009686 -0.006169
v -0.008354 0.009686 -0.006382
v -0.008142 0.009686 -0.006545
v -0.007895 0.009686 -0.006647
v -0.007630 0.009686 -0.006682
v -0.007364 0.009686 -0.006647
v -0.007117 0.009686 -0.006545
v -0.006905 0.009686 -0.006382
v -0.006742 0.009686 -0.006169
v -0.006639 0.009686 -0.005922
v -0.006605 0.009686 -0.005657
v -0.006639 0.009686 -0.005392
v -0.006742 0.009686 -0.005144
v -0.006905 0.009686 -0.004932
v -0.007117 0.009686 -0.004769
v -0.007364 0.009686 -0.004667
v -0.007630 0.009686 -0.004632
v -0.007895 0.009686 -0.004667
v -0.008142 0.009686 -0.004769
v -0.008354 0.009686 -0.004932
v -0.008517 0.009686 -0.005144
v -0.008620 0.009686 -0.005392
v -0.007286 0.009686 0.001025
v -0.007286 0.010886 0.001025
v -0.007021 0.009686 0.000990
v -0.007021 0.010886 0.000990
v -0.006774 0.009686 0.000888
v -0.006774 0.010886 0.000888
v -0.006562 0.009686 0.000725
v -0.006562 0.010886 0.000725
v -0.006399 0.009686 0.000513
v -0.006399 0.010886 0.000513
v -0.006296 0.009686 0.000265
v -0.006296 0.010886 0.000265
v -0.006261 0.009686 0.000000
v -0.006261 0.010886 0.000000
v -0.006296 0.009686 -0.000265
v -0.006296 0.010886 -0.000265
v -0.006399 0.009686 -0.000513
v -0.006399 0.010886 -0.000513
v -0.006562 0.009686 -0.000725
v -0.006562 0.010886 -0.000725
v -0.006774 0.009686 -0.000888
v -0.006774 0.010886 -0.000888
v -0.007021 0.009686 -0.000990
v -0.007021 0.010886 -0.000990
v -0.007286 0.009686 -0.001025
v -0.007286 0.010886 -0.001025
v -0.007552 0.009686 -0.000990
v -0.007552 0.010886 -0.000990
v -0.007799 0.009686 -0.000888
v -0.007799 0.010886 -0.000888
v -0.008011 0.009686 -0.000725
v -0.008011 0.010886 -0.000725
v -0.008174 0.009686 -0.000513
v -0.008174 0.010886 -0.000513
v -0.008276 0.009686 -0.000265
v -0.008276 0.010886 -0.000265
v -0.008311 0.009686 0.000000
v -0.008311 0.010886 0.000000
v -0.008276 0.009686 0.000265
v -0.008276 0.010886 0.000265
v -0.008174 0.009686 0.000513
v -0.008174 0.010886 0.000513
v -0.008011 0.009686 0.000725
v -0.008011 0.010886 0.000725
v -0.007799 0.009686 0.000888
v -0.007799 0.010886 0.000888
v -0.007552 0.009686 0.000990
v -0.007552 0.010886 0.000990
v -0.014311 0.009686 0.006000
v -0.014276 0.009686 0.006265
v -0.014174 0.009686 0.006512
v -0.014011 0.009686 0.006725
v -0.013799 0.009686 0.006888
v -0.013552 0.009686 0.006990
v -0.013286 0.009686 0.007025
v -0.013021 0.009686 0.006990
v -0.012774 0.009686 0.006888
v -0.012562 0.009686 0.006725
v -0.012399 0.009686 0.006512
v -0.012296 0.009686 0.006265
v -0.012261 0.009686 0.006000
v -0.012296 0.009686 0.005735
v -0.012399 0.009686 0.005488
v -0.012562 0.009686 0.005275
v -0.012774 0.009686 0.005112
v -0.013021 0.009686 0.005010
v -0.013286 0.009686 0.004975
v -0.013552 0.009686 0.005010
v -0.013799 0.009686 0.005112
v -0.014011 0.009686 0.005275
v -0.014174 0.009686 0.005488
v -0.014276 0.009686 0.005735
v -0.019286 0.009686 -0.001025
v -0.019286 0.010886 -0.001025
v -0.019552 0.009686 -0.000990
v -0.019552 0.010886 -0.000990
v -0.019799 0.009686 -0.000888
v -0.019799 0.010886 -0.000888
v -0.020011 0.009686 -0.000725
v -0.020011 0.010886 -0.000725
v -0.020174 0.009686 -0.000513
v -0.020174 0.010886 -0.000513
v -0.020276 0.009686 -0.000265
v -0.020276 0.010886 -0.000265
v -0.020311 0.009686 0.000000
v -0.020311 0.010886 0.000000
v -0.020276 0.009686 0.000265
v -0.020276 0.010886 0.000265
v -0.020174 0.009686 0.000513
v -0.020174 0.010886 0.000513
v -0.020011 0.009686 0.000725
v -0.020011 0.010886 0.000725
v -0.019799 0.009686 0.000888
v -0.019799 0.010886 0.000888
v -0.019552 0.009686 0.000990
v -0.019552 0.010886 0.000990
v -0.019286 0.009686 0.001025
v -0.019286 0.010886 0.001025
v -0.019021 0.009686 0.000990
v -0.019021 0.010886 0.000990
v -0.018774 0.009686 0.000888
v -0.018774 0.010886 0.000888
v -0.018562 0.009686 0.000725
v -0.018562 0.010886 0.000725
v -0.018399 0.009686 0.000513
v -0.018399 0.010886 0.000513
v -0.018296 0.009686 0.000265
v -0.018296 0.010886 0.000265
v -0.018261 0.009686 0.000000
v -0.018261 0.010886 0.000000
v -0.018296 0.009686 -0.000265
v -0.018296 0.010886 -0.000265
v -0.018399 0.009686 -0.000513
v -0.018399 0.010886 -0.000513
v -0.018562 0.009686 -0.000725
v -0.018562 0.010886 -0.000725
v -0.018774 0.009686 -0.000888
v -0.018774 0.010886 -0.000888
v -0.019021 0.009686 -0.000990
v -0.019021 0.010886 -0.000990
v -0.012261 0.009686 -0.006000
v -0.012296 0.009686 -0.006265
v -0.012399 0.009686 -0.006512
v -0.012562 0.009686 -0.006725
v -0.012774 0.009686 -0.006888
v -0.013021 0.009686 -0.006990
v -0.013286 0.009686 -0.007025
v -0.013552 0.009686 -0.006990
v -0.013799 0.009686 -0.006888
v -0.014011 0.009686 -0.006725
v -0.014174 0.009686 -0.006512
v -0.014276 0.009686 -0.006265
v -0.014311 0.009686 -0.006000
v -0.014276 0.009686 -0.005735
v -0.014174 0.009686 -0.005488
v -0.014011 0.009686 -0.005275
v -0.013799 0.009686 -0.005112
v -0.013552 0.009686 -0.005010
v -0.013286 0.009686 -0.004975
v -0.013021 0.009686 -0.005010
v -0.012774 0.009686 -0.005112
v -0.012562 0.009686 -0.005275
v -0.012399 0.009686 -0.005488
v -0.012296 0.009686 -0.005735
v -0.014035 0.007886 0.010000
v -0.014035 0.009686 0.010000
v -0.014112 0.009686 0.009990
v -0.014112 0.007886 0.009990
v -0.014185 0.009686 0.009960
v -0.014185 0.007886 0.009960
v -0.014247 0.009686 0.009912
v -0.014247 0.007886 0.009912
v -0.014295 0.009686 0.009850
v -0.014295 0.007886 0.009850
v -0.014335 0.009686 0.009700
v -0.014335 0.007886 0.009700
v -0.014325 0.009686 0.009622
v -0.014325 0.007886 0.009622
v -0.014295 0.007886 0.009550
v -0.014295 0.009686 0.009550
v -0.013977 0.007886 0.009000
v -0.013977 0.009686 0.009000
v -0.014295 0.007886 0.008450
v -0.014295 0.009686 0.008450
v -0.014035 0.009686 0.008000
v -0.014035 0.007886 0.008000
v -0.014112 0.007886 0.008010
v -0.014112 0.009686 0.008010
v -0.014185 0.007886 0.008040
v -0.014185 0.009686 0.008040
v -0.014247 0.007886 0.008088
v -0.014247 0.009686 0.008088
v -0.014295 0.007886 0.008150
v -0.014295 0.009686 0.008150
v -0.014335 0.007886 0.008300
v -0.014335 0.009686 0.008300
v -0.013536 0.009686 0.007880
v -0.013536 0.009386 0.007880
v -0.013536 0.007886 0.008000
v -0.013536 0.009686 0.008000
v -0.013036 0.007886 0.008000
v -0.013036 0.009386 0.007880
v -0.013036 0.009686 0.007880
v -0.013036 0.009686 0.008000
v -0.012538 0.007886 0.008000
v -0.012538 0.009686 0.008000
v -0.012388 0.009686 0.008040
v -0.012388 0.007886 0.008040
v -0.012326 0.009686 0.008088
v -0.012326 0.007886 0.008088
v -0.012278 0.009686 0.008150
v -0.012278 0.007886 0.008150
v -0.012248 0.009686 0.008222
v -0.012248 0.007886 0.008222
v -0.012238 0.009686 0.008300
v -0.012238 0.007886 0.008300
v -0.012248 0.009686 0.008378
v -0.012248 0.007886 0.008378
v -0.012278 0.009686 0.008450
v -0.012278 0.007886 0.008450
v -0.012596 0.007886 0.009000
v -0.012596 0.009686 0.009000
v -0.012278 0.007886 0.009550
v -0.012278 0.009686 0.009550
v -0.012538 0.009686 0.010000
v -0.012538 0.007886 0.010000
v -0.012388 0.007886 0.009960
v -0.012388 0.009686 0.009960
v -0.012326 0.007886 0.009912
v -0.012326 0.009686 0.009912
v -0.012278 0.007886 0.009850
v -0.012278 0.009686 0.009850
v -0.012248 0.007886 0.009778
v -0.012248 0.009686 0.009778
v -0.012238 0.007886 0.009700
v -0.012238 0.009686 0.009700
v -0.012248 0.007886 0.009622
v -0.012248 0.009686 0.009622
v -0.007036 0.009686 0.010120
v -0.007036 0.009386 0.010120
v -0.007036 0.007886 0.010000
v -0.007036 0.009686 0.010000
v -0.007536 0.007886 0.010000
v -0.007536 0.009386 0.010120
v -0.007536 0.009686 0.010120
v -0.007536 0.009686 0.010000
v -0.008035 0.007886 0.010000
v -0.008035 0.009686 0.010000
v -0.008112 0.009686 0.009990
v -0.008112 0.007886 0.009990
v -0.008185 0.009686 0.009960
v -0.008185 0.007886 0.009960
v -0.008247 0.009686 0.009912
v -0.008247 0.007886 0.009912
v -0.008295 0.009686 0.009850
v -0.008295 0.007886 0.009850
v -0.008335 0.009686 0.009700
v -0.008335 0.007886 0.009700
v -0.008325 0.009686 0.009622
v -0.008325 0.007886 0.009622
v -0.008295 0.009686 0.009550
v -0.008295 0.007886 0.009550
v -0.007977 0.007886 0.009000
v -0.007977 0.009686 0.009000
v -0.008766 0.007886 0.007634
v -0.008766 0.009686 0.007634
v -0.008431 0.007886 0.007212
v -0.008431 0.009686 0.007212
v -0.008964 0.009686 0.006789
v -0.008964 0.007886 0.006789
v -0.009207 0.009686 0.006414
v -0.009207 0.007886 0.006414
v -0.009348 0.009686 0.005989
v -0.009348 0.007886 0.005989
v -0.009376 0.009686 0.005543
v -0.009376 0.007886 0.005543
v -0.009290 0.009686 0.005105
v -0.009290 0.007886 0.005105
v -0.009096 0.009686 0.004702
v -0.009096 0.007886 0.004702
v -0.008806 0.009686 0.004361
v -0.008806 0.007886 0.004361
v -0.008440 0.009686 0.004106
v -0.008440 0.007886 0.004106
v -0.008020 0.009686 0.003951
v -0.008020 0.007886 0.003951
v -0.007575 0.009686 0.003908
v -0.007575 0.007886 0.003908
v -0.007134 0.009686 0.003979
v -0.007134 0.007886 0.003979
v -0.006725 0.009686 0.004159
v -0.006725 0.007886 0.004159
v -0.006375 0.009686 0.004437
v -0.006375 0.007886 0.004437
v -0.006107 0.009686 0.004795
v -0.006107 0.007886 0.004795
v -0.005938 0.009686 0.005209
v -0.005938 0.007886 0.005209
v -0.005880 0.009686 0.005652
v -0.005880 0.007886 0.005652
v -0.005935 0.009686 0.006096
v -0.005935 0.007886 0.006096
v -0.006102 0.009686 0.006511
v -0.006102 0.007886 0.006511
v -0.006368 0.009686 0.006870
v -0.006368 0.007886 0.006870
v -0.006717 0.009686 0.007150
v -0.006717 0.007886 0.007150
v -0.007125 0.009686 0.007332
v -0.007125 0.007886 0.007332
v -0.007566 0.009686 0.007406
v -0.007566 0.007886 0.007406
v -0.008011 0.009686 0.007365
v -0.008011 0.007886 0.007365
v -0.009132 0.007886 0.007000
v -0.009132 0.009686 0.007000
v -0.010036 0.007886 0.007000
v -0.010036 0.009686 0.007000
v -0.010036 0.009386 0.007120
v -0.010036 0.009686 0.007120
v -0.010536 0.007886 0.007000
v -0.010536 0.009386 0.007120
v -0.010536 0.009686 0.007120
v -0.010536 0.009686 0.007000
v -0.017286 0.008016 -0.001155
v -0.017286 0.009686 -0.001155
v -0.017206 0.008105 -0.001155
v -0.017135 0.008252 -0.001155
v -0.017116 0.008386 -0.001155
v -0.017116 0.009686 -0.001155
v -0.018070 0.007886 -0.001607
v -0.018070 0.009686 -0.001607
v -0.018130 0.009386 -0.001503
v -0.018130 0.009686 -0.001503
v -0.018503 0.007886 -0.001857
v -0.018563 0.009386 -0.001753
v -0.018563 0.009686 -0.001753
v -0.018503 0.009686 -0.001857
v -0.021286 0.007886 -0.000250
v -0.021286 0.009686 -0.000250
v -0.021166 0.009386 -0.000250
v -0.021166 0.009686 -0.000250
v -0.021286 0.007886 0.000000
v -0.021166 0.009386 0.000250
v -0.021286 0.007886 0.000250
v -0.021166 0.009686 0.000250
v -0.021286 0.009686 0.000250
v -0.018503 0.007886 0.001857
v -0.018503 0.009686 0.001857
v -0.018563 0.009386 0.001753
v -0.018563 0.009686 0.001753
v -0.018070 0.007886 0.001607
v -0.018130 0.009386 0.001503
v -0.018130 0.009686 0.001503
v -0.018070 0.009686 0.001607
v -0.022286 0.009386 -0.006503
v -0.022286 0.009386 -0.001732
v -0.022286 0.007886 -0.006503
v -0.022286 0.007886 -0.001732
v -0.021973 0.007886 -0.006336
v -0.021973 0.009386 -0.006336
v -0.021632 0.007886 -0.006234
v -0.021632 0.009386 -0.006234
v -0.021692 0.007886 -0.005590
v -0.021692 0.009386 -0.005590
v -0.021601 0.007886 -0.004950
v -0.021601 0.009386 -0.004950
v -0.021362 0.007886 -0.004349
v -0.021362 0.009386 -0.004349
v -0.020990 0.007886 -0.003820
v -0.020990 0.009386 -0.003820
v -0.020504 0.007886 -0.003393
v -0.020504 0.009386 -0.003393
v -0.019933 0.007886 -0.003091
v -0.019933 0.009386 -0.003091
v -0.021475 0.009386 -0.009790
v -0.022286 0.009386 -0.011196
v -0.021475 0.007886 -0.009790
v -0.022286 0.007886 -0.011196
v -0.021898 0.007886 -0.009693
v -0.021898 0.009386 -0.009693
v -0.022286 0.007886 -0.009497
v -0.022286 0.009386 -0.009497
v -0.016286 0.009386 -0.012804
v -0.015307 0.009386 -0.014500
v -0.016286 0.007886 -0.012804
v -0.015307 0.007886 -0.014500
v -0.017266 0.009386 -0.014500
v -0.017266 0.007886 -0.014500
v -0.004941 0.009386 -0.006234
v -0.004941 0.007886 -0.006234
v -0.004600 0.007886 -0.006336
v -0.004600 0.009386 -0.006336
v -0.004286 0.007886 -0.006503
v -0.004286 0.009386 -0.006503
v -0.004286 0.009386 -0.001732
v -0.004286 0.007886 -0.001732
v -0.006640 0.009386 -0.003091
v -0.006640 0.007886 -0.003091
v -0.006068 0.007886 -0.003393
v -0.006068 0.009386 -0.003393
v -0.005583 0.007886 -0.003820
v -0.005583 0.009386 -0.003820
v -0.005211 0.007886 -0.004349
v -0.005211 0.009386 -0.004349
v -0.004972 0.007886 -0.004950
v -0.004972 0.009386 -0.004950
v -0.004880 0.007886 -0.005590
v -0.004880 0.009386 -0.005590
v -0.011035 0.007886 0.007000
v -0.011035 0.009686 0.007000
v -0.011112 0.009686 0.006990
v -0.011112 0.007886 0.006990
v -0.011185 0.009686 0.006960
v -0.011185 0.007886 0.006960
v -0.011247 0.009686 0.006912
v -0.011247 0.007886 0.006912
v -0.011295 0.009686 0.006850
v -0.011295 0.007886 0.006850
v -0.011335 0.009686 0.006700
v -0.011335 0.007886 0.006700
v -0.011325 0.009686 0.006622
v -0.011325 0.007886 0.006622
v -0.010977 0.007886 0.006000
v -0.010977 0.009686 0.006000
v -0.011429 0.007886 0.005217
v -0.011429 0.009686 0.005217
v -0.011533 0.009386 0.005277
v -0.011533 0.009686 0.005277
v -0.011679 0.007886 0.004783
v -0.011783 0.009386 0.004843
v -0.011783 0.009686 0.004843
v -0.011679 0.009686 0.004783
v -0.012132 0.009686 0.004000
v -0.012132 0.008016 0.004000
v -0.012087 0.007953 0.004077
v -0.012081 0.007946 0.004087
v -0.012025 0.007903 0.004185
v -0.011959 0.007886 0.004300
v -0.012132 0.009686 0.003830
v -0.012132 0.008386 0.003830
v -0.012132 0.008273 0.003843
v -0.012132 0.008225 0.003857
v -0.012132 0.008136 0.003900
v -0.011286 0.008386 0.003464
v -0.011278 0.008256 0.003479
v -0.011253 0.008136 0.003522
v -0.011213 0.008032 0.003591
v -0.011161 0.007953 0.003681
v -0.011101 0.007903 0.003785
v -0.011036 0.007886 0.003897
v -0.011286 0.009386 0.003464
v -0.010328 0.009386 0.005125
v -0.010328 0.007886 0.005125
v -0.008162 0.009386 0.002959
v -0.008162 0.007886 0.002959
v -0.008778 0.007886 0.003158
v -0.008778 0.009386 0.003158
v -0.009331 0.007886 0.003497
v -0.009331 0.009386 0.003497
v -0.009790 0.007886 0.003955
v -0.009790 0.009386 0.003955
v -0.010128 0.007886 0.004508
v -0.010128 0.009386 0.004508
v -0.009822 0.009386 0.002000
v -0.009822 0.008386 0.002000
v -0.009606 0.007953 0.002125
v -0.009501 0.007903 0.002185
v -0.009389 0.007886 0.002250
v -0.009808 0.008256 0.002009
v -0.009764 0.008136 0.002033
v -0.009695 0.008032 0.002073
v -0.009393 0.008146 0.001155
v -0.009304 0.008032 0.001155
v -0.009233 0.007969 0.001186
v -0.009457 0.008386 0.001155
v -0.009450 0.008304 0.001155
v -0.008987 0.007886 0.001328
v -0.009094 0.007900 0.001266
v -0.009137 0.007915 0.001241
v -0.009286 0.009686 0.001155
v -0.009457 0.009686 0.001155
v -0.008503 0.007886 0.001607
v -0.008503 0.009686 0.001607
v -0.008443 0.009386 0.001503
v -0.008443 0.009686 0.001503
v -0.008070 0.007886 0.001857
v -0.008010 0.009386 0.001753
v -0.008010 0.009686 0.001753
v -0.008070 0.009686 0.001857
v -0.007286 0.007886 0.002309
v -0.007286 0.009686 0.002309
v -0.005286 0.007886 0.001155
v -0.005286 0.009686 0.001155
v -0.005286 0.007886 0.000250
v -0.005286 0.009686 0.000250
v -0.005406 0.009386 0.000250
v -0.005406 0.009686 0.000250
v -0.005286 0.007886 0.000000
v -0.005406 0.009386 -0.000250
v -0.005286 0.007886 -0.000250
v -0.005406 0.009686 -0.000250
v -0.005286 0.009686 -0.000250
v -0.005286 0.007886 -0.001155
v -0.005286 0.009686 -0.001155
v -0.007286 0.007886 -0.002309
v -0.007286 0.009686 -0.002309
v -0.008070 0.007886 -0.001857
v -0.008070 0.009686 -0.001857
v -0.008010 0.009386 -0.001753
v -0.008010 0.009686 -0.001753
v -0.008503 0.007886 -0.001607
v -0.008443 0.009386 -0.001503
v -0.008443 0.009686 -0.001503
v -0.008503 0.009686 -0.001607
v -0.009286 0.009686 -0.001155
v -0.009286 0.008016 -0.001155
v -0.009209 0.007953 -0.001199
v -0.009199 0.007946 -0.001205
v -0.009102 0.007903 -0.001261
v -0.008987 0.007886 -0.001328
v -0.009457 0.009686 -0.001155
v -0.009457 0.008386 -0.001155
v -0.009443 0.008273 -0.001155
v -0.009429 0.008225 -0.001155
v -0.009387 0.008136 -0.001155
v -0.009822 0.008386 -0.002000
v -0.009808 0.008256 -0.002009
v -0.009764 0.008136 -0.002033
v -0.009695 0.008032 -0.002073
v -0.009606 0.007953 -0.002125
v -0.009501 0.007903 -0.002185
v -0.009389 0.007886 -0.002250
v -0.009822 0.009386 -0.002000
v -0.010458 0.009386 0.002828
v -0.010458 0.009386 -0.002828
v -0.018411 0.009386 -0.002959
v -0.017794 0.009386 -0.003158
v -0.016751 0.009386 -0.002000
v -0.017241 0.009386 -0.003497
v -0.016115 0.009386 -0.002828
v -0.016783 0.009386 -0.003955
v -0.015286 0.009386 -0.003464
v -0.016445 0.009386 -0.004508
v -0.016245 0.009386 -0.005125
v -0.016245 0.009386 0.005125
v -0.016445 0.009386 0.004508
v -0.015286 0.009386 0.003464
v -0.016783 0.009386 0.003955
v -0.016115 0.009386 0.002828
v -0.017241 0.009386 0.003497
v -0.016751 0.009386 0.002000
v -0.017794 0.009386 0.003158
v -0.018411 0.009386 0.002959
v -0.014441 0.008146 0.003894
v -0.015320 0.008136 0.003522
v -0.014441 0.008032 0.003982
v -0.015360 0.008032 0.003591
v -0.014472 0.007969 0.004054
v -0.015411 0.007953 0.003681
v -0.015295 0.008256 0.003479
v -0.015286 0.008386 0.003464
v -0.014441 0.008386 0.003830
v -0.014441 0.008304 0.003837
v -0.014614 0.007886 0.004300
v -0.015536 0.007886 0.003897
v -0.014552 0.007900 0.004193
v -0.015472 0.007903 0.003785
v -0.014527 0.007915 0.004149
v -0.014548 0.007903 0.004185
v -0.016245 0.007886 0.005125
v -0.016445 0.007886 0.004508
v -0.016783 0.007886 0.003955
v -0.017241 0.007886 0.003497
v -0.017794 0.007886 0.003158
v -0.018411 0.007886 0.002959
v -0.016765 0.008256 0.002009
v -0.016751 0.008386 0.002000
v -0.017184 0.007886 0.002250
v -0.017071 0.007903 0.002185
v -0.016967 0.007953 0.002125
v -0.016877 0.008032 0.002073
v -0.016809 0.008136 0.002033
v -0.017116 0.008386 0.001155
v -0.017130 0.008273 0.001155
v -0.017144 0.008225 0.001155
v -0.017186 0.008136 0.001155
v -0.017374 0.007946 0.001205
v -0.017364 0.007953 0.001199
v -0.017286 0.008016 0.001155
v -0.017471 0.007903 0.001261
v -0.017586 0.007886 0.001328
v -0.017116 0.009686 0.001155
v -0.017286 0.009686 0.001155
v -0.019286 0.007886 0.002309
v -0.019286 0.009686 0.002309
v -0.021286 0.007886 0.001155
v -0.021286 0.009686 0.001155
v -0.021286 0.007886 -0.001155
v -0.021286 0.009686 -0.001155
v -0.019286 0.007886 -0.002309
v -0.019286 0.009686 -0.002309
v -0.017586 0.007886 -0.001328
v -0.017479 0.007900 -0.001266
v -0.017436 0.007915 -0.001241
v -0.017364 0.007953 -0.001199
v -0.016809 0.008136 -0.002033
v -0.016877 0.008032 -0.002073
v -0.016967 0.007953 -0.002125
v -0.016765 0.008256 -0.002009
v -0.016751 0.008386 -0.002000
v -0.017184 0.007886 -0.002250
v -0.017071 0.007903 -0.002185
v -0.018411 0.007886 -0.002959
v -0.017794 0.007886 -0.003158
v -0.017241 0.007886 -0.003497
v -0.016783 0.007886 -0.003955
v -0.016445 0.007886 -0.004508
v -0.016245 0.007886 -0.005125
v -0.015286 0.008386 -0.003464
v -0.015536 0.007886 -0.003897
v -0.015472 0.007903 -0.003785
v -0.015411 0.007953 -0.003681
v -0.015360 0.008032 -0.003591
v -0.015320 0.008136 -0.003522
v -0.015295 0.008256 -0.003479
v -0.014441 0.008386 -0.003830
v -0.014441 0.008273 -0.003843
v -0.014441 0.008225 -0.003857
v -0.014441 0.008136 -0.003900
v -0.014492 0.007946 -0.004087
v -0.014486 0.007953 -0.004077
v -0.014441 0.008016 -0.004000
v -0.014548 0.007903 -0.004185
v -0.014575 0.007892 -0.004232
v -0.014614 0.007886 -0.004300
v -0.015143 0.007886 -0.005217
v -0.015143 0.009686 -0.005217
v -0.015040 0.009386 -0.005277
v -0.015040 0.009686 -0.005277
v -0.014893 0.007886 -0.004783
v -0.014790 0.009386 -0.004843
v -0.014790 0.009686 -0.004843
v -0.014893 0.009686 -0.004783
v -0.014441 0.009686 -0.004000
v -0.014441 0.009686 -0.003830
v -0.014441 0.009686 0.004000
v -0.014441 0.009686 0.003830
v -0.014893 0.007886 0.004783
v -0.014893 0.009686 0.004783
v -0.014790 0.009386 0.004843
v -0.014790 0.009686 0.004843
v -0.015143 0.007886 0.005217
v -0.015040 0.009386 0.005277
v -0.015040 0.009686 0.005277
v -0.015143 0.009686 0.005217
v -0.015596 0.007886 0.006000
v -0.015596 0.009686 0.006000
v -0.015278 0.007886 0.006550
v -0.015278 0.009686 0.006550
v -0.015538 0.009686 0.007000
v -0.015538 0.007886 0.007000
v -0.015388 0.007886 0.006960
v -0.015388 0.009686 0.006960
v -0.015326 0.007886 0.006912
v -0.015326 0.009686 0.006912
v -0.015278 0.007886 0.006850
v -0.015278 0.009686 0.006850
v -0.015248 0.007886 0.006778
v -0.015248 0.009686 0.006778
v -0.015238 0.007886 0.006700
v -0.015238 0.009686 0.006700
v -0.015248 0.007886 0.006622
v -0.015248 0.009686 0.006622
v -0.016036 0.007886 0.007000
v -0.016036 0.009686 0.007000
v -0.016036 0.009386 0.007120
v -0.016036 0.009686 0.007120
v -0.016536 0.007886 0.007000
v -0.016536 0.009386 0.007120
v -0.016536 0.009686 0.007120
v -0.016536 0.009686 0.007000
v -0.017441 0.007886 0.007000
v -0.017441 0.009686 0.007000
v -0.017609 0.007886 0.006789
v -0.017609 0.009686 0.006789
v -0.018142 0.009686 0.007212
v -0.018142 0.007886 0.007212
v -0.018562 0.009686 0.007365
v -0.018562 0.007886 0.007365
v -0.019007 0.009686 0.007406
v -0.019007 0.007886 0.007406
v -0.019448 0.009686 0.007332
v -0.019448 0.007886 0.007332
v -0.019856 0.009686 0.007150
v -0.019856 0.007886 0.007150
v -0.020205 0.009686 0.006870
v -0.020205 0.007886 0.006870
v -0.020471 0.009686 0.006511
v -0.020471 0.007886 0.006511
v -0.020637 0.009686 0.006096
v -0.020637 0.007886 0.006096
v -0.020693 0.009686 0.005652
v -0.020693 0.007886 0.005652
v -0.020635 0.009686 0.005209
v -0.020635 0.007886 0.005209
v -0.020466 0.009686 0.004795
v -0.020466 0.007886 0.004795
v -0.020198 0.009686 0.004437
v -0.020198 0.007886 0.004437
v -0.019848 0.009686 0.004159
v -0.019848 0.007886 0.004159
v -0.019439 0.009686 0.003979
v -0.019439 0.007886 0.003979
v -0.018998 0.009686 0.003908
v -0.018998 0.007886 0.003908
v -0.018553 0.009686 0.003951
v -0.018553 0.007886 0.003951
v -0.018133 0.009686 0.004106
v -0.018133 0.007886 0.004106
v -0.017767 0.009686 0.004361
v -0.017767 0.007886 0.004361
v -0.017604 0.009686 0.004530
v -0.017477 0.007886 0.004702
v -0.017366 0.007886 0.006414
v -0.017366 0.009686 0.006414
v -0.017225 0.007886 0.005989
v -0.017225 0.009686 0.005989
v -0.017197 0.007886 0.005543
v -0.017197 0.009686 0.005543
v -0.017283 0.007886 0.005105
v -0.017283 0.009686 0.005105
v -0.017477 0.009686 0.004702
v -0.017807 0.007886 0.007634
v -0.017807 0.009686 0.007634
v -0.018596 0.007886 0.009000
v -0.018596 0.009686 0.009000
v -0.018278 0.007886 0.009550
v -0.018278 0.009686 0.009550
v -0.018538 0.009686 0.010000
v -0.018538 0.007886 0.010000
v -0.018388 0.007886 0.009960
v -0.018388 0.009686 0.009960
v -0.018326 0.007886 0.009912
v -0.018326 0.009686 0.009912
v -0.018278 0.007886 0.009850
v -0.018278 0.009686 0.009850
v -0.018248 0.007886 0.009778
v -0.018248 0.009686 0.009778
v -0.018238 0.007886 0.009700
v -0.018238 0.009686 0.009700
v -0.018248 0.007886 0.009622
v -0.018248 0.009686 0.009622
v -0.019036 0.009686 0.010120
v -0.019036 0.009386 0.010120
v -0.019036 0.007886 0.010000
v -0.019036 0.009686 0.010000
v -0.019536 0.007886 0.010000
v -0.019536 0.009386 0.010120
v -0.019536 0.009686 0.010120
v -0.019536 0.009686 0.010000
v -0.021143 0.007886 0.012783
v -0.021143 0.009686 0.012783
v -0.021040 0.009386 0.012723
v -0.021040 0.009686 0.012723
v -0.020893 0.007886 0.013217
v -0.020790 0.009386 0.013157
v -0.020790 0.009686 0.013157
v -0.020893 0.009686 0.013217
v -0.017679 0.007886 0.013217
v -0.017679 0.009686 0.013217
v -0.017783 0.009386 0.013157
v -0.017783 0.009686 0.013157
v -0.017429 0.007886 0.012783
v -0.017533 0.009386 0.012723
v -0.017533 0.009686 0.012723
v -0.017429 0.009686 0.012783
v -0.016536 0.007886 0.011000
v -0.016536 0.009686 0.011000
v -0.016536 0.009386 0.010880
v -0.016536 0.009686 0.010880
v -0.016036 0.007886 0.011000
v -0.016036 0.009386 0.010880
v -0.016036 0.009686 0.010880
v -0.016036 0.009686 0.011000
v -0.015143 0.007886 0.012783
v -0.015143 0.009686 0.012783
v -0.015040 0.009386 0.012723
v -0.015040 0.009686 0.012723
v -0.014893 0.007886 0.013217
v -0.014790 0.009386 0.013157
v -0.014790 0.009686 0.013157
v -0.014893 0.009686 0.013217
v -0.011679 0.007886 0.013217
v -0.011679 0.009686 0.013217
v -0.011783 0.009386 0.013157
v -0.011783 0.009686 0.013157
v -0.011429 0.007886 0.012783
v -0.011533 0.009386 0.012723
v -0.011533 0.009686 0.012723
v -0.011429 0.009686 0.012783
v -0.010536 0.007886 0.011000
v -0.010536 0.009686 0.011000
v -0.010536 0.009386 0.010880
v -0.010536 0.009686 0.010880
v -0.010036 0.007886 0.011000
v -0.010036 0.009386 0.010880
v -0.010036 0.009686 0.010880
v -0.010036 0.009686 0.011000
v -0.009143 0.007886 0.012783
v -0.009143 0.009686 0.012783
v -0.009040 0.009386 0.012723
v -0.009040 0.009686 0.012723
v -0.008893 0.007886 0.013217
v -0.008790 0.009386 0.013157
v -0.008790 0.009686 0.013157
v -0.008893 0.009686 0.013217
v -0.005679 0.007886 0.013217
v -0.005679 0.009686 0.013217
v -0.005783 0.009386 0.013157
v -0.005783 0.009686 0.013157
v -0.005429 0.007886 0.012783
v -0.005533 0.009386 0.012723
v -0.005533 0.009686 0.012723
v -0.005429 0.009686 0.012783
v -0.006132 0.009686 0.010000
v -0.006132 0.007886 0.010000
v -0.006090 0.009686 0.010073
v -0.004977 0.007886 0.012000
v -0.004977 0.009686 0.012000
v -0.005850 0.009686 0.013512
v -0.006132 0.007886 0.014000
v -0.006132 0.009686 0.014000
v -0.008441 0.007886 0.014000
v -0.008441 0.009686 0.014000
v -0.006363 0.007886 0.014000
v -0.009596 0.007886 0.012000
v -0.009596 0.009686 0.012000
v -0.009278 0.007886 0.011450
v -0.009278 0.009686 0.011450
v -0.009538 0.007886 0.011000
v -0.009538 0.009686 0.011000
v -0.009388 0.009686 0.011040
v -0.009388 0.007886 0.011040
v -0.009326 0.009686 0.011088
v -0.009326 0.007886 0.011088
v -0.009278 0.009686 0.011150
v -0.009278 0.007886 0.011150
v -0.009248 0.009686 0.011222
v -0.009248 0.007886 0.011222
v -0.009238 0.009686 0.011300
v -0.009238 0.007886 0.011300
v -0.009248 0.009686 0.011378
v -0.009248 0.007886 0.011378
v -0.011035 0.007886 0.011000
v -0.011035 0.009686 0.011000
v -0.011112 0.007886 0.011010
v -0.011112 0.009686 0.011010
v -0.011185 0.007886 0.011040
v -0.011185 0.009686 0.011040
v -0.011247 0.007886 0.011088
v -0.011247 0.009686 0.011088
v -0.011295 0.007886 0.011150
v -0.011295 0.009686 0.011150
v -0.011335 0.007886 0.011300
v -0.011335 0.009686 0.011300
v -0.011325 0.007886 0.011378
v -0.011325 0.009686 0.011378
v -0.010977 0.007886 0.012000
v -0.010977 0.009686 0.012000
v -0.012132 0.007886 0.014000
v -0.012132 0.009686 0.014000
v -0.011850 0.009686 0.013512
v -0.011775 0.009686 0.013382
v -0.012250 0.009686 0.014000
v -0.013286 0.007886 0.014000
v -0.014323 0.009686 0.014000
v -0.014441 0.007886 0.014000
v -0.014441 0.009686 0.014000
v -0.015596 0.007886 0.012000
v -0.015596 0.009686 0.012000
v -0.015278 0.007886 0.011450
v -0.015278 0.009686 0.011450
v -0.015538 0.007886 0.011000
v -0.015538 0.009686 0.011000
v -0.015388 0.009686 0.011040
v -0.015388 0.007886 0.011040
v -0.015326 0.009686 0.011088
v -0.015326 0.007886 0.011088
v -0.015278 0.009686 0.011150
v -0.015278 0.007886 0.011150
v -0.015248 0.009686 0.011222
v -0.015248 0.007886 0.011222
v -0.015238 0.009686 0.011300
v -0.015238 0.007886 0.011300
v -0.015248 0.009686 0.011378
v -0.015248 0.007886 0.011378
v -0.017035 0.007886 0.011000
v -0.017035 0.009686 0.011000
v -0.017112 0.007886 0.011010
v -0.017112 0.009686 0.011010
v -0.017185 0.007886 0.011040
v -0.017185 0.009686 0.011040
v -0.017247 0.007886 0.011088
v -0.017247 0.009686 0.011088
v -0.017295 0.007886 0.011150
v -0.017295 0.009686 0.011150
v -0.017335 0.007886 0.011300
v -0.017335 0.009686 0.011300
v -0.017325 0.007886 0.011378
v -0.017325 0.009686 0.011378
v -0.016977 0.007886 0.012000
v -0.016977 0.009686 0.012000
v -0.018132 0.007886 0.014000
v -0.018132 0.009686 0.014000
v -0.020441 0.007886 0.014000
v -0.020441 0.009686 0.014000
v -0.020210 0.007886 0.014000
v -0.020140 0.009686 0.014000
v -0.021596 0.007886 0.012000
v -0.021596 0.009686 0.012000
v -0.020483 0.009686 0.010073
v -0.020441 0.007886 0.010000
v -0.020441 0.009686 0.010000
v -0.013536 0.007886 0.010000
v -0.013536 0.009686 0.010000
v -0.013036 0.007886 0.010000
v -0.013036 0.009686 0.010000
v -0.006363 0.007886 0.010000
v -0.020210 0.007886 0.010000
v -0.020140 0.009686 0.010000
v -0.013536 0.009686 0.010073
v -0.013536 0.009386 0.010120
v -0.013036 0.009686 0.010120
v -0.013036 0.009386 0.010120
v -0.017286 0.009686 0.000000
v -0.017150 0.009686 -0.001035
v -0.017150 0.009686 0.001035
v -0.012250 0.009686 -0.007927
v -0.011775 0.009686 -0.007927
v -0.011775 0.009686 -0.006853
v -0.014323 0.009686 -0.010073
v -0.017615 0.009686 -0.004803
v -0.008483 0.009686 -0.010073
v -0.008958 0.009686 -0.007927
v -0.012250 0.009686 -0.004803
v -0.008958 0.009686 -0.006853
v -0.008958 0.009686 -0.004803
v -0.008483 0.009686 -0.006853
v -0.008483 0.009686 -0.004803
v -0.008483 0.009686 -0.010548
v -0.011775 0.009686 -0.010548
v -0.008958 0.009686 -0.010548
v -0.012250 0.009686 -0.010548
v -0.014323 0.009686 -0.010548
v -0.017615 0.009686 -0.010548
v -0.020140 0.009686 -0.010548
v -0.020140 0.009686 -0.010073
v -0.017615 0.009686 -0.010073
v -0.017615 0.009686 -0.007927
v -0.020140 0.009686 -0.006853
v -0.017615 0.009686 -0.006853
v -0.020140 0.009686 -0.004803
v -0.014323 0.009686 -0.007927
v -0.014323 0.009686 -0.006853
v -0.014323 0.009686 -0.004803
v -0.014322 0.009686 -0.003864
v -0.013286 0.009686 -0.004000
v -0.012251 0.009686 -0.003864
v -0.012250 0.009686 -0.010073
v -0.011775 0.009686 -0.010073
v -0.012250 0.009686 -0.006853
v -0.008958 0.009686 -0.010073
v -0.009286 0.009686 0.000000
v -0.009423 0.009686 0.001035
v -0.009423 0.009686 -0.001035
v -0.017615 0.009686 0.007453
v -0.014323 0.009686 0.007453
v -0.014323 0.009686 0.007927
v -0.008958 0.009686 0.007927
v -0.012250 0.009686 0.010073
v -0.008958 0.009686 0.010073
v -0.017615 0.009686 0.010073
v -0.020140 0.009686 0.006853
v -0.014322 0.009686 0.003864
v -0.014323 0.009686 0.006853
v -0.017615 0.009686 0.006853
v -0.017615 0.009686 0.007927
v -0.020140 0.009686 0.013512
v -0.020140 0.009686 0.010073
v -0.014323 0.009686 0.010073
v -0.012250 0.009686 0.013512
v -0.011775 0.009686 0.010073
v -0.008483 0.009686 0.013512
v -0.008483 0.009686 0.010073
v -0.008958 0.009686 0.006853
v -0.008483 0.009686 0.006853
v -0.008958 0.009686 0.007453
v -0.011775 0.009686 0.007453
v -0.011775 0.009686 0.006853
v -0.012251 0.009686 0.003864
v -0.012250 0.009686 0.006853
v -0.013286 0.009686 0.004000
v -0.014323 0.009686 0.013512
v -0.012250 0.009686 0.007927
v -0.011775 0.009686 0.007927
v -0.012250 0.009686 0.007453
v -0.016751 0.010886 -0.002000
v -0.016115 0.010886 -0.002828
v -0.015286 0.010886 -0.003464
v -0.016751 0.010886 0.002000
v -0.017150 0.010886 0.001035
v -0.017286 0.010886 0.000000
v -0.017150 0.010886 -0.001035
v -0.016115 0.010886 0.002828
v -0.015286 0.010886 0.003464
v -0.011286 0.010886 0.003464
v -0.012251 0.010886 0.003864
v -0.013286 0.010886 0.004000
v -0.014322 0.010886 0.003864
v -0.010458 0.010886 0.002828
v -0.009822 0.010886 0.002000
v -0.009822 0.010886 -0.002000
v -0.009423 0.010886 -0.001035
v -0.009286 0.010886 0.000000
v -0.009423 0.010886 0.001035
v -0.010458 0.010886 -0.002828
v -0.011286 0.010886 -0.003464
v -0.014322 0.010886 -0.003864
v -0.013286 0.010886 -0.004000
v -0.012251 0.010886 -0.003864
v -0.021286 0.010886 -0.007200
v -0.021286 0.007886 -0.007200
v -0.021493 0.010886 -0.007227
v -0.021493 0.007886 -0.007227
v -0.021686 0.010886 -0.007307
v -0.021686 0.007886 -0.007307
v -0.021852 0.010886 -0.007434
v -0.021852 0.007886 -0.007434
v -0.021979 0.010886 -0.007600
v -0.021979 0.007886 -0.007600
v -0.022059 0.010886 -0.007793
v -0.022059 0.007886 -0.007793
v -0.022086 0.010886 -0.008000
v -0.022086 0.007886 -0.008000
v -0.022059 0.010886 -0.008207
v -0.022059 0.007886 -0.008207
v -0.021979 0.010886 -0.008400
v -0.021979 0.007886 -0.008400
v -0.021852 0.010886 -0.008566
v -0.021852 0.007886 -0.008566
v -0.021686 0.010886 -0.008693
v -0.021686 0.007886 -0.008693
v -0.021493 0.010886 -0.008773
v -0.021493 0.007886 -0.008773
v -0.021286 0.010886 -0.008800
v -0.021286 0.007886 -0.008800
v -0.021079 0.010886 -0.008773
v -0.021079 0.007886 -0.008773
v -0.020886 0.010886 -0.008693
v -0.020886 0.007886 -0.008693
v -0.020721 0.010886 -0.008566
v -0.020721 0.007886 -0.008566
v -0.020594 0.010886 -0.008400
v -0.020594 0.007886 -0.008400
v -0.020514 0.010886 -0.008207
v -0.020514 0.007886 -0.008207
v -0.020486 0.010886 -0.008000
v -0.020486 0.007886 -0.008000
v -0.020514 0.010886 -0.007793
v -0.020514 0.007886 -0.007793
v -0.020594 0.010886 -0.007600
v -0.020594 0.007886 -0.007600
v -0.020721 0.010886 -0.007434
v -0.020721 0.007886 -0.007434
v -0.020886 0.010886 -0.007307
v -0.020886 0.007886 -0.007307
v -0.021079 0.010886 -0.007227
v -0.021079 0.007886 -0.007227
v -0.005286 0.010886 -0.007200
v -0.005286 0.007886 -0.007200
v -0.005493 0.010886 -0.007227
v -0.005493 0.007886 -0.007227
v -0.005686 0.010886 -0.007307
v -0.005686 0.007886 -0.007307
v -0.005852 0.010886 -0.007434
v -0.005852 0.007886 -0.007434
v -0.005979 0.010886 -0.007600
v -0.005979 0.007886 -0.007600
v -0.006059 0.010886 -0.007793
v -0.006059 0.007886 -0.007793
v -0.006086 0.010886 -0.008000
v -0.006086 0.007886 -0.008000
v -0.006059 0.010886 -0.008207
v -0.006059 0.007886 -0.008207
v -0.005979 0.010886 -0.008400
v -0.005979 0.007886 -0.008400
v -0.005852 0.010886 -0.008566
v -0.005852 0.007886 -0.008566
v -0.005686 0.010886 -0.008693
v -0.005686 0.007886 -0.008693
v -0.005493 0.010886 -0.008773
v -0.005493 0.007886 -0.008773
v -0.005286 0.010886 -0.008800
v -0.005286 0.007886 -0.008800
v -0.005079 0.010886 -0.008773
v -0.005079 0.007886 -0.008773
v -0.004886 0.010886 -0.008693
v -0.004886 0.007886 -0.008693
v -0.004721 0.010886 -0.008566
v -0.004721 0.007886 -0.008566
v -0.004594 0.010886 -0.008400
v -0.004594 0.007886 -0.008400
v -0.004514 0.010886 -0.008207
v -0.004514 0.007886 -0.008207
v -0.004486 0.010886 -0.008000
v -0.004486 0.007886 -0.008000
v -0.004514 0.010886 -0.007793
v -0.004514 0.007886 -0.007793
v -0.004594 0.010886 -0.007600
v -0.004594 0.007886 -0.007600
v -0.004721 0.010886 -0.007434
v -0.004721 0.007886 -0.007434
v -0.004886 0.010886 -0.007307
v -0.004886 0.007886 -0.007307
v -0.005079 0.010886 -0.007227
v -0.005079 0.007886 -0.007227
v -0.021286 0.010886 0.008800
v -0.021286 0.007886 0.008800
v -0.021493 0.010886 0.008773
v -0.021493 0.007886 0.008773
v -0.021686 0.010886 0.008693
v -0.021686 0.007886 0.008693
v -0.021852 0.010886 0.008566
v -0.021852 0.007886 0.008566
v -0.021979 0.010886 0.008400
v -0.021979 0.007886 0.008400
v -0.022059 0.010886 0.008207
v -0.022059 0.007886 0.008207
v -0.022086 0.010886 0.008000
v -0.022086 0.007886 0.008000
v -0.022059 0.010886 0.007793
v -0.022059 0.007886 0.007793
v -0.021979 0.010886 0.007600
v -0.021979 0.007886 0.007600
v -0.021852 0.010886 0.007434
v -0.021852 0.007886 0.007434
v -0.021686 0.010886 0.007307
v -0.021686 0.007886 0.007307
v -0.021493 0.010886 0.007227
v -0.021493 0.007886 0.007227
v -0.021286 0.010886 0.007200
v -0.021286 0.007886 0.007200
v -0.021079 0.010886 0.007227
v -0.021079 0.007886 0.007227
v -0.020886 0.010886 0.007307
v -0.020886 0.007886 0.007307
v -0.020721 0.010886 0.007434
v -0.020721 0.007886 0.007434
v -0.020594 0.010886 0.007600
v -0.020594 0.007886 0.007600
v -0.020514 0.010886 0.007793
v -0.020514 0.007886 0.007793
v -0.020486 0.010886 0.008000
v -0.020486 0.007886 0.008000
v -0.020514 0.010886 0.008207
v -0.020514 0.007886 0.008207
v -0.020594 0.010886 0.008400
v -0.020594 0.007886 0.008400
v -0.020721 0.010886 0.008566
v -0.020721 0.007886 0.008566
v -0.020886 0.010886 0.008693
v -0.020886 0.007886 0.008693
v -0.021079 0.010886 0.008773
v -0.021079 0.007886 0.008773
v -0.005286 0.010886 0.008800
v -0.005286 0.007886 0.008800
v -0.005493 0.010886 0.008773
v -0.005493 0.007886 0.008773
v -0.005686 0.010886 0.008693
v -0.005686 0.007886 0.008693
v -0.005852 0.010886 0.008566
v -0.005852 0.007886 0.008566
v -0.005979 0.010886 0.008400
v -0.005979 0.007886 0.008400
v -0.006059 0.010886 0.008207
v -0.006059 0.007886 0.008207
v -0.006086 0.010886 0.008000
v -0.006086 0.007886 0.008000
v -0.006059 0.010886 0.007793
v -0.006059 0.007886 0.007793
v -0.005979 0.010886 0.007600
v -0.005979 0.007886 0.007600
v -0.005852 0.010886 0.007434
v -0.005852 0.007886 0.007434
v -0.005686 0.010886 0.007307
v -0.005686 0.007886 0.007307
v -0.005493 0.010886 0.007227
v -0.005493 0.007886 0.007227
v -0.005286 0.010886 0.007200
v -0.005286 0.007886 0.007200
v -0.005079 0.010886 0.007227
v -0.005079 0.007886 0.007227
v -0.004886 0.010886 0.007307
v -0.004886 0.007886 0.007307
v -0.004721 0.010886 0.007434
v -0.004721 0.007886 0.007434
v -0.004594 0.010886 0.007600
v -0.004594 0.007886 0.007600
v -0.004514 0.010886 0.007793
v -0.004514 0.007886 0.007793
v -0.004486 0.010886 0.008000
v -0.004486 0.007886 0.008000
v -0.004514 0.010886 0.008207
v -0.004514 0.007886 0.008207
v -0.004594 0.010886 0.008400
v -0.004594 0.007886 0.008400
v -0.004721 0.010886 0.008566
v -0.004721 0.007886 0.008566
v -0.004886 0.010886 0.008693
v -0.004886 0.007886 0.008693
v -0.005079 0.010886 0.008773
v -0.005079 0.007886 0.008773
v -0.003286 0.010586 -0.016376
v -0.003586 0.010886 -0.016500
v -0.003586 0.010086 -0.017300
v -0.003286 0.009961 -0.017000
v -0.005872 0.010086 -0.017300
v -0.022986 0.010086 -0.017300
v -0.020700 0.010086 -0.017300
v -0.015219 0.010086 -0.017300
v -0.011354 0.010086 -0.017300
v -0.023286 0.009961 -0.017000
v -0.022986 0.004347 -0.017300
v -0.023286 0.004347 -0.017000
v -0.023202 0.003432 -0.017000
v -0.023286 0.004347 -0.014500
v -0.023202 0.003432 -0.014500
v -0.022907 0.003487 -0.017300
v -0.021902 -0.003547 -0.017000
v -0.021607 -0.003492 -0.017300
v -0.021151 -0.007579 -0.015800
v -0.021151 -0.007579 -0.014500
v -0.021902 -0.003547 -0.015800
v -0.020919 -0.004364 -0.017000
v -0.020919 -0.004364 -0.015800
v -0.021148 -0.004338 -0.015800
v -0.021148 -0.004338 -0.017000
v -0.021365 -0.004259 -0.015800
v -0.021365 -0.004259 -0.017000
v -0.021558 -0.004133 -0.015800
v -0.021558 -0.004133 -0.017000
v -0.021717 -0.003967 -0.015800
v -0.021717 -0.003967 -0.017000
v -0.021834 -0.003768 -0.015800
v -0.021834 -0.003768 -0.017000
v -0.020919 -0.004064 -0.017300
v -0.021079 -0.004046 -0.017300
v -0.021231 -0.003991 -0.017300
v -0.021366 -0.003903 -0.017300
v -0.021478 -0.003786 -0.017300
v -0.021559 -0.003647 -0.017300
v -0.019286 -0.004064 -0.017300
v -0.019286 -0.004364 -0.017000
v -0.020700 -0.004064 -0.017300
v -0.019286 -0.004364 -0.015800
v -0.018895 -0.004409 -0.015800
v -0.018833 -0.007805 -0.017000
v -0.019286 -0.007864 -0.017000
v -0.019286 -0.007864 -0.015800
v -0.018895 -0.007820 -0.015800
v -0.018493 -0.007674 -0.015800
v -0.018493 -0.007674 -0.017000
v -0.018139 -0.007436 -0.015800
v -0.017853 -0.007119 -0.015800
v -0.017853 -0.007119 -0.017000
v -0.018049 -0.007352 -0.017000
v -0.018139 -0.007436 -0.017000
v -0.018411 -0.007630 -0.017000
v -0.017653 -0.006742 -0.015800
v -0.017549 -0.006328 -0.015800
v -0.017549 -0.006328 -0.017000
v -0.017596 -0.006567 -0.017000
v -0.017653 -0.006742 -0.017000
v -0.017771 -0.006989 -0.017000
v -0.017653 -0.005487 -0.015800
v -0.017596 -0.005661 -0.017000
v -0.017549 -0.005901 -0.015800
v -0.017549 -0.005901 -0.017000
v -0.017536 -0.006114 -0.017000
v -0.017853 -0.005110 -0.015800
v -0.017771 -0.005239 -0.017000
v -0.017653 -0.005487 -0.017000
v -0.018139 -0.004793 -0.015800
v -0.018049 -0.004877 -0.017000
v -0.017853 -0.005110 -0.017000
v -0.018833 -0.004424 -0.017000
v -0.018493 -0.004554 -0.017000
v -0.018493 -0.004554 -0.015800
v -0.018411 -0.004599 -0.017000
v -0.018139 -0.004793 -0.017000
v -0.019286 -0.008164 -0.017300
v -0.018756 -0.008094 -0.017300
v -0.018261 -0.007890 -0.017300
v -0.017837 -0.007564 -0.017300
v -0.017511 -0.007139 -0.017300
v -0.017306 -0.006645 -0.017300
v -0.017236 -0.006114 -0.017300
v -0.017306 -0.005584 -0.017300
v -0.017511 -0.005089 -0.017300
v -0.017837 -0.004665 -0.017300
v -0.018261 -0.004339 -0.017300
v -0.018756 -0.004134 -0.017300
v -0.019724 -0.007864 -0.017000
v -0.019724 -0.008164 -0.017300
v -0.019724 -0.007864 -0.015800
v -0.019968 -0.007895 -0.017000
v -0.019968 -0.007895 -0.015800
v -0.020197 -0.007984 -0.017000
v -0.020197 -0.007984 -0.015800
v -0.020398 -0.008126 -0.017000
v -0.020398 -0.008126 -0.015800
v -0.020558 -0.008313 -0.017000
v -0.020558 -0.008313 -0.015800
v -0.020667 -0.008534 -0.017000
v -0.020667 -0.008534 -0.015800
v -0.020720 -0.008774 -0.017000
v -0.020720 -0.008774 -0.015800
v -0.020711 -0.009021 -0.017000
v -0.020711 -0.009021 -0.015800
v -0.020643 -0.009257 -0.017000
v -0.020643 -0.009257 -0.015800
v -0.020367 -0.009139 -0.017300
v -0.020415 -0.008974 -0.017300
v -0.020421 -0.008801 -0.017300
v -0.020384 -0.008633 -0.017300
v -0.020308 -0.008479 -0.017300
v -0.020196 -0.008348 -0.017300
v -0.020055 -0.008248 -0.017300
v -0.019895 -0.008185 -0.017300
v -0.016311 -0.013195 -0.017300
v -0.016429 -0.013471 -0.017000
v -0.018002 -0.012577 -0.017000
v -0.017825 -0.012335 -0.017300
v -0.019465 -0.011197 -0.017000
v -0.019233 -0.011006 -0.017300
v -0.020537 -0.009495 -0.017000
v -0.020265 -0.009368 -0.017300
v -0.015036 -0.012551 -0.017000
v -0.015036 -0.012551 -0.015900
v -0.015067 -0.012796 -0.015900
v -0.015067 -0.012796 -0.017000
v -0.015156 -0.013025 -0.015900
v -0.015156 -0.013025 -0.017000
v -0.015298 -0.013226 -0.015900
v -0.015298 -0.013226 -0.017000
v -0.015485 -0.013386 -0.015900
v -0.015485 -0.013386 -0.017000
v -0.015706 -0.013495 -0.015900
v -0.015706 -0.013495 -0.017000
v -0.015947 -0.013547 -0.015900
v -0.015947 -0.013547 -0.017000
v -0.016193 -0.013539 -0.015900
v -0.016193 -0.013539 -0.017000
v -0.016429 -0.013471 -0.015900
v -0.015336 -0.012551 -0.017300
v -0.015358 -0.012722 -0.017300
v -0.015420 -0.012883 -0.017300
v -0.015520 -0.013024 -0.017300
v -0.015651 -0.013136 -0.017300
v -0.015805 -0.013212 -0.017300
v -0.015974 -0.013249 -0.017300
v -0.016146 -0.013243 -0.017300
v -0.015336 -0.012114 -0.017300
v -0.015036 -0.012114 -0.017000
v -0.015036 -0.012114 -0.015900
v -0.011536 -0.012114 -0.017000
v -0.011536 -0.012551 -0.017000
v -0.011536 -0.012114 -0.015900
v -0.011536 -0.012551 -0.015900
v -0.011596 -0.011661 -0.017000
v -0.014992 -0.011723 -0.015900
v -0.011581 -0.011723 -0.015900
v -0.011726 -0.011321 -0.015900
v -0.011726 -0.011321 -0.017000
v -0.011965 -0.010967 -0.015900
v -0.011965 -0.010967 -0.017000
v -0.011771 -0.011239 -0.017000
v -0.012282 -0.010681 -0.015900
v -0.012659 -0.010481 -0.015900
v -0.012659 -0.010481 -0.017000
v -0.012411 -0.010599 -0.017000
v -0.012282 -0.010681 -0.017000
v -0.012049 -0.010877 -0.017000
v -0.013500 -0.010377 -0.015900
v -0.013286 -0.010364 -0.017000
v -0.013073 -0.010377 -0.015900
v -0.013073 -0.010377 -0.017000
v -0.012833 -0.010424 -0.017000
v -0.013914 -0.010481 -0.015900
v -0.013739 -0.010424 -0.017000
v -0.013500 -0.010377 -0.017000
v -0.014291 -0.010681 -0.015900
v -0.014161 -0.010599 -0.017000
v -0.013914 -0.010481 -0.017000
v -0.014608 -0.010967 -0.015900
v -0.014524 -0.010877 -0.017000
v -0.014291 -0.010681 -0.017000
v -0.014977 -0.011661 -0.017000
v -0.014846 -0.011321 -0.017000
v -0.014846 -0.011321 -0.015900
v -0.014802 -0.011239 -0.017000
v -0.014608 -0.010967 -0.017000
v -0.011236 -0.012114 -0.017300
v -0.011306 -0.011584 -0.017300
v -0.011511 -0.011089 -0.017300
v -0.011837 -0.010665 -0.017300
v -0.012261 -0.010339 -0.017300
v -0.012756 -0.010134 -0.017300
v -0.013286 -0.010064 -0.017300
v -0.013817 -0.010134 -0.017300
v -0.014311 -0.010339 -0.017300
v -0.014736 -0.010665 -0.017300
v -0.015062 -0.011089 -0.017300
v -0.015267 -0.011584 -0.017300
v -0.011236 -0.012551 -0.017300
v -0.003371 0.003432 -0.017000
v -0.003286 0.004347 -0.017000
v -0.003371 0.003432 -0.014500
v -0.003286 0.004347 -0.014500
v -0.003586 0.004347 -0.017300
v -0.003666 0.003487 -0.017300
v -0.004966 -0.003492 -0.017300
v -0.004671 -0.003547 -0.017000
v -0.005422 -0.007579 -0.014500
v -0.005422 -0.007579 -0.015800
v -0.004671 -0.003547 -0.015800
v -0.005654 -0.004364 -0.015800
v -0.005654 -0.004364 -0.017000
v -0.005425 -0.004338 -0.017000
v -0.005425 -0.004338 -0.015800
v -0.005208 -0.004259 -0.017000
v -0.005208 -0.004259 -0.015800
v -0.005015 -0.004133 -0.017000
v -0.005015 -0.004133 -0.015800
v -0.004856 -0.003967 -0.017000
v -0.004856 -0.003967 -0.015800
v -0.004739 -0.003768 -0.017000
v -0.004739 -0.003768 -0.015800
v -0.005013 -0.003647 -0.017300
v -0.005095 -0.003786 -0.017300
v -0.005207 -0.003903 -0.017300
v -0.005342 -0.003991 -0.017300
v -0.005494 -0.004046 -0.017300
v -0.005654 -0.004064 -0.017300
v -0.007286 -0.004364 -0.017000
v -0.007286 -0.004064 -0.017300
v -0.005872 -0.004064 -0.017300
v -0.007286 -0.004364 -0.015800
v -0.007678 -0.007820 -0.015800
v -0.007286 -0.007864 -0.015800
v -0.007286 -0.007864 -0.017000
v -0.007739 -0.004424 -0.017000
v -0.007678 -0.004409 -0.015800
v -0.008079 -0.004554 -0.015800
v -0.008079 -0.004554 -0.017000
v -0.008434 -0.004793 -0.015800
v -0.008434 -0.004793 -0.017000
v -0.008161 -0.004599 -0.017000
v -0.008719 -0.005110 -0.015800
v -0.008920 -0.005487 -0.015800
v -0.008920 -0.005487 -0.017000
v -0.008802 -0.005239 -0.017000
v -0.008719 -0.005110 -0.017000
v -0.008524 -0.004877 -0.017000
v -0.009023 -0.006328 -0.015800
v -0.009036 -0.006114 -0.017000
v -0.009023 -0.005901 -0.015800
v -0.009023 -0.005901 -0.017000
v -0.008977 -0.005661 -0.017000
v -0.008920 -0.006742 -0.015800
v -0.008977 -0.006567 -0.017000
v -0.009023 -0.006328 -0.017000
v -0.008719 -0.007119 -0.015800
v -0.008802 -0.006989 -0.017000
v -0.008920 -0.006742 -0.017000
v -0.008434 -0.007436 -0.015800
v -0.008524 -0.007352 -0.017000
v -0.008719 -0.007119 -0.017000
v -0.007739 -0.007805 -0.017000
v -0.008079 -0.007674 -0.017000
v -0.008079 -0.007674 -0.015800
v -0.008161 -0.007630 -0.017000
v -0.008434 -0.007436 -0.017000
v -0.007817 -0.004134 -0.017300
v -0.008311 -0.004339 -0.017300
v -0.008736 -0.004665 -0.017300
v -0.009062 -0.005089 -0.017300
v -0.009267 -0.005584 -0.017300
v -0.009336 -0.006114 -0.017300
v -0.009267 -0.006645 -0.017300
v -0.009062 -0.007139 -0.017300
v -0.008736 -0.007564 -0.017300
v -0.008311 -0.007890 -0.017300
v -0.007286 -0.008164 -0.017300
v -0.007817 -0.008094 -0.017300
v -0.006849 -0.008164 -0.017300
v -0.006849 -0.007864 -0.017000
v -0.006849 -0.007864 -0.015800
v -0.006605 -0.007895 -0.015800
v -0.006605 -0.007895 -0.017000
v -0.006375 -0.007984 -0.015800
v -0.006375 -0.007984 -0.017000
v -0.006175 -0.008126 -0.015800
v -0.006175 -0.008126 -0.017000
v -0.006015 -0.008313 -0.015800
v -0.006015 -0.008313 -0.017000
v -0.005905 -0.008534 -0.015800
v -0.005905 -0.008534 -0.017000
v -0.005853 -0.008774 -0.015800
v -0.005853 -0.008774 -0.017000
v -0.005862 -0.009021 -0.015800
v -0.005862 -0.009021 -0.017000
v -0.005930 -0.009257 -0.015800
v -0.005930 -0.009257 -0.017000
v -0.006678 -0.008185 -0.017300
v -0.006518 -0.008248 -0.017300
v -0.006377 -0.008348 -0.017300
v -0.006265 -0.008479 -0.017300
v -0.006189 -0.008633 -0.017300
v -0.006152 -0.008801 -0.017300
v -0.006158 -0.008974 -0.017300
v -0.006206 -0.009139 -0.017300
v -0.006036 -0.009495 -0.017000
v -0.006308 -0.009368 -0.017300
v -0.007108 -0.011197 -0.017000
v -0.007340 -0.011006 -0.017300
v -0.008571 -0.012577 -0.017000
v -0.008748 -0.012335 -0.017300
v -0.010144 -0.013471 -0.017000
v -0.010261 -0.013195 -0.017300
v -0.010380 -0.013539 -0.017000
v -0.010427 -0.013243 -0.017300
v -0.010626 -0.013547 -0.017000
v -0.010599 -0.013249 -0.017300
v -0.010867 -0.013495 -0.017000
v -0.010768 -0.013212 -0.017300
v -0.011087 -0.013386 -0.017000
v -0.010922 -0.013136 -0.017300
v -0.011275 -0.013226 -0.017000
v -0.011053 -0.013024 -0.017300
v -0.011417 -0.013025 -0.017000
v -0.011153 -0.012883 -0.017300
v -0.011506 -0.012796 -0.017000
v -0.011215 -0.012722 -0.017300
v -0.011506 -0.012796 -0.015900
v -0.011417 -0.013025 -0.015900
v -0.011275 -0.013226 -0.015900
v -0.011087 -0.013386 -0.015900
v -0.010867 -0.013495 -0.015900
v -0.010626 -0.013547 -0.015900
v -0.010380 -0.013539 -0.015900
v -0.010144 -0.013471 -0.015900
v -0.010333 -0.013549 -0.015900
v -0.008571 -0.012577 -0.014500
v -0.016240 -0.013549 -0.014500
v -0.014292 -0.014051 -0.015900
v -0.014292 -0.014051 -0.014500
v -0.012281 -0.014051 -0.015900
v -0.012281 -0.014051 -0.014500
v -0.010333 -0.013549 -0.014500
v -0.018002 -0.012577 -0.014500
v -0.020537 -0.009495 -0.014500
v -0.007108 -0.011197 -0.014500
v -0.006036 -0.009495 -0.014500
v -0.005548 -0.008143 -0.014500
v -0.019465 -0.011197 -0.014500
v -0.014174 -0.012627 -0.015900
v -0.013286 -0.013139 -0.015900
v -0.013021 -0.013104 -0.015900
v -0.012774 -0.013002 -0.015900
v -0.012562 -0.012839 -0.015900
v -0.014276 -0.012380 -0.015900
v -0.014311 -0.012114 -0.015900
v -0.014276 -0.011849 -0.015900
v -0.014174 -0.011602 -0.015900
v -0.014011 -0.011389 -0.015900
v -0.013799 -0.011227 -0.015900
v -0.013552 -0.011124 -0.015900
v -0.013286 -0.011089 -0.015900
v -0.013552 -0.013104 -0.015900
v -0.013799 -0.013002 -0.015900
v -0.014011 -0.012839 -0.015900
v -0.012399 -0.012627 -0.015900
v -0.013021 -0.011124 -0.015900
v -0.012774 -0.011227 -0.015900
v -0.012562 -0.011389 -0.015900
v -0.012399 -0.011602 -0.015900
v -0.012296 -0.011849 -0.015900
v -0.012261 -0.012114 -0.015900
v -0.012296 -0.012380 -0.015900
v -0.012261 -0.012114 -0.014500
v -0.012296 -0.011849 -0.014500
v -0.012399 -0.011602 -0.014500
v -0.012562 -0.011389 -0.014500
v -0.012774 -0.011227 -0.014500
v -0.013021 -0.011124 -0.014500
v -0.013286 -0.011089 -0.014500
v -0.013552 -0.011124 -0.014500
v -0.013799 -0.011227 -0.014500
v -0.014011 -0.011389 -0.014500
v -0.014174 -0.011602 -0.014500
v -0.014276 -0.011849 -0.014500
v -0.014311 -0.012114 -0.014500
v -0.014276 -0.012380 -0.014500
v -0.014174 -0.012627 -0.014500
v -0.014011 -0.012839 -0.014500
v -0.013799 -0.013002 -0.014500
v -0.013552 -0.013104 -0.014500
v -0.013286 -0.013139 -0.014500
v -0.013021 -0.013104 -0.014500
v -0.012774 -0.013002 -0.014500
v -0.012562 -0.012839 -0.014500
v -0.012399 -0.012627 -0.014500
v -0.012296 -0.012380 -0.014500
v -0.013286 0.000911 -0.014500
v -0.013021 0.000876 -0.014500
v -0.014011 0.000611 -0.014500
v -0.013799 0.000773 -0.014500
v -0.013552 0.000876 -0.014500
v -0.012774 0.000773 -0.014500
v -0.012562 0.000611 -0.014500
v -0.012399 0.000398 -0.014500
v -0.012296 0.000151 -0.014500
v -0.012261 -0.000114 -0.014500
v -0.014276 0.000151 -0.014500
v -0.014311 -0.000114 -0.014500
v -0.014276 -0.000380 -0.014500
v -0.014174 -0.000627 -0.014500
v -0.006363 0.007886 -0.014500
v -0.014174 0.000398 -0.014500
v -0.013286 0.007886 -0.014500
v -0.012296 -0.000380 -0.014500
v -0.012399 -0.000627 -0.014500
v -0.012562 -0.000839 -0.014500
v -0.012774 -0.001002 -0.014500
v -0.013021 -0.001104 -0.014500
v -0.013286 -0.001139 -0.014500
v -0.013552 -0.001104 -0.014500
v -0.013799 -0.001002 -0.014500
v -0.014011 -0.000839 -0.014500
v -0.023286 0.006593 -0.014500
v -0.020210 0.007886 -0.014500
v -0.014311 -0.000114 -0.015800
v -0.014276 -0.000380 -0.015800
v -0.014174 -0.000627 -0.015800
v -0.014011 -0.000839 -0.015800
v -0.013799 -0.001002 -0.015800
v -0.013552 -0.001104 -0.015800
v -0.013286 -0.001139 -0.015800
v -0.013021 -0.001104 -0.015800
v -0.012774 -0.001002 -0.015800
v -0.012562 -0.000839 -0.015800
v -0.012399 -0.000627 -0.015800
v -0.012296 -0.000380 -0.015800
v -0.012261 -0.000114 -0.015800
v -0.012296 0.000151 -0.015800
v -0.012399 0.000398 -0.015800
v -0.012562 0.000611 -0.015800
v -0.012774 0.000773 -0.015800
v -0.013021 0.000876 -0.015800
v -0.013286 0.000911 -0.015800
v -0.013552 0.000876 -0.015800
v -0.013799 0.000773 -0.015800
v -0.014011 0.000611 -0.015800
v -0.014174 0.000398 -0.015800
v -0.014276 0.000151 -0.015800
v -0.020700 0.009586 -0.017300
v -0.010536 0.009586 -0.017300
v -0.005872 0.009586 -0.017300
v -0.015219 -0.002489 -0.017300
v -0.015219 -0.010528 -0.017300
v -0.011354 -0.010528 -0.017300
v -0.011354 -0.002489 -0.017300
v -0.003286 0.004347 0.014500
v -0.003286 0.004347 0.017000
v -0.003586 0.004347 0.017300
v -0.003666 0.003487 0.017300
v -0.004966 -0.003492 0.017300
v -0.003371 0.003432 0.017000
v -0.004671 -0.003547 0.017000
v -0.003371 0.003432 0.014500
v -0.005422 -0.007579 0.015800
v -0.005422 -0.007579 0.014500
v -0.004671 -0.003547 0.015800
v -0.005654 -0.004364 0.017000
v -0.005654 -0.004364 0.015800
v -0.005425 -0.004338 0.015800
v -0.005425 -0.004338 0.017000
v -0.005208 -0.004259 0.015800
v -0.005208 -0.004259 0.017000
v -0.005015 -0.004133 0.015800
v -0.005015 -0.004133 0.017000
v -0.004856 -0.003967 0.015800
v -0.004856 -0.003967 0.017000
v -0.004739 -0.003768 0.015800
v -0.004739 -0.003768 0.017000
v -0.005654 -0.004064 0.017300
v -0.005494 -0.004046 0.017300
v -0.005342 -0.003991 0.017300
v -0.005207 -0.003903 0.017300
v -0.005095 -0.003786 0.017300
v -0.005013 -0.003647 0.017300
v -0.007286 -0.004064 0.017300
v -0.007286 -0.004364 0.017000
v -0.005872 -0.004064 0.017300
v -0.007286 -0.004364 0.015800
v -0.007678 -0.004409 0.015800
v -0.007678 -0.004409 0.017000
v -0.008079 -0.004554 0.015800
v -0.008079 -0.004554 0.017000
v -0.008434 -0.004793 0.015800
v -0.008434 -0.004793 0.017000
v -0.008719 -0.005110 0.015800
v -0.008719 -0.005110 0.017000
v -0.008920 -0.005487 0.015800
v -0.008920 -0.005487 0.017000
v -0.009023 -0.005901 0.015800
v -0.009023 -0.005901 0.017000
v -0.009023 -0.006328 0.015800
v -0.009023 -0.006328 0.017000
v -0.008920 -0.006742 0.015800
v -0.008920 -0.006742 0.017000
v -0.008719 -0.007119 0.015800
v -0.008719 -0.007119 0.017000
v -0.008434 -0.007436 0.015800
v -0.008434 -0.007436 0.017000
v -0.008079 -0.007674 0.015800
v -0.008079 -0.007674 0.017000
v -0.007678 -0.007820 0.015800
v -0.007678 -0.007820 0.017000
v -0.007286 -0.007864 0.015800
v -0.007286 -0.007864 0.017000
v -0.007745 -0.004116 0.017300
v -0.008215 -0.004287 0.017300
v -0.008630 -0.004566 0.017300
v -0.008965 -0.004938 0.017300
v -0.009200 -0.005379 0.017300
v -0.009321 -0.005864 0.017300
v -0.009321 -0.006364 0.017300
v -0.009200 -0.006850 0.017300
v -0.008965 -0.007291 0.017300
v -0.008630 -0.007662 0.017300
v -0.008215 -0.007942 0.017300
v -0.007745 -0.008112 0.017300
v -0.007286 -0.008164 0.017300
v -0.006849 -0.007864 0.017000
v -0.006849 -0.008164 0.017300
v -0.006849 -0.007864 0.015800
v -0.006605 -0.007895 0.017000
v -0.006605 -0.007895 0.015800
v -0.006375 -0.007984 0.017000
v -0.006375 -0.007984 0.015800
v -0.006175 -0.008126 0.017000
v -0.006175 -0.008126 0.015800
v -0.006015 -0.008313 0.017000
v -0.006015 -0.008313 0.015800
v -0.005905 -0.008534 0.017000
v -0.005905 -0.008534 0.015800
v -0.005853 -0.008774 0.017000
v -0.005853 -0.008774 0.015800
v -0.005862 -0.009021 0.017000
v -0.005862 -0.009021 0.015800
v -0.005930 -0.009257 0.017000
v -0.005930 -0.009257 0.015800
v -0.006206 -0.009139 0.017300
v -0.006158 -0.008974 0.017300
v -0.006152 -0.008801 0.017300
v -0.006189 -0.008633 0.017300
v -0.006265 -0.008479 0.017300
v -0.006377 -0.008348 0.017300
v -0.006518 -0.008248 0.017300
v -0.006678 -0.008185 0.017300
v -0.010261 -0.013195 0.017300
v -0.010144 -0.013471 0.017000
v -0.008571 -0.012577 0.017000
v -0.008748 -0.012335 0.017300
v -0.007108 -0.011197 0.017000
v -0.007340 -0.011006 0.017300
v -0.006036 -0.009495 0.017000
v -0.006308 -0.009368 0.017300
v -0.011536 -0.012551 0.017000
v -0.011536 -0.012551 0.015900
v -0.011506 -0.012796 0.015900
v -0.011506 -0.012796 0.017000
v -0.011417 -0.013025 0.015900
v -0.011417 -0.013025 0.017000
v -0.011275 -0.013226 0.015900
v -0.011275 -0.013226 0.017000
v -0.011087 -0.013386 0.015900
v -0.011087 -0.013386 0.017000
v -0.010867 -0.013495 0.015900
v -0.010867 -0.013495 0.017000
v -0.010626 -0.013547 0.015900
v -0.010626 -0.013547 0.017000
v -0.010380 -0.013539 0.015900
v -0.010380 -0.013539 0.017000
v -0.010144 -0.013471 0.015900
v -0.011236 -0.012551 0.017300
v -0.011215 -0.012722 0.017300
v -0.011153 -0.012883 0.017300
v -0.011053 -0.013024 0.017300
v -0.010922 -0.013136 0.017300
v -0.010768 -0.013212 0.017300
v -0.010599 -0.013249 0.017300
v -0.010427 -0.013243 0.017300
v -0.011236 -0.012114 0.017300
v -0.011536 -0.012114 0.017000
v -0.011536 -0.012114 0.015900
v -0.015036 -0.012114 0.017000
v -0.015036 -0.012551 0.017000
v -0.015036 -0.012114 0.015900
v -0.015036 -0.012551 0.015900
v -0.011581 -0.011723 0.015900
v -0.011581 -0.011723 0.017000
v -0.011726 -0.011321 0.015900
v -0.011726 -0.011321 0.017000
v -0.011965 -0.010967 0.015900
v -0.011965 -0.010967 0.017000
v -0.012282 -0.010681 0.015900
v -0.012282 -0.010681 0.017000
v -0.012659 -0.010481 0.015900
v -0.012659 -0.010481 0.017000
v -0.013073 -0.010377 0.015900
v -0.013073 -0.010377 0.017000
v -0.013500 -0.010377 0.015900
v -0.013500 -0.010377 0.017000
v -0.013914 -0.010481 0.015900
v -0.013914 -0.010481 0.017000
v -0.014291 -0.010681 0.015900
v -0.014291 -0.010681 0.017000
v -0.014608 -0.010967 0.015900
v -0.014608 -0.010967 0.017000
v -0.014846 -0.011321 0.015900
v -0.014846 -0.011321 0.017000
v -0.014992 -0.011723 0.015900
v -0.014992 -0.011723 0.017000
v -0.011288 -0.011655 0.017300
v -0.011459 -0.011185 0.017300
v -0.011738 -0.010770 0.017300
v -0.012110 -0.010436 0.017300
v -0.012551 -0.010201 0.017300
v -0.013036 -0.010080 0.017300
v -0.013536 -0.010080 0.017300
v -0.014022 -0.010201 0.017300
v -0.014463 -0.010436 0.017300
v -0.014835 -0.010770 0.017300
v -0.015114 -0.011185 0.017300
v -0.015284 -0.011655 0.017300
v -0.015336 -0.012114 0.017300
v -0.015336 -0.012551 0.017300
v -0.023286 0.004347 0.014500
v -0.023202 0.003432 0.014500
v -0.023286 0.004347 0.017000
v -0.023202 0.003432 0.017000
v -0.022986 0.004347 0.017300
v -0.022907 0.003487 0.017300
v -0.021607 -0.003492 0.017300
v -0.021902 -0.003547 0.017000
v -0.021151 -0.007579 0.014500
v -0.021151 -0.007579 0.015800
v -0.021902 -0.003547 0.015800
v -0.020919 -0.004364 0.015800
v -0.020919 -0.004364 0.017000
v -0.021148 -0.004338 0.017000
v -0.021148 -0.004338 0.015800
v -0.021365 -0.004259 0.017000
v -0.021365 -0.004259 0.015800
v -0.021558 -0.004133 0.017000
v -0.021558 -0.004133 0.015800
v -0.021717 -0.003967 0.017000
v -0.021717 -0.003967 0.015800
v -0.021834 -0.003768 0.017000
v -0.021834 -0.003768 0.015800
v -0.021559 -0.003647 0.017300
v -0.021478 -0.003786 0.017300
v -0.021366 -0.003903 0.017300
v -0.021231 -0.003991 0.017300
v -0.021079 -0.004046 0.017300
v -0.020919 -0.004064 0.017300
v -0.019286 -0.004364 0.017000
v -0.019286 -0.004064 0.017300
v -0.020700 -0.004064 0.017300
v -0.019286 -0.004364 0.015800
v -0.019286 -0.007864 0.015800
v -0.019286 -0.007864 0.017000
v -0.018895 -0.007820 0.015800
v -0.018895 -0.007820 0.017000
v -0.018493 -0.007674 0.015800
v -0.018493 -0.007674 0.017000
v -0.018139 -0.007436 0.015800
v -0.018139 -0.007436 0.017000
v -0.017853 -0.007119 0.015800
v -0.017853 -0.007119 0.017000
v -0.017653 -0.006742 0.015800
v -0.017653 -0.006742 0.017000
v -0.017549 -0.006328 0.015800
v -0.017549 -0.006328 0.017000
v -0.017549 -0.005901 0.015800
v -0.017549 -0.005901 0.017000
v -0.017653 -0.005487 0.015800
v -0.017653 -0.005487 0.017000
v -0.017853 -0.005110 0.015800
v -0.017853 -0.005110 0.017000
v -0.018139 -0.004793 0.015800
v -0.018139 -0.004793 0.017000
v -0.018493 -0.004554 0.015800
v -0.018493 -0.004554 0.017000
v -0.018895 -0.004409 0.015800
v -0.018895 -0.004409 0.017000
v -0.019286 -0.008164 0.017300
v -0.018828 -0.008112 0.017300
v -0.018358 -0.007942 0.017300
v -0.017943 -0.007662 0.017300
v -0.017608 -0.007291 0.017300
v -0.017373 -0.006850 0.017300
v -0.017252 -0.006364 0.017300
v -0.017252 -0.005864 0.017300
v -0.017373 -0.005379 0.017300
v -0.017608 -0.004938 0.017300
v -0.017943 -0.004566 0.017300
v -0.018358 -0.004287 0.017300
v -0.018828 -0.004116 0.017300
v -0.019724 -0.008164 0.017300
v -0.019724 -0.007864 0.017000
v -0.019724 -0.007864 0.015800
v -0.019968 -0.007895 0.015800
v -0.019968 -0.007895 0.017000
v -0.020197 -0.007984 0.015800
v -0.020197 -0.007984 0.017000
v -0.020398 -0.008126 0.015800
v -0.020398 -0.008126 0.017000
v -0.020558 -0.008313 0.015800
v -0.020558 -0.008313 0.017000
v -0.020667 -0.008534 0.015800
v -0.020667 -0.008534 0.017000
v -0.020720 -0.008774 0.015800
v -0.020720 -0.008774 0.017000
v -0.020711 -0.009021 0.015800
v -0.020711 -0.009021 0.017000
v -0.020643 -0.009257 0.015800
v -0.020643 -0.009257 0.017000
v -0.019895 -0.008185 0.017300
v -0.020055 -0.008248 0.017300
v -0.020196 -0.008348 0.017300
v -0.020308 -0.008479 0.017300
v -0.020384 -0.008633 0.017300
v -0.020421 -0.008801 0.017300
v -0.020415 -0.008974 0.017300
v -0.020367 -0.009139 0.017300
v -0.020537 -0.009495 0.017000
v -0.020265 -0.009368 0.017300
v -0.019465 -0.011197 0.017000
v -0.019233 -0.011006 0.017300
v -0.018002 -0.012577 0.017000
v -0.017825 -0.012335 0.017300
v -0.016429 -0.013471 0.017000
v -0.016311 -0.013195 0.017300
v -0.016193 -0.013539 0.017000
v -0.016146 -0.013243 0.017300
v -0.015947 -0.013547 0.017000
v -0.015974 -0.013249 0.017300
v -0.015706 -0.013495 0.017000
v -0.015805 -0.013212 0.017300
v -0.015485 -0.013386 0.017000
v -0.015651 -0.013136 0.017300
v -0.015298 -0.013226 0.017000
v -0.015520 -0.013024 0.017300
v -0.015156 -0.013025 0.017000
v -0.015420 -0.012883 0.017300
v -0.015067 -0.012796 0.017000
v -0.015358 -0.012722 0.017300
v -0.015067 -0.012796 0.015900
v -0.015156 -0.013025 0.015900
v -0.015298 -0.013226 0.015900
v -0.015485 -0.013386 0.015900
v -0.015706 -0.013495 0.015900
v -0.015947 -0.013547 0.015900
v -0.016193 -0.013539 0.015900
v -0.016429 -0.013471 0.015900
v -0.018002 -0.012577 0.014500
v -0.016240 -0.013549 0.014500
v -0.014292 -0.014051 0.014500
v -0.014292 -0.014051 0.015900
v -0.012281 -0.014051 0.014500
v -0.012281 -0.014051 0.015900
v -0.010333 -0.013549 0.014500
v -0.010333 -0.013549 0.015900
v -0.008571 -0.012577 0.014500
v -0.005548 -0.008143 0.014500
v -0.006036 -0.009495 0.014500
v -0.007108 -0.011197 0.014500
v -0.020537 -0.009495 0.014500
v -0.019465 -0.011197 0.014500
v -0.013286 -0.013139 0.015900
v -0.013552 -0.013104 0.015900
v -0.013799 -0.013002 0.015900
v -0.014011 -0.012839 0.015900
v -0.012399 -0.012627 0.015900
v -0.012562 -0.012839 0.015900
v -0.012774 -0.013002 0.015900
v -0.013021 -0.013104 0.015900
v -0.014174 -0.012627 0.015900
v -0.013286 -0.011089 0.015900
v -0.013552 -0.011124 0.015900
v -0.013799 -0.011227 0.015900
v -0.014011 -0.011389 0.015900
v -0.014174 -0.011602 0.015900
v -0.014276 -0.011849 0.015900
v -0.014311 -0.012114 0.015900
v -0.014276 -0.012380 0.015900
v -0.012296 -0.012380 0.015900
v -0.012261 -0.012114 0.015900
v -0.012296 -0.011849 0.015900
v -0.012399 -0.011602 0.015900
v -0.012562 -0.011389 0.015900
v -0.012774 -0.011227 0.015900
v -0.013021 -0.011124 0.015900
v -0.012261 -0.012114 0.014500
v -0.012296 -0.011849 0.014500
v -0.012399 -0.011602 0.014500
v -0.012562 -0.011389 0.014500
v -0.012774 -0.011227 0.014500
v -0.013021 -0.011124 0.014500
v -0.013286 -0.011089 0.014500
v -0.013552 -0.011124 0.014500
v -0.013799 -0.011227 0.014500
v -0.014011 -0.011389 0.014500
v -0.014174 -0.011602 0.014500
v -0.014276 -0.011849 0.014500
v -0.014311 -0.012114 0.014500
v -0.014276 -0.012380 0.014500
v -0.014174 -0.012627 0.014500
v -0.014011 -0.012839 0.014500
v -0.013799 -0.013002 0.014500
v -0.013552 -0.013104 0.014500
v -0.013286 -0.013139 0.014500
v -0.013021 -0.013104 0.014500
v -0.012774 -0.013002 0.014500
v -0.012562 -0.012839 0.014500
v -0.012399 -0.012627 0.014500
v -0.012296 -0.012380 0.014500
v -0.014174 -0.000627 0.014500
v -0.014174 0.000398 0.014500
v -0.014011 0.000611 0.014500
v -0.013799 0.000773 0.014500
v -0.006363 0.007886 0.014500
v -0.013552 -0.001104 0.014500
v -0.013799 -0.001002 0.014500
v -0.014011 -0.000839 0.014500
v -0.012774 0.000773 0.014500
v -0.013021 0.000876 0.014500
v -0.014276 0.000151 0.014500
v -0.014311 -0.000114 0.014500
v -0.014276 -0.000380 0.014500
v -0.012562 0.000611 0.014500
v -0.013286 -0.001139 0.014500
v -0.013021 -0.001104 0.014500
v -0.012774 -0.001002 0.014500
v -0.012562 -0.000839 0.014500
v -0.012399 -0.000627 0.014500
v -0.012296 -0.000380 0.014500
v -0.012261 -0.000114 0.014500
v -0.012296 0.000151 0.014500
v -0.012399 0.000398 0.014500
v -0.013286 0.000911 0.014500
v -0.013552 0.000876 0.014500
v -0.013286 0.007886 0.014500
v -0.020210 0.007886 0.014500
v -0.014311 -0.000114 0.015800
v -0.014276 -0.000380 0.015800
v -0.014174 -0.000627 0.015800
v -0.014011 -0.000839 0.015800
v -0.013799 -0.001002 0.015800
v -0.013552 -0.001104 0.015800
v -0.013286 -0.001139 0.015800
v -0.013021 -0.001104 0.015800
v -0.012774 -0.001002 0.015800
v -0.012562 -0.000839 0.015800
v -0.012399 -0.000627 0.015800
v -0.012296 -0.000380 0.015800
v -0.012261 -0.000114 0.015800
v -0.012296 0.000151 0.015800
v -0.012399 0.000398 0.015800
v -0.012562 0.000611 0.015800
v -0.012774 0.000773 0.015800
v -0.013021 0.000876 0.015800
v -0.013286 0.000911 0.015800
v -0.013552 0.000876 0.015800
v -0.013799 0.000773 0.015800
v -0.014011 0.000611 0.015800
v -0.014174 0.000398 0.015800
v -0.014276 0.000151 0.015800
v -0.016036 0.009586 0.017300
v -0.020700 0.009586 0.017300
v -0.005872 0.009586 0.017300
v -0.011354 -0.002489 0.017300
v -0.011354 -0.010528 0.017300
v -0.015219 -0.010528 0.017300
v -0.015219 -0.002489 0.017300
v -0.023286 0.008386 -0.012707
v -0.022786 0.007886 0.009148
v -0.022786 0.007886 -0.009148
v -0.022786 0.007886 -0.006852
v -0.022786 0.007886 0.000000
v -0.022786 0.007886 0.006852
v -0.006363 0.007886 0.009148
v -0.020210 0.007886 -0.009148
v -0.020210 0.007886 0.009148
v -0.006363 0.007886 -0.009148
v -0.009411 0.010886 -0.007484
v -0.010286 0.010886 -0.007250
v -0.015833 0.010886 -0.007310
v -0.009833 0.010886 -0.007310
v -0.008161 0.010886 -0.001516
v -0.022786 0.013386 -0.006937
v -0.022786 0.013386 -0.007983
v -0.007286 0.010886 0.001750
v -0.007739 0.010886 0.001690
v -0.014771 0.010886 0.009875
v -0.014596 0.010886 0.009453
v -0.016286 0.010886 0.007250
v -0.005607 0.013386 0.000479
v -0.005540 0.013386 0.000028
v -0.007314 0.013386 0.001746
v -0.006049 0.010886 0.001237
v -0.005771 0.010886 0.000875
v -0.017161 0.010886 0.007484
v -0.011977 0.010886 0.009453
v -0.011802 0.010886 0.009875
v -0.011524 0.010886 0.010237
v -0.011161 0.010886 -0.007484
v -0.010739 0.010886 -0.007310
v -0.011785 0.013386 -0.009898
v -0.011135 0.013386 -0.010527
v -0.003786 0.013386 0.004000
v -0.003786 0.013386 -0.012000
v -0.011786 0.013386 0.012000
v -0.022786 0.013386 0.012000
v -0.008524 0.010886 -0.001237
v -0.017501 0.013386 0.007746
v -0.017966 0.013386 0.008521
v -0.022786 0.013386 0.006930
v -0.016739 0.010886 -0.007310
v -0.016711 0.013386 -0.010694
v -0.016258 0.013386 -0.010746
v -0.015388 0.013386 -0.010499
v -0.015807 0.013386 -0.010679
v -0.014607 0.013386 -0.008521
v -0.014788 0.013386 0.009898
v -0.015072 0.013386 0.010254
v -0.015411 0.010886 -0.007484
v -0.015437 0.013386 0.010527
v -0.022786 0.013386 -0.012000
v -0.008596 0.010886 0.009453
v -0.008771 0.010886 -0.008125
v -0.017161 0.010886 0.010516
v -0.017802 0.010886 0.009875
v -0.005286 0.010886 0.008000
v -0.021286 0.010886 0.008000
v -0.005286 0.010886 -0.008000
v -0.021286 0.010886 -0.008000
v -0.013286 0.010886 0.000000
v -0.019739 0.010886 0.001690
v -0.019286 0.010886 0.001750
v -0.011161 0.010886 -0.010516
v -0.011524 0.010886 -0.010237
v -0.011802 0.010886 -0.009875
v -0.009411 0.010886 0.010516
v -0.009049 0.010886 0.010237
v -0.020524 0.010886 -0.001237
v -0.011966 0.013386 -0.009479
v -0.011785 0.013386 0.008102
v -0.011135 0.013386 0.007473
v -0.010258 0.013386 0.007254
v -0.009388 0.013386 0.007501
v -0.010765 0.013386 -0.007321
v -0.020541 0.013386 0.001214
v -0.020184 0.013386 0.001499
v -0.010314 0.013386 -0.007254
v -0.011184 0.013386 -0.007501
v -0.019765 0.013386 0.001679
v -0.010711 0.013386 -0.010694
v -0.009437 0.013386 -0.007473
v -0.012032 0.013386 -0.009028
v -0.011981 0.013386 -0.008575
v -0.017541 0.013386 -0.007786
v -0.018072 0.013386 0.001254
v -0.018861 0.013386 0.001694
v -0.019314 0.013386 0.001746
v -0.008771 0.010886 0.009875
v -0.010739 0.010886 0.010690
v -0.010286 0.010886 0.010750
v -0.009833 0.010886 0.010690
v -0.016286 0.010886 -0.007250
v -0.008771 0.010886 0.008125
v -0.019739 0.010886 -0.001690
v -0.019286 0.010886 -0.001750
v -0.014788 0.013386 -0.008102
v -0.014536 0.010886 0.009000
v -0.016711 0.013386 0.007306
v -0.008536 0.010886 0.009000
v -0.008596 0.010886 0.008547
v -0.017135 0.013386 0.007473
v -0.016258 0.013386 0.007254
v -0.010258 0.013386 -0.010746
v -0.017813 0.013386 0.009849
v -0.018032 0.013386 0.008972
v -0.016765 0.013386 0.010679
v -0.009072 0.013386 -0.007746
v -0.017184 0.013386 0.010499
v -0.017981 0.013386 0.009425
v -0.017785 0.013386 0.008102
v -0.009807 0.013386 -0.010679
v -0.009032 0.013386 -0.010214
v -0.009388 0.013386 -0.010499
v -0.008540 0.013386 -0.008972
v -0.008788 0.013386 -0.008102
v -0.008760 0.013386 -0.009849
v -0.008592 0.013386 -0.009425
v -0.008607 0.013386 -0.008521
v -0.017541 0.013386 0.010214
v -0.015388 0.013386 0.007501
v -0.014760 0.013386 0.008151
v -0.015032 0.013386 0.007786
v -0.014592 0.013386 0.008575
v -0.014540 0.013386 0.009028
v -0.015807 0.013386 0.007321
v -0.010765 0.013386 0.010679
v -0.009861 0.013386 0.010694
v -0.011981 0.013386 0.009425
v -0.011541 0.013386 0.010214
v -0.012032 0.013386 0.008972
v -0.011966 0.013386 0.008521
v -0.020981 0.013386 0.000425
v -0.020813 0.013386 0.000849
v -0.017501 0.013386 -0.010254
v -0.017135 0.013386 -0.010527
v -0.017813 0.013386 -0.008151
v -0.015437 0.013386 -0.007473
v -0.015072 0.013386 -0.007746
v -0.009072 0.013386 0.010254
v -0.008607 0.013386 0.009479
v -0.008592 0.013386 0.008575
v -0.016314 0.013386 -0.007254
v -0.015861 0.013386 -0.007306
v -0.008760 0.013386 0.008151
v -0.008540 0.013386 0.009028
v -0.017785 0.013386 -0.009898
v -0.010314 0.013386 0.010746
v -0.009437 0.013386 0.010527
v -0.008788 0.013386 0.009898
v -0.017966 0.013386 -0.009479
v -0.011184 0.013386 0.010499
v -0.019258 0.013386 -0.001746
v -0.018032 0.013386 -0.009028
v -0.020135 0.013386 -0.001527
v -0.017981 0.013386 -0.008575
v -0.020785 0.013386 -0.000898
v -0.021032 0.013386 -0.000028
v -0.009861 0.013386 -0.007306
v -0.015032 0.013386 -0.010214
v -0.011813 0.013386 -0.008151
v -0.014760 0.013386 -0.009849
v -0.011541 0.013386 -0.007786
v -0.016765 0.013386 -0.007321
v -0.009032 0.013386 0.007786
v -0.017184 0.013386 -0.007501
v -0.009807 0.013386 0.007321
v -0.010711 0.013386 0.007306
v -0.014592 0.013386 -0.009425
v -0.014540 0.013386 -0.008972
v -0.017607 0.013386 0.000479
v -0.018437 0.013386 0.001527
v -0.017540 0.013386 0.000028
v -0.017788 0.013386 0.000898
v -0.011813 0.013386 0.009849
v -0.018388 0.013386 -0.001499
v -0.017760 0.013386 -0.000849
v -0.017592 0.013386 -0.000425
v -0.018032 0.013386 -0.001214
v -0.018807 0.013386 -0.001679
v -0.019711 0.013386 -0.001694
v -0.020501 0.013386 -0.001254
v -0.020966 0.013386 -0.000479
v -0.011501 0.013386 0.007746
v -0.011501 0.013386 -0.010254
v -0.022786 0.013386 0.009537
v -0.017161 0.010886 -0.007484
v -0.017977 0.010886 -0.009453
v -0.018036 0.010886 -0.009000
v -0.017977 0.010886 -0.008547
v -0.005760 0.013386 -0.000849
v -0.006032 0.013386 -0.001214
v -0.014596 0.010886 0.008547
v -0.005592 0.013386 -0.000425
v -0.017524 0.010886 -0.007763
v -0.022786 0.013386 0.007979
v -0.006388 0.013386 -0.001499
v -0.014607 0.013386 0.009479
v -0.022786 0.013386 -0.010602
v -0.022786 0.013386 -0.009593
v -0.006807 0.013386 -0.001679
v -0.006437 0.013386 0.001527
v -0.005596 0.010886 -0.000453
v -0.006072 0.013386 0.001254
v -0.006049 0.010886 -0.001237
v -0.008541 0.013386 0.001214
v -0.015049 0.010886 -0.007763
v -0.008981 0.013386 0.000425
v -0.008966 0.013386 -0.000479
v -0.009032 0.013386 -0.000028
v -0.014596 0.010886 -0.009453
v -0.008813 0.013386 0.000849
v -0.014596 0.010886 -0.008547
v -0.008501 0.013386 -0.001254
v -0.019403 0.013386 0.012000
v -0.008785 0.013386 -0.000898
v -0.008184 0.013386 0.001499
v -0.015049 0.010886 -0.010237
v -0.016314 0.013386 0.010746
v -0.015833 0.010886 -0.010690
v -0.015861 0.013386 0.010694
v -0.016739 0.010886 -0.010690
v -0.017524 0.010886 -0.010237
v -0.007258 0.013386 -0.001746
v -0.007711 0.013386 -0.001694
v -0.008135 0.013386 -0.001527
v -0.003786 0.013386 -0.004000
v -0.022786 0.013386 0.008223
v -0.003786 0.013386 0.012000
v -0.022786 0.013386 -0.009425
v -0.011786 0.013386 -0.012000
v -0.008977 0.010886 -0.000453
v -0.008802 0.010886 -0.000875
v -0.007765 0.013386 0.001679
v -0.015049 0.010886 0.007763
v -0.015411 0.010886 0.010516
v -0.022786 0.013386 0.008672
v -0.022786 0.013386 0.009363
v -0.016286 0.010886 0.010750
v -0.022786 0.013386 -0.008460
v -0.003786 0.010886 -0.016500
v -0.022786 0.013386 -0.009050
v -0.008524 0.010886 0.001237
v -0.008977 0.010886 0.000453
v -0.006861 0.013386 0.001694
v -0.022786 0.013386 0.008870
v -0.005788 0.013386 0.000898
v -0.022786 0.013386 0.008455
v -0.014771 0.010886 -0.009875
v -0.022786 0.013386 0.009228
v -0.015411 0.010886 -0.010516
v -0.022786 0.013386 -0.008874
v -0.016286 0.010886 -0.010750
v -0.022786 0.013386 -0.009235
v -0.017161 0.010886 -0.010516
v -0.019408 0.013386 -0.012000
v -0.017802 0.010886 -0.009875
v -0.017802 0.010886 -0.008125
v -0.014536 0.010886 -0.009000
v -0.014771 0.010886 -0.008125
v -0.008536 0.010886 -0.009000
v -0.016739 0.010886 0.007310
v -0.015833 0.010886 0.007310
v -0.012036 0.010886 0.009000
v -0.017524 0.010886 0.007763
v -0.018833 0.010886 0.001690
v -0.018833 0.010886 -0.001690
v -0.009049 0.010886 0.007763
v -0.011161 0.010886 0.010516
v -0.010739 0.010886 0.007310
v -0.011161 0.010886 0.007484
v -0.018411 0.010886 -0.001516
v -0.009411 0.010886 0.007484
v -0.015411 0.010886 0.007484
v -0.014771 0.010886 0.008125
v -0.015049 0.010886 0.010237
v -0.018036 0.010886 0.009000
v -0.020161 0.010886 -0.001516
v -0.017524 0.010886 0.010237
v -0.016739 0.010886 0.010690
v -0.012036 0.010886 -0.009000
v -0.017771 0.010886 0.000875
v -0.011977 0.010886 -0.009453
v -0.018411 0.010886 0.001516
v -0.011524 0.010886 0.007763
v -0.011802 0.010886 0.008125
v -0.017802 0.010886 0.008125
v -0.017977 0.010886 0.008547
v -0.011977 0.010886 0.008547
v -0.017977 0.010886 0.009453
v -0.008771 0.010886 -0.009875
v -0.009411 0.010886 -0.010516
v -0.011977 0.010886 -0.008547
v -0.017596 0.010886 -0.000453
v -0.020802 0.010886 -0.000875
v -0.010286 0.010886 0.007250
v -0.011802 0.010886 -0.008125
v -0.018049 0.010886 0.001237
v -0.017596 0.010886 0.000453
v -0.017536 0.010886 0.000000
v -0.017771 0.010886 -0.000875
v -0.011524 0.010886 -0.007763
v -0.009833 0.010886 0.007310
v -0.008161 0.010886 0.001516
v -0.022786 0.010886 -0.016500
v -0.015833 0.010886 0.010690
v -0.021036 0.010886 0.000000
v -0.020802 0.010886 0.000875
v -0.020161 0.010886 0.001516
v -0.008802 0.010886 0.000875
v -0.009036 0.010886 0.000000
v -0.020524 0.010886 0.001237
v -0.020977 0.010886 0.000453
v -0.020977 0.010886 -0.000453
v -0.018049 0.010886 -0.001237
v -0.010286 0.010886 -0.010750
v -0.009049 0.010886 -0.007763
v -0.008596 0.010886 -0.008547
v -0.008596 0.010886 -0.009453
v -0.009049 0.010886 -0.010237
v -0.009833 0.010886 -0.010690
v -0.010739 0.010886 -0.010690
v -0.006411 0.010886 -0.001516
v -0.007739 0.010886 -0.001690
v -0.007286 0.010886 -0.001750
v -0.006833 0.010886 -0.001690
v -0.005771 0.010886 -0.000875
v -0.006833 0.010886 0.001690
v -0.005596 0.010886 0.000453
v -0.003786 0.010886 0.016500
v -0.006411 0.010886 0.001516
v -0.022786 0.010886 0.016500
usemtl Steel_-_Satin
f 1 2 3
f 2 4 3
f 3 4 5
f 6 7 3
f 7 8 3
f 3 8 1
f 9 10 3
f 10 11 3
f 3 11 6
f 12 13 3
f 13 14 3
f 3 14 9
f 15 16 3
f 16 17 3
f 3 17 12
f 18 19 3
f 19 20 3
f 3 20 15
f 21 22 3
f 22 23 3
f 3 23 18
f 5 24 3
f 24 25 3
f 3 25 21
f 26 27 28
f 27 29 28
f 28 29 30
f 31 32 28
f 32 33 28
f 28 33 26
f 34 35 28
f 35 36 28
f 28 36 31
f 37 38 28
f 38 39 28
f 28 39 34
f 40 41 28
f 41 42 28
f 28 42 37
f 43 44 28
f 44 45 28
f 28 45 40
f 46 47 28
f 47 48 28
f 28 48 43
f 30 49 28
f 49 50 28
f 28 50 46
f 51 52 53
f 52 54 53
f 53 54 55
f 56 57 53
f 57 58 53
f 53 58 51
f 59 60 53
f 60 61 53
f 53 61 56
f 62 63 53
f 63 64 53
f 53 64 59
f 65 66 53
f 66 67 53
f 53 67 62
f 68 69 53
f 69 70 53
f 53 70 65
f 71 72 53
f 72 73 53
f 53 73 68
f 55 74 53
f 74 75 53
f 53 75 71
f 76 77 78
f 77 79 78
f 78 79 80
f 81 82 78
f 82 83 78
f 78 83 76
f 84 85 78
f 85 86 78
f 78 86 81
f 87 88 78
f 88 89 78
f 78 89 84
f 90 91 78
f 91 92 78
f 78 92 87
f 93 94 78
f 94 95 78
f 78 95 90
f 96 97 78
f 97 98 78
f 78 98 93
f 80 99 78
f 99 100 78
f 78 100 96
f 101 102 103
f 102 104 103
f 103 104 105
f 106 107 103
f 107 108 103
f 103 108 101
f 109 110 103
f 110 111 103
f 103 111 106
f 112 113 103
f 113 114 103
f 103 114 109
f 115 116 103
f 116 117 103
f 103 117 112
f 118 119 103
f 119 120 103
f 103 120 115
f 121 122 103
f 122 123 103
f 103 123 118
f 105 124 103
f 124 125 103
f 103 125 121
f 126 127 128
f 127 129 128
f 128 129 130
f 131 132 128
f 132 133 128
f 128 133 126
f 134 135 128
f 135 136 128
f 128 136 131
f 137 138 128
f 138 139 128
f 128 139 134
f 140 141 128
f 141 142 128
f 128 142 137
f 143 144 128
f 144 145 128
f 128 145 140
f 146 147 128
f 147 148 128
f 128 148 143
f 130 149 128
f 149 150 128
f 128 150 146
f 151 152 153
f 152 154 153
f 153 154 155
f 156 157 153
f 157 158 153
f 153 158 151
f 159 160 153
f 160 161 153
f 153 161 156
f 162 163 153
f 163 164 153
f 153 164 159
f 165 166 153
f 166 167 153
f 153 167 162
f 168 169 153
f 169 170 153
f 153 170 165
f 171 172 153
f 172 173 153
f 153 173 168
f 155 174 153
f 174 175 153
f 153 175 171
f 176 177 178
f 177 179 178
f 178 179 180
f 181 182 178
f 182 183 178
f 178 183 176
f 184 185 178
f 185 186 178
f 178 186 181
f 187 188 178
f 188 189 178
f 178 189 184
f 190 191 178
f 191 192 178
f 178 192 187
f 193 194 178
f 194 195 178
f 178 195 190
f 196 197 178
f 197 198 178
f 178 198 193
f 180 199 178
f 199 200 178
f 178 200 196
f 201 202 203
f 202 204 203
f 203 204 205
f 206 207 203
f 207 208 203
f 203 208 201
f 209 210 203
f 210 211 203
f 203 211 206
f 212 213 203
f 213 214 203
f 203 214 209
f 215 216 203
f 216 217 203
f 203 217 212
f 218 219 203
f 219 220 203
f 203 220 215
f 221 222 203
f 222 223 203
f 203 223 218
f 205 224 203
f 224 225 203
f 203 225 221
f 226 227 228
f 227 229 228
f 228 229 230
f 231 232 228
f 232 233 228
f 228 233 226
f 234 235 228
f 235 236 228
f 228 236 231
f 237 238 228
f 238 239 228
f 228 239 234
f 240 241 228
f 241 242 228
f 228 242 237
f 243 244 228
f 244 245 228
f 228 245 240
f 246 247 228
f 247 248 228
f 228 248 243
f 230 249 228
f 249 250 228
f 228 250 246
f 251 252 253
f 252 254 253
f 253 254 255
f 256 257 253
f 257 258 253
f 253 258 251
f 259 260 253
f 260 261 253
f 253 261 256
f 262 263 253
f 263 264 253
f 253 264 259
f 265 266 253
f 266 267 253
f 253 267 262
f 268 269 253
f 269 270 253
f 253 270 265
f 271 272 253
f 272 273 253
f 253 273 268
f 255 274 253
f 274 275 253
f 253 275 271
f 276 277 278
f 277 279 278
f 278 279 280
f 281 282 278
f 282 283 278
f 278 283 276
f 284 285 278
f 285 286 278
f 278 286 281
f 287 288 278
f 288 289 278
f 278 289 284
f 290 291 278
f 291 292 278
f 278 292 287
f 293 294 278
f 294 295 278
f 278 295 290
f 296 297 278
f 297 298 278
f 278 298 293
f 280 299 278
f 299 300 278
f 278 300 296
f 301 302 303
f 301 303 304
f 303 305 304
f 304 305 306
f 305 307 306
f 306 307 308
f 307 309 308
f 308 309 310
f 309 311 310
f 310 311 312
f 301 313 302
f 313 314 302
f 302 314 315
f 314 316 315
f 314 317 318
f 318 319 314
f 319 320 314
f 314 320 316
f 322 323 319
f 319 323 320
f 318 321 319
f 319 321 322
f 317 314 324
f 324 325 317
f 317 325 318
f 318 325 321
f 326 315 327
f 315 316 327
f 323 328 320
f 320 328 316
f 328 327 316
f 329 330 331
f 330 332 331
f 333 326 334
f 326 327 334
f 322 335 323
f 335 334 323
f 327 328 334
f 328 323 334
f 331 332 336
f 332 337 336
f 338 339 340
f 338 340 341
f 340 342 341
f 341 342 343
f 342 344 343
f 343 344 345
f 344 346 345
f 345 346 347
f 346 348 347
f 347 348 349
f 348 336 349
f 349 336 337
f 350 351 352
f 351 353 352
f 339 338 354
f 338 355 354
f 356 357 358
f 357 359 358
f 360 361 362
f 361 363 362
f 352 353 364
f 353 365 364
f 366 367 368
f 367 369 368
f 368 369 370
f 369 371 370
f 370 371 372
f 371 373 372
f 372 373 374
f 373 375 374
f 374 375 376
f 375 377 376
f 376 377 378
f 377 379 378
f 378 379 380
f 379 381 380
f 380 381 382
f 381 383 382
f 382 383 384
f 383 385 384
f 384 385 386
f 385 387 386
f 386 387 388
f 387 389 388
f 388 389 390
f 389 391 390
f 390 391 392
f 391 393 392
f 392 393 394
f 393 395 394
f 394 395 396
f 395 397 396
f 396 397 398
f 397 399 398
f 398 399 400
f 399 401 400
f 400 401 402
f 401 403 402
f 402 403 404
f 403 405 404
f 404 405 406
f 405 407 406
f 406 407 408
f 407 409 408
f 408 409 410
f 409 411 410
f 410 411 365
f 411 364 365
f 367 366 412
f 366 413 412
f 414 415 416
f 415 412 416
f 416 412 413
f 415 414 417
f 414 418 417
f 419 420 421
f 419 421 422
f 421 423 422
f 422 423 424
f 423 425 424
f 424 425 426
f 425 427 426
f 426 427 428
f 427 429 428
f 428 429 430
f 429 431 430
f 430 431 432
f 431 417 432
f 432 417 418
f 433 434 435
f 434 436 435
f 435 436 437
f 420 419 438
f 419 439 438
f 440 441 442
f 441 443 442
f 444 445 446
f 445 447 446
f 446 447 448
f 447 449 448
f 450 451 452
f 451 453 452
f 454 455 456
f 455 457 456
f 458 459 460
f 459 437 460
f 460 437 461
f 437 436 461
f 462 463 464
f 463 465 464
f 459 458 466
f 458 467 466
f 464 465 468
f 465 469 468
f 468 469 470
f 471 472 473
f 472 474 473
f 475 476 477
f 476 470 477
f 477 470 469
f 473 474 478
f 474 479 478
f 481 482 480
f 480 482 483
f 482 484 483
f 483 484 485
f 484 486 485
f 485 486 487
f 486 488 487
f 487 488 489
f 488 490 489
f 489 490 491
f 490 492 491
f 491 492 493
f 492 478 493
f 493 478 479
f 494 495 496
f 495 497 496
f 481 480 498
f 480 499 498
f 496 497 500
f 496 500 501
f 500 502 501
f 501 502 503
f 502 504 503
f 503 504 505
f 504 506 505
f 505 506 507
f 506 508 507
f 507 508 509
f 508 510 509
f 509 510 511
f 511 510 512
f 510 513 512
f 514 515 516
f 515 517 516
f 512 513 518
f 513 519 518
f 520 516 517
f 521 522 523
f 522 520 523
f 523 520 524
f 520 517 524
f 525 526 527
f 526 528 527
f 522 521 529
f 521 530 529
f 527 528 531
f 528 532 531
f 534 535 533
f 533 535 536
f 535 537 536
f 536 537 538
f 537 539 538
f 538 539 540
f 539 541 540
f 540 541 542
f 541 543 542
f 542 543 544
f 543 545 544
f 544 545 546
f 545 531 546
f 546 531 532
f 547 548 549
f 548 550 549
f 534 533 551
f 533 552 551
f 549 550 553
f 549 553 554
f 553 555 554
f 554 555 556
f 555 557 556
f 556 557 558
f 557 559 558
f 558 559 560
f 559 561 560
f 560 561 562
f 561 563 562
f 562 563 564
f 564 563 565
f 563 566 565
f 567 568 569
f 568 570 569
f 565 566 571
f 566 572 571
f 569 570 573
f 570 574 573
f 573 574 575
f 574 576 575
f 577 578 579
f 578 580 579
f 575 576 581
f 576 582 581
f 449 579 580
f 580 583 449
f 583 584 449
f 449 584 448
f 585 578 586
f 578 577 586
f 587 585 588
f 585 586 588
f 577 581 586
f 581 588 586
f 581 582 588
f 582 587 588
f 589 568 590
f 568 567 590
f 591 589 592
f 589 590 592
f 567 571 590
f 571 592 590
f 571 572 592
f 572 591 592
f 593 548 594
f 548 547 594
f 595 593 596
f 593 594 596
f 547 551 594
f 551 596 594
f 551 552 596
f 552 595 596
f 597 526 598
f 526 525 598
f 599 597 600
f 597 598 600
f 525 529 598
f 529 600 598
f 529 530 600
f 530 599 600
f 601 515 602
f 515 514 602
f 603 601 604
f 601 602 604
f 514 518 602
f 518 604 602
f 518 519 604
f 519 603 604
f 605 495 606
f 495 494 606
f 607 605 608
f 605 606 608
f 494 498 606
f 498 608 606
f 498 499 608
f 499 607 608
f 609 472 610
f 472 471 610
f 611 609 612
f 609 610 612
f 471 476 610
f 476 612 610
f 476 475 612
f 475 611 612
f 613 463 614
f 463 462 614
f 615 613 616
f 613 614 616
f 462 466 614
f 466 616 614
f 466 467 616
f 467 615 616
f 434 433 617
f 433 618 617
f 619 617 620
f 617 618 620
f 433 438 618
f 438 620 618
f 620 438 619
f 619 438 439
f 443 621 442
f 442 621 622
f 621 623 622
f 622 623 624
f 623 625 624
f 624 625 626
f 625 627 626
f 626 627 628
f 627 629 628
f 628 629 630
f 629 631 630
f 630 631 632
f 631 633 632
f 632 633 634
f 634 633 635
f 633 636 635
f 635 636 637
f 636 638 637
f 637 638 639
f 638 640 639
f 641 642 643
f 642 644 643
f 643 644 645
f 644 646 645
f 645 646 647
f 646 648 647
f 647 648 649
f 648 650 649
f 649 650 651
f 650 652 651
f 651 652 653
f 652 654 653
f 653 654 655
f 654 656 655
f 655 656 657
f 656 658 657
f 657 658 659
f 658 660 659
f 659 660 661
f 660 662 661
f 661 662 663
f 662 664 663
f 663 664 665
f 664 666 665
f 665 666 667
f 666 668 667
f 667 668 669
f 668 670 669
f 669 670 671
f 670 672 671
f 671 672 673
f 672 674 673
f 673 674 675
f 674 676 675
f 675 676 677
f 676 678 677
f 677 678 679
f 678 680 679
f 679 680 681
f 680 682 681
f 681 682 683
f 682 684 683
f 683 684 685
f 684 686 685
f 685 686 640
f 686 639 640
f 642 641 360
f 641 361 360
f 441 440 687
f 440 688 687
f 689 687 690
f 687 688 690
f 440 445 688
f 445 690 688
f 690 445 689
f 689 445 444
f 692 452 691
f 691 452 453
f 454 452 693
f 452 692 693
f 691 694 692
f 694 693 692
f 455 454 694
f 454 693 694
f 451 450 695
f 451 695 696
f 695 697 696
f 696 697 698
f 697 699 698
f 698 699 700
f 699 701 700
f 700 701 702
f 701 703 702
f 702 703 704
f 703 705 704
f 704 705 706
f 705 707 706
f 706 707 708
f 709 710 707
f 710 708 707
f 711 712 709
f 712 710 709
f 713 714 715
f 713 715 716
f 715 717 716
f 716 717 718
f 717 719 718
f 718 719 720
f 719 721 720
f 720 721 722
f 721 723 722
f 722 723 724
f 723 712 724
f 724 712 711
f 725 726 713
f 726 714 713
f 727 728 729
f 728 730 729
f 726 725 731
f 725 732 731
f 733 731 734
f 731 732 734
f 725 729 732
f 729 734 732
f 734 729 733
f 733 729 730
f 727 735 728
f 728 735 736
f 735 737 736
f 736 737 738
f 737 739 738
f 738 739 740
f 739 741 740
f 740 741 742
f 741 743 742
f 742 743 744
f 743 745 744
f 744 745 746
f 745 747 746
f 746 747 748
f 749 750 747
f 750 748 747
f 751 752 749
f 752 750 749
f 457 753 456
f 456 753 754
f 753 755 754
f 754 755 756
f 755 757 756
f 756 757 758
f 757 759 758
f 758 759 760
f 759 761 760
f 760 761 762
f 761 763 762
f 762 763 764
f 763 752 764
f 764 752 751
f 765 351 766
f 351 350 766
f 767 765 768
f 765 766 768
f 350 354 766
f 354 768 766
f 354 355 768
f 355 767 768
f 359 769 358
f 358 769 770
f 769 771 770
f 770 771 772
f 771 773 772
f 772 773 774
f 773 775 774
f 774 775 776
f 775 777 776
f 776 777 778
f 777 779 778
f 778 779 780
f 779 781 780
f 780 781 782
f 782 781 783
f 781 784 783
f 785 357 786
f 357 356 786
f 787 785 788
f 785 786 788
f 356 362 786
f 362 788 786
f 362 363 788
f 363 787 788
f 789 330 790
f 330 329 790
f 791 789 792
f 789 790 792
f 329 333 790
f 333 792 790
f 333 334 792
f 334 791 792
f 322 321 335
f 321 325 335
f 325 324 335
f 335 324 793
f 794 795 796
f 795 797 796
f 795 798 797
f 798 799 797
f 800 801 802
f 802 803 800
f 803 804 800
f 800 804 805
f 806 807 808
f 807 809 808
f 808 809 810
f 802 811 803
f 811 812 803
f 800 805 813
f 805 814 813
f 813 814 815
f 814 816 815
f 817 818 819
f 816 814 820
f 820 821 816
f 821 822 816
f 816 822 819
f 822 823 819
f 819 823 817
f 824 819 825
f 819 818 825
f 810 809 818
f 809 825 818
f 826 806 827
f 806 808 827
f 828 829 830
f 829 831 830
f 832 833 834
f 832 834 835
f 834 831 835
f 835 831 829
f 832 828 833
f 828 830 833
f 836 837 838
f 837 839 838
f 840 841 842
f 840 842 843
f 842 844 843
f 843 844 845
f 844 846 845
f 845 846 847
f 846 848 847
f 847 848 849
f 848 850 849
f 849 850 851
f 850 839 851
f 851 839 837
f 852 853 854
f 852 854 855
f 854 841 855
f 855 841 840
f 852 836 853
f 836 838 853
f 856 857 858
f 857 859 858
f 860 856 861
f 856 858 861
f 862 863 864
f 863 865 864
f 864 865 866
f 865 867 866
f 868 869 870
f 869 871 870
f 870 871 872
f 873 862 874
f 862 864 874
f 867 865 875
f 865 876 875
f 877 878 876
f 878 875 876
f 870 872 879
f 872 880 879
f 869 881 871
f 881 882 871
f 883 884 885
f 883 885 886
f 885 887 886
f 886 887 888
f 883 889 884
f 889 890 884
f 889 888 890
f 888 887 890
f 891 892 893
f 891 893 894
f 893 895 894
f 894 895 896
f 895 897 896
f 896 897 898
f 897 899 898
f 898 899 900
f 899 901 900
f 900 901 902
f 901 903 902
f 902 903 904
f 891 905 892
f 905 906 892
f 905 907 906
f 907 908 906
f 904 903 909
f 904 909 910
f 909 908 910
f 910 908 907
f 911 912 913
f 912 914 913
f 915 911 916
f 911 913 916
f 917 918 919
f 917 919 920
f 919 921 920
f 920 921 922
f 917 923 918
f 923 924 918
f 923 922 924
f 922 921 924
f 925 926 927
f 926 928 927
f 927 928 929
f 928 930 929
f 929 930 931
f 930 932 931
f 931 932 933
f 932 934 933
f 933 934 935
f 934 936 935
f 935 936 937
f 936 938 937
f 937 938 939
f 938 940 939
f 939 940 941
f 940 942 941
f 926 925 943
f 926 943 944
f 943 945 944
f 944 945 946
f 947 948 949
f 947 949 950
f 949 951 950
f 950 951 952
f 946 945 953
f 945 954 953
f 953 954 955
f 954 956 955
f 955 956 957
f 956 958 957
f 957 958 959
f 958 960 959
f 959 960 961
f 960 962 961
f 961 962 963
f 962 964 963
f 964 965 963
f 965 966 963
f 967 968 969
f 968 970 969
f 971 972 973
f 972 974 973
f 973 974 975
f 974 976 975
f 975 976 977
f 976 978 977
f 977 978 979
f 978 980 979
f 979 980 981
f 980 982 981
f 981 982 965
f 982 966 965
f 972 971 983
f 972 983 984
f 983 985 984
f 984 985 986
f 987 988 989
f 987 989 990
f 989 991 990
f 990 991 992
f 991 993 992
f 992 993 994
f 994 993 995
f 993 996 995
f 995 996 997
f 996 998 997
f 997 998 999
f 998 1000 999
f 999 1000 1001
f 1000 1002 1001
f 1001 1002 1003
f 1002 1004 1003
f 1003 1004 1005
f 1004 1006 1005
f 1007 1008 1009
f 1008 1010 1009
f 1006 1011 1005
f 1011 1012 1005
f 1013 1014 1015
f 1014 1016 1015
f 1015 1016 1017
f 1016 1018 1017
f 1017 1018 1019
f 1018 1020 1019
f 1019 1020 1021
f 1020 1022 1021
f 1021 1022 1023
f 1022 1024 1023
f 1023 1024 1008
f 1024 1010 1008
f 1025 1026 1027
f 1025 1027 1028
f 1027 1029 1028
f 1028 1029 1030
f 1014 1013 1031
f 1014 1031 1032
f 1031 1033 1032
f 1032 1033 1034
f 1033 1035 1034
f 1034 1035 1036
f 1030 1029 1037
f 1029 1038 1037
f 1037 1038 1039
f 1038 1040 1039
f 1039 1040 1041
f 1040 1042 1041
f 1041 1042 1043
f 1042 1044 1043
f 1043 1044 1045
f 1044 1046 1045
f 1045 1046 969
f 1046 967 969
f 1026 1025 1047
f 1025 1048 1047
f 1047 1048 1049
f 1048 1050 1049
f 1049 1050 1051
f 1050 1052 1051
f 1051 1052 1053
f 1052 1054 1053
f 1053 1054 1055
f 1054 1056 1055
f 1055 1056 1057
f 1056 1058 1057
f 1057 1058 1059
f 1058 1060 1059
f 1059 1060 1061
f 1060 1062 1061
f 1063 1064 1065
f 1064 1066 1065
f 1065 1066 1062
f 1066 1061 1062
f 1064 1063 1067
f 1063 1068 1067
f 1067 1068 1069
f 1068 1070 1069
f 1069 1070 1071
f 1070 1072 1071
f 1071 1072 1073
f 1072 1074 1073
f 1073 1074 1075
f 1074 1076 1075
f 1075 1076 1077
f 1076 1078 1077
f 1077 1078 1079
f 1078 1080 1079
f 1079 1080 951
f 1080 952 951
f 1036 1035 1081
f 1035 1082 1081
f 1083 1084 1085
f 1084 1086 1085
f 1085 1086 1087
f 1086 1088 1087
f 1087 1088 1089
f 1088 1090 1089
f 1089 1090 1091
f 1090 1092 1091
f 1091 1092 1093
f 1092 1094 1093
f 1093 1094 1082
f 1094 1081 1082
f 1095 1096 1083
f 1096 1084 1083
f 1096 1095 1097
f 1095 1098 1097
f 1099 1100 1101
f 1100 1102 1101
f 1101 1102 1103
f 1102 1104 1103
f 1103 1104 1105
f 1104 1106 1105
f 1105 1106 1107
f 1106 1108 1107
f 1107 1108 1109
f 1108 1110 1109
f 1109 1110 1009
f 1110 1007 1009
f 1111 1112 1113
f 1111 1113 1114
f 1113 1115 1114
f 1114 1115 1116
f 1115 1100 1116
f 1116 1100 1099
f 1117 1118 1119
f 1117 1119 1120
f 1119 1121 1120
f 1120 1121 1122
f 1121 1123 1122
f 1122 1123 1124
f 1118 1117 1125
f 1117 1126 1125
f 1125 1126 1127
f 1126 1128 1127
f 1127 1128 1129
f 1128 1130 1129
f 1129 1130 1131
f 1130 1132 1131
f 1131 1132 1133
f 1132 1134 1133
f 1133 1134 1011
f 1134 1012 1011
f 1124 1123 1135
f 1123 1136 1135
f 988 987 1137
f 987 1138 1137
f 1137 1138 1139
f 1138 1140 1139
f 1139 1140 1141
f 1140 1142 1141
f 1141 1142 1143
f 1142 1144 1143
f 1143 1144 1145
f 1144 1146 1145
f 1145 1146 1147
f 1146 1148 1147
f 1147 1148 1149
f 1148 1150 1149
f 1151 1152 1150
f 1152 1149 1150
f 1152 1151 1153
f 1151 1154 1153
f 948 947 1155
f 947 1156 1155
f 1155 1156 1157
f 1156 1158 1157
f 1157 1158 1159
f 1158 1160 1159
f 1159 1160 1161
f 1160 1162 1161
f 1161 1162 1163
f 1162 1164 1163
f 1163 1164 968
f 1164 970 968
f 1165 1166 1167
f 1166 1168 1167
f 1167 1168 1169
f 1168 1170 1169
f 1169 1170 1171
f 1170 1172 1171
f 1171 1172 1173
f 1172 1174 1173
f 1173 1174 1175
f 1174 1176 1175
f 1175 1176 1177
f 1176 1178 1177
f 1177 1178 1179
f 1178 1180 1179
f 1179 1180 1181
f 1180 1182 1181
f 1181 1182 1183
f 1182 1184 1183
f 1183 1184 1185
f 1184 1186 1185
f 1185 1186 1187
f 1186 1188 1187
f 1187 1188 1189
f 1188 1190 1189
f 1189 1190 1191
f 1190 1192 1191
f 1191 1192 1193
f 1192 1194 1193
f 1193 1194 1195
f 1194 1196 1195
f 1195 1196 1197
f 1196 1198 1197
f 1197 1198 1199
f 1198 1200 1199
f 1199 1200 1201
f 1200 1202 1201
f 1201 1202 1203
f 1202 1204 1203
f 1203 1204 1205
f 1204 1206 1205
f 1205 1206 1207
f 1206 1208 1207
f 1207 1208 1209
f 1208 1210 1209
f 1209 1210 1211
f 1210 1212 1211
f 1211 1212 1165
f 1212 1166 1165
f 1213 1214 1215
f 1214 1216 1215
f 1215 1216 1217
f 1216 1218 1217
f 1217 1218 1219
f 1218 1220 1219
f 1219 1220 1221
f 1220 1222 1221
f 1221 1222 1223
f 1222 1224 1223
f 1223 1224 1225
f 1224 1226 1225
f 1225 1226 1227
f 1226 1228 1227
f 1227 1228 1229
f 1228 1230 1229
f 1229 1230 1231
f 1230 1232 1231
f 1231 1232 1233
f 1232 1234 1233
f 1233 1234 1235
f 1234 1236 1235
f 1235 1236 1237
f 1236 1238 1237
f 1237 1238 1239
f 1238 1240 1239
f 1239 1240 1241
f 1240 1242 1241
f 1241 1242 1243
f 1242 1244 1243
f 1243 1244 1245
f 1244 1246 1245
f 1245 1246 1247
f 1246 1248 1247
f 1247 1248 1249
f 1248 1250 1249
f 1249 1250 1251
f 1250 1252 1251
f 1251 1252 1253
f 1252 1254 1253
f 1253 1254 1255
f 1254 1256 1255
f 1255 1256 1257
f 1256 1258 1257
f 1257 1258 1259
f 1258 1260 1259
f 1259 1260 1213
f 1260 1214 1213
f 1261 1262 1263
f 1262 1264 1263
f 1263 1264 1265
f 1264 1266 1265
f 1265 1266 1267
f 1266 1268 1267
f 1267 1268 1269
f 1268 1270 1269
f 1269 1270 1271
f 1270 1272 1271
f 1271 1272 1273
f 1272 1274 1273
f 1273 1274 1275
f 1274 1276 1275
f 1275 1276 1277
f 1276 1278 1277
f 1277 1278 1279
f 1278 1280 1279
f 1279 1280 1281
f 1280 1282 1281
f 1281 1282 1283
f 1282 1284 1283
f 1283 1284 1285
f 1284 1286 1285
f 1285 1286 1287
f 1286 1288 1287
f 1288 1289 1287
f 1287 1289 1290
f 1289 1291 1290
f 1290 1291 1292
f 1291 1293 1292
f 1292 1293 1294
f 1293 1295 1294
f 1294 1295 1296
f 1295 1297 1296
f 1296 1297 1298
f 1297 1299 1298
f 1298 1299 1300
f 1299 1301 1300
f 1300 1301 1302
f 1301 1303 1302
f 1302 1303 1304
f 1303 1305 1304
f 1304 1305 1306
f 1305 1307 1306
f 1306 1307 1308
f 1307 1309 1308
f 1308 1309 1261
f 1309 1310 1261
f 1261 1310 1262
f 1311 1312 1313
f 1312 1314 1313
f 1315 1316 1317
f 1316 1318 1317
f 1317 1318 1319
f 1318 1320 1319
f 1319 1320 1321
f 1320 1322 1321
f 1321 1322 1323
f 1322 1324 1323
f 1323 1324 1325
f 1324 1326 1325
f 1325 1326 1327
f 1326 1328 1327
f 1327 1328 1329
f 1328 1330 1329
f 1329 1330 1331
f 1330 1332 1331
f 1331 1332 1333
f 1332 1334 1333
f 1333 1334 1335
f 1334 1336 1335
f 1335 1336 1337
f 1336 1338 1337
f 1337 1338 1311
f 1338 1312 1311
f 1316 1315 1339
f 1315 1340 1339
f 1341 1342 1343
f 1342 1344 1343
f 1343 1344 1345
f 1343 1346 1347
f 1346 1348 1347
f 1347 1348 1349
f 1349 1350 1347
f 1350 1351 1347
f 1347 1351 1352
f 1352 1353 1347
f 1353 1354 1347
f 1347 1354 1355
f 1345 1356 1343
f 1356 1357 1343
f 1343 1357 1346
f 1353 1358 1354
f 1358 1359 1354
f 1354 1359 1360
f 1360 1361 1354
f 1361 1362 1354
f 1354 1362 1363
f 1364 1365 1366
f 1367 1368 1343
f 1368 1369 1343
f 1343 1369 1341
f 1366 1370 1364
f 1370 1371 1364
f 1364 1371 1355
f 1371 1372 1355
f 1355 1372 1347
f 1373 1374 1343
f 1374 1375 1343
f 1343 1375 1367
f 1376 1377 1378
f 1378 1377 1379
f 1380 1381 1382
f 1383 1379 1384
f 1382 1385 1380
f 1385 1386 1380
f 1380 1386 1387
f 1387 1388 1380
f 1388 1389 1380
f 1380 1389 1390
f 1377 1391 1381
f 1391 1392 1381
f 1381 1392 1393
f 1393 1394 1381
f 1394 1395 1381
f 1381 1395 1382
f 1377 1381 1379
f 1381 1396 1379
f 1379 1396 1384
f 1397 1378 1398
f 1378 1399 1398
f 1397 1400 1378
f 1400 1401 1378
f 1378 1401 1376
f 1390 1402 1380
f 1402 1403 1380
f 1380 1403 1404
f 1404 1405 1380
f 1405 1406 1380
f 1380 1406 1407
f 1383 1384 1408
f 1384 1409 1408
f 1408 1409 1410
f 1411 1412 1413
f 1412 1414 1413
f 1411 1413 1415
f 1413 1416 1415
f 1415 1416 1417
f 1414 1418 1413
f 1418 1419 1413
f 1413 1419 1420
f 1419 1421 1420
f 1417 1422 1415
f 1422 1423 1415
f 1415 1423 1424
f 1417 1425 1422
f 1425 1426 1422
f 1422 1426 1427
f 1414 1428 1418
f 1428 1429 1418
f 1418 1429 1430
f 1430 1431 1418
f 1431 1432 1418
f 1418 1432 1433
f 1427 1434 1422
f 1434 1435 1422
f 1422 1435 1436
f 1419 1437 1421
f 1437 1438 1421
f 1421 1438 1439
f 1438 1440 1439
f 1441 1420 1442
f 1420 1421 1442
f 1442 1421 1443
f 1421 1439 1443
f 1443 1439 1444
f 1439 1440 1444
f 1444 1440 1445
f 1440 1438 1445
f 1445 1438 1446
f 1438 1437 1446
f 1446 1437 1447
f 1437 1419 1447
f 1380 1448 1449
f 1380 1449 1381
f 1449 1450 1381
f 1381 1450 1396
f 1420 1441 1451
f 1420 1451 1413
f 1451 1452 1413
f 1413 1452 1416
f 1452 1453 1416
f 1416 1453 1417
f 1396 1450 1384
f 1450 1454 1384
f 1384 1454 1409
f 1454 1455 1409
f 1409 1455 1410
f 1455 1456 1410
f 1410 1456 1408
f 1456 1457 1408
f 1408 1457 1383
f 1457 1458 1383
f 1383 1458 1379
f 1458 1459 1379
f 1448 1380 1460
f 1380 1407 1460
f 1460 1407 1461
f 1407 1406 1461
f 1461 1406 1462
f 1406 1405 1462
f 1462 1405 1463
f 1405 1404 1463
f 1463 1404 1464
f 1404 1403 1464
f 1464 1403 1465
f 1403 1402 1465
f 1465 1402 1466
f 1402 1390 1466
f 1466 1390 1467
f 1390 1389 1467
f 1387 1468 1388
f 1468 1469 1388
f 1388 1469 1389
f 1469 1467 1389
f 1468 1387 1470
f 1387 1386 1470
f 1470 1386 1471
f 1386 1385 1471
f 1471 1385 1472
f 1385 1382 1472
f 1472 1382 1473
f 1382 1395 1473
f 1473 1395 1474
f 1395 1394 1474
f 1474 1394 1475
f 1394 1393 1475
f 1475 1393 1476
f 1393 1392 1476
f 1476 1392 1477
f 1392 1391 1477
f 1417 1453 1425
f 1453 1478 1425
f 1479 1422 1480
f 1422 1436 1480
f 1480 1436 1481
f 1436 1435 1481
f 1481 1435 1482
f 1435 1434 1482
f 1482 1434 1483
f 1434 1427 1483
f 1483 1427 1484
f 1427 1426 1484
f 1484 1426 1478
f 1426 1425 1478
f 1485 1423 1479
f 1423 1422 1479
f 1486 1487 1488
f 1487 1489 1488
f 1490 1376 1491
f 1376 1401 1491
f 1491 1401 1492
f 1401 1400 1492
f 1492 1400 1493
f 1400 1397 1493
f 1493 1397 1494
f 1397 1398 1494
f 1494 1398 1495
f 1398 1399 1495
f 1495 1399 1496
f 1399 1378 1496
f 1487 1486 1497
f 1486 1498 1497
f 1499 1500 1501
f 1500 1502 1501
f 1501 1502 1503
f 1502 1504 1503
f 1503 1504 1505
f 1504 1506 1505
f 1505 1506 1507
f 1506 1508 1507
f 1507 1508 1509
f 1508 1510 1509
f 1509 1510 1498
f 1510 1497 1498
f 1511 1512 1499
f 1512 1500 1499
f 1423 1485 1424
f 1485 1513 1424
f 1514 1411 1515
f 1411 1415 1515
f 1428 1516 1429
f 1516 1517 1429
f 1429 1517 1430
f 1517 1518 1430
f 1430 1518 1431
f 1518 1519 1431
f 1431 1519 1432
f 1519 1520 1432
f 1432 1520 1433
f 1520 1521 1433
f 1433 1521 1418
f 1521 1522 1418
f 1411 1514 1523
f 1411 1523 1412
f 1523 1524 1412
f 1412 1524 1414
f 1524 1516 1414
f 1414 1516 1428
f 1525 1526 1527
f 1525 1527 1528
f 1527 1529 1528
f 1528 1529 1530
f 1529 1531 1530
f 1530 1531 1532
f 1526 1525 1533
f 1525 1534 1533
f 1533 1534 1535
f 1534 1536 1535
f 1535 1536 1537
f 1536 1538 1537
f 1537 1538 1539
f 1538 1540 1539
f 1539 1540 1541
f 1540 1542 1541
f 1541 1542 1543
f 1542 1544 1543
f 1522 1447 1418
f 1447 1419 1418
f 1545 1543 1546
f 1543 1544 1546
f 1547 1548 1549
f 1548 1550 1549
f 1549 1550 1551
f 1550 1552 1551
f 1551 1552 1553
f 1552 1554 1553
f 1553 1554 1555
f 1554 1556 1555
f 1555 1556 1557
f 1556 1558 1557
f 1557 1558 1546
f 1558 1545 1546
f 1372 1559 1560
f 1372 1560 1347
f 1560 1561 1347
f 1347 1561 1343
f 1512 1511 1562
f 1512 1562 1563
f 1562 1564 1563
f 1563 1564 1565
f 1564 1548 1565
f 1565 1548 1547
f 1559 1372 1566
f 1372 1371 1566
f 1566 1371 1567
f 1371 1370 1567
f 1567 1370 1568
f 1370 1366 1568
f 1568 1366 1569
f 1366 1365 1569
f 1569 1365 1570
f 1365 1364 1570
f 1570 1364 1571
f 1364 1355 1571
f 1459 1496 1379
f 1496 1378 1379
f 1572 1571 1354
f 1571 1355 1354
f 1358 1573 1359
f 1573 1574 1359
f 1359 1574 1360
f 1574 1575 1360
f 1360 1575 1361
f 1575 1576 1361
f 1361 1576 1362
f 1576 1577 1362
f 1362 1577 1363
f 1577 1578 1363
f 1363 1578 1354
f 1578 1572 1354
f 1376 1490 1579
f 1376 1579 1377
f 1579 1477 1377
f 1377 1477 1391
f 1352 1580 1581
f 1352 1581 1353
f 1581 1573 1353
f 1353 1573 1358
f 1580 1352 1582
f 1352 1351 1582
f 1582 1351 1583
f 1351 1350 1583
f 1583 1350 1584
f 1350 1349 1584
f 1584 1349 1585
f 1349 1348 1585
f 1585 1348 1586
f 1348 1346 1586
f 1586 1346 1587
f 1346 1357 1587
f 1587 1357 1588
f 1357 1356 1588
f 1588 1356 1589
f 1356 1345 1589
f 1342 1590 1344
f 1590 1591 1344
f 1344 1591 1345
f 1591 1589 1345
f 1590 1342 1592
f 1342 1341 1592
f 1592 1341 1593
f 1341 1369 1593
f 1593 1369 1594
f 1369 1368 1594
f 1594 1368 1595
f 1368 1367 1595
f 1595 1367 1596
f 1367 1375 1596
f 1596 1375 1597
f 1375 1374 1597
f 1597 1374 1598
f 1374 1373 1598
f 1598 1373 1561
f 1373 1343 1561
f 1500 1512 1497
f 1599 1489 1487
f 1528 1530 1565
f 1530 1532 1565
f 1565 1532 1563
f 1532 1599 1563
f 1563 1599 1512
f 1599 1487 1512
f 1512 1487 1497
f 1534 1525 1544
f 1525 1528 1544
f 1544 1528 1546
f 1528 1565 1546
f 1506 1497 1508
f 1497 1510 1508
f 1506 1504 1497
f 1504 1502 1497
f 1497 1502 1500
f 1553 1555 1557
f 1544 1542 1540
f 1540 1538 1544
f 1538 1536 1544
f 1544 1536 1534
f 1565 1547 1546
f 1547 1549 1546
f 1546 1549 1557
f 1549 1551 1557
f 1557 1551 1553
f 1600 1601 1602
f 1601 1603 1602
f 1602 1603 942
f 1603 941 942
f 1601 1600 1604
f 1600 1605 1604
f 1604 1605 1606
f 1605 1607 1606
f 1606 1607 1608
f 1607 1609 1608
f 1608 1609 1610
f 1609 1611 1610
f 1610 1611 1612
f 1611 1613 1612
f 1612 1613 1614
f 1613 1615 1614
f 1614 1615 1616
f 1615 1617 1616
f 1616 1617 985
f 1617 986 985
f 1123 1121 991
f 1121 1119 991
f 1123 991 1136
f 991 989 1136
f 1136 989 988
f 1119 1011 991
f 1011 1006 991
f 991 1006 993
f 1006 996 993
f 988 1149 1136
f 1149 1152 1136
f 1136 1152 1153
f 988 1137 1149
f 1137 1139 1149
f 1149 1139 1141
f 1119 1118 1011
f 1118 1125 1011
f 1011 1125 1127
f 1127 1129 1011
f 1129 1131 1011
f 1011 1131 1133
f 1141 1143 1149
f 1143 1145 1149
f 1149 1145 1147
f 1006 1004 996
f 1004 1002 996
f 996 1002 998
f 1002 1000 998
f 1082 1035 1083
f 1100 1115 1007
f 1007 1115 1008
f 1618 1098 1095
f 1082 1083 1093
f 1115 1113 1031
f 1113 1112 1031
f 1031 1112 1033
f 1112 1618 1033
f 1033 1618 1035
f 1618 1095 1035
f 1035 1095 1083
f 1083 1085 1087
f 1115 1031 1008
f 1031 1013 1008
f 1008 1013 1015
f 1087 1089 1083
f 1089 1091 1083
f 1083 1091 1093
f 1106 1007 1108
f 1007 1110 1108
f 1106 1104 1007
f 1104 1102 1007
f 1007 1102 1100
f 1015 1017 1019
f 1019 1021 1015
f 1021 1023 1015
f 1015 1023 1008
f 1071 1027 1026
f 1026 1066 1064
f 1071 1073 1027
f 1073 1075 1027
f 1027 1075 1077
f 949 968 1027
f 968 967 1027
f 1027 967 1029
f 967 1038 1029
f 1064 1067 1026
f 1067 1069 1026
f 1026 1069 1071
f 1077 1079 1027
f 1079 951 1027
f 1027 951 949
f 949 948 968
f 948 1155 968
f 968 1155 1157
f 1157 1159 968
f 1159 1161 968
f 968 1161 1163
f 967 1046 1038
f 1046 1044 1038
f 1038 1044 1040
f 1044 1042 1040
f 1066 1026 1061
f 1026 1047 1061
f 1061 1047 1059
f 1047 1049 1059
f 1059 1049 1051
f 1051 1053 1059
f 1053 1055 1059
f 1059 1055 1057
f 985 983 935
f 981 965 973
f 954 945 964
f 945 943 964
f 964 943 965
f 935 937 985
f 937 939 985
f 985 939 941
f 943 925 983
f 925 927 983
f 983 927 929
f 929 931 983
f 931 933 983
f 983 933 935
f 941 1603 985
f 1603 1601 985
f 985 1601 1616
f 1601 1604 1616
f 1616 1604 1614
f 943 983 965
f 983 971 965
f 965 971 973
f 964 962 960
f 960 958 964
f 958 956 964
f 964 956 954
f 981 973 979
f 973 975 979
f 979 975 977
f 1604 1606 1614
f 1606 1608 1614
f 1614 1608 1612
f 1608 1610 1612
f 1619 1620 1621
f 1620 1622 1621
f 1623 1624 1625
f 1624 1626 1625
f 1625 1626 1627
f 1626 1628 1627
f 1627 1628 1629
f 1628 1630 1629
f 1629 1630 1631
f 1630 1632 1631
f 1631 1632 1633
f 1632 1634 1633
f 1633 1634 1635
f 1634 1636 1635
f 1635 1636 1637
f 1636 1638 1637
f 1637 1638 1639
f 1638 1640 1639
f 1639 1640 1641
f 1640 1642 1641
f 1641 1642 1643
f 1642 1644 1643
f 1643 1644 1645
f 1644 1646 1645
f 1645 1646 1619
f 1646 1620 1619
f 1624 1623 1647
f 1623 1648 1647
f 1649 1650 1651
f 1650 1652 1651
f 1651 1652 1653
f 1652 1654 1653
f 1653 1654 1655
f 1654 1656 1655
f 1655 1656 1657
f 1656 1658 1657
f 1657 1658 1659
f 1658 1660 1659
f 1659 1660 1661
f 1660 1662 1661
f 1661 1662 1663
f 1662 1664 1663
f 1663 1664 1665
f 1664 1666 1665
f 1665 1666 1667
f 1666 1668 1667
f 1667 1668 1669
f 1668 1670 1669
f 1669 1670 1671
f 1670 1672 1671
f 1671 1672 1673
f 1672 1674 1673
f 1673 1674 1675
f 1674 1676 1675
f 1676 1677 1675
f 1675 1677 1678
f 1677 1679 1678
f 1678 1679 1680
f 1679 1681 1680
f 1680 1681 1682
f 1681 1683 1682
f 1682 1683 1684
f 1683 1685 1684
f 1684 1685 1686
f 1685 1687 1686
f 1686 1687 1688
f 1687 1689 1688
f 1688 1689 1690
f 1689 1691 1690
f 1690 1691 1692
f 1691 1693 1692
f 1692 1693 1694
f 1693 1695 1694
f 1694 1695 1696
f 1695 1697 1696
f 1696 1697 1649
f 1697 1698 1649
f 1649 1698 1650
f 1699 1700 1701
f 1700 1702 1701
f 1701 1702 1703
f 1702 1704 1703
f 1703 1704 1705
f 1704 1706 1705
f 1705 1706 1707
f 1706 1708 1707
f 1707 1708 1709
f 1708 1710 1709
f 1709 1710 1711
f 1710 1712 1711
f 1711 1712 1713
f 1712 1714 1713
f 1713 1714 1715
f 1714 1716 1715
f 1715 1716 1717
f 1716 1718 1717
f 1717 1718 1719
f 1718 1720 1719
f 1719 1720 1721
f 1720 1722 1721
f 1721 1722 1723
f 1722 1724 1723
f 1723 1724 1725
f 1724 1726 1725
f 1725 1726 1727
f 1726 1728 1727
f 1727 1728 1729
f 1728 1730 1729
f 1729 1730 1731
f 1730 1732 1731
f 1731 1732 1733
f 1732 1734 1733
f 1733 1734 1735
f 1734 1736 1735
f 1735 1736 1737
f 1736 1738 1737
f 1737 1738 1739
f 1738 1740 1739
f 1739 1740 1741
f 1740 1742 1741
f 1741 1742 1743
f 1742 1744 1743
f 1743 1744 1745
f 1744 1746 1745
f 1745 1746 1699
f 1746 1700 1699
f 1747 1748 1749
f 1748 1750 1749
f 1749 1750 1751
f 1750 1752 1751
f 1751 1752 1753
f 1752 1754 1753
f 1753 1754 1755
f 1754 1756 1755
f 1755 1756 1757
f 1756 1758 1757
f 1757 1758 1759
f 1758 1760 1759
f 1759 1760 1761
f 1760 1762 1761
f 1761 1762 1763
f 1762 1764 1763
f 1763 1764 1765
f 1764 1766 1765
f 1765 1766 1767
f 1766 1768 1767
f 1767 1768 1769
f 1768 1770 1769
f 1769 1770 1771
f 1770 1772 1771
f 1771 1772 1773
f 1772 1774 1773
f 1773 1774 1775
f 1774 1776 1775
f 1775 1776 1777
f 1776 1778 1777
f 1777 1778 1779
f 1778 1780 1779
f 1779 1780 1781
f 1780 1782 1781
f 1781 1782 1783
f 1782 1784 1783
f 1783 1784 1785
f 1784 1786 1785
f 1785 1786 1787
f 1786 1788 1787
f 1787 1788 1789
f 1788 1790 1789
f 1789 1790 1791
f 1790 1792 1791
f 1791 1792 1793
f 1792 1794 1793
f 1793 1794 1747
f 1794 1748 1747
f 1795 1796 1797
f 1796 1798 1797
f 1797 1798 1804
f 1801 1800 1806
f 1800 1807 1806
f 1808 1807 1809
f 1807 1800 1809
f 1810 4 1811
f 4 2 1811
f 1811 2 1812
f 2 1 1812
f 1812 1 1813
f 1 8 1813
f 1813 8 1814
f 8 7 1814
f 1814 7 1815
f 7 6 1815
f 1815 6 1816
f 6 11 1816
f 1816 11 1817
f 11 10 1817
f 1817 10 1818
f 10 9 1818
f 1818 9 1819
f 9 14 1819
f 1819 14 1820
f 14 13 1820
f 1820 13 1821
f 13 12 1821
f 1821 12 1822
f 12 17 1822
f 1822 17 1823
f 17 16 1823
f 1823 16 1824
f 16 15 1824
f 1824 15 1825
f 15 20 1825
f 1825 20 1826
f 20 19 1826
f 1826 19 1827
f 19 18 1827
f 1827 18 1828
f 18 23 1828
f 1828 23 1829
f 23 22 1829
f 1829 22 1830
f 22 21 1830
f 1830 21 1831
f 21 25 1831
f 1831 25 1832
f 25 24 1832
f 1832 24 1833
f 24 5 1833
f 1833 5 1810
f 5 4 1810
f 1834 29 1835
f 29 27 1835
f 1835 27 1836
f 27 26 1836
f 1836 26 1837
f 26 33 1837
f 1837 33 1838
f 33 32 1838
f 1838 32 1839
f 32 31 1839
f 1839 31 1840
f 31 36 1840
f 1840 36 1841
f 36 35 1841
f 1841 35 1842
f 35 34 1842
f 1842 34 1843
f 34 39 1843
f 1843 39 1844
f 39 38 1844
f 1844 38 1845
f 38 37 1845
f 1845 37 1846
f 37 42 1846
f 1846 42 1847
f 42 41 1847
f 1847 41 1848
f 41 40 1848
f 1848 40 1849
f 40 45 1849
f 1849 45 1850
f 45 44 1850
f 1850 44 1851
f 44 43 1851
f 1851 43 1852
f 43 48 1852
f 1852 48 1853
f 48 47 1853
f 1853 47 1854
f 47 46 1854
f 1854 46 1855
f 46 50 1855
f 1855 50 1856
f 50 49 1856
f 1856 49 1857
f 49 30 1857
f 1857 30 1834
f 30 29 1834
f 1858 54 1859
f 54 52 1859
f 1859 52 1860
f 52 51 1860
f 1860 51 1861
f 51 58 1861
f 1861 58 1862
f 58 57 1862
f 1862 57 1863
f 57 56 1863
f 1863 56 1864
f 56 61 1864
f 1864 61 1865
f 61 60 1865
f 1865 60 1866
f 60 59 1866
f 1866 59 1867
f 59 64 1867
f 1867 64 1868
f 64 63 1868
f 1868 63 1869
f 63 62 1869
f 1869 62 1870
f 62 67 1870
f 1870 67 1871
f 67 66 1871
f 1871 66 1872
f 66 65 1872
f 1872 65 1873
f 65 70 1873
f 1873 70 1874
f 70 69 1874
f 1874 69 1875
f 69 68 1875
f 1875 68 1876
f 68 73 1876
f 1876 73 1877
f 73 72 1877
f 1877 72 1878
f 72 71 1878
f 1878 71 1879
f 71 75 1879
f 1879 75 1880
f 75 74 1880
f 1880 74 1881
f 74 55 1881
f 1881 55 1858
f 55 54 1858
f 1882 79 1883
f 79 77 1883
f 1883 77 1884
f 77 76 1884
f 1884 76 1885
f 76 83 1885
f 1885 83 1886
f 83 82 1886
f 1886 82 1887
f 82 81 1887
f 1887 81 1888
f 81 86 1888
f 1888 86 1889
f 86 85 1889
f 1889 85 1890
f 85 84 1890
f 1890 84 1891
f 84 89 1891
f 1891 89 1892
f 89 88 1892
f 1892 88 1893
f 88 87 1893
f 1893 87 1894
f 87 92 1894
f 1894 92 1895
f 92 91 1895
f 1895 91 1896
f 91 90 1896
f 1896 90 1897
f 90 95 1897
f 1897 95 1898
f 95 94 1898
f 1898 94 1899
f 94 93 1899
f 1899 93 1900
f 93 98 1900
f 1900 98 1901
f 98 97 1901
f 1901 97 1902
f 97 96 1902
f 1902 96 1903
f 96 100 1903
f 1903 100 1904
f 100 99 1904
f 1904 99 1905
f 99 80 1905
f 1905 80 1882
f 80 79 1882
f 1906 104 1907
f 104 102 1907
f 1907 102 1908
f 102 101 1908
f 1908 101 1909
f 101 108 1909
f 1909 108 1910
f 108 107 1910
f 1910 107 1911
f 107 106 1911
f 1911 106 1912
f 106 111 1912
f 1912 111 1913
f 111 110 1913
f 1913 110 1914
f 110 109 1914
f 1914 109 1915
f 109 114 1915
f 1915 114 1916
f 114 113 1916
f 1916 113 1917
f 113 112 1917
f 1917 112 1918
f 112 117 1918
f 1918 117 1919
f 117 116 1919
f 1919 116 1920
f 116 115 1920
f 1920 115 1921
f 115 120 1921
f 1921 120 1922
f 120 119 1922
f 1922 119 1923
f 119 118 1923
f 1923 118 1924
f 118 123 1924
f 1924 123 1925
f 123 122 1925
f 1925 122 1926
f 122 121 1926
f 1926 121 1927
f 121 125 1927
f 1927 125 1928
f 125 124 1928
f 1928 124 1929
f 124 105 1929
f 1929 105 1906
f 105 104 1906
f 1930 129 1931
f 129 127 1931
f 1931 127 1932
f 127 126 1932
f 1932 126 1933
f 126 133 1933
f 1933 133 1934
f 133 132 1934
f 1934 132 1935
f 132 131 1935
f 1935 131 1936
f 131 136 1936
f 1936 136 1937
f 136 135 1937
f 1937 135 1938
f 135 134 1938
f 1938 134 1939
f 134 139 1939
f 1939 139 1940
f 139 138 1940
f 1940 138 1941
f 138 137 1941
f 1941 137 1942
f 137 142 1942
f 1942 142 1943
f 142 141 1943
f 1943 141 1944
f 141 140 1944
f 1944 140 1945
f 140 145 1945
f 1945 145 1946
f 145 144 1946
f 1946 144 1947
f 144 143 1947
f 1947 143 1948
f 143 148 1948
f 1948 148 1949
f 148 147 1949
f 1949 147 1950
f 147 146 1950
f 1950 146 1951
f 146 150 1951
f 1951 150 1952
f 150 149 1952
f 1952 149 1953
f 149 130 1953
f 1953 130 1930
f 130 129 1930
f 1954 1955 1956
f 1955 1957 1956
f 1956 1957 1958
f 1957 1959 1958
f 1958 1959 1960
f 1959 1961 1960
f 1960 1961 1962
f 1961 1963 1962
f 1962 1963 1964
f 1963 1965 1964
f 1964 1965 1966
f 1965 1967 1966
f 1966 1967 1968
f 1967 1969 1968
f 1968 1969 1970
f 1969 1971 1970
f 1970 1971 1972
f 1971 1973 1972
f 1972 1973 1974
f 1973 1975 1974
f 1974 1975 1976
f 1975 1977 1976
f 1976 1977 1978
f 1977 1979 1978
f 1978 1979 1980
f 1979 1981 1980
f 1980 1981 1982
f 1981 1983 1982
f 1982 1983 1984
f 1983 1985 1984
f 1984 1985 1986
f 1985 1987 1986
f 1986 1987 1988
f 1987 1989 1988
f 1988 1989 1990
f 1989 1991 1990
f 1990 1991 1992
f 1991 1993 1992
f 1992 1993 1994
f 1993 1995 1994
f 1994 1995 1996
f 1995 1997 1996
f 1996 1997 1998
f 1997 1999 1998
f 1998 1999 2000
f 1999 2001 2000
f 2000 2001 1954
f 2001 1955 1954
f 2002 2003 2004
f 2003 2005 2004
f 2004 2005 2006
f 2005 2007 2006
f 2006 2007 2008
f 2007 2009 2008
f 2008 2009 2010
f 2009 2011 2010
f 2010 2011 2012
f 2011 2013 2012
f 2012 2013 2014
f 2013 2015 2014
f 2014 2015 2016
f 2015 2017 2016
f 2016 2017 2018
f 2017 2019 2018
f 2018 2019 2020
f 2019 2021 2020
f 2020 2021 2022
f 2021 2023 2022
f 2022 2023 2024
f 2023 2025 2024
f 2024 2025 2026
f 2025 2027 2026
f 2026 2027 2028
f 2027 2029 2028
f 2028 2029 2030
f 2029 2031 2030
f 2030 2031 2032
f 2031 2033 2032
f 2032 2033 2034
f 2033 2035 2034
f 2034 2035 2036
f 2035 2037 2036
f 2036 2037 2038
f 2037 2039 2038
f 2038 2039 2040
f 2039 2041 2040
f 2040 2041 2042
f 2041 2043 2042
f 2042 2043 2044
f 2043 2045 2044
f 2044 2045 2046
f 2045 2047 2046
f 2046 2047 2048
f 2047 2049 2048
f 2048 2049 2002
f 2049 2003 2002
f 2050 2051 2052
f 2051 2053 2052
f 2052 2053 2054
f 2053 2055 2054
f 2054 2055 2056
f 2055 2057 2056
f 2056 2057 2058
f 2057 2059 2058
f 2058 2059 2060
f 2059 2061 2060
f 2060 2061 2062
f 2061 2063 2062
f 2062 2063 2064
f 2063 2065 2064
f 2064 2065 2066
f 2065 2067 2066
f 2066 2067 2068
f 2067 2069 2068
f 2068 2069 2070
f 2069 2071 2070
f 2070 2071 2072
f 2071 2073 2072
f 2072 2073 2074
f 2073 2075 2074
f 2074 2075 2076
f 2075 2077 2076
f 2076 2077 2078
f 2077 2079 2078
f 2078 2079 2080
f 2079 2081 2080
f 2080 2081 2082
f 2081 2083 2082
f 2082 2083 2084
f 2083 2085 2084
f 2084 2085 2086
f 2085 2087 2086
f 2086 2087 2088
f 2087 2089 2088
f 2088 2089 2090
f 2089 2091 2090
f 2090 2091 2092
f 2091 2093 2092
f 2092 2093 2094
f 2093 2095 2094
f 2094 2095 2096
f 2095 2097 2096
f 2096 2097 2050
f 2097 2051 2050
f 2098 2099 2100
f 2099 2101 2100
f 2100 2101 2102
f 2101 2103 2102
f 2102 2103 2104
f 2103 2105 2104
f 2104 2105 2106
f 2105 2107 2106
f 2106 2107 2108
f 2107 2109 2108
f 2108 2109 2110
f 2109 2111 2110
f 2110 2111 2112
f 2111 2113 2112
f 2112 2113 2114
f 2113 2115 2114
f 2114 2115 2116
f 2115 2117 2116
f 2116 2117 2118
f 2117 2119 2118
f 2118 2119 2120
f 2119 2121 2120
f 2120 2121 2122
f 2121 2123 2122
f 2122 2123 2124
f 2123 2125 2124
f 2124 2125 2126
f 2125 2127 2126
f 2126 2127 2128
f 2127 2129 2128
f 2128 2129 2130
f 2129 2131 2130
f 2130 2131 2132
f 2131 2133 2132
f 2132 2133 2134
f 2133 2135 2134
f 2134 2135 2136
f 2135 2137 2136
f 2136 2137 2138
f 2137 2139 2138
f 2138 2139 2140
f 2139 2141 2140
f 2140 2141 2142
f 2141 2143 2142
f 2142 2143 2144
f 2143 2145 2144
f 2144 2145 2098
f 2145 2099 2098
f 154 2146 155
f 2146 2147 155
f 155 2147 174
f 2147 2148 174
f 174 2148 175
f 2148 2149 175
f 175 2149 171
f 2149 2150 171
f 171 2150 172
f 2150 2151 172
f 172 2151 173
f 2151 2152 173
f 173 2152 168
f 2152 2153 168
f 168 2153 169
f 2153 2154 169
f 169 2154 170
f 2154 2155 170
f 170 2155 165
f 2155 2156 165
f 165 2156 166
f 2156 2157 166
f 166 2157 167
f 2157 2158 167
f 167 2158 162
f 2158 2159 162
f 162 2159 163
f 2159 2160 163
f 163 2160 164
f 2160 2161 164
f 164 2161 159
f 2161 2162 159
f 159 2162 160
f 2162 2163 160
f 160 2163 161
f 2163 2164 161
f 161 2164 156
f 2164 2165 156
f 156 2165 157
f 2165 2166 157
f 157 2166 158
f 2166 2167 158
f 158 2167 151
f 2167 2168 151
f 151 2168 152
f 2168 2169 152
f 152 2169 154
f 2169 2146 154
f 179 2170 180
f 2170 2171 180
f 180 2171 199
f 2171 2172 199
f 199 2172 200
f 2172 2173 200
f 200 2173 196
f 2173 2174 196
f 196 2174 197
f 2174 2175 197
f 197 2175 198
f 2175 2176 198
f 198 2176 193
f 2176 2177 193
f 193 2177 194
f 2177 2178 194
f 194 2178 195
f 2178 2179 195
f 195 2179 190
f 2179 2180 190
f 190 2180 191
f 2180 2181 191
f 191 2181 192
f 2181 2182 192
f 192 2182 187
f 2182 2183 187
f 187 2183 188
f 2183 2184 188
f 188 2184 189
f 2184 2185 189
f 189 2185 184
f 2185 2186 184
f 184 2186 185
f 2186 2187 185
f 185 2187 186
f 2187 2188 186
f 186 2188 181
f 2188 2189 181
f 181 2189 182
f 2189 2190 182
f 182 2190 183
f 2190 2191 183
f 183 2191 176
f 2191 2192 176
f 176 2192 177
f 2192 2193 177
f 177 2193 179
f 2193 2170 179
f 204 2194 205
f 2194 2195 205
f 205 2195 224
f 2195 2196 224
f 224 2196 225
f 2196 2197 225
f 225 2197 221
f 2197 2198 221
f 221 2198 222
f 2198 2199 222
f 222 2199 223
f 2199 2200 223
f 223 2200 218
f 2200 2201 218
f 218 2201 219
f 2201 2202 219
f 219 2202 220
f 2202 2203 220
f 220 2203 215
f 2203 2204 215
f 215 2204 216
f 2204 2205 216
f 216 2205 217
f 2205 2206 217
f 217 2206 212
f 2206 2207 212
f 212 2207 213
f 2207 2208 213
f 213 2208 214
f 2208 2209 214
f 214 2209 209
f 2209 2210 209
f 209 2210 210
f 2210 2211 210
f 210 2211 211
f 2211 2212 211
f 211 2212 206
f 2212 2213 206
f 206 2213 207
f 2213 2214 207
f 207 2214 208
f 2214 2215 208
f 208 2215 201
f 2215 2216 201
f 201 2216 202
f 2216 2217 202
f 202 2217 204
f 2217 2194 204
f 229 2218 230
f 2218 2219 230
f 230 2219 249
f 2219 2220 249
f 249 2220 250
f 2220 2221 250
f 250 2221 246
f 2221 2222 246
f 246 2222 247
f 2222 2223 247
f 247 2223 248
f 2223 2224 248
f 248 2224 243
f 2224 2225 243
f 243 2225 244
f 2225 2226 244
f 244 2226 245
f 2226 2227 245
f 245 2227 240
f 2227 2228 240
f 240 2228 241
f 2228 2229 241
f 241 2229 242
f 2229 2230 242
f 242 2230 237
f 2230 2231 237
f 237 2231 238
f 2231 2232 238
f 238 2232 239
f 2232 2233 239
f 239 2233 234
f 2233 2234 234
f 234 2234 235
f 2234 2235 235
f 235 2235 236
f 2235 2236 236
f 236 2236 231
f 2236 2237 231
f 231 2237 232
f 2237 2238 232
f 232 2238 233
f 2238 2239 233
f 233 2239 226
f 2239 2240 226
f 226 2240 227
f 2240 2241 227
f 227 2241 229
f 2241 2218 229
f 2242 2243 2244
f 2243 2245 2244
f 2244 2245 2246
f 2245 2247 2246
f 2246 2247 2248
f 2247 2249 2248
f 2248 2249 2250
f 2249 2251 2250
f 2250 2251 2252
f 2251 2253 2252
f 2252 2253 2254
f 2253 2255 2254
f 2254 2255 2256
f 2255 2257 2256
f 2256 2257 2258
f 2257 2259 2258
f 2258 2259 2260
f 2259 2261 2260
f 2260 2261 2262
f 2261 2263 2262
f 2262 2263 2264
f 2263 2265 2264
f 2264 2265 2266
f 2265 2267 2266
f 2266 2267 2268
f 2267 2269 2268
f 2268 2269 2270
f 2269 2271 2270
f 2270 2271 2272
f 2271 2273 2272
f 2272 2273 2274
f 2273 2275 2274
f 2274 2275 2276
f 2275 2277 2276
f 2276 2277 2278
f 2277 2279 2278
f 2278 2279 2280
f 2279 2281 2280
f 2280 2281 2282
f 2281 2283 2282
f 2282 2283 2284
f 2283 2285 2284
f 2284 2285 2286
f 2285 2287 2286
f 2286 2287 2288
f 2287 2289 2288
f 2288 2289 2242
f 2289 2243 2242
f 2290 254 2291
f 254 252 2291
f 2291 252 2292
f 252 251 2292
f 2292 251 2293
f 251 258 2293
f 2293 258 2294
f 258 257 2294
f 2294 257 2295
f 257 256 2295
f 2295 256 2296
f 256 261 2296
f 2296 261 2297
f 261 260 2297
f 2297 260 2298
f 260 259 2298
f 2298 259 2299
f 259 264 2299
f 2299 264 2300
f 264 263 2300
f 2300 263 2301
f 263 262 2301
f 2301 262 2302
f 262 267 2302
f 2302 267 2303
f 267 266 2303
f 2303 266 2304
f 266 265 2304
f 2304 265 2305
f 265 270 2305
f 2305 270 2306
f 270 269 2306
f 2306 269 2307
f 269 268 2307
f 2307 268 2308
f 268 273 2308
f 2308 273 2309
f 273 272 2309
f 2309 272 2310
f 272 271 2310
f 2310 271 2311
f 271 275 2311
f 2311 275 2312
f 275 274 2312
f 2312 274 2313
f 274 255 2313
f 2313 255 2290
f 255 254 2290
f 2314 2315 2316
f 2315 2317 2316
f 2316 2317 2318
f 2317 2319 2318
f 2318 2319 2320
f 2319 2321 2320
f 2320 2321 2322
f 2321 2323 2322
f 2322 2323 2324
f 2323 2325 2324
f 2324 2325 2326
f 2325 2327 2326
f 2326 2327 2328
f 2327 2329 2328
f 2328 2329 2330
f 2329 2331 2330
f 2330 2331 2332
f 2331 2333 2332
f 2332 2333 2334
f 2333 2335 2334
f 2334 2335 2336
f 2335 2337 2336
f 2336 2337 2338
f 2337 2339 2338
f 2338 2339 2340
f 2339 2341 2340
f 2340 2341 2342
f 2341 2343 2342
f 2342 2343 2344
f 2343 2345 2344
f 2344 2345 2346
f 2345 2347 2346
f 2346 2347 2348
f 2347 2349 2348
f 2348 2349 2350
f 2349 2351 2350
f 2350 2351 2352
f 2351 2353 2352
f 2352 2353 2354
f 2353 2355 2354
f 2354 2355 2356
f 2355 2357 2356
f 2356 2357 2358
f 2357 2359 2358
f 2358 2359 2360
f 2359 2361 2360
f 2360 2361 2314
f 2361 2315 2314
f 2362 279 2363
f 279 277 2363
f 2363 277 2364
f 277 276 2364
f 2364 276 2365
f 276 283 2365
f 2365 283 2366
f 283 282 2366
f 2366 282 2367
f 282 281 2367
f 2367 281 2368
f 281 286 2368
f 2368 286 2369
f 286 285 2369
f 2369 285 2370
f 285 284 2370
f 2370 284 2371
f 284 289 2371
f 2371 289 2372
f 289 288 2372
f 2372 288 2373
f 288 287 2373
f 2373 287 2374
f 287 292 2374
f 2374 292 2375
f 292 291 2375
f 2375 291 2376
f 291 290 2376
f 2376 290 2377
f 290 295 2377
f 2377 295 2378
f 295 294 2378
f 2378 294 2379
f 294 293 2379
f 2379 293 2380
f 293 298 2380
f 2380 298 2381
f 298 297 2381
f 2381 297 2382
f 297 296 2382
f 2382 296 2383
f 296 300 2383
f 2383 300 2384
f 300 299 2384
f 2384 299 2385
f 299 280 2385
f 2385 280 2362
f 280 279 2362
f 2386 2387 2388
f 2386 2388 2389
f 2388 2390 2389
f 2389 2390 2391
f 2390 2392 2391
f 2391 2392 2393
f 2392 2394 2393
f 2393 2394 2395
f 2394 2396 2395
f 2395 2396 2397
f 2396 2398 2397
f 2397 2398 2399
f 2399 2398 2400
f 2400 2398 2401
f 2400 2401 2402
f 2401 2403 2402
f 2402 2403 2404
f 2403 2405 2404
f 2406 2407 2408
f 2406 2408 2409
f 2408 2410 2409
f 2409 2410 2411
f 2410 2412 2411
f 2411 2412 2413
f 2412 2414 2413
f 2413 2414 2415
f 2414 2416 2415
f 2415 2416 2417
f 2416 2404 2417
f 2417 2404 2405
f 2419 2420 2418
f 2418 2420 2421
f 2422 2420 2423
f 2420 2419 2423
f 2418 2424 2419
f 2424 2423 2419
f 2425 2422 2424
f 2422 2423 2424
f 2407 2406 2420
f 2406 2421 2420
f 2422 2425 2426
f 2425 2427 2426
f 2427 2428 2426
f 2426 2428 2429
f 2428 2430 2429
f 2429 2430 2431
f 2430 2432 2431
f 2431 2432 2433
f 2432 2434 2433
f 2433 2434 2435
f 2434 2436 2435
f 2435 2436 2437
f 2436 2438 2437
f 2437 2438 2439
f 2438 2440 2439
f 2439 2440 2441
f 2441 2440 2442
f 2440 2443 2442
f 2442 2443 2444
f 2443 2445 2444
f 2447 2448 2446
f 2446 2448 2449
f 2448 2450 2449
f 2449 2450 2451
f 2450 2452 2451
f 2451 2452 2453
f 2452 2454 2453
f 2453 2454 2455
f 2454 2456 2455
f 2455 2456 2457
f 2456 2458 2457
f 2457 2458 2459
f 2458 2444 2459
f 2459 2444 2445
f 2461 2462 2460
f 2460 2462 2463
f 2464 2462 2465
f 2462 2461 2465
f 2460 2466 2461
f 2466 2465 2461
f 2467 2464 2466
f 2464 2465 2466
f 2468 2469 2470
f 2468 2470 2471
f 2470 2472 2471
f 2471 2472 2473
f 2472 2474 2473
f 2473 2474 2475
f 2474 2476 2475
f 2475 2476 2477
f 2476 2478 2477
f 2477 2478 2479
f 2478 2480 2479
f 2479 2480 2481
f 2480 2482 2481
f 2481 2482 2483
f 2483 2482 2484
f 2482 2485 2484
f 2484 2485 2486
f 2485 2487 2486
f 2486 2487 2488
f 2487 2489 2488
f 2490 2491 2492
f 2491 2493 2492
f 2492 2493 2494
f 2493 2495 2494
f 2494 2495 2496
f 2495 2497 2496
f 2496 2497 2498
f 2497 2499 2498
f 2498 2499 2500
f 2499 2501 2500
f 2500 2501 2502
f 2501 2503 2502
f 2502 2503 2504
f 2503 2505 2504
f 2504 2505 2506
f 2505 2507 2506
f 2506 2507 2508
f 2507 2509 2508
f 2508 2509 2510
f 2509 2511 2510
f 2510 2511 2512
f 2511 2513 2512
f 2512 2513 2514
f 2513 2515 2514
f 2514 2515 2516
f 2515 2517 2516
f 2516 2517 2518
f 2517 2519 2518
f 2518 2519 2520
f 2519 2521 2520
f 2520 2521 2522
f 2521 2523 2522
f 2522 2523 2524
f 2523 2525 2524
f 2524 2525 2526
f 2525 2527 2526
f 2526 2527 2528
f 2527 2529 2528
f 2528 2529 2530
f 2529 2531 2530
f 2530 2531 2532
f 2531 2533 2532
f 2532 2533 2534
f 2533 2535 2534
f 2534 2535 2489
f 2535 2488 2489
f 2491 2490 2536
f 2490 2537 2536
f 2538 2539 2540
f 2539 2541 2540
f 2542 2538 2543
f 2538 2540 2543
f 2541 2544 2540
f 2544 2543 2540
f 2544 2545 2543
f 2545 2542 2543
f 2546 2548 2547
f 2548 2549 2547
f 2549 2550 2547
f 2547 2550 2551
f 2552 2553 2554
f 2553 2555 2554
f 2556 2552 2557
f 2552 2554 2557
f 2555 2558 2554
f 2558 2557 2554
f 2558 2559 2557
f 2559 2556 2557
f 2560 2561 2562
f 2561 2563 2562
f 2560 2562 2564
f 2562 2565 2564
f 2564 2565 2566
f 2563 2567 2562
f 2567 2565 2562
f 2567 2568 2565
f 2568 2566 2565
f 2569 2570 2571
f 2570 2572 2571
f 2573 2569 2574
f 2569 2571 2574
f 2572 2575 2571
f 2575 2574 2571
f 2575 2576 2574
f 2576 2573 2574
f 2577 2578 2579
f 2578 2580 2579
f 2577 2579 2581
f 2577 2581 2582
f 2581 2583 2582
f 2582 2583 2584
f 2584 2583 2585
f 2584 2585 2586
f 2585 2587 2586
f 2586 2587 2588
f 2587 2589 2588
f 2588 2589 2590
f 2589 2591 2590
f 2590 2591 2592
f 2591 2593 2592
f 2592 2593 2594
f 2593 2595 2594
f 2594 2595 2596
f 2578 2596 2580
f 2596 2595 2580
f 2597 2598 2599
f 2598 2600 2599
f 2597 2599 2601
f 2597 2601 2602
f 2601 2603 2602
f 2602 2603 2604
f 2598 2604 2600
f 2604 2603 2600
f 2605 2606 2607
f 2606 2608 2607
f 2609 2605 2610
f 2605 2607 2610
f 2611 2612 2613
f 2611 2613 2614
f 2613 2615 2614
f 2614 2615 2616
f 2617 2616 2618
f 2616 2615 2618
f 2619 2617 2620
f 2617 2618 2620
f 2619 2620 2621
f 2619 2621 2622
f 2621 2623 2622
f 2622 2623 2624
f 2623 2625 2624
f 2624 2625 2626
f 2625 2627 2626
f 2626 2627 2628
f 2627 2629 2628
f 2628 2629 2630
f 2629 2612 2630
f 2630 2612 2611
f 2631 2632 2633
f 2631 2633 2634
f 2633 2635 2634
f 2634 2635 2636
f 2635 2637 2636
f 2636 2637 2638
f 2637 2639 2638
f 2638 2639 2640
f 2639 2641 2640
f 2640 2641 2642
f 2641 2643 2642
f 2642 2643 2644
f 2644 2643 2645
f 2643 2646 2645
f 2647 2648 2649
f 2648 2650 2649
f 2651 2647 2652
f 2647 2649 2652
f 2650 2653 2649
f 2653 2652 2649
f 2653 2654 2652
f 2654 2651 2652
f 2645 2646 2647
f 2646 2648 2647
f 2655 2656 2654
f 2656 2657 2654
f 2657 2658 2654
f 2654 2658 2659
f 2659 2660 2654
f 2654 2660 2651
f 2661 2662 2655
f 2662 2663 2655
f 2663 2664 2655
f 2664 2665 2655
f 2665 2656 2655
f 2662 2666 2663
f 2666 2667 2663
f 2663 2667 2664
f 2667 2668 2664
f 2664 2668 2665
f 2668 2669 2665
f 2658 2657 2670
f 2657 2656 2670
f 2670 2656 2669
f 2669 2656 2665
f 2670 2671 2658
f 2658 2671 2659
f 2671 2672 2659
f 2659 2672 2660
f 2673 2674 2666
f 2674 2675 2666
f 2675 2672 2666
f 2672 2671 2666
f 2666 2671 2670
f 2670 2669 2666
f 2669 2668 2666
f 2666 2668 2667
f 2676 2677 2678
f 2676 2678 2679
f 2678 2680 2679
f 2679 2680 2681
f 2680 2682 2681
f 2681 2682 2683
f 2682 2684 2683
f 2683 2684 2685
f 2684 2675 2685
f 2685 2675 2674
f 2676 2686 2677
f 2686 2687 2677
f 2688 2689 2687
f 2689 2690 2687
f 2687 2690 2677
f 2691 2692 2687
f 2692 2693 2687
f 2687 2693 2688
f 2695 2696 2693
f 2693 2696 2688
f 2692 2694 2693
f 2693 2694 2695
f 2691 2687 2697
f 2697 2698 2691
f 2691 2698 2692
f 2692 2698 2694
f 2699 2690 2700
f 2690 2689 2700
f 2696 2701 2688
f 2688 2701 2689
f 2701 2700 2689
f 2695 2694 2702
f 2694 2698 2702
f 2698 2697 2702
f 2702 2697 2703
f 2704 2705 2706
f 2705 2707 2706
f 2708 2704 2709
f 2704 2706 2709
f 2707 2710 2706
f 2710 2709 2706
f 2710 2711 2709
f 2711 2708 2709
f 2704 2699 2705
f 2699 2700 2705
f 2695 2702 2696
f 2702 2705 2696
f 2700 2701 2705
f 2701 2696 2705
f 2708 2711 2712
f 2711 2713 2712
f 2712 2713 2714
f 2713 2715 2714
f 2716 2717 2718
f 2717 2719 2718
f 2716 2718 2720
f 2718 2721 2720
f 2720 2721 2722
f 2719 2723 2718
f 2723 2721 2718
f 2723 2724 2721
f 2724 2722 2721
f 2714 2715 2716
f 2715 2717 2716
f 2722 2724 2725
f 2724 2726 2725
f 2725 2726 2727
f 2726 2728 2727
f 2729 2730 2731
f 2730 2732 2731
f 2733 2729 2734
f 2729 2731 2734
f 2732 2735 2731
f 2735 2734 2731
f 2735 2736 2734
f 2736 2733 2734
f 2727 2728 2729
f 2728 2730 2729
f 2737 2738 2736
f 2738 2739 2736
f 2739 2740 2736
f 2736 2740 2741
f 2741 2742 2736
f 2736 2742 2733
f 2743 2744 2737
f 2744 2745 2737
f 2745 2746 2737
f 2746 2747 2737
f 2747 2738 2737
f 2744 2748 2745
f 2748 2749 2745
f 2745 2749 2746
f 2749 2750 2746
f 2746 2750 2747
f 2750 2751 2747
f 2740 2739 2752
f 2739 2738 2752
f 2752 2738 2751
f 2751 2738 2747
f 2752 2753 2740
f 2740 2753 2741
f 2753 2754 2741
f 2741 2754 2742
f 2748 2755 312
f 312 311 2748
f 311 2754 2748
f 2748 2754 2749
f 2754 2750 2749
f 2753 2752 2754
f 2752 2751 2754
f 2754 2751 2750
f 2590 2592 2578
f 2592 2594 2578
f 2578 2594 2596
f 2584 2586 2582
f 2586 2577 2582
f 2577 2586 2578
f 2586 2588 2578
f 2578 2588 2590
f 2604 2598 2602
f 2598 2597 2602
f 868 881 869
f 2606 2605 2609
f 2619 2622 2617
f 2622 2624 2617
f 2624 2626 2617
f 2626 2628 2617
f 2617 2628 2616
f 2628 2630 2616
f 2616 2630 2614
f 2630 2611 2614
f 922 923 920
f 923 917 920
f 806 826 807
f 911 915 912
f 891 894 905
f 894 896 905
f 896 898 905
f 898 900 905
f 905 900 907
f 900 902 907
f 907 902 910
f 902 904 910
f 888 889 886
f 889 883 886
f 862 873 863
f 856 860 857
f 847 849 836
f 849 851 836
f 836 851 837
f 840 843 855
f 843 852 855
f 852 843 836
f 843 845 836
f 836 845 847
f 829 828 835
f 828 832 835
f 811 802 801
f 798 795 794
f 2685 2674 2673
f 2686 2676 2679
f 2686 2679 2756
f 2679 2681 2756
f 2756 2681 2673
f 2681 2683 2673
f 2673 2683 2685
f 310 312 2755
f 313 301 304
f 313 304 2757
f 304 306 2757
f 2757 306 2755
f 306 308 2755
f 2755 308 310
f 2758 2759 2760
f 2759 2761 2760
f 2760 2761 2762
f 2761 2763 2762
f 2762 2763 2764
f 2763 2765 2764
f 2764 2765 2766
f 2767 2768 2769
f 2768 2770 2769
f 2769 2770 2771
f 2770 2772 2771
f 2771 2772 2773
f 2772 2774 2773
f 2773 2774 2775
f 2778 2780 2779
f 2779 2780 2781
f 2777 2776 2779
f 2779 2776 2778
f 2782 2783 2784
f 2784 2785 2782
f 2782 2785 2777
f 2777 2785 2776
f 2786 2787 2788
f 2787 2789 2788
f 2780 2790 2781
f 2781 2790 2789
f 2790 2791 2789
f 2789 2791 2788
f 2767 2769 2792
f 2769 2783 2792
f 2792 2783 2787
f 2783 2782 2787
f 2787 2782 2777
f 2777 2779 2787
f 2779 2781 2787
f 2787 2781 2789
f 2767 2792 2793
f 2767 2793 2768
f 2793 2794 2768
f 2768 2794 2770
f 2794 2795 2770
f 2770 2795 2772
f 2795 2796 2772
f 2772 2796 2774
f 2796 2797 2774
f 2774 2797 2775
f 2798 2799 2800
f 2773 2775 2799
f 2775 2797 2799
f 2799 2797 2800
f 2800 2801 2802
f 2802 2803 2800
f 2803 2804 2800
f 2800 2804 2798
f 2805 2799 2806
f 2799 2798 2806
f 2806 2798 2807
f 2798 2804 2807
f 2807 2804 2808
f 2804 2803 2808
f 2809 2810 2802
f 2810 2811 2802
f 2802 2811 2803
f 2803 2811 2808
f 2802 2801 2809
f 2809 2801 2812
f 2801 2800 2812
f 2812 2800 2813
f 2814 2805 2815
f 2805 2806 2815
f 2806 2807 2815
f 2807 2808 2815
f 2808 2811 2815
f 2816 2817 2569
f 2817 2570 2569
f 2815 2811 2576
f 2811 2810 2576
f 2810 2809 2576
f 2576 2809 2812
f 2812 2813 2576
f 2576 2813 2573
f 2818 2819 2816
f 2819 2817 2816
f 2820 2821 2560
f 2821 2561 2560
f 2566 2568 2818
f 2568 2819 2818
f 2822 2823 2820
f 2823 2821 2820
f 2552 2824 2553
f 2824 2825 2553
f 2547 2553 2546
f 2825 2826 2553
f 2826 2827 2553
f 2553 2827 2546
f 2556 2559 2822
f 2559 2823 2822
f 2829 2546 2830
f 2828 2548 2829
f 2829 2548 2546
f 2831 2832 2550
f 2550 2549 2831
f 2831 2549 2828
f 2828 2549 2548
f 2824 2833 2825
f 2833 2834 2825
f 2546 2827 2830
f 2827 2826 2830
f 2830 2826 2834
f 2826 2825 2834
f 2758 2760 2835
f 2760 2832 2835
f 2830 2834 2832
f 2834 2833 2832
f 2832 2833 2835
f 2831 2828 2832
f 2828 2829 2832
f 2832 2829 2830
f 2758 2835 2836
f 2758 2836 2759
f 2836 2837 2759
f 2759 2837 2761
f 2837 2838 2761
f 2761 2838 2763
f 2838 2839 2763
f 2763 2839 2765
f 2839 2840 2765
f 2765 2840 2766
f 2764 2766 2841
f 2766 2840 2841
f 2840 2842 2841
f 2842 2843 2841
f 2841 2843 2844
f 2844 2845 2841
f 2845 2846 2841
f 2841 2846 2847
f 2848 2841 2849
f 2841 2847 2849
f 2849 2847 2850
f 2847 2846 2850
f 2850 2846 2851
f 2846 2845 2851
f 2852 2853 2844
f 2853 2854 2844
f 2844 2854 2845
f 2845 2854 2851
f 2844 2843 2852
f 2852 2843 2855
f 2855 2843 2856
f 2843 2842 2856
f 2856 2842 2857
f 2858 2859 2860
f 2859 2861 2860
f 2862 2858 2863
f 2858 2860 2863
f 2861 2864 2860
f 2864 2863 2860
f 2864 2865 2863
f 2865 2862 2863
f 783 784 2858
f 784 2859 2858
f 2866 2854 2865
f 2854 2853 2865
f 2853 2852 2865
f 2865 2852 2855
f 2855 2856 2865
f 2856 2857 2865
f 2865 2857 2862
f 2867 2848 2866
f 2848 2849 2866
f 2849 2850 2866
f 2850 2851 2866
f 2851 2854 2866
f 2778 2776 2868
f 2776 2785 2868
f 2785 2784 2868
f 2868 2784 2869
f 2870 2871 2872
f 2871 2873 2872
f 2874 2870 2875
f 2870 2872 2875
f 2873 2876 2872
f 2876 2875 2872
f 2876 2877 2875
f 2877 2874 2875
f 2870 2786 2871
f 2786 2788 2871
f 2871 2788 2791
f 2778 2868 2780
f 2868 2871 2780
f 2791 2790 2871
f 2790 2780 2871
f 2874 2877 2878
f 2877 2879 2878
f 2878 2879 2880
f 2879 2881 2880
f 2883 2884 2882
f 2882 2884 2885
f 2884 2886 2885
f 2885 2886 2887
f 2886 2888 2887
f 2887 2888 2889
f 2888 2890 2889
f 2889 2890 2891
f 2890 2892 2891
f 2891 2892 2893
f 2892 2894 2893
f 2893 2894 2895
f 2894 2880 2895
f 2895 2880 2881
f 2896 2897 2898
f 2897 2899 2898
f 2900 2896 2901
f 2896 2898 2901
f 2899 2902 2898
f 2902 2901 2898
f 2902 2903 2901
f 2903 2900 2901
f 2536 2537 2538
f 2537 2539 2538
f 2542 2545 2631
f 2545 2632 2631
f 2883 2882 2896
f 2882 2897 2896
f 2900 2903 2904
f 2903 2905 2904
f 2904 2905 2906
f 2905 2907 2906
f 2908 2909 2910
f 2909 2911 2910
f 2910 2911 2912
f 2911 2913 2912
f 2912 2913 2914
f 2913 2915 2914
f 2914 2915 2916
f 2915 2917 2916
f 2916 2917 2918
f 2917 2919 2918
f 2918 2919 2920
f 2919 2921 2920
f 2920 2921 2922
f 2921 2923 2922
f 2922 2923 2924
f 2923 2925 2924
f 2924 2925 2926
f 2925 2927 2926
f 2926 2927 2928
f 2927 2929 2928
f 2928 2929 2930
f 2929 2931 2930
f 2930 2931 2932
f 2931 2933 2932
f 2932 2933 2934
f 2933 2935 2934
f 2934 2935 2936
f 2935 2937 2936
f 2936 2937 2938
f 2937 2939 2938
f 2938 2939 2940
f 2939 2941 2940
f 2940 2941 2942
f 2941 2943 2942
f 2942 2943 2944
f 2943 2945 2944
f 2906 2907 2946
f 2907 2947 2946
f 2946 2947 2948
f 2947 2949 2948
f 2948 2949 2950
f 2949 2951 2950
f 2950 2951 2952
f 2951 2953 2952
f 2952 2953 2945
f 2953 2954 2945
f 2945 2954 2944
f 2909 2908 2955
f 2908 2956 2955
f 2955 2956 2957
f 2956 2958 2957
f 2957 2958 2959
f 2958 2960 2959
f 2962 2963 2961
f 2961 2963 2964
f 2963 2965 2964
f 2964 2965 2966
f 2965 2967 2966
f 2966 2967 2968
f 2967 2969 2968
f 2968 2969 2970
f 2969 2971 2970
f 2970 2971 2972
f 2971 2973 2972
f 2972 2973 2974
f 2973 2959 2974
f 2974 2959 2960
f 2976 2977 2975
f 2975 2977 2978
f 2979 2977 2980
f 2977 2976 2980
f 2975 2981 2976
f 2981 2980 2976
f 2982 2979 2981
f 2979 2980 2981
f 2983 2984 2985
f 2984 2986 2985
f 2987 2983 2988
f 2983 2985 2988
f 2986 2989 2985
f 2989 2988 2985
f 2989 2990 2988
f 2990 2987 2988
f 2991 2992 2993
f 2992 2994 2993
f 2995 2991 2996
f 2991 2993 2996
f 2994 2997 2993
f 2997 2996 2993
f 2997 2998 2996
f 2998 2995 2996
f 2999 3000 3001
f 3000 3002 3001
f 3003 2999 3004
f 2999 3001 3004
f 3002 3005 3001
f 3005 3004 3001
f 3005 3006 3004
f 3006 3003 3004
f 3007 3008 3009
f 3008 3010 3009
f 3011 3007 3012
f 3007 3009 3012
f 3010 3013 3009
f 3013 3012 3009
f 3013 3014 3012
f 3014 3011 3012
f 3015 3016 3017
f 3016 3018 3017
f 3019 3015 3020
f 3015 3017 3020
f 3018 3021 3017
f 3021 3020 3017
f 3021 3022 3020
f 3022 3019 3020
f 3023 3024 3025
f 3024 3026 3025
f 3027 3023 3028
f 3023 3025 3028
f 3026 3029 3025
f 3029 3028 3025
f 3029 3030 3028
f 3030 3027 3028
f 3031 3032 3033
f 3032 3034 3033
f 3035 3031 3036
f 3031 3033 3036
f 3034 3037 3033
f 3037 3036 3033
f 3037 3038 3036
f 3038 3035 3036
f 3039 3040 3041
f 3040 3042 3041
f 3043 3039 3044
f 3039 3041 3044
f 3042 3045 3041
f 3045 3044 3041
f 3045 3046 3044
f 3046 3043 3044
f 3047 3048 3049
f 3048 3050 3049
f 3049 3050 3051
f 3040 3039 3052
f 3039 3053 3052
f 3052 3053 3054
f 3043 3046 3050
f 3046 3051 3050
f 3055 3056 3057
f 3056 3054 3057
f 3057 3054 3053
f 3058 3059 3031
f 3059 3032 3031
f 3035 3038 3055
f 3038 3056 3055
f 3060 3061 3058
f 3061 3059 3058
f 3063 3064 3062
f 3062 3064 3065
f 3064 3066 3065
f 3065 3066 3067
f 3066 3068 3067
f 3067 3068 3069
f 3068 3070 3069
f 3069 3070 3071
f 3070 3072 3071
f 3071 3072 3073
f 3072 3074 3073
f 3073 3074 3075
f 3074 3061 3075
f 3075 3061 3060
f 3076 3077 3023
f 3077 3024 3023
f 3027 3030 3062
f 3030 3063 3062
f 3077 3076 3078
f 3077 3078 3079
f 3078 3080 3079
f 3079 3080 3081
f 3080 3082 3081
f 3081 3082 3083
f 3082 3084 3083
f 3083 3084 3085
f 3084 3086 3085
f 3085 3086 3087
f 3086 3088 3087
f 3087 3088 3089
f 3090 3091 3088
f 3091 3089 3088
f 3015 3092 3093
f 3093 3094 3015
f 3094 3095 3015
f 3015 3095 3016
f 3019 3022 3090
f 3022 3091 3090
f 3093 3092 3096
f 3092 3097 3096
f 3096 3097 3098
f 3097 3099 3098
f 3098 3099 3100
f 3101 3102 3007
f 3102 3008 3007
f 3011 3014 3099
f 3014 3100 3099
f 3103 3104 3101
f 3104 3102 3101
f 3106 3107 3105
f 3105 3107 3108
f 3107 3109 3108
f 3108 3109 3110
f 3109 3111 3110
f 3110 3111 3112
f 3111 3113 3112
f 3112 3113 3114
f 3113 3115 3114
f 3114 3115 3116
f 3115 3117 3116
f 3116 3117 3118
f 3117 3104 3118
f 3118 3104 3103
f 3119 3120 2999
f 3120 3000 2999
f 3003 3006 3105
f 3006 3106 3105
f 3120 3119 3121
f 3120 3121 3122
f 3121 3123 3122
f 3122 3123 3124
f 3123 3125 3124
f 3124 3125 3126
f 3125 3127 3126
f 3126 3127 3128
f 3127 3129 3128
f 3128 3129 3130
f 3129 3131 3130
f 3130 3131 3132
f 3133 3134 3131
f 3134 3132 3131
f 3135 3136 2991
f 3136 2992 2991
f 2995 2998 3133
f 2998 3134 3133
f 3137 3138 3139
f 3138 3140 3139
f 3139 3140 3135
f 3140 3136 3135
f 3141 3142 2983
f 3142 2984 2983
f 2987 2990 3137
f 2990 3138 3137
f 3142 3141 3143
f 3141 3144 3143
f 3143 3144 3145
f 3146 3147 2386
f 3147 2387 2386
f 2447 2446 3148
f 2446 3149 3148
f 3048 3047 3150
f 3047 2463 3150
f 3150 2463 2462
f 2464 2467 2468
f 2467 2469 2468
f 2962 2961 2977
f 2961 2978 2977
f 2979 2982 3151
f 2982 3152 3151
f 3151 3152 3144
f 3152 3145 3144
f 3147 3146 3153
f 3146 3154 3153
f 3155 3153 3156
f 3153 3154 3156
f 3146 3148 3154
f 3148 3156 3154
f 3156 3148 3155
f 3155 3148 3149
f 2572 2570 2817
f 2823 2559 2558
f 2817 2819 2572
f 2819 2568 2572
f 2572 2568 2567
f 2356 2358 2558
f 2358 2360 2558
f 2558 2360 2823
f 2815 2576 2555
f 2576 2575 2555
f 3157 2547 3158
f 2547 2551 3158
f 2320 2322 2563
f 2344 2346 2575
f 2553 2547 2555
f 2547 3157 2555
f 2555 3157 2815
f 3157 3159 2815
f 2815 3159 2814
f 2360 2314 2823
f 2314 2316 2823
f 2823 2316 2318
f 2346 2348 2575
f 2348 2350 2575
f 2575 2350 2555
f 2350 2352 2555
f 2555 2352 2558
f 2352 2354 2558
f 2558 2354 2356
f 2561 2821 2563
f 2821 2823 2563
f 2563 2823 2320
f 2823 2318 2320
f 2322 2324 2563
f 2324 2326 2563
f 2563 2326 2567
f 2326 2328 2567
f 2567 2328 2330
f 2330 2332 2567
f 2332 2334 2567
f 2567 2334 2572
f 2334 2336 2572
f 2336 2338 2572
f 2338 2340 2572
f 2572 2340 2575
f 2340 2342 2575
f 2575 2342 2344
f 3160 3161 3162
f 714 726 731
f 740 742 3160
f 653 3164 651
f 601 517 515
f 615 467 458
f 416 413 3166
f 789 791 3162
f 3167 791 335
f 332 330 337
f 330 789 337
f 789 3162 337
f 337 3162 349
f 3162 347 349
f 3168 365 353
f 765 767 3161
f 767 355 3161
f 355 338 3161
f 3161 338 341
f 341 343 3161
f 343 345 3161
f 3161 345 3162
f 345 347 3162
f 404 406 3169
f 406 408 3169
f 3169 408 410
f 2224 2223 3170
f 2223 2222 3170
f 2225 376 2226
f 376 2227 2226
f 2227 376 2228
f 376 378 2228
f 2228 378 2229
f 378 380 2229
f 2229 380 2230
f 380 382 2230
f 2230 382 2231
f 382 384 2231
f 2231 384 2232
f 384 386 2232
f 2232 386 2233
f 386 388 2233
f 2233 388 2234
f 388 390 2234
f 2234 390 2235
f 390 392 2235
f 2235 392 2236
f 392 394 2236
f 2236 394 2237
f 394 396 2237
f 2237 396 2238
f 396 398 2238
f 2238 398 3171
f 398 400 3171
f 3171 400 3169
f 400 402 3169
f 3169 402 404
f 368 370 3170
f 370 372 3170
f 2225 2224 376
f 2224 3170 376
f 376 3170 374
f 3170 372 374
f 353 3166 3168
f 3166 413 3168
f 3168 413 3170
f 413 366 3170
f 3170 366 368
f 619 439 419
f 424 426 3165
f 619 419 3165
f 419 422 3165
f 3165 422 424
f 426 428 3165
f 3165 428 430
f 414 416 418
f 416 432 418
f 460 617 3172
f 460 461 617
f 461 436 617
f 617 436 434
f 465 463 469
f 463 613 469
f 1829 1830 613
f 1830 1831 613
f 1810 469 1833
f 469 613 1833
f 1833 613 1832
f 613 1831 1832
f 1818 1819 3172
f 1819 1820 3172
f 1810 1811 469
f 1811 1812 469
f 469 1812 477
f 1812 1813 477
f 477 1813 1814
f 1820 1821 3172
f 1821 1822 3172
f 3172 1822 460
f 1822 1823 460
f 460 1823 1824
f 1824 1825 460
f 1825 1826 460
f 460 1826 1827
f 1814 1815 477
f 1815 1816 477
f 477 1816 3172
f 1816 1817 3172
f 3172 1817 1818
f 458 460 615
f 460 1827 615
f 615 1827 613
f 1827 1828 613
f 613 1828 1829
f 497 495 605
f 510 508 3173
f 508 506 3173
f 506 504 3173
f 504 502 3173
f 3173 502 500
f 500 497 3173
f 497 605 3173
f 3173 605 3174
f 605 607 3174
f 3174 607 499
f 519 513 603
f 513 510 603
f 499 480 3174
f 3174 480 483
f 483 485 3174
f 485 487 3174
f 3174 487 489
f 489 491 3174
f 491 609 3174
f 3174 609 3172
f 609 611 3172
f 3172 611 477
f 611 475 477
f 474 472 479
f 472 609 479
f 479 609 493
f 609 491 493
f 524 517 3175
f 517 601 3175
f 3175 601 3173
f 601 603 3173
f 3173 603 510
f 3176 597 599
f 530 521 599
f 521 523 599
f 599 523 3176
f 591 563 561
f 572 566 591
f 566 563 591
f 555 553 3177
f 553 550 3177
f 559 557 3177
f 3177 557 555
f 552 3176 595
f 3176 3177 595
f 595 3177 593
f 3177 550 593
f 593 550 548
f 552 533 3176
f 3176 533 536
f 536 538 3176
f 538 540 3176
f 3176 540 542
f 528 526 532
f 526 597 532
f 532 597 546
f 597 3176 546
f 546 3176 544
f 3176 542 544
f 1880 1881 574
f 1875 591 3177
f 591 561 3177
f 3177 561 559
f 1879 1880 589
f 1880 574 589
f 589 574 568
f 574 570 568
f 1881 1858 574
f 1858 1859 574
f 574 1859 1860
f 1868 1869 3178
f 1869 1870 3178
f 3178 1870 3177
f 1870 1871 3177
f 3177 1871 1872
f 1872 1873 3177
f 1873 1874 3177
f 3177 1874 1875
f 1875 1876 591
f 1876 1877 591
f 591 1877 589
f 1877 1878 589
f 589 1878 1879
f 580 578 585
f 1865 1866 3178
f 1866 1867 3178
f 3178 1867 1868
f 580 585 583
f 582 576 587
f 576 574 587
f 1860 1861 574
f 1861 1862 574
f 574 1862 587
f 1862 1863 587
f 587 1863 585
f 1863 1864 585
f 1864 1865 585
f 1865 3178 585
f 585 3178 583
f 3178 3179 583
f 583 3179 584
f 689 444 3179
f 444 446 3179
f 3179 446 584
f 446 448 584
f 3179 3178 689
f 689 3178 687
f 3178 3177 687
f 621 443 3180
f 3180 629 627
f 638 636 3181
f 636 633 3181
f 3181 633 3180
f 633 631 3180
f 3180 631 629
f 627 625 3180
f 625 623 3180
f 3180 623 621
f 3182 640 3183
f 640 638 3183
f 675 677 3182
f 677 679 3182
f 3182 679 681
f 681 683 3182
f 683 685 3182
f 3182 685 640
f 673 3184 671
f 3184 669 671
f 663 665 3184
f 665 667 3184
f 3184 667 669
f 2214 2213 661
f 661 2213 659
f 2213 2212 659
f 659 2212 657
f 2212 2211 657
f 657 2211 655
f 2211 2210 655
f 655 2210 653
f 643 645 641
f 645 647 641
f 641 647 649
f 359 357 785
f 769 359 3185
f 363 361 3181
f 638 3181 3183
f 3181 361 3183
f 3183 361 641
f 359 785 3185
f 3185 785 3181
f 785 787 3181
f 3181 787 363
f 777 775 3186
f 775 773 3186
f 3186 773 3185
f 773 771 3185
f 3185 771 769
f 784 781 3186
f 781 779 3186
f 3186 779 777
f 2859 784 2861
f 784 3186 2861
f 2861 3186 2864
f 3186 3187 2864
f 2864 3187 2865
f 3187 2866 2865
f 2867 2866 3188
f 2866 3187 3188
f 3188 3187 3189
f 3187 3167 3189
f 3189 3167 3190
f 3167 335 3190
f 3190 335 793
f 755 753 3191
f 753 457 3191
f 3160 742 3161
f 742 744 3161
f 3161 744 746
f 763 761 3192
f 761 759 3192
f 3192 759 3191
f 759 757 3191
f 3191 757 755
f 728 736 3160
f 736 738 3160
f 3160 738 740
f 3160 733 728
f 728 733 730
f 731 733 2368
f 717 715 3185
f 715 714 3185
f 714 731 3185
f 3185 731 3186
f 3186 731 2369
f 731 2368 2369
f 3163 2002 3180
f 2002 2004 3180
f 2042 2044 3163
f 2004 2006 3180
f 2006 2008 3180
f 3180 2008 2010
f 2018 2020 3181
f 2020 2022 3181
f 721 719 3185
f 3185 719 717
f 2044 2046 3163
f 2046 2048 3163
f 3163 2048 2002
f 2038 2040 706
f 2010 2012 3180
f 2012 2014 3180
f 3180 2014 3181
f 2014 2016 3181
f 3181 2016 2018
f 2022 2024 3181
f 2024 2026 3181
f 3181 2026 3185
f 2026 2028 3185
f 3185 2028 2030
f 723 721 2034
f 721 3185 2034
f 2034 3185 2032
f 3185 2030 2032
f 2036 712 2034
f 2034 712 723
f 2040 2042 706
f 706 2042 704
f 710 712 708
f 708 712 706
f 712 2036 706
f 706 2036 2038
f 3163 696 698
f 696 3163 451
f 3163 691 451
f 451 691 453
f 698 700 3163
f 700 702 3163
f 3163 702 2042
f 2042 702 704
f 2369 2370 3186
f 2370 2371 3186
f 3186 2371 2372
f 2375 3187 2374
f 3187 3186 2374
f 2374 3186 2373
f 3186 2372 2373
f 2384 3167 2383
f 3167 2382 2383
f 2375 2376 3187
f 2376 2377 3187
f 3187 2377 2378
f 2384 2385 3167
f 2385 2362 3167
f 3167 2362 3193
f 2362 2363 3193
f 3193 2363 2364
f 2364 2365 3193
f 2365 2366 3193
f 3193 2366 733
f 2366 2367 733
f 733 2367 2368
f 2378 2379 3187
f 2379 2380 3187
f 3187 2380 3167
f 2380 2381 3167
f 3167 2381 2382
f 410 365 3169
f 365 3168 3169
f 3169 3168 2218
f 2222 2221 3170
f 2221 2220 3170
f 3170 2220 3168
f 2220 2219 3168
f 3168 2219 2218
f 2218 2241 3169
f 2241 2240 3169
f 3169 2240 3171
f 2240 2239 3171
f 3171 2239 2238
f 2207 2206 3164
f 2207 3164 2208
f 653 2210 3164
f 2210 2209 3164
f 3164 2209 2208
f 2216 3184 2217
f 3184 2194 2217
f 661 663 2214
f 663 3184 2214
f 2214 3184 2215
f 3184 2216 2215
f 649 651 641
f 651 3164 641
f 641 3164 3183
f 3164 2206 3183
f 3183 2206 2205
f 673 675 3184
f 675 3182 3184
f 3184 3182 2194
f 3182 2195 2194
f 2205 2204 3183
f 2204 2203 3183
f 3183 2203 2202
f 2198 2197 3182
f 2197 2196 3182
f 3182 2196 2195
f 2202 2201 3183
f 2201 2200 3183
f 3183 2200 3182
f 2200 2199 3182
f 3182 2199 2198
f 1958 1960 3192
f 3161 1968 1970
f 1998 2000 3194
f 2000 1954 3194
f 3194 1954 3192
f 1954 1956 3192
f 3192 1956 1958
f 1960 1962 3192
f 1962 1964 3192
f 3192 1964 1966
f 1990 1992 3194
f 750 752 748
f 752 763 748
f 748 763 746
f 763 3192 746
f 746 3192 3161
f 3192 1966 3161
f 3161 1966 1968
f 1992 1994 3194
f 1994 1996 3194
f 3194 1996 1998
f 1970 1972 3161
f 1972 1974 3161
f 3161 1974 1976
f 1978 1980 3166
f 1980 1982 3166
f 430 432 3165
f 432 416 3165
f 3165 416 3194
f 416 3166 3194
f 3194 3166 1990
f 3166 1988 1990
f 1976 1978 3161
f 1978 3166 3161
f 3161 3166 765
f 3166 353 765
f 765 353 351
f 1982 1984 3166
f 1984 1986 3166
f 3166 1986 1988
f 617 619 3172
f 619 3165 3172
f 3172 3165 3174
f 3165 3194 3174
f 3174 3194 3173
f 3194 3192 3173
f 3173 3192 3175
f 3192 3191 3175
f 3175 3191 694
f 3191 457 694
f 694 457 455
f 733 3160 3193
f 3160 3162 3193
f 3193 3162 3167
f 3162 791 3167
f 791 334 335
f 1835 523 1834
f 523 524 1834
f 1834 524 1857
f 1846 1847 3175
f 1835 1836 523
f 1836 1837 523
f 523 1837 1838
f 1838 1839 523
f 1839 1840 523
f 523 1840 3176
f 1840 1841 3176
f 3176 1841 1842
f 1842 1843 3176
f 1843 1844 3176
f 3176 1844 1845
f 694 3176 3175
f 3175 3176 1846
f 3176 1845 1846
f 1847 1848 3175
f 1848 1849 3175
f 3175 1849 1850
f 1850 1851 3175
f 1851 1852 3175
f 3175 1852 524
f 1852 1853 524
f 524 1853 1854
f 1854 1855 524
f 1855 1856 524
f 524 1856 1857
f 694 691 3176
f 691 3163 3176
f 3176 3163 3177
f 3163 3180 3177
f 3177 3180 687
f 3180 443 687
f 687 443 441
f 2732 2730 2728
f 2715 2713 2711
f 2726 2724 2728
f 2724 2723 2728
f 2711 2710 2715
f 2710 2719 2715
f 2715 2719 2717
f 2737 2736 2707
f 2736 2735 2707
f 3195 2702 3196
f 2702 2703 3196
f 2705 2702 2707
f 2702 3195 2707
f 2707 3195 2737
f 3195 3197 2737
f 2737 3197 2743
f 2735 2272 2274
f 2256 2723 2254
f 2723 2719 2254
f 2254 2719 2252
f 2719 2250 2252
f 2274 2276 2735
f 2276 2278 2735
f 2735 2278 2707
f 2278 2280 2707
f 2707 2280 2282
f 2282 2284 2707
f 2284 2286 2707
f 2707 2286 2710
f 2286 2288 2710
f 2710 2288 2242
f 2242 2244 2710
f 2244 2246 2710
f 2710 2246 2719
f 2246 2248 2719
f 2719 2248 2250
f 2262 2728 2260
f 2728 2723 2260
f 2260 2723 2258
f 2723 2256 2258
f 2262 2264 2728
f 2264 2266 2728
f 2728 2266 2732
f 2266 2268 2732
f 2732 2268 2735
f 2268 2270 2735
f 2735 2270 2272
f 3198 3199 3200
f 2096 2050 3201
f 2453 2455 3202
f 2653 2655 2654
f 3037 3034 3203
f 2920 3205 2918
f 2926 2928 2930
f 2868 2869 3206
f 2873 2871 2868
f 2891 2893 3207
f 2893 2895 3207
f 3207 2895 2881
f 2879 2877 2876
f 2868 3206 2873
f 3206 3207 2873
f 2873 3207 2876
f 3207 2881 2876
f 2876 2881 2879
f 2905 2903 2902
f 2907 2905 3208
f 2905 3198 3208
f 2882 2885 3199
f 2885 2887 3199
f 3199 2887 3207
f 2887 2889 3207
f 3207 2889 2891
f 2905 2902 3198
f 2902 2899 3198
f 3198 2899 3199
f 2899 2897 3199
f 3199 2897 2882
f 2949 2954 2951
f 2954 2953 2951
f 2162 2161 3208
f 2161 2160 3208
f 3208 2160 2159
f 2949 2947 2954
f 2947 2907 2954
f 2954 2907 2944
f 2907 3208 2944
f 2944 3208 2158
f 3208 2159 2158
f 2169 3205 2146
f 3205 2930 2146
f 2146 2930 2147
f 2930 2148 2147
f 2158 2157 2944
f 2157 2156 2944
f 2944 2156 2942
f 2156 2155 2942
f 2942 2155 2940
f 2155 2154 2940
f 2940 2154 2938
f 2154 2153 2938
f 2938 2153 2936
f 2153 2152 2936
f 2936 2152 2934
f 2152 2151 2934
f 2934 2151 2932
f 2151 2150 2932
f 2932 2150 2930
f 2150 2149 2930
f 2930 2149 2148
f 2169 2168 3205
f 2168 2167 3205
f 3205 2167 2166
f 2166 2165 3205
f 2165 2164 3205
f 3205 2164 3208
f 2164 2163 3208
f 3208 2163 2162
f 2926 2930 2924
f 3205 2920 2930
f 2920 2922 2930
f 2930 2922 2924
f 2912 2914 3205
f 2914 2916 3205
f 3205 2916 2918
f 3204 2961 2964
f 2964 2966 3204
f 2966 2968 3204
f 3204 2968 2970
f 2958 2956 2960
f 2956 3209 2960
f 2960 3209 2974
f 3209 3204 2974
f 2974 3204 2972
f 3204 2970 2972
f 3204 2975 2961
f 2961 2975 2978
f 2994 2992 3210
f 1950 1951 2975
f 1938 1939 3210
f 1939 1940 3210
f 3210 1940 1941
f 1948 1949 2997
f 1949 1950 2997
f 1951 1952 2975
f 1952 1953 2975
f 2975 1953 2981
f 1953 1930 2981
f 2981 1930 1931
f 1931 1932 2981
f 1932 1933 2981
f 2981 1933 1934
f 1941 1942 3210
f 1942 1943 3210
f 3210 1943 2994
f 1943 1944 2994
f 1944 1945 2994
f 1945 1946 2994
f 2994 1946 2997
f 1946 1947 2997
f 2997 1947 1948
f 3211 3143 3152
f 3143 3145 3152
f 2984 3142 2986
f 3142 3143 2986
f 1936 2986 1935
f 2986 3143 1935
f 1935 3143 1934
f 3143 3211 1934
f 1934 3211 2981
f 3211 3152 2981
f 2981 3152 2982
f 1936 1937 2986
f 1937 1938 2986
f 2986 1938 2989
f 1938 3210 2989
f 2989 3210 2990
f 3138 2990 3140
f 2990 3210 3140
f 3140 3210 3136
f 3210 2992 3136
f 3013 3010 3212
f 3212 3005 3204
f 3005 3002 3204
f 3113 3111 3212
f 3111 3109 3212
f 3212 3109 3107
f 3006 3005 3106
f 3005 3212 3106
f 3212 3107 3106
f 1950 2975 2997
f 2975 3204 2997
f 2997 3204 3130
f 3010 3008 3102
f 3126 3204 3124
f 3204 3122 3124
f 3126 3128 3204
f 3204 3128 3130
f 3134 2998 3132
f 2998 2997 3132
f 2997 3130 3132
f 3102 3104 3010
f 3104 3117 3010
f 3010 3117 3212
f 3117 3115 3212
f 3212 3115 3113
f 3002 3000 3204
f 3000 3120 3204
f 3204 3120 3122
f 3016 3095 3018
f 3095 3094 3018
f 3018 3094 3213
f 3068 3066 3203
f 3068 3203 3070
f 3029 3026 3214
f 3066 3064 3203
f 3064 3063 3203
f 3079 3081 3214
f 3081 3083 3214
f 3214 3083 3085
f 3070 3203 3072
f 3203 3034 3072
f 3072 3034 3074
f 3026 3024 3214
f 3024 3077 3214
f 3214 3077 3079
f 3032 3059 3034
f 3059 3061 3034
f 3034 3061 3074
f 3085 3087 3214
f 3214 3087 3021
f 3091 3022 3089
f 3022 3021 3089
f 3021 3087 3089
f 3052 3054 3056
f 3051 3046 3049
f 3046 3045 3049
f 3049 3045 2460
f 3056 3215 3052
f 3215 3042 3052
f 3052 3042 3040
f 1890 1891 3215
f 1891 1892 3215
f 1883 1884 3216
f 1884 1885 3216
f 3216 1885 1886
f 1892 1893 3215
f 1893 1894 3215
f 3215 1894 3042
f 1894 1895 3042
f 3042 1895 1896
f 1886 1887 3216
f 1887 1888 3216
f 3216 1888 3215
f 1888 1889 3215
f 3215 1889 1890
f 1882 2466 1905
f 2466 2460 1905
f 1905 2460 1904
f 1896 1897 3042
f 1897 1898 3042
f 3042 1898 3045
f 1898 1899 3045
f 3045 1899 1900
f 1900 1901 3045
f 1901 1902 3045
f 3045 1902 2460
f 1902 1903 2460
f 2460 1903 1904
f 2460 2463 3049
f 3049 2463 3047
f 2476 2474 3216
f 2474 2472 3216
f 2472 2470 3216
f 3216 2470 2469
f 1882 1883 2466
f 1883 3216 2466
f 3216 2469 2466
f 2466 2469 2467
f 2487 2485 2482
f 2482 2480 2487
f 2480 2478 2487
f 2487 2478 3216
f 2478 2476 3216
f 3056 3038 3215
f 3038 3037 3215
f 3215 3037 3216
f 3037 3203 3216
f 3216 3203 2487
f 3203 3201 2487
f 3217 3218 3219
f 3218 2489 3219
f 2526 2528 3218
f 2528 2530 3218
f 2530 2532 3218
f 2532 2534 3218
f 3218 2534 2489
f 2191 2190 3218
f 2187 2526 2188
f 2526 3218 2188
f 2188 3218 2189
f 3218 2190 2189
f 2174 2504 2175
f 2504 2506 2175
f 2175 2506 2176
f 2506 2508 2176
f 2176 2508 2177
f 2508 2510 2177
f 2177 2510 2178
f 2510 2512 2178
f 2178 2512 2179
f 2512 2514 2179
f 2179 2514 2180
f 2514 2516 2180
f 2180 2516 2181
f 2516 2518 2181
f 2181 2518 2182
f 2518 2520 2182
f 2182 2520 2183
f 2520 2522 2183
f 2183 2522 2184
f 2522 2524 2184
f 2184 2524 2185
f 2524 2526 2185
f 2185 2526 2186
f 2526 2187 2186
f 2174 2173 2504
f 2173 2172 2504
f 2504 2172 2502
f 2172 2171 2502
f 2171 2170 2502
f 2502 2170 3217
f 2170 2193 3217
f 3217 2193 3218
f 2193 2192 3218
f 3218 2192 2191
f 2490 2492 2494
f 2494 2496 2490
f 2496 2498 2490
f 2490 2498 2500
f 2541 3219 2544
f 3219 3220 2544
f 2639 2637 3220
f 2637 2635 3220
f 2545 2544 2632
f 2544 3220 2632
f 2632 3220 2633
f 3220 2635 2633
f 2541 2539 3219
f 2539 2537 3219
f 3219 2537 3217
f 2537 2490 3217
f 3217 2490 2502
f 2490 2500 2502
f 3221 2653 2650
f 2641 2639 3221
f 2648 2646 2650
f 2646 2643 2650
f 2650 2643 3221
f 3221 2643 2641
f 3222 2661 2655
f 2312 3206 2311
f 3206 2310 2311
f 2297 2298 3223
f 2298 2299 3223
f 2305 3222 2304
f 3222 2303 2304
f 2312 2313 3206
f 2313 2290 3206
f 3206 2290 3207
f 2290 2291 3207
f 3207 2291 2292
f 2299 2300 3223
f 2300 2301 3223
f 3223 2301 2302
f 2653 3221 2655
f 3221 3223 2655
f 2655 3223 3222
f 3223 2302 3222
f 3222 2302 2303
f 2305 2306 3222
f 2306 2307 3222
f 3222 2307 3224
f 2307 2308 3224
f 3224 2308 3206
f 2308 2309 3206
f 3206 2309 2310
f 1926 1927 3155
f 1906 3153 1929
f 3153 3155 1929
f 1929 3155 1928
f 3155 1927 1928
f 1912 1913 3225
f 1907 1908 3212
f 1908 1909 3212
f 1909 1910 3212
f 3212 1910 1911
f 3213 1923 1924
f 3014 3013 3225
f 3013 3212 3225
f 3225 3212 1912
f 3212 1911 1912
f 1913 1914 3225
f 1914 1915 3225
f 3225 1915 1916
f 3021 3018 3214
f 3018 3213 3214
f 3214 3213 3202
f 3213 1924 3202
f 3202 1924 1925
f 1916 1917 3225
f 1917 1918 3225
f 3225 1918 3213
f 1918 1919 3213
f 3213 1919 1920
f 1920 1921 3213
f 1921 1922 3213
f 3213 1922 1923
f 2390 2388 3212
f 2388 2387 3212
f 1906 1907 3153
f 1907 3212 3153
f 3212 2387 3153
f 3153 2387 3147
f 3209 2098 2100
f 2394 2392 3212
f 3212 2392 2390
f 2100 2102 3209
f 2102 2104 3209
f 3209 2104 2106
f 2114 2116 3204
f 2116 2118 3204
f 2134 2136 2405
f 2106 2108 3209
f 2108 2110 3209
f 3209 2110 3204
f 2110 2112 3204
f 3204 2112 2114
f 2118 2120 3204
f 2120 2122 3204
f 3204 2122 3212
f 2122 2124 3212
f 3212 2124 2126
f 2396 2394 2130
f 2394 3212 2130
f 2130 3212 2128
f 3212 2126 2128
f 2138 2140 3200
f 2140 2142 3200
f 3200 2142 2144
f 2132 2398 2130
f 2130 2398 2396
f 2136 2138 2405
f 2405 2138 2417
f 2403 2401 2405
f 2401 2398 2405
f 2398 2132 2405
f 2405 2132 2134
f 2409 2411 3200
f 2409 3200 2406
f 2411 2413 3200
f 2413 2415 3200
f 3200 2415 2138
f 2138 2415 2417
f 2421 2406 2418
f 2406 3200 2418
f 3200 3199 2418
f 2418 3199 2424
f 2430 2428 3226
f 2428 2427 3226
f 3202 2455 3214
f 2455 2457 3214
f 3214 2457 2459
f 2438 2436 3227
f 2436 2434 3227
f 3227 2434 3226
f 2434 2432 3226
f 3226 2432 2430
f 2446 2449 3202
f 2449 2451 3202
f 3202 2451 2453
f 1925 1926 3202
f 1926 3155 3202
f 3202 3155 2446
f 3155 3149 2446
f 2424 3199 3228
f 3228 3199 2296
f 2292 2293 3207
f 2293 2294 3207
f 3207 2294 3199
f 2294 2295 3199
f 3199 2295 2296
f 2054 2056 3227
f 3201 2050 3227
f 2050 2052 3227
f 3227 2052 2054
f 3214 2064 2066
f 2074 2076 3203
f 2056 2058 3227
f 2058 2060 3227
f 3227 2060 2062
f 2443 2440 2445
f 2440 2438 2445
f 2445 2438 2459
f 2438 3227 2459
f 2459 3227 3214
f 3227 2062 3214
f 3214 2062 2064
f 2066 2068 3214
f 2068 2070 3214
f 3214 2070 2072
f 2072 2074 3214
f 2074 3203 3214
f 3214 3203 3029
f 3203 3063 3029
f 3029 3063 3030
f 2076 2078 3203
f 2078 2080 3203
f 3203 2080 2082
f 2082 2084 3203
f 2084 2086 3203
f 3203 2086 3201
f 2086 2088 3201
f 3201 2088 2090
f 2090 2092 3201
f 2092 2094 3201
f 3201 2094 2096
f 2639 3220 3221
f 3221 3220 3223
f 3220 3228 3223
f 3223 3228 2297
f 3228 2296 2297
f 2489 2487 3219
f 2487 3201 3219
f 3219 3201 3220
f 3201 3227 3220
f 3220 3227 3228
f 3227 3226 3228
f 3228 3226 2424
f 3226 2427 2424
f 2424 2427 2425
f 3094 3093 3213
f 3093 3096 3213
f 3213 3096 3225
f 3096 3098 3225
f 3225 3098 3014
f 3098 3100 3014
f 2144 2098 3200
f 2098 3209 3200
f 3200 3209 3198
f 3209 2956 3198
f 3198 2956 3208
f 2956 2908 3208
f 3208 2908 3205
f 2908 2910 3205
f 3205 2910 2912
f 2841 2848 2764
f 2848 2867 2764
f 3229 2760 3230
f 2760 2762 3230
f 3230 2762 3231
f 2773 2799 2805
f 3232 2814 3233
f 2814 3159 3233
f 3233 3159 3234
f 3159 3157 3234
f 3234 3157 3235
f 3157 3158 3235
f 3235 3158 3229
f 3158 2551 3229
f 3229 2551 2760
f 2551 2550 2760
f 2760 2550 2832
f 2805 2814 2773
f 2814 3232 2773
f 2773 3232 2771
f 3232 3236 2771
f 2771 3236 2769
f 3236 3237 2769
f 2673 2666 2662
f 3238 2661 3239
f 2661 3222 3239
f 3239 3222 3240
f 3222 3224 3240
f 3240 3224 3241
f 3224 3206 3241
f 3241 3206 3237
f 3206 2869 3237
f 3237 2869 2769
f 2869 2784 2769
f 2769 2784 2783
f 2662 2661 2673
f 2661 3238 2673
f 2673 3238 2756
f 3238 3242 2756
f 2756 3242 2686
f 3242 3243 2686
f 2755 2748 2744
f 3244 2743 3245
f 2743 3197 3245
f 3245 3197 3246
f 3197 3195 3246
f 3246 3195 3247
f 3195 3196 3247
f 3247 3196 3243
f 3196 2703 3243
f 3243 2703 2686
f 2703 2697 2686
f 2686 2697 2687
f 2744 2743 2755
f 2743 3244 2755
f 2755 3244 2757
f 3244 3248 2757
f 2757 3248 313
f 3248 3249 313
f 2762 2764 3231
f 2764 2867 3231
f 3231 2867 3250
f 2867 3188 3250
f 3250 3188 3251
f 3188 3189 3251
f 3251 3189 3252
f 3189 3190 3252
f 3252 3190 3249
f 3190 793 3249
f 3249 793 313
f 793 324 313
f 313 324 314
f 3253 3254 3255
f 3254 3256 3255
f 3255 3256 3257
f 3256 3258 3257
f 3257 3258 3259
f 3258 3260 3259
f 3259 3260 3261
f 3260 3262 3261
f 3261 3262 3263
f 3262 3264 3263
f 3263 3264 3265
f 3264 3266 3265
f 3265 3266 3267
f 3266 3268 3267
f 3267 3268 3269
f 3268 3270 3269
f 3269 3270 3271
f 3270 3272 3271
f 3271 3272 3273
f 3272 3274 3273
f 3273 3274 3275
f 3274 3276 3275
f 3275 3276 3277
f 3276 3278 3277
f 3277 3278 3279
f 3278 3280 3279
f 3279 3280 3281
f 3280 3282 3281
f 3281 3282 3283
f 3282 3284 3283
f 3283 3284 3285
f 3284 3286 3285
f 3285 3286 3287
f 3286 3288 3287
f 3287 3288 3289
f 3288 3290 3289
f 3289 3290 3291
f 3290 3292 3291
f 3291 3292 3293
f 3292 3294 3293
f 3293 3294 3295
f 3294 3296 3295
f 3295 3296 3297
f 3296 3298 3297
f 3297 3298 3299
f 3298 3300 3299
f 3299 3300 3253
f 3300 3254 3253
f 3301 3302 3303
f 3302 3304 3303
f 3303 3304 3305
f 3304 3306 3305
f 3305 3306 3307
f 3306 3308 3307
f 3307 3308 3309
f 3308 3310 3309
f 3309 3310 3311
f 3310 3312 3311
f 3311 3312 3313
f 3312 3314 3313
f 3313 3314 3315
f 3314 3316 3315
f 3315 3316 3317
f 3316 3318 3317
f 3317 3318 3319
f 3318 3320 3319
f 3319 3320 3321
f 3320 3322 3321
f 3321 3322 3323
f 3322 3324 3323
f 3323 3324 3325
f 3324 3326 3325
f 3325 3326 3327
f 3326 3328 3327
f 3327 3328 3329
f 3328 3330 3329
f 3329 3330 3331
f 3330 3332 3331
f 3331 3332 3333
f 3332 3334 3333
f 3333 3334 3335
f 3334 3336 3335
f 3335 3336 3337
f 3336 3338 3337
f 3337 3338 3339
f 3338 3340 3339
f 3339 3340 3341
f 3340 3342 3341
f 3341 3342 3343
f 3342 3344 3343
f 3343 3344 3345
f 3344 3346 3345
f 3345 3346 3347
f 3346 3348 3347
f 3347 3348 3301
f 3348 3302 3301
f 3349 3350 3351
f 3350 3352 3351
f 3351 3352 3353
f 3352 3354 3353
f 3353 3354 3355
f 3354 3356 3355
f 3355 3356 3357
f 3356 3358 3357
f 3357 3358 3359
f 3358 3360 3359
f 3359 3360 3361
f 3360 3362 3361
f 3361 3362 3363
f 3362 3364 3363
f 3363 3364 3365
f 3364 3366 3365
f 3365 3366 3367
f 3366 3368 3367
f 3367 3368 3369
f 3368 3370 3369
f 3369 3370 3371
f 3370 3372 3371
f 3371 3372 3373
f 3372 3374 3373
f 3373 3374 3375
f 3374 3376 3375
f 3375 3376 3377
f 3376 3378 3377
f 3377 3378 3379
f 3378 3380 3379
f 3379 3380 3381
f 3380 3382 3381
f 3381 3382 3383
f 3382 3384 3383
f 3383 3384 3385
f 3384 3386 3385
f 3385 3386 3387
f 3386 3388 3387
f 3387 3388 3389
f 3388 3390 3389
f 3389 3390 3391
f 3390 3392 3391
f 3391 3392 3393
f 3392 3394 3393
f 3393 3394 3395
f 3394 3396 3395
f 3395 3396 3349
f 3396 3350 3349
f 3397 3398 3399
f 3398 3400 3399
f 3399 3400 3401
f 3400 3402 3401
f 3401 3402 3403
f 3402 3404 3403
f 3403 3404 3405
f 3404 3406 3405
f 3405 3406 3407
f 3406 3408 3407
f 3407 3408 3409
f 3408 3410 3409
f 3409 3410 3411
f 3410 3412 3411
f 3411 3412 3413
f 3412 3414 3413
f 3413 3414 3415
f 3414 3416 3415
f 3415 3416 3417
f 3416 3418 3417
f 3417 3418 3419
f 3418 3420 3419
f 3419 3420 3421
f 3420 3422 3421
f 3421 3422 3423
f 3422 3424 3423
f 3423 3424 3425
f 3424 3426 3425
f 3425 3426 3427
f 3426 3428 3427
f 3427 3428 3429
f 3428 3430 3429
f 3429 3430 3431
f 3430 3432 3431
f 3431 3432 3433
f 3432 3434 3433
f 3433 3434 3435
f 3434 3436 3435
f 3435 3436 3437
f 3436 3438 3437
f 3437 3438 3439
f 3438 3440 3439
f 3439 3440 3441
f 3440 3442 3441
f 3441 3442 3443
f 3442 3444 3443
f 3443 3444 3397
f 3444 3398 3397
f 1796 3445 1798
f 3445 3446 1798
f 3447 3446 3448
f 3446 3445 3448
f 3450 1809 3451
f 3454 1808 3450
f 1808 1809 3450
f 3450 3455 3454
f 3455 3456 3454
f 3456 3457 3458
f 3457 3459 3458
f 3457 3456 3460
f 3456 3455 3460
f 3461 3457 3462
f 3457 3460 3462
f 3463 3464 3465
f 3464 3459 3465
f 3465 3459 3461
f 3459 3457 3461
f 3466 3467 3468
f 3466 3468 3469
f 3468 3470 3469
f 3469 3470 3471
f 3470 3472 3471
f 3471 3472 3473
f 3472 3474 3473
f 3473 3474 3475
f 3474 3476 3475
f 3475 3476 3477
f 3476 3465 3477
f 3477 3465 3461
f 3478 3466 3469
f 3478 3469 3479
f 3469 3471 3479
f 3479 3471 3480
f 3471 3473 3480
f 3480 3473 3481
f 3473 3475 3481
f 3481 3475 3482
f 3475 3477 3482
f 3482 3477 3483
f 3477 3461 3483
f 3483 3461 3462
f 3484 3485 3486
f 3485 3466 3486
f 3486 3466 3478
f 3487 3467 3485
f 3467 3466 3485
f 3488 3487 3485
f 3489 3490 3491
f 3491 3492 3489
f 3492 3493 3489
f 3489 3493 3494
f 3495 3496 3497
f 3497 3498 3495
f 3498 3499 3495
f 3495 3499 3493
f 3499 3500 3493
f 3493 3500 3494
f 3501 3502 3503
f 3503 3504 3501
f 3504 3505 3501
f 3501 3505 3496
f 3505 3506 3496
f 3496 3506 3497
f 3507 3508 3509
f 3508 3510 3509
f 3509 3510 3502
f 3510 3511 3502
f 3502 3511 3503
f 3512 3513 3507
f 3513 3514 3507
f 3507 3514 3508
f 3515 3516 3512
f 3516 3517 3512
f 3512 3517 3513
f 3485 3518 3488
f 3518 3519 3488
f 3488 3519 3520
f 3519 3521 3520
f 3520 3521 3515
f 3521 3522 3515
f 3515 3522 3516
f 3523 3490 3524
f 3490 3489 3524
f 3524 3489 3525
f 3489 3494 3525
f 3494 3500 3525
f 3525 3500 3526
f 3500 3499 3526
f 3499 3498 3526
f 3526 3498 3527
f 3498 3497 3527
f 3497 3506 3527
f 3527 3506 3528
f 3506 3505 3528
f 3505 3504 3528
f 3528 3504 3529
f 3504 3503 3529
f 3503 3511 3529
f 3511 3510 3529
f 3529 3510 3530
f 3510 3508 3530
f 3508 3514 3530
f 3530 3514 3531
f 3514 3513 3531
f 3513 3517 3531
f 3531 3517 3532
f 3517 3516 3532
f 3516 3522 3532
f 3532 3522 3533
f 3485 3484 3518
f 3484 3534 3518
f 3518 3534 3519
f 3534 3533 3519
f 3519 3533 3521
f 3533 3522 3521
f 3535 3490 3536
f 3490 3523 3536
f 3537 3491 3535
f 3491 3490 3535
f 3537 3535 3538
f 3537 3538 3539
f 3538 3540 3539
f 3539 3540 3541
f 3540 3542 3541
f 3541 3542 3543
f 3542 3544 3543
f 3543 3544 3545
f 3544 3546 3545
f 3545 3546 3547
f 3546 3548 3547
f 3547 3548 3549
f 3548 3550 3549
f 3549 3550 3551
f 3550 3552 3551
f 3551 3552 3553
f 3554 3552 3550
f 3554 3550 3555
f 3550 3548 3555
f 3555 3548 3556
f 3548 3546 3556
f 3556 3546 3557
f 3546 3544 3557
f 3557 3544 3558
f 3544 3542 3558
f 3558 3542 3559
f 3542 3540 3559
f 3559 3540 3560
f 3540 3538 3560
f 3560 3538 3561
f 3538 3535 3561
f 3561 3535 3536
f 3562 3563 3564
f 3562 3564 3565
f 3564 3566 3565
f 3565 3566 3567
f 3566 3568 3567
f 3567 3568 3569
f 3568 3552 3569
f 3569 3552 3554
f 3570 3571 3572
f 3570 3572 3573
f 3572 3574 3573
f 3573 3574 3575
f 3574 3576 3575
f 3575 3576 3577
f 3576 3578 3577
f 3577 3578 3579
f 3578 3580 3579
f 3579 3580 3581
f 3580 3582 3581
f 3581 3582 3583
f 3582 3584 3583
f 3583 3584 3585
f 3584 3586 3585
f 3585 3586 3563
f 3587 3570 3573
f 3587 3573 3588
f 3573 3575 3588
f 3588 3575 3589
f 3575 3577 3589
f 3589 3577 3590
f 3577 3579 3590
f 3590 3579 3591
f 3579 3581 3591
f 3591 3581 3592
f 3581 3583 3592
f 3592 3583 3593
f 3583 3585 3593
f 3593 3585 3594
f 3585 3563 3594
f 3594 3563 3562
f 3587 3595 3570
f 3595 3596 3570
f 3570 3596 3571
f 3596 3597 3571
f 3598 3599 3600
f 3599 3601 3600
f 3602 3598 3600
f 3603 3597 3596
f 3600 3604 3602
f 3604 3605 3602
f 3602 3605 3606
f 3607 3608 3605
f 3608 3609 3605
f 3605 3609 3606
f 3610 3611 3612
f 3612 3613 3610
f 3613 3614 3610
f 3610 3614 3607
f 3614 3615 3607
f 3607 3615 3608
f 3616 3617 3618
f 3617 3619 3618
f 3618 3619 3611
f 3619 3620 3611
f 3611 3620 3612
f 3621 3622 3616
f 3622 3623 3616
f 3616 3623 3617
f 3624 3625 3621
f 3625 3626 3621
f 3621 3626 3622
f 3627 3628 3624
f 3628 3629 3624
f 3624 3629 3625
f 3596 3630 3603
f 3630 3631 3603
f 3603 3631 3632
f 3631 3633 3632
f 3632 3633 3627
f 3633 3634 3627
f 3627 3634 3628
f 3635 3598 3636
f 3598 3602 3636
f 3636 3602 3637
f 3602 3606 3637
f 3606 3609 3637
f 3637 3609 3638
f 3609 3608 3638
f 3608 3615 3638
f 3638 3615 3639
f 3615 3614 3639
f 3614 3613 3639
f 3639 3613 3640
f 3613 3612 3640
f 3612 3620 3640
f 3640 3620 3641
f 3620 3619 3641
f 3619 3617 3641
f 3617 3623 3641
f 3641 3623 3642
f 3623 3622 3642
f 3622 3626 3642
f 3642 3626 3643
f 3626 3625 3643
f 3625 3629 3643
f 3643 3629 3644
f 3629 3628 3644
f 3628 3634 3644
f 3644 3634 3645
f 3596 3595 3630
f 3595 3646 3630
f 3630 3646 3631
f 3646 3645 3631
f 3631 3645 3633
f 3645 3634 3633
f 3599 3598 3647
f 3598 3635 3647
f 3648 3649 3650
f 3649 3651 3650
f 3649 3648 3652
f 3648 3653 3652
f 3654 3653 3655
f 3653 3648 3655
f 3656 3657 3658
f 3655 3648 3658
f 3648 3650 3658
f 3658 3650 3656
f 3659 3660 3661
f 3659 3661 3662
f 3661 3663 3662
f 3662 3663 3664
f 3663 3665 3664
f 3664 3665 3666
f 3665 3667 3666
f 3666 3667 3668
f 3667 3669 3668
f 3668 3669 3670
f 3669 3655 3670
f 3670 3655 3658
f 3654 3655 3669
f 3654 3669 3671
f 3669 3667 3671
f 3671 3667 3672
f 3667 3665 3672
f 3672 3665 3673
f 3665 3663 3673
f 3673 3663 3674
f 3663 3661 3674
f 3674 3661 3675
f 3661 3660 3675
f 3675 3660 3676
f 3677 3678 3660
f 3678 3679 3660
f 3660 3679 3676
f 3659 3680 3660
f 3680 3677 3660
f 3681 3682 3683
f 3684 3677 3680
f 3680 3685 3684
f 3685 3686 3684
f 3684 3686 3687
f 3688 3689 3686
f 3689 3690 3686
f 3686 3690 3687
f 3691 3692 3693
f 3693 3694 3691
f 3694 3695 3691
f 3691 3695 3688
f 3695 3696 3688
f 3688 3696 3689
f 3697 3698 3699
f 3698 3700 3699
f 3699 3700 3692
f 3700 3701 3692
f 3692 3701 3693
f 3702 3703 3697
f 3703 3704 3697
f 3697 3704 3698
f 3705 3706 3702
f 3706 3707 3702
f 3702 3707 3703
f 3708 3709 3705
f 3709 3710 3705
f 3705 3710 3706
f 3683 3711 3681
f 3711 3712 3681
f 3681 3712 3713
f 3712 3714 3713
f 3713 3714 3708
f 3714 3715 3708
f 3708 3715 3709
f 3678 3677 3716
f 3677 3684 3716
f 3716 3684 3717
f 3684 3687 3717
f 3687 3690 3717
f 3717 3690 3718
f 3690 3689 3718
f 3689 3696 3718
f 3718 3696 3719
f 3696 3695 3719
f 3695 3694 3719
f 3719 3694 3720
f 3694 3693 3720
f 3693 3701 3720
f 3720 3701 3721
f 3701 3700 3721
f 3700 3698 3721
f 3698 3704 3721
f 3721 3704 3722
f 3704 3703 3722
f 3703 3707 3722
f 3722 3707 3723
f 3707 3706 3723
f 3706 3710 3723
f 3723 3710 3724
f 3710 3709 3724
f 3709 3715 3724
f 3724 3715 3725
f 3683 3726 3711
f 3726 3727 3711
f 3711 3727 3712
f 3727 3725 3712
f 3712 3725 3714
f 3725 3715 3714
f 3728 3726 3729
f 3726 3683 3729
f 3682 3730 3683
f 3730 3729 3683
f 3729 3730 3731
f 3729 3731 3732
f 3731 3733 3732
f 3732 3733 3734
f 3733 3735 3734
f 3734 3735 3736
f 3735 3737 3736
f 3736 3737 3738
f 3737 3739 3738
f 3738 3739 3740
f 3739 3741 3740
f 3740 3741 3742
f 3741 3743 3742
f 3742 3743 3744
f 3743 3745 3744
f 3744 3745 3746
f 3728 3729 3732
f 3728 3732 3747
f 3732 3734 3747
f 3747 3734 3748
f 3734 3736 3748
f 3748 3736 3749
f 3736 3738 3749
f 3749 3738 3750
f 3738 3740 3750
f 3750 3740 3751
f 3740 3742 3751
f 3751 3742 3752
f 3742 3744 3752
f 3752 3744 3753
f 3744 3746 3753
f 3753 3746 3754
f 3754 3746 3755
f 3754 3755 3756
f 3755 3757 3756
f 3756 3757 3758
f 3757 3759 3758
f 3758 3759 3760
f 3759 3761 3760
f 3760 3761 3762
f 3762 3761 3763
f 3762 3763 3764
f 3763 3765 3764
f 3764 3765 3766
f 3765 3767 3766
f 3766 3767 3768
f 3767 3769 3768
f 3768 3769 3770
f 3769 3771 3770
f 3770 3771 3772
f 3771 3773 3772
f 3772 3773 3774
f 3773 3775 3774
f 3774 3775 3776
f 3775 3599 3776
f 3776 3599 3647
f 3601 3599 3775
f 3601 3775 3777
f 3775 3773 3777
f 3777 3773 3778
f 3773 3771 3778
f 3778 3771 3779
f 3771 3769 3779
f 3779 3769 3780
f 3769 3767 3780
f 3780 3767 3781
f 3767 3765 3781
f 3781 3765 3782
f 3765 3763 3782
f 3782 3763 3783
f 3763 3761 3783
f 3783 3761 3784
f 3553 3552 3568
f 3784 3761 3759
f 3785 3784 3786
f 3787 3788 3789
f 3788 3790 3789
f 3789 3790 3791
f 3790 3785 3791
f 3791 3785 3792
f 3785 3786 3792
f 3793 3586 3787
f 3586 3584 3787
f 3787 3584 3788
f 3464 3463 3794
f 3463 3553 3794
f 3755 3746 3745
f 3784 3759 3786
f 3759 3757 3786
f 3786 3757 3795
f 3757 3755 3795
f 3795 3755 3796
f 3755 3745 3796
f 3796 3745 3797
f 3745 3657 3797
f 3797 3657 3656
f 3553 3568 3794
f 3568 3566 3794
f 3794 3566 3798
f 3566 3564 3798
f 3798 3564 3793
f 3564 3563 3793
f 3793 3563 3586
f 3799 3574 3572
f 3788 3582 3580
f 3800 3801 3790
f 3801 3802 3790
f 3790 3802 3803
f 3784 3785 3783
f 3785 3790 3783
f 3799 3572 3804
f 3572 3571 3804
f 3804 3571 3805
f 3571 3597 3805
f 3805 3597 3806
f 3597 3603 3806
f 3806 3603 3807
f 3603 3632 3807
f 3807 3632 3808
f 3632 3627 3808
f 3808 3627 3809
f 3627 3624 3809
f 3809 3624 3810
f 3624 3621 3810
f 3810 3621 3811
f 3582 3788 3584
f 3800 3790 3812
f 3790 3788 3812
f 3812 3788 3813
f 3788 3580 3813
f 3813 3580 3814
f 3580 3578 3814
f 3814 3578 3799
f 3578 3576 3799
f 3799 3576 3574
f 3778 3779 3815
f 3779 3780 3815
f 3815 3780 3803
f 3780 3781 3803
f 3803 3781 3790
f 3781 3782 3790
f 3790 3782 3783
f 3621 3616 3811
f 3616 3618 3811
f 3811 3618 3816
f 3618 3611 3816
f 3816 3611 3817
f 3611 3610 3817
f 3817 3610 3818
f 3610 3607 3818
f 3818 3607 3819
f 3607 3605 3819
f 3819 3605 3820
f 3605 3604 3820
f 3820 3604 3821
f 3604 3600 3821
f 3821 3600 3822
f 3600 3601 3822
f 3822 3601 3815
f 3601 3777 3815
f 3815 3777 3778
f 3821 3823 3820
f 3823 3824 3820
f 3820 3824 3819
f 3824 3825 3819
f 3819 3825 3818
f 3825 3826 3818
f 3818 3826 3817
f 3826 3827 3817
f 3817 3827 3816
f 3827 3828 3816
f 3816 3828 3811
f 3828 3829 3811
f 3811 3829 3810
f 3829 3830 3810
f 3810 3830 3809
f 3830 3831 3809
f 3809 3831 3808
f 3831 3832 3808
f 3808 3832 3807
f 3832 3833 3807
f 3807 3833 3806
f 3833 3834 3806
f 3806 3834 3805
f 3834 3835 3805
f 3805 3835 3804
f 3835 3836 3804
f 3804 3836 3799
f 3836 3837 3799
f 3799 3837 3814
f 3837 3838 3814
f 3814 3838 3813
f 3838 3839 3813
f 3813 3839 3812
f 3839 3840 3812
f 3812 3840 3800
f 3840 3841 3800
f 3800 3841 3801
f 3841 3842 3801
f 3801 3842 3802
f 3842 3843 3802
f 3802 3843 3803
f 3843 3844 3803
f 3803 3844 3815
f 3844 3845 3815
f 3815 3845 3822
f 3845 3846 3822
f 3822 3846 3821
f 3846 3823 3821
f 3651 824 825
f 807 826 809
f 826 827 809
f 3847 3848 809
f 827 3849 3850
f 827 3850 809
f 3850 3851 809
f 809 3851 3847
f 912 915 914
f 915 916 914
f 1794 1792 3650
f 1784 3656 1786
f 3656 3650 1786
f 3848 3852 809
f 3852 3853 809
f 809 3853 825
f 3853 3854 825
f 825 3854 3651
f 3854 3855 3651
f 3651 3855 3650
f 3855 3856 3650
f 1752 1750 3856
f 1792 1790 3650
f 1790 1788 3650
f 3650 1788 1786
f 1784 1782 3656
f 1782 1780 3656
f 3656 1780 3797
f 1780 1778 3797
f 1778 1776 3797
f 3797 1776 1774
f 3856 1750 3650
f 1750 1748 3650
f 3650 1748 1794
f 1677 1766 1764
f 1772 1770 1677
f 1770 1768 1677
f 1677 1768 1766
f 1689 1687 1758
f 1687 1685 1758
f 1758 1685 1760
f 1685 1683 1760
f 1760 1683 1762
f 1683 1681 1762
f 1762 1681 1764
f 1681 1679 1764
f 1764 1679 1677
f 1689 1758 1691
f 1758 1756 1691
f 1691 1756 1754
f 3857 2608 3858
f 2608 1650 3858
f 3858 1650 3859
f 1650 3860 3859
f 827 3861 3849
f 3861 914 3849
f 3849 914 3862
f 914 916 3862
f 3862 916 3857
f 916 3863 3857
f 3857 3863 2608
f 3856 3864 1752
f 3864 3865 1752
f 1752 3865 1754
f 3865 3866 1754
f 1754 3866 1691
f 3866 3867 1691
f 1691 3867 1693
f 3867 3868 1693
f 1693 3868 1695
f 3868 3869 1695
f 1695 3869 1697
f 3869 3870 1697
f 1697 3870 1698
f 3870 3871 1698
f 1698 3871 1650
f 3871 3872 1650
f 1650 3872 3860
f 3842 3841 3791
f 3837 3836 3787
f 3791 3841 3789
f 1664 3832 3831
f 3792 3844 3791
f 3844 3843 3791
f 3791 3843 3842
f 3841 3840 3789
f 3840 3839 3789
f 3789 3839 3787
f 3839 3838 3787
f 3787 3838 3837
f 3824 3823 3786
f 3823 3846 3786
f 3786 3846 3792
f 3846 3845 3792
f 3792 3845 3844
f 3836 3835 3787
f 3835 3834 3787
f 3787 3834 1664
f 3834 3833 1664
f 1664 3833 3832
f 3827 1674 3828
f 1674 1672 3828
f 3828 1672 3829
f 1672 1670 3829
f 3829 1670 3830
f 1670 1668 3830
f 3830 1668 3831
f 1668 1666 3831
f 3831 1666 1664
f 1774 1772 3797
f 1772 1677 3797
f 3797 1677 3827
f 1677 1676 3827
f 3827 1676 1674
f 3786 3795 3824
f 3795 3796 3824
f 3824 3796 3825
f 3796 3797 3825
f 3825 3797 3826
f 3797 3827 3826
f 3794 3798 1664
f 3798 3793 1664
f 1664 3793 3787
f 1652 1650 1716
f 1708 1706 1660
f 1708 1660 1710
f 3794 1702 1700
f 1740 1738 3464
f 1738 1736 3464
f 3464 1736 3459
f 1736 1734 3459
f 1734 1732 3459
f 3459 1732 1730
f 1730 1728 3459
f 1728 1726 3459
f 3459 1726 2608
f 3459 870 3458
f 870 879 3458
f 3458 879 3873
f 1702 3794 1704
f 3794 1664 1704
f 1704 1664 1706
f 1664 1662 1706
f 1706 1662 1660
f 1700 1746 3794
f 1746 1744 3794
f 3794 1744 3464
f 1744 1742 3464
f 3464 1742 1740
f 1726 1724 2608
f 1724 1722 2608
f 1722 1720 2608
f 2608 1720 1650
f 1720 1718 1650
f 1650 1718 1716
f 2606 2609 2608
f 2609 2610 2608
f 2608 2610 3459
f 2610 3874 3459
f 3459 3874 870
f 3874 882 870
f 870 882 868
f 882 881 868
f 1710 1660 1712
f 1660 1658 1712
f 1712 1658 1714
f 1658 1656 1714
f 1714 1656 1716
f 1656 1654 1716
f 1716 1654 1652
f 3875 3858 3876
f 3858 3859 3876
f 3876 3859 3877
f 3859 3860 3877
f 3877 3860 3878
f 3860 3872 3878
f 3878 3872 3879
f 3872 3871 3879
f 3879 3871 3880
f 3871 3870 3880
f 3880 3870 3881
f 3870 3869 3881
f 3881 3869 3882
f 3869 3868 3882
f 3882 3868 3883
f 3868 3867 3883
f 3883 3867 3884
f 3867 3866 3884
f 3884 3866 3885
f 3866 3865 3885
f 3885 3865 3886
f 3865 3864 3886
f 3886 3864 3887
f 3864 3856 3887
f 3887 3856 3888
f 3856 3855 3888
f 3888 3855 3889
f 3855 3854 3889
f 3889 3854 3890
f 3854 3853 3890
f 3890 3853 3891
f 3853 3852 3891
f 3891 3852 3892
f 3852 3848 3892
f 3892 3848 3893
f 3848 3847 3893
f 3893 3847 3894
f 3847 3851 3894
f 3894 3851 3895
f 3851 3850 3895
f 3895 3850 3896
f 3850 3849 3896
f 3896 3849 3897
f 3849 3862 3897
f 3897 3862 3898
f 3862 3857 3898
f 3898 3857 3875
f 3857 3858 3875
f 1622 1620 3888
f 3895 3896 1647
f 3896 3897 1647
f 1647 3897 1624
f 3888 3889 1622
f 3889 3890 1622
f 1622 3890 3891
f 3897 3898 1624
f 3898 3875 1624
f 1624 3875 1626
f 3875 3876 1626
f 1626 3876 1628
f 3876 3877 1628
f 1628 3877 1630
f 3877 3878 1630
f 1630 3878 1632
f 3878 3879 1632
f 1632 3879 1634
f 3879 3880 1634
f 1634 3880 1636
f 3880 3881 1636
f 1636 3881 1638
f 3881 3882 1638
f 1638 3882 1640
f 3882 3883 1640
f 1640 3883 1642
f 3883 3884 1642
f 1642 3884 1644
f 3884 3885 1644
f 1644 3885 1646
f 3885 3886 1646
f 1646 3886 1620
f 3886 3887 1620
f 1620 3887 3888
f 3891 3892 1622
f 3892 3893 1622
f 1622 3893 1647
f 3893 3894 1647
f 1647 3894 3895
f 3670 3658 3657
f 3657 3745 3743
f 1781 1783 3657
f 1783 3668 3657
f 3657 3668 3670
f 1783 1785 3668
f 1785 1787 3668
f 3668 1787 3666
f 1787 3664 3666
f 3743 3741 3657
f 3741 3739 3657
f 3657 3739 3737
f 3735 1775 3737
f 1775 1777 3737
f 3737 1777 3657
f 1777 1779 3657
f 3657 1779 1781
f 3664 1787 3662
f 1787 1789 3662
f 3662 1789 3659
f 1789 1791 3659
f 3659 1791 3680
f 3735 3733 1775
f 3733 3731 1775
f 1775 3731 1773
f 3731 3730 1773
f 1773 3730 1771
f 3730 3682 1771
f 1771 3682 1769
f 3682 3681 1769
f 1769 3681 1767
f 3681 3713 1767
f 1767 3713 1765
f 3713 3708 1765
f 1765 3708 1763
f 3708 3705 1763
f 1763 3705 1761
f 3705 3702 1761
f 1761 3702 1759
f 3702 3697 1759
f 3697 3699 1759
f 1759 3699 1757
f 3699 3692 1757
f 1757 3692 1755
f 3692 3691 1755
f 1755 3691 1753
f 3691 3688 1753
f 1753 3688 1751
f 3688 3686 1751
f 1751 3686 1749
f 3686 3685 1749
f 1749 3685 1747
f 3685 3680 1747
f 1747 3680 1793
f 3680 1791 1793
f 1733 1735 3474
f 1735 1737 3474
f 1737 3463 3474
f 3474 3463 3476
f 3463 3465 3476
f 1737 1739 3463
f 1739 1741 3463
f 3463 1741 1743
f 1711 1713 3507
f 3507 1713 3512
f 1713 1715 3512
f 3512 1715 3515
f 1715 1717 3515
f 3515 1717 3520
f 1717 1719 3520
f 3520 1719 3488
f 1719 1721 3488
f 3488 1721 3487
f 3553 3463 3551
f 3463 3549 3551
f 3541 3543 1743
f 3543 3545 1743
f 1743 3545 3463
f 3545 3547 3463
f 3463 3547 3549
f 1733 3474 1731
f 3474 3472 1731
f 1731 3472 1729
f 1721 1723 3487
f 1723 1725 3487
f 3487 1725 3467
f 1725 1727 3467
f 3467 1727 3468
f 1727 1729 3468
f 3468 1729 3470
f 1729 3472 3470
f 3507 3509 1711
f 3509 3502 1711
f 1711 3502 1709
f 3502 3501 1709
f 1709 3501 1707
f 3501 3496 1707
f 1707 3496 1705
f 3496 3495 1705
f 1705 3495 1703
f 3495 3493 1703
f 1703 3493 1701
f 3493 3492 1701
f 1701 3492 1699
f 3492 3491 1699
f 1699 3491 1745
f 3491 3537 1745
f 1745 3537 1743
f 3537 3539 1743
f 1743 3539 3541
f 1135 1136 3899
f 1136 1153 3899
f 3899 1153 1154
f 1618 3900 1098
f 3900 3901 1098
f 1098 3901 1097
f 1648 1621 1647
f 1621 1622 1647
f 1112 1111 1618
f 1111 3900 1618
f 1649 1651 3902
f 3645 3646 3903
f 3478 3479 1146
f 3479 3480 1146
f 1146 3480 3481
f 3481 3482 1146
f 3482 3483 1146
f 1146 3483 3462
f 997 999 3532
f 3478 1146 3486
f 1146 1144 3486
f 3486 1144 1142
f 1001 1003 1651
f 1003 1005 1651
f 3534 992 3533
f 992 994 3533
f 3533 994 3532
f 994 995 3532
f 3532 995 997
f 1142 1140 3486
f 1140 1138 3486
f 3486 1138 3484
f 1138 987 3484
f 3484 987 3534
f 987 990 3534
f 3534 990 992
f 959 961 1665
f 999 1001 3532
f 1001 1651 3532
f 3532 1651 3531
f 1651 1653 3531
f 3531 1653 3530
f 1653 1655 3530
f 3530 1655 3529
f 1655 1657 3529
f 3529 1657 3528
f 1657 1659 3528
f 3528 1659 3527
f 1659 1661 3527
f 3527 1661 1663
f 3524 3525 984
f 1663 1665 3527
f 1665 982 3527
f 3527 982 3526
f 982 980 3526
f 3526 980 978
f 3559 1613 3558
f 1613 1611 3558
f 1609 3569 1611
f 3569 3554 1611
f 1611 3554 3555
f 978 976 3526
f 976 974 3526
f 3526 974 3525
f 974 972 3525
f 3525 972 984
f 946 953 3903
f 953 955 3903
f 3903 955 1665
f 955 957 1665
f 1665 957 959
f 961 963 1665
f 963 966 1665
f 1665 966 982
f 984 986 3524
f 986 1617 3524
f 3524 1617 3523
f 1617 1615 3523
f 3555 3556 1611
f 3556 3557 1611
f 1611 3557 3558
f 1609 1607 3569
f 1607 1605 3569
f 3569 1605 3567
f 3559 3560 1613
f 3560 3561 1613
f 1613 3561 1615
f 3561 3536 1615
f 1615 3536 3523
f 3589 3590 932
f 946 3903 944
f 3903 3646 944
f 944 3646 926
f 3562 3565 940
f 940 938 3562
f 938 936 3562
f 3562 936 3594
f 936 934 3594
f 3594 934 3593
f 934 3592 3593
f 1605 1600 3567
f 1600 1602 3567
f 3567 1602 3565
f 1602 942 3565
f 3565 942 940
f 932 3590 934
f 3590 3591 934
f 934 3591 3592
f 926 3646 928
f 3646 3595 928
f 928 3595 930
f 3595 3587 930
f 930 3587 932
f 3587 3588 932
f 932 3588 3589
f 3636 3637 3904
f 3637 3638 3904
f 3904 3638 1673
f 3638 3639 1673
f 1673 3639 1671
f 3639 3640 1671
f 1671 3640 1669
f 3640 3641 1669
f 1669 3641 1667
f 3641 3642 1667
f 1667 3642 1665
f 3642 3643 1665
f 1665 3643 3903
f 3643 3644 3903
f 3903 3644 3645
f 3770 3772 1076
f 3762 1072 1070
f 3762 1070 3760
f 3770 1076 3768
f 1070 1068 3760
f 1068 1063 3760
f 3760 1063 3758
f 3636 952 3635
f 952 1080 3635
f 3635 1080 3647
f 1080 1078 3647
f 3647 1078 3776
f 1078 1076 3776
f 3776 1076 3774
f 1076 3772 3774
f 1072 3762 1074
f 3762 3764 1074
f 1074 3764 1076
f 3764 3766 1076
f 1076 3766 3768
f 1050 1048 3727
f 1063 1065 3758
f 1065 1062 3758
f 3758 1062 3756
f 1062 1060 3756
f 3727 3726 1050
f 3726 3728 1050
f 1050 3728 1052
f 3728 3747 1052
f 1048 1025 3727
f 1025 1028 3727
f 3727 1028 3725
f 1028 1030 3725
f 3725 1030 3724
f 1030 1037 3724
f 1060 1058 3756
f 1058 1056 3756
f 3756 1056 3754
f 1056 1054 3754
f 3747 3748 1052
f 3748 3749 1052
f 1052 3749 3750
f 3750 3751 1052
f 3751 3752 1052
f 1052 3752 1054
f 3752 3753 1054
f 1054 3753 3754
f 1037 1039 3724
f 1039 1041 3724
f 3724 1041 3723
f 1041 1043 3723
f 3723 1043 1673
f 1043 1045 1673
f 1045 969 1673
f 969 970 1673
f 1673 970 1164
f 1164 1162 1673
f 1162 1160 1673
f 1673 1160 3904
f 1160 1158 3904
f 1158 1156 3904
f 1156 947 3904
f 3904 947 3636
f 947 950 3636
f 3636 950 952
f 3717 1032 3716
f 1032 1034 3716
f 3716 1034 3678
f 1034 1036 3678
f 3678 1036 3679
f 1036 1081 3679
f 3679 1081 1094
f 1024 1022 3718
f 1022 1020 3718
f 1020 1018 3718
f 1018 1016 3718
f 3718 1016 3717
f 1016 1014 3717
f 3717 1014 1032
f 3718 3719 1024
f 3719 1688 1024
f 1024 1688 1010
f 1688 1009 1010
f 1673 1675 3723
f 1675 1678 3723
f 3723 1678 3722
f 1678 1680 3722
f 3722 1680 3721
f 1680 1682 3721
f 3721 1682 3720
f 1682 1684 3720
f 3720 1684 3719
f 1684 1686 3719
f 3719 1686 1688
f 1088 3673 3674
f 3654 3671 1088
f 3671 3672 1088
f 1088 3672 3673
f 1094 1092 3679
f 1092 1090 3679
f 3679 1090 3676
f 1090 1088 3676
f 3676 1088 3675
f 1088 3674 3675
f 1088 1086 3654
f 1086 1084 3654
f 3654 1084 3653
f 1084 1096 3653
f 3653 1096 3652
f 1151 1150 3462
f 1150 1148 3462
f 3462 1148 1146
f 3905 1688 1690
f 1690 1692 3905
f 1692 1694 3905
f 3905 1694 3902
f 1694 1696 3902
f 3902 1696 1649
f 1005 1012 1651
f 1012 1134 1651
f 1651 1134 3902
f 1134 1132 3902
f 3902 1132 1130
f 1128 1126 3452
f 1126 1117 3452
f 1120 1122 1124
f 3462 3460 1151
f 3460 3455 1151
f 1151 3455 1154
f 3455 3450 1154
f 1154 3450 3899
f 3450 3451 3899
f 3899 3451 1135
f 3451 3452 1135
f 1135 3452 1124
f 3452 1117 1124
f 1124 1117 1120
f 1103 3905 3453
f 1103 1105 3905
f 1105 1107 3905
f 3905 1107 1688
f 1107 1109 1688
f 1688 1109 1009
f 3652 1096 3447
f 1096 1097 3447
f 3447 1097 3449
f 1097 3901 3449
f 3449 3901 3453
f 3901 3900 3453
f 3453 3900 1111
f 1114 1116 1111
f 1116 1099 1111
f 1111 1099 3453
f 1099 1101 3453
f 3453 1101 1103
f 1623 1625 3902
f 1130 1128 3902
f 1128 3452 3902
f 3902 3452 1623
f 3452 1648 1623
f 1625 1627 3902
f 1627 1629 3902
f 3902 1629 1631
f 1648 3452 1621
f 3452 3453 1621
f 1621 3453 1619
f 3453 3905 1619
f 1619 3905 1645
f 1631 1633 3902
f 1633 1635 3902
f 3902 1635 3905
f 1635 1637 3905
f 3905 1637 1639
f 1639 1641 3905
f 1641 1643 3905
f 3905 1643 1645
f 3448 3649 3447
f 3649 3652 3447
f 3651 3649 824
f 3649 3448 824
f 824 3448 819
f 3448 3445 819
f 819 3445 816
f 3445 1796 816
f 816 1796 815
f 1796 1795 815
f 815 1795 3906
f 1795 3907 3906
f 1797 3908 1795
f 3908 3907 1795
f 3909 3910 3911
f 3910 3912 3911
f 3911 3907 3909
f 3907 3908 3909
f 3913 3906 3911
f 3906 3907 3911
f 3914 3915 3916
f 3915 3913 3916
f 3916 3913 3912
f 3913 3911 3912
f 3917 3918 3919
f 3917 3919 3920
f 3919 3921 3920
f 3920 3921 3922
f 3921 3923 3922
f 3922 3923 3924
f 3923 3925 3924
f 3924 3925 3926
f 3925 3927 3926
f 3926 3927 3928
f 3927 3916 3928
f 3928 3916 3912
f 3929 3917 3920
f 3929 3920 3930
f 3920 3922 3930
f 3930 3922 3931
f 3922 3924 3931
f 3931 3924 3932
f 3924 3926 3932
f 3932 3926 3933
f 3926 3928 3933
f 3933 3928 3934
f 3928 3912 3934
f 3934 3912 3910
f 3935 3936 3937
f 3936 3917 3937
f 3937 3917 3929
f 3938 3918 3936
f 3918 3917 3936
f 3938 3936 3939
f 3936 3940 3939
f 3939 3940 3941
f 3940 3942 3941
f 3941 3942 3943
f 3942 3944 3943
f 3943 3944 3945
f 3944 3946 3945
f 3945 3946 3947
f 3946 3948 3947
f 3947 3948 3949
f 3948 3950 3949
f 3949 3950 3951
f 3950 3952 3951
f 3951 3952 3953
f 3952 3954 3953
f 3953 3954 3955
f 3954 3956 3955
f 3955 3956 3957
f 3956 3958 3957
f 3957 3958 3959
f 3958 3960 3959
f 3959 3960 3961
f 3960 3962 3961
f 3961 3962 3963
f 3962 3964 3963
f 3936 3935 3940
f 3935 3965 3940
f 3940 3965 3942
f 3965 3966 3942
f 3942 3966 3944
f 3966 3967 3944
f 3944 3967 3946
f 3967 3968 3946
f 3946 3968 3948
f 3968 3969 3948
f 3948 3969 3950
f 3969 3970 3950
f 3950 3970 3952
f 3970 3971 3952
f 3952 3971 3954
f 3971 3972 3954
f 3954 3972 3956
f 3972 3973 3956
f 3956 3973 3958
f 3973 3974 3958
f 3958 3974 3960
f 3974 3975 3960
f 3960 3975 3962
f 3975 3976 3962
f 3962 3976 3964
f 3976 3977 3964
f 3978 3964 3979
f 3964 3977 3979
f 3980 3963 3978
f 3963 3964 3978
f 3980 3978 3981
f 3980 3981 3982
f 3981 3983 3982
f 3982 3983 3984
f 3983 3985 3984
f 3984 3985 3986
f 3985 3987 3986
f 3986 3987 3988
f 3987 3989 3988
f 3988 3989 3990
f 3989 3991 3990
f 3990 3991 3992
f 3991 3993 3992
f 3992 3993 3994
f 3993 3995 3994
f 3994 3995 3996
f 3997 3995 3993
f 3997 3993 3998
f 3993 3991 3998
f 3998 3991 3999
f 3991 3989 3999
f 3999 3989 4000
f 3989 3987 4000
f 4000 3987 4001
f 3987 3985 4001
f 4001 3985 4002
f 3985 3983 4002
f 4002 3983 4003
f 3983 3981 4003
f 4003 3981 4004
f 3981 3978 4004
f 4004 3978 3979
f 4005 4006 4007
f 4005 4007 4008
f 4007 4009 4008
f 4008 4009 4010
f 4009 4011 4010
f 4010 4011 4012
f 4011 3995 4012
f 4012 3995 3997
f 4013 4014 4015
f 4013 4015 4016
f 4015 4017 4016
f 4016 4017 4018
f 4017 4019 4018
f 4018 4019 4020
f 4019 4021 4020
f 4020 4021 4022
f 4021 4023 4022
f 4022 4023 4024
f 4023 4025 4024
f 4024 4025 4026
f 4025 4027 4026
f 4026 4027 4028
f 4027 4029 4028
f 4028 4029 4006
f 4030 4013 4016
f 4030 4016 4031
f 4016 4018 4031
f 4031 4018 4032
f 4018 4020 4032
f 4032 4020 4033
f 4020 4022 4033
f 4033 4022 4034
f 4022 4024 4034
f 4034 4024 4035
f 4024 4026 4035
f 4035 4026 4036
f 4026 4028 4036
f 4036 4028 4037
f 4028 4006 4037
f 4037 4006 4005
f 4030 4038 4013
f 4038 4039 4013
f 4013 4039 4014
f 4039 4040 4014
f 4041 4042 4043
f 4042 4044 4043
f 4040 4039 4045
f 4039 4046 4045
f 4045 4046 4047
f 4046 4048 4047
f 4047 4048 4049
f 4048 4050 4049
f 4049 4050 4051
f 4050 4052 4051
f 4051 4052 4053
f 4052 4054 4053
f 4053 4054 4055
f 4054 4056 4055
f 4055 4056 4057
f 4056 4058 4057
f 4057 4058 4059
f 4058 4060 4059
f 4059 4060 4061
f 4060 4062 4061
f 4061 4062 4063
f 4062 4064 4063
f 4063 4064 4065
f 4064 4066 4065
f 4065 4066 4067
f 4066 4068 4067
f 4067 4068 4043
f 4068 4041 4043
f 4039 4038 4046
f 4038 4069 4046
f 4046 4069 4048
f 4069 4070 4048
f 4048 4070 4050
f 4070 4071 4050
f 4050 4071 4052
f 4071 4072 4052
f 4052 4072 4054
f 4072 4073 4054
f 4054 4073 4056
f 4073 4074 4056
f 4056 4074 4058
f 4074 4075 4058
f 4058 4075 4060
f 4075 4076 4060
f 4060 4076 4062
f 4076 4077 4062
f 4062 4077 4064
f 4077 4078 4064
f 4064 4078 4066
f 4078 4079 4066
f 4066 4079 4068
f 4079 4080 4068
f 4068 4080 4041
f 4080 4081 4041
f 4042 4041 4082
f 4041 4081 4082
f 4083 4084 4085
f 4084 4086 4085
f 4085 4086 4087
f 4086 4088 4087
f 4089 4088 4090
f 4088 4086 4090
f 4091 4092 4093
f 4090 4086 4093
f 4086 4084 4093
f 4093 4084 4091
f 4094 4095 4096
f 4094 4096 4097
f 4096 4098 4097
f 4097 4098 4099
f 4098 4100 4099
f 4099 4100 4101
f 4100 4102 4101
f 4101 4102 4103
f 4102 4104 4103
f 4103 4104 4105
f 4104 4090 4105
f 4105 4090 4093
f 4089 4090 4104
f 4089 4104 4106
f 4104 4102 4106
f 4106 4102 4107
f 4102 4100 4107
f 4107 4100 4108
f 4100 4098 4108
f 4108 4098 4109
f 4098 4096 4109
f 4109 4096 4110
f 4096 4095 4110
f 4110 4095 4111
f 4112 4113 4095
f 4113 4114 4095
f 4095 4114 4111
f 4094 4115 4095
f 4115 4112 4095
f 4116 4117 4118
f 4117 4119 4118
f 4118 4119 4120
f 4119 4121 4120
f 4120 4121 4122
f 4121 4123 4122
f 4122 4123 4124
f 4123 4125 4124
f 4124 4125 4126
f 4125 4127 4126
f 4126 4127 4128
f 4127 4129 4128
f 4128 4129 4130
f 4129 4131 4130
f 4130 4131 4132
f 4131 4133 4132
f 4132 4133 4134
f 4133 4135 4134
f 4134 4135 4136
f 4135 4137 4136
f 4136 4137 4138
f 4137 4139 4138
f 4138 4139 4140
f 4139 4141 4140
f 4140 4141 4115
f 4141 4112 4115
f 4117 4142 4119
f 4142 4143 4119
f 4119 4143 4121
f 4143 4144 4121
f 4121 4144 4123
f 4144 4145 4123
f 4123 4145 4125
f 4145 4146 4125
f 4125 4146 4127
f 4146 4147 4127
f 4127 4147 4129
f 4147 4148 4129
f 4129 4148 4131
f 4148 4149 4131
f 4131 4149 4133
f 4149 4150 4133
f 4133 4150 4135
f 4150 4151 4135
f 4135 4151 4137
f 4151 4152 4137
f 4137 4152 4139
f 4152 4153 4139
f 4139 4153 4141
f 4153 4154 4141
f 4141 4154 4112
f 4154 4113 4112
f 4155 4142 4156
f 4142 4117 4156
f 4116 4157 4117
f 4157 4156 4117
f 4156 4157 4158
f 4156 4158 4159
f 4158 4160 4159
f 4159 4160 4161
f 4160 4162 4161
f 4161 4162 4163
f 4162 4164 4163
f 4163 4164 4165
f 4164 4166 4165
f 4165 4166 4167
f 4166 4168 4167
f 4167 4168 4169
f 4168 4170 4169
f 4169 4170 4171
f 4170 4172 4171
f 4171 4172 4173
f 4155 4156 4159
f 4155 4159 4174
f 4159 4161 4174
f 4174 4161 4175
f 4161 4163 4175
f 4175 4163 4176
f 4163 4165 4176
f 4176 4165 4177
f 4165 4167 4177
f 4177 4167 4178
f 4167 4169 4178
f 4178 4169 4179
f 4169 4171 4179
f 4179 4171 4180
f 4171 4173 4180
f 4180 4173 4181
f 4181 4173 4182
f 4181 4182 4183
f 4182 4184 4183
f 4183 4184 4185
f 4184 4186 4185
f 4185 4186 4187
f 4186 4188 4187
f 4187 4188 4189
f 4189 4188 4190
f 4189 4190 4191
f 4190 4192 4191
f 4191 4192 4193
f 4192 4194 4193
f 4193 4194 4195
f 4194 4196 4195
f 4195 4196 4197
f 4196 4198 4197
f 4197 4198 4199
f 4198 4200 4199
f 4199 4200 4201
f 4200 4202 4201
f 4201 4202 4203
f 4202 4042 4203
f 4203 4042 4082
f 4044 4042 4202
f 4044 4202 4204
f 4202 4200 4204
f 4204 4200 4205
f 4200 4198 4205
f 4205 4198 4206
f 4198 4196 4206
f 4206 4196 4207
f 4196 4194 4207
f 4207 4194 4208
f 4194 4192 4208
f 4208 4192 4209
f 4192 4190 4209
f 4209 4190 4210
f 4190 4188 4210
f 4210 4188 4211
f 4210 4211 4212
f 4212 4213 4210
f 4213 4214 4210
f 4210 4214 4215
f 4214 4216 4215
f 4215 4216 4217
f 4216 4218 4217
f 4217 4218 4219
f 4219 4218 4029
f 4218 4220 4029
f 4029 4220 4006
f 3915 3914 4221
f 3914 3996 4221
f 4221 3996 4222
f 4182 4173 4172
f 4006 4220 4007
f 4220 4223 4007
f 4007 4223 4009
f 4223 4222 4009
f 4009 4222 4011
f 4222 3996 4011
f 4011 3996 3995
f 4092 4091 4172
f 4091 4224 4172
f 4172 4224 4182
f 4224 4225 4182
f 4182 4225 4184
f 4225 4212 4184
f 4184 4212 4186
f 4212 4211 4186
f 4186 4211 4188
f 4215 4217 4226
f 4217 4025 4023
f 4226 4227 4215
f 4227 4228 4215
f 4215 4228 4229
f 4025 4217 4027
f 4217 4219 4027
f 4027 4219 4029
f 4019 4230 4021
f 4230 4231 4021
f 4021 4231 4023
f 4231 4232 4023
f 4023 4232 4217
f 4232 4233 4217
f 4217 4233 4226
f 4205 4206 4234
f 4206 4207 4234
f 4234 4207 4229
f 4207 4208 4229
f 4229 4208 4215
f 4208 4209 4215
f 4215 4209 4210
f 4235 4057 4236
f 4057 4059 4236
f 4236 4059 4237
f 4059 4061 4237
f 4237 4061 4238
f 4061 4063 4238
f 4238 4063 4239
f 4063 4065 4239
f 4239 4065 4240
f 4065 4067 4240
f 4240 4067 4241
f 4067 4043 4241
f 4241 4043 4242
f 4043 4044 4242
f 4242 4044 4234
f 4044 4204 4234
f 4234 4204 4205
f 4019 4017 4230
f 4017 4015 4230
f 4230 4015 4243
f 4015 4014 4243
f 4243 4014 4244
f 4014 4040 4244
f 4244 4040 4245
f 4040 4045 4245
f 4245 4045 4246
f 4045 4047 4246
f 4246 4047 4247
f 4047 4049 4247
f 4247 4049 4248
f 4049 4051 4248
f 4248 4051 4249
f 4051 4053 4249
f 4249 4053 4235
f 4053 4055 4235
f 4235 4055 4057
f 4250 4244 4251
f 4244 4245 4251
f 4251 4245 4252
f 4245 4246 4252
f 4252 4246 4253
f 4246 4247 4253
f 4253 4247 4254
f 4247 4248 4254
f 4254 4248 4255
f 4248 4249 4255
f 4255 4249 4256
f 4249 4235 4256
f 4256 4235 4257
f 4235 4236 4257
f 4257 4236 4258
f 4236 4237 4258
f 4258 4237 4259
f 4237 4238 4259
f 4259 4238 4260
f 4238 4239 4260
f 4260 4239 4261
f 4239 4240 4261
f 4261 4240 4262
f 4240 4241 4262
f 4262 4241 4263
f 4241 4242 4263
f 4263 4242 4264
f 4242 4234 4264
f 4264 4234 4265
f 4234 4229 4265
f 4265 4229 4266
f 4229 4228 4266
f 4266 4228 4267
f 4228 4227 4267
f 4267 4227 4268
f 4227 4226 4268
f 4268 4226 4269
f 4226 4233 4269
f 4269 4233 4270
f 4233 4232 4270
f 4270 4232 4271
f 4232 4231 4271
f 4271 4231 4272
f 4231 4230 4272
f 4272 4230 4273
f 4230 4243 4273
f 4273 4243 4250
f 4243 4244 4250
f 799 3913 1211
f 1291 1289 4274
f 3913 800 3906
f 800 813 3906
f 3906 813 815
f 4221 1189 1191
f 1191 1193 4221
f 1193 1195 4221
f 4221 1195 3915
f 1195 1197 3915
f 1197 1199 3915
f 1199 1201 3915
f 3915 1201 3913
f 1201 1203 3913
f 3913 1203 1205
f 1205 1207 3913
f 1207 1209 3913
f 3913 1209 1211
f 4275 861 4276
f 861 4277 4276
f 798 794 799
f 794 796 799
f 799 796 3913
f 796 4278 3913
f 3913 4278 800
f 4278 812 800
f 800 812 801
f 812 811 801
f 1189 4221 1187
f 4221 1262 1187
f 1187 1262 1185
f 1305 1175 1307
f 1175 1177 1307
f 1307 1177 1309
f 1177 1179 1309
f 1309 1179 1310
f 1179 1181 1310
f 1310 1181 1262
f 1181 1183 1262
f 1262 1183 1185
f 4279 1175 4280
f 1175 4281 4280
f 4282 4283 861
f 4275 4284 861
f 4284 4285 861
f 861 4285 1289
f 4285 4286 1289
f 1289 4286 4274
f 4282 861 4287
f 1299 4281 1301
f 4281 1175 1301
f 1301 1175 1303
f 1175 1305 1303
f 4279 4288 1175
f 4288 4289 1175
f 1175 4289 1173
f 4289 4290 1173
f 1173 4290 1171
f 4290 4291 1171
f 1171 4291 1169
f 4291 4292 1169
f 1169 4292 4293
f 4293 4294 1169
f 4294 4295 1169
f 1169 4295 4296
f 4283 4297 861
f 4297 4298 861
f 861 4298 4277
f 1299 1297 4281
f 1297 1295 4281
f 4281 1295 4274
f 1295 1293 4274
f 4274 1293 1291
f 1211 1165 799
f 1165 1167 799
f 799 1167 4299
f 1167 1169 4299
f 4299 1169 861
f 1169 4296 861
f 861 4296 4287
f 865 863 873
f 1259 1213 4224
f 1237 1239 865
f 873 874 865
f 874 4300 865
f 865 4300 1289
f 4300 859 1289
f 1289 859 861
f 859 857 861
f 861 857 860
f 1229 1231 1289
f 1231 1233 1289
f 1289 1233 865
f 1233 1235 865
f 865 1235 1237
f 4084 1241 1243
f 1243 1245 4084
f 1245 1247 4084
f 4084 1247 4091
f 1247 1249 4091
f 4091 1249 1251
f 1251 1253 4091
f 1253 1255 4091
f 4091 1255 4224
f 1255 1257 4224
f 4224 1257 1259
f 1280 1278 1219
f 1278 1276 1219
f 1219 1276 1217
f 1276 1215 1217
f 1289 1288 1229
f 1288 1286 1229
f 1229 1286 1284
f 1239 1241 865
f 1241 4084 865
f 865 4084 876
f 4084 4083 876
f 876 4083 877
f 1219 1221 1280
f 1221 1223 1280
f 1280 1223 1282
f 1223 1225 1282
f 1282 1225 1284
f 1225 1227 1284
f 1284 1227 1229
f 1213 1215 4224
f 1215 1276 4224
f 4224 1276 4225
f 1276 4212 4225
f 4261 4262 4213
f 4262 4263 4213
f 4268 4216 4267
f 4216 4214 4267
f 4263 4264 4213
f 4264 4265 4213
f 4213 4265 4214
f 4265 4266 4214
f 4214 4266 4267
f 4268 4269 4216
f 4269 4270 4216
f 4216 4270 4218
f 4270 4271 4218
f 4271 4272 4218
f 4218 4272 4220
f 4212 1276 4213
f 1276 4260 4213
f 4213 4260 4261
f 1266 4254 1268
f 4254 4255 1268
f 1268 4255 1270
f 4255 4256 1270
f 1270 4256 1272
f 4256 4257 1272
f 1272 4257 1274
f 4257 4258 1274
f 1274 4258 1276
f 4258 4259 1276
f 1276 4259 4260
f 4272 4273 4220
f 4273 4250 4220
f 4220 4250 4223
f 4250 4251 4223
f 4223 4251 4222
f 4251 4221 4222
f 1266 1264 4254
f 1264 1262 4254
f 4254 1262 4253
f 1262 4221 4253
f 4253 4221 4252
f 4221 4251 4252
f 4285 4301 4286
f 4301 4302 4286
f 4286 4302 4274
f 4302 4303 4274
f 4274 4303 4281
f 4303 4304 4281
f 4281 4304 4280
f 4304 4305 4280
f 4280 4305 4279
f 4305 4306 4279
f 4279 4306 4288
f 4306 4307 4288
f 4288 4307 4289
f 4307 4308 4289
f 4289 4308 4290
f 4308 4309 4290
f 4290 4309 4291
f 4309 4310 4291
f 4291 4310 4292
f 4310 4311 4292
f 4292 4311 4293
f 4311 4312 4293
f 4293 4312 4294
f 4312 4313 4294
f 4294 4313 4295
f 4313 4314 4295
f 4295 4314 4296
f 4314 4315 4296
f 4296 4315 4287
f 4315 4316 4287
f 4287 4316 4282
f 4316 4317 4282
f 4282 4317 4283
f 4317 4318 4283
f 4283 4318 4297
f 4318 4319 4297
f 4297 4319 4298
f 4319 4320 4298
f 4298 4320 4277
f 4320 4321 4277
f 4277 4321 4276
f 4321 4322 4276
f 4276 4322 4275
f 4322 4323 4275
f 4275 4323 4284
f 4323 4324 4284
f 4284 4324 4285
f 4324 4301 4285
f 1313 4318 4317
f 4317 4316 1313
f 4316 4315 1313
f 1313 4315 1311
f 1315 4324 1340
f 4324 4323 1340
f 1340 4323 4322
f 4322 4321 1340
f 4321 4320 1340
f 1340 4320 1313
f 4320 4319 1313
f 1313 4319 4318
f 4315 4314 1311
f 4314 4313 1311
f 1311 4313 1337
f 4313 4312 1337
f 1337 4312 1335
f 4312 4311 1335
f 1335 4311 1333
f 4311 4310 1333
f 1333 4310 1331
f 4310 4309 1331
f 1331 4309 1329
f 4309 4308 1329
f 1329 4308 1327
f 4308 4307 1327
f 1327 4307 1325
f 4307 4306 1325
f 1325 4306 1323
f 4306 4305 1323
f 1323 4305 1321
f 4305 4304 1321
f 1321 4304 1319
f 4304 4303 1319
f 1319 4303 1317
f 4303 4302 1317
f 1317 4302 1315
f 4302 4301 1315
f 1315 4301 4324
f 4105 4093 4092
f 1248 1246 4103
f 4105 4092 4103
f 4103 1246 4101
f 4115 4094 1242
f 4092 4166 4164
f 1248 4103 1250
f 4103 4092 1250
f 1250 4092 1252
f 4172 4170 4092
f 4170 4168 4092
f 4092 4168 4166
f 1242 4094 1244
f 4094 4097 1244
f 1244 4097 1246
f 4097 4099 1246
f 1246 4099 4101
f 4162 1258 4164
f 1258 1256 4164
f 4164 1256 4092
f 1256 1254 4092
f 4092 1254 1252
f 1242 1240 4115
f 1240 1238 4115
f 4115 1238 4140
f 1238 1236 4140
f 4140 1236 4138
f 1236 1234 4138
f 4138 1234 4136
f 1234 1232 4136
f 4136 1232 4134
f 1232 1230 4134
f 4134 1230 4132
f 1230 1228 4132
f 4132 1228 4130
f 1228 1226 4130
f 4162 4160 1258
f 4160 4158 1258
f 1258 4158 1260
f 4158 4157 1260
f 1260 4157 1214
f 4157 4116 1214
f 1214 4116 1216
f 4116 4118 1216
f 1216 4118 1218
f 4118 4120 1218
f 1218 4120 1220
f 4120 4122 1220
f 1220 4122 1222
f 4122 4124 1222
f 1222 4124 1224
f 4124 4126 1224
f 1224 4126 1226
f 4126 4128 1226
f 1226 4128 4130
f 1206 1204 3925
f 3916 3927 3914
f 3927 3925 3914
f 1204 1202 3925
f 1202 1200 3925
f 3925 1200 3914
f 1200 1198 3914
f 3988 3990 3914
f 1178 1176 3947
f 3984 3986 1194
f 3947 1176 3945
f 1176 1174 3945
f 3945 1174 3943
f 1174 1172 3943
f 3943 1172 3941
f 1172 1170 3941
f 3941 1170 3939
f 1170 1168 3939
f 3939 1168 3938
f 3986 3988 1194
f 3988 3914 1194
f 1194 3914 1196
f 3914 1198 1196
f 3990 3992 3914
f 3992 3994 3914
f 3914 3994 3996
f 3925 3923 1206
f 3923 3921 1206
f 1206 3921 1208
f 3921 3919 1208
f 1208 3919 1210
f 3919 3918 1210
f 1210 3918 1212
f 3918 3938 1212
f 1212 3938 1166
f 3938 1168 1166
f 3947 3949 1178
f 3949 3951 1178
f 1178 3951 1180
f 3951 3953 1180
f 1180 3953 1182
f 3953 3955 1182
f 1182 3955 1184
f 3955 3957 1184
f 1184 3957 1186
f 3957 3959 1186
f 1186 3959 1188
f 3959 3961 1188
f 1188 3961 1190
f 3961 3963 1190
f 1190 3963 1192
f 3963 3980 1192
f 1192 3980 1194
f 3980 3982 1194
f 1194 3982 3984
f 1599 4325 1489
f 4325 4326 1489
f 1489 4326 1488
f 1515 1415 4327
f 1415 1424 4327
f 4327 1424 1513
f 1314 1339 1313
f 1339 1340 1313
f 1532 1531 1599
f 1531 4325 1599
f 1298 1300 4328
f 1485 1479 3910
f 1302 1444 1445
f 3968 3967 1442
f 1302 1304 1444
f 1304 3968 1444
f 1444 3968 1443
f 3968 1442 1443
f 1445 1446 1302
f 1446 1447 1302
f 1302 1447 1300
f 3937 1482 1483
f 1483 1484 3937
f 1484 1478 3937
f 3937 1478 3935
f 1478 1453 3935
f 3935 1453 3965
f 1453 1452 3965
f 3965 1452 3966
f 1452 1451 3966
f 3966 1451 3967
f 1451 1441 3967
f 3967 1441 1442
f 3973 3972 1308
f 3972 3971 1308
f 1308 3971 1306
f 3971 3970 1306
f 1306 3970 1304
f 3970 3969 1304
f 1304 3969 3968
f 3973 1308 3974
f 1308 1261 3974
f 3974 1261 3975
f 1457 1261 1458
f 1261 1263 1458
f 1458 1263 1459
f 1457 1456 1261
f 1456 1455 1261
f 1261 1455 1454
f 3977 3976 4012
f 3976 3975 4012
f 1579 1490 4329
f 1490 1491 4329
f 1459 1263 1496
f 1263 1265 1496
f 1496 1265 1495
f 4012 1460 1461
f 1492 1493 1265
f 1493 1494 1265
f 1265 1494 1495
f 1460 4012 1448
f 3977 4012 3979
f 4012 3997 3979
f 3979 3997 3998
f 3975 1261 4012
f 1261 1454 4012
f 4012 1454 1448
f 1454 1450 1448
f 1448 1450 1449
f 1461 1462 4012
f 1462 1463 4012
f 4012 1463 1464
f 1464 1465 4012
f 1465 1466 4012
f 4012 1466 4010
f 3998 3999 3979
f 3999 4000 3979
f 3979 4000 4001
f 4001 4002 3979
f 4002 4003 3979
f 3979 4003 4004
f 4032 4033 1474
f 4005 4008 1470
f 1470 1471 4005
f 1471 1472 4005
f 4005 1472 4037
f 1472 1473 4037
f 4037 1473 4036
f 1473 1474 4036
f 1466 1467 4010
f 1467 1469 4010
f 4010 1469 4008
f 1469 1468 4008
f 4008 1468 1470
f 4033 4034 1474
f 4034 4035 1474
f 1474 4035 4036
f 1477 4069 1476
f 4069 4038 1476
f 1476 4038 1475
f 4038 4030 1475
f 1475 4030 1474
f 4030 4031 1474
f 1474 4031 4032
f 4329 4072 4071
f 1477 1579 4069
f 1579 4329 4069
f 4069 4329 4070
f 4329 4071 4070
f 1273 4330 1271
f 4330 4077 1271
f 1491 1492 4329
f 1492 1265 4329
f 4329 1265 4072
f 1265 1267 4072
f 4077 4076 1271
f 4076 4075 1271
f 1271 4075 1269
f 4075 4074 1269
f 1269 4074 1267
f 4074 4073 1267
f 1267 4073 4072
f 4080 4079 4330
f 4079 4078 4330
f 4330 4078 4077
f 1581 1580 4080
f 4189 1586 1587
f 4189 1587 4187
f 4080 1580 4081
f 1580 1582 4081
f 4081 1582 4082
f 1582 1583 4082
f 4082 1583 4203
f 1583 1584 4203
f 4203 1584 4201
f 4195 4197 1584
f 4197 4199 1584
f 1584 4199 4201
f 1586 4189 1585
f 4189 4191 1585
f 1585 4191 1584
f 4191 4193 1584
f 1584 4193 4195
f 1587 1588 4187
f 1588 1589 4187
f 4187 1589 4185
f 1581 4080 1573
f 4080 4330 1573
f 1573 4330 1574
f 1568 1569 1275
f 1559 1566 4145
f 1277 1279 4146
f 1568 1275 1567
f 1275 1277 1567
f 1567 1277 1566
f 1277 4146 1566
f 1566 4146 4145
f 1578 1577 1273
f 1577 1576 1273
f 1273 1576 4330
f 1576 1575 4330
f 4330 1575 1574
f 1569 1570 1275
f 1570 1571 1275
f 1275 1571 1273
f 1571 1572 1273
f 1273 1572 1578
f 1589 1591 4185
f 1591 1590 4185
f 4185 1590 4183
f 1590 1592 4183
f 1592 1593 4183
f 1593 1594 4183
f 4183 1594 4181
f 1594 1595 4181
f 4175 4176 1596
f 4176 4177 1596
f 1559 4145 1560
f 4145 4144 1560
f 1560 4144 1561
f 4144 4143 1561
f 1561 4143 1598
f 4143 4142 1598
f 1598 4142 1597
f 4142 4155 1597
f 1597 4155 1596
f 4155 4174 1596
f 1596 4174 4175
f 4177 4178 1596
f 4178 4179 1596
f 1596 4179 1595
f 4179 4180 1595
f 1595 4180 4181
f 4151 4150 1283
f 4150 4149 1283
f 1283 4149 1281
f 4149 4148 1281
f 1281 4148 1279
f 4148 4147 1279
f 1279 4147 4146
f 1283 1285 1554
f 1283 1554 4151
f 1554 1552 4151
f 4151 1552 4152
f 1545 1558 1285
f 1558 1556 1285
f 1285 1556 1554
f 1545 1285 1543
f 1285 1287 1543
f 1543 1287 1541
f 1552 1550 4152
f 1550 1548 4152
f 4152 1548 4153
f 1548 1564 4153
f 4153 1564 4154
f 1564 1562 4154
f 4154 1562 4113
f 1562 1511 4113
f 4113 1511 4114
f 1511 1499 4114
f 4114 1499 1501
f 1501 1503 4114
f 1503 1505 4114
f 4114 1505 4111
f 1505 1507 4111
f 4111 1507 4110
f 4107 1507 4106
f 1507 4089 4106
f 4107 4108 1507
f 4108 4109 1507
f 1507 4109 4110
f 1507 1509 4089
f 1509 1498 4089
f 4089 1498 4088
f 1498 1486 4088
f 4088 1486 4087
f 3930 3931 1481
f 3931 3932 1481
f 1481 3932 3933
f 1482 3937 1481
f 3937 3929 1481
f 1481 3929 3930
f 1479 1480 3910
f 1480 1481 3910
f 3910 1481 3934
f 1481 3933 3934
f 1519 1518 4328
f 1447 1522 1300
f 1522 1521 1300
f 1300 1521 4328
f 1521 1520 4328
f 4328 1520 1519
f 1518 1517 1805
f 1517 1516 1805
f 1524 1523 1514
f 3910 3909 1485
f 3909 3908 1485
f 1485 3908 1513
f 3908 1797 1513
f 1513 1797 4327
f 1797 1804 4327
f 4327 1804 1515
f 1804 1805 1515
f 1515 1805 1514
f 1805 1516 1514
f 1514 1516 1524
f 1290 4331 1287
f 4331 1539 1287
f 1287 1539 1541
f 1290 1292 4331
f 1292 1294 4331
f 4331 1294 4328
f 1294 1296 4328
f 4328 1296 1298
f 1803 1535 4331
f 1535 1537 4331
f 4331 1537 1539
f 4087 1486 1801
f 1486 1488 1801
f 1801 1488 1802
f 1488 4326 1802
f 1802 4326 1803
f 4326 4325 1803
f 1803 4325 1531
f 1529 1527 1531
f 1527 1526 1531
f 1531 1526 1803
f 1526 1533 1803
f 1803 1533 1535
f 1518 1805 4328
f 1805 1312 4328
f 4328 1312 1338
f 1338 1336 4328
f 1336 1334 4328
f 4328 1334 1332
f 1320 4331 1322
f 4331 1324 1322
f 1320 1318 4331
f 1318 1316 4331
f 4331 1316 1803
f 1316 1339 1803
f 1803 1339 1805
f 1339 1314 1805
f 1805 1314 1312
f 1332 1330 4328
f 1330 1328 4328
f 4328 1328 4331
f 1328 1326 4331
f 4331 1326 1324
f 1806 4085 1801
f 4085 4087 1801
f 4083 4085 877
f 4085 1806 877
f 877 1806 878
f 1806 1807 878
f 878 1807 4332
f 1807 1808 4332
f 4332 1808 3873
f 1808 3454 3873
f 3873 3454 3458
f 3454 3456 3458
f 879 880 3873
f 880 4332 3873
f 4333 875 878
f 4332 880 4334
f 4334 4335 4332
f 4335 4336 4332
f 4332 4336 878
f 4336 4337 878
f 878 4337 4333
f 2441 2442 2426
f 2407 2420 2402
f 2444 2447 2442
f 2447 3148 2442
f 2442 3148 2402
f 2402 2420 2442
f 2420 2422 2442
f 2442 2422 2426
f 3148 3146 2402
f 3146 2386 2402
f 2402 2386 2400
f 2386 2399 2400
f 2444 2458 2447
f 2458 2456 2447
f 2402 2404 2407
f 2407 2404 2416
f 2435 2437 2426
f 2437 2439 2426
f 2426 2439 2441
f 2456 2454 2452
f 2407 2412 2408
f 2412 2410 2408
f 2426 2429 2431
f 2452 2450 2456
f 2450 2448 2456
f 2456 2448 2447
f 2399 2386 2397
f 2386 2389 2397
f 2397 2389 2391
f 2416 2414 2407
f 2407 2414 2412
f 2391 2393 2397
f 2393 2395 2397
f 2431 2433 2426
f 2426 2433 2435
f 450 452 709
f 709 452 749
f 747 727 749
f 727 729 749
f 749 729 709
f 452 454 749
f 454 456 749
f 749 456 751
f 456 764 751
f 729 725 709
f 725 713 709
f 709 713 711
f 709 707 450
f 707 705 450
f 450 705 703
f 747 745 727
f 745 743 727
f 695 450 697
f 450 699 697
f 743 741 739
f 703 701 450
f 450 701 699
f 754 756 456
f 456 756 758
f 758 760 456
f 760 762 456
f 456 762 764
f 739 737 743
f 737 735 743
f 743 735 727
f 711 713 724
f 713 716 724
f 724 716 718
f 718 720 724
f 720 722 724
f 2900 2904 2906
f 3103 3101 3105
f 2483 2484 2468
f 2529 2527 4338
f 350 352 364
f 634 635 442
f 680 678 4339
f 2708 2712 839
f 875 4333 884
f 4333 4340 884
f 884 4340 885
f 3144 890 4340
f 890 887 4340
f 4340 887 885
f 884 890 875
f 890 3144 875
f 875 3144 867
f 3144 3141 867
f 867 3141 866
f 3141 2983 866
f 866 2983 864
f 2983 874 864
f 2983 2987 874
f 2987 3137 874
f 874 3137 4300
f 3137 3139 4300
f 4300 3139 859
f 2995 858 2991
f 858 859 2991
f 2991 859 3135
f 859 3139 3135
f 3007 3011 861
f 3011 3099 861
f 861 3099 4299
f 3099 3097 4299
f 4299 3097 799
f 3019 797 3015
f 797 799 3015
f 3015 799 3092
f 799 3097 3092
f 3031 3035 796
f 3035 3055 796
f 796 3055 4278
f 3055 3057 4278
f 4278 3057 812
f 3057 3053 812
f 3053 3039 812
f 812 3039 803
f 3039 3043 803
f 834 4338 831
f 4338 820 831
f 831 820 830
f 820 814 830
f 814 805 830
f 830 805 833
f 3050 805 3043
f 805 804 3043
f 3043 804 803
f 834 833 4338
f 833 805 4338
f 4338 805 3048
f 805 3050 3048
f 818 817 918
f 437 924 4341
f 924 921 4341
f 4341 921 919
f 918 924 818
f 924 437 818
f 818 437 810
f 437 459 810
f 810 459 808
f 459 466 808
f 808 466 827
f 466 462 827
f 462 464 827
f 827 464 3861
f 464 468 3861
f 3861 468 914
f 498 494 512
f 494 496 512
f 512 496 511
f 498 913 481
f 913 473 481
f 498 512 913
f 512 518 913
f 913 518 916
f 468 470 914
f 470 476 914
f 914 476 913
f 476 471 913
f 913 471 473
f 490 488 486
f 473 478 481
f 478 492 481
f 492 482 481
f 496 501 511
f 511 501 503
f 490 486 492
f 486 484 492
f 492 484 482
f 503 505 511
f 505 507 511
f 511 507 509
f 564 565 549
f 534 551 527
f 551 547 527
f 527 547 2607
f 549 565 547
f 547 565 2607
f 565 571 2607
f 2607 571 2610
f 518 514 916
f 514 516 916
f 916 516 3863
f 516 520 3863
f 3863 520 2608
f 520 522 2608
f 522 529 2608
f 2608 529 2607
f 529 525 2607
f 2607 525 527
f 560 549 558
f 549 554 558
f 558 554 556
f 560 562 549
f 562 564 549
f 543 541 539
f 527 531 534
f 531 545 534
f 545 535 534
f 543 539 545
f 539 537 545
f 545 537 535
f 2601 4339 2603
f 4339 4334 2603
f 2603 4334 2600
f 4334 880 2600
f 880 872 2600
f 2600 872 2599
f 571 567 2610
f 567 569 2610
f 2610 569 3874
f 569 573 3874
f 3874 573 882
f 2601 2599 4339
f 2599 872 4339
f 4339 872 449
f 573 575 882
f 575 581 882
f 882 581 871
f 581 577 871
f 871 577 872
f 577 579 872
f 872 579 449
f 676 2579 4335
f 2579 2580 4335
f 4335 2580 4336
f 2560 4336 2820
f 4336 2580 2820
f 2820 2580 2822
f 2580 2595 2822
f 2822 2595 2556
f 666 2591 668
f 2591 2589 668
f 668 2589 670
f 2589 2587 670
f 670 2587 672
f 2587 2585 672
f 672 2585 674
f 2585 2583 674
f 674 2583 676
f 2583 2581 676
f 676 2581 2579
f 780 782 642
f 664 2595 666
f 2595 2593 666
f 666 2593 2591
f 2833 2824 2552
f 2857 2842 2862
f 2842 2840 2862
f 2862 2840 2858
f 2840 783 2858
f 2833 2552 2835
f 774 776 642
f 776 778 642
f 642 778 780
f 782 783 642
f 783 2840 642
f 642 2840 644
f 2840 646 644
f 664 662 2595
f 662 2835 2595
f 2595 2835 2556
f 2835 2552 2556
f 662 660 2835
f 660 658 2835
f 2835 658 2836
f 658 656 2836
f 2836 656 2837
f 656 654 2837
f 2837 654 2838
f 654 652 2838
f 2838 652 2839
f 652 650 2839
f 2839 650 2840
f 650 648 2840
f 2840 648 646
f 823 822 2618
f 2727 2620 2725
f 2620 2618 2725
f 2725 2618 2722
f 2618 822 2722
f 2722 822 2720
f 2612 379 2613
f 379 2615 2613
f 2623 389 2625
f 389 387 2625
f 2625 387 2627
f 387 385 2627
f 2627 385 2629
f 385 383 2629
f 2629 383 2612
f 383 381 2612
f 2612 381 379
f 2733 2742 2754
f 2733 2754 2729
f 2754 311 2729
f 2729 311 2727
f 329 331 302
f 331 364 302
f 302 364 411
f 331 336 364
f 364 336 348
f 329 302 333
f 302 315 333
f 333 315 326
f 2727 311 2620
f 311 395 2620
f 2620 395 393
f 2623 2621 389
f 2621 2620 389
f 389 2620 391
f 2620 393 391
f 411 409 302
f 409 407 302
f 302 407 303
f 407 405 303
f 303 405 305
f 405 403 305
f 305 403 307
f 403 401 307
f 307 401 309
f 401 399 309
f 309 399 311
f 399 397 311
f 311 397 395
f 4336 906 4337
f 906 908 4337
f 4337 908 2921
f 908 909 2921
f 2921 909 903
f 895 2931 897
f 2931 2929 897
f 897 2929 899
f 2929 2927 899
f 899 2927 901
f 2927 2925 901
f 901 2925 903
f 2925 2923 903
f 903 2923 2921
f 895 893 2931
f 893 892 2931
f 2931 892 2933
f 2560 2564 4336
f 2564 2566 4336
f 4336 2566 906
f 2566 2818 906
f 906 2818 892
f 2818 2816 892
f 892 2816 2797
f 2816 2569 2797
f 2797 2569 2800
f 2569 2573 2800
f 2800 2573 2813
f 2874 2878 2792
f 2878 2906 2792
f 2792 2906 2946
f 2878 2880 2906
f 2880 2894 2906
f 2906 2894 2892
f 2874 2792 2870
f 2792 2787 2870
f 2870 2787 2786
f 2946 2948 2792
f 2948 2950 2792
f 2792 2950 2793
f 2950 2952 2793
f 2793 2952 2794
f 2952 2945 2794
f 2794 2945 2795
f 2945 2943 2795
f 2795 2943 2796
f 2943 2941 2796
f 2796 2941 2797
f 2941 2939 2797
f 2939 2937 2797
f 2797 2937 892
f 2937 2935 892
f 892 2935 2933
f 2525 853 821
f 853 838 821
f 821 838 822
f 839 2712 838
f 2712 2714 838
f 838 2714 822
f 2714 2716 822
f 822 2716 2720
f 2515 848 2517
f 848 846 2517
f 2517 846 2519
f 846 844 2519
f 2519 844 2521
f 844 842 2521
f 2521 842 2523
f 842 841 2523
f 2523 841 2525
f 841 854 2525
f 2525 854 853
f 2690 2699 2704
f 2513 839 2515
f 839 850 2515
f 2515 850 848
f 2690 2704 2677
f 2644 2491 2642
f 2660 2672 2651
f 2672 2675 2651
f 2651 2675 2647
f 2675 2645 2647
f 2513 2511 839
f 2511 2677 839
f 839 2677 2708
f 2677 2704 2708
f 2511 2509 2677
f 2509 2507 2677
f 2677 2507 2678
f 2507 2505 2678
f 2678 2505 2680
f 2505 2503 2680
f 2680 2503 2682
f 2503 2501 2682
f 2682 2501 2684
f 2501 2499 2684
f 2684 2499 2675
f 2499 2497 2675
f 2675 2497 2495
f 2644 2645 2491
f 2645 2675 2491
f 2491 2675 2493
f 2675 2495 2493
f 642 360 362
f 642 362 774
f 362 356 774
f 774 356 358
f 358 770 774
f 774 770 772
f 3286 3284 4339
f 3284 3282 4339
f 3262 3260 4335
f 3270 4334 3272
f 4334 3274 3272
f 3282 3280 4339
f 3280 3278 4339
f 4339 3278 4334
f 3278 3276 4334
f 4334 3276 3274
f 3270 3268 4334
f 3268 3266 4334
f 4334 3266 4335
f 3266 3264 4335
f 4335 3264 3262
f 3294 3292 678
f 3292 3290 678
f 678 3290 4339
f 3290 3288 4339
f 4339 3288 3286
f 3260 3258 4335
f 3258 3256 4335
f 4335 3256 676
f 3256 3254 676
f 3254 3300 676
f 3300 3298 676
f 676 3298 678
f 3298 3296 678
f 678 3296 3294
f 635 637 639
f 639 686 635
f 686 684 635
f 635 684 4339
f 684 682 4339
f 4339 682 680
f 449 447 4339
f 447 445 4339
f 4339 445 635
f 445 440 635
f 635 440 442
f 622 624 442
f 624 626 442
f 442 626 628
f 628 630 442
f 630 632 442
f 442 632 634
f 438 433 4341
f 433 435 4341
f 4341 435 437
f 415 417 420
f 417 431 420
f 420 431 421
f 431 423 421
f 429 427 431
f 427 425 431
f 431 425 423
f 4341 377 375
f 375 373 4341
f 373 415 4341
f 4341 415 438
f 415 420 438
f 367 412 369
f 412 415 369
f 369 415 371
f 415 373 371
f 4341 3326 3324
f 3334 3332 817
f 3332 3330 817
f 817 3330 3328
f 919 918 4341
f 918 817 4341
f 4341 817 3326
f 817 3328 3326
f 3304 3302 379
f 3302 823 379
f 379 823 2615
f 823 2618 2615
f 3302 3348 823
f 3348 3346 823
f 823 3346 3344
f 823 3338 817
f 3338 3336 817
f 817 3336 3334
f 3324 3322 4341
f 3322 3320 4341
f 4341 3320 3318
f 3318 3316 4341
f 3316 3314 4341
f 4341 3314 377
f 3314 3312 377
f 3312 3310 377
f 3310 3308 377
f 377 3308 379
f 3308 3306 379
f 379 3306 3304
f 3344 3342 823
f 3342 3340 823
f 823 3340 3338
f 342 340 339
f 348 346 364
f 364 346 350
f 346 354 350
f 354 346 339
f 346 344 339
f 339 344 342
f 2491 2536 2538
f 2538 2640 2491
f 2491 2640 2642
f 2631 2634 2636
f 2538 2542 2640
f 2542 2631 2640
f 2640 2631 2638
f 2631 2636 2638
f 3406 3404 4338
f 3404 3402 4338
f 821 3430 3428
f 3444 820 3398
f 820 4338 3398
f 3398 4338 3400
f 4338 3402 3400
f 3422 2525 3424
f 2525 821 3424
f 3424 821 3426
f 821 3428 3426
f 3444 3442 820
f 3442 3440 820
f 820 3440 3438
f 3438 3436 820
f 3436 3434 820
f 820 3434 821
f 3434 3432 821
f 821 3432 3430
f 3422 3420 2525
f 3420 3418 2525
f 2525 3418 2527
f 3418 3416 2527
f 2527 3416 3414
f 3414 3412 2527
f 3412 3410 2527
f 2527 3410 4338
f 3410 3408 4338
f 4338 3408 3406
f 2484 2486 2488
f 2488 2535 2484
f 2535 2533 2484
f 2484 2533 4338
f 2533 2531 4338
f 4338 2531 2529
f 3048 3150 4338
f 3150 2462 4338
f 4338 2462 2484
f 2462 2464 2484
f 2484 2464 2468
f 2477 2479 2468
f 2479 2481 2468
f 2468 2481 2483
f 2468 2471 2477
f 2471 2473 2477
f 2473 2475 2477
f 796 797 3031
f 797 3019 3031
f 3031 3019 3058
f 3019 3090 3058
f 3060 3058 3062
f 3058 3027 3062
f 3027 3058 3023
f 3058 3090 3023
f 3023 3090 3076
f 3090 3088 3076
f 3082 3080 3084
f 3088 3086 3076
f 3086 3084 3076
f 3076 3084 3078
f 3084 3080 3078
f 3071 3073 3062
f 3073 3075 3062
f 3062 3075 3060
f 3062 3065 3071
f 3071 3065 3069
f 3065 3067 3069
f 861 858 3007
f 858 2995 3007
f 3007 2995 3101
f 2995 3133 3101
f 3119 2999 3133
f 3133 2999 3101
f 2999 3003 3101
f 3101 3003 3105
f 3127 3125 3123
f 3133 3131 3119
f 3119 3131 3129
f 3129 3127 3119
f 3119 3127 3121
f 3127 3123 3121
f 3114 3116 3105
f 3116 3118 3105
f 3105 3118 3103
f 3105 3108 3114
f 3114 3108 3112
f 3108 3110 3112
f 2977 2979 4340
f 2979 3151 4340
f 4340 3151 3144
f 2967 2965 2963
f 2957 2959 2962
f 2959 2973 2962
f 2962 2973 2971
f 2971 2969 2962
f 2969 2967 2962
f 2967 2963 2962
f 4340 2919 2917
f 2917 2915 4340
f 2915 2957 4340
f 4340 2957 2977
f 2957 2962 2977
f 2909 2955 2911
f 2955 2957 2911
f 2911 2957 2913
f 2957 2915 2913
f 3378 2921 3380
f 2921 2919 3380
f 3380 2919 3382
f 4337 3370 3368
f 3360 3358 4333
f 3358 3356 4333
f 4333 3356 3354
f 3378 3376 2921
f 3376 3374 2921
f 2921 3374 4337
f 3374 3372 4337
f 4337 3372 3370
f 3368 3366 4337
f 3366 3364 4337
f 4337 3364 4333
f 3364 3362 4333
f 4333 3362 3360
f 3390 4340 3392
f 4340 3394 3392
f 3390 3388 4340
f 3388 3386 4340
f 4340 3386 2919
f 3386 3384 2919
f 2919 3384 3382
f 3354 3352 4333
f 3352 3350 4333
f 4333 3350 4340
f 3350 3396 4340
f 4340 3396 3394
f 2888 2886 2884
f 2892 2890 2906
f 2890 2888 2906
f 2906 2888 2900
f 2888 2896 2900
f 2884 2883 2888
f 2888 2883 2896
f 3441 3443 4390
f 3443 3397 4390
f 4390 3397 3399
f 3435 3437 4390
f 3437 3439 4390
f 4390 3439 3441
f 3429 3431 4390
f 3431 3433 4390
f 4390 3433 3435
f 3423 3425 4390
f 3425 3427 4390
f 4390 3427 3429
f 3417 3419 4390
f 3419 3421 4390
f 4390 3421 3423
f 3411 3413 4390
f 3413 3415 4390
f 4390 3415 3417
f 3405 3407 4390
f 3407 3409 4390
f 4390 3409 3411
f 3399 3401 4390
f 3401 3403 4390
f 4390 3403 3405
f 3393 3395 4391
f 3395 3349 4391
f 4391 3349 3351
f 3387 3389 4391
f 3389 3391 4391
f 4391 3391 3393
f 3381 3383 4391
f 3383 3385 4391
f 4391 3385 3387
f 3375 3377 4391
f 3377 3379 4391
f 4391 3379 3381
f 3369 3371 4391
f 3371 3373 4391
f 4391 3373 3375
f 3363 3365 4391
f 3365 3367 4391
f 4391 3367 3369
f 3357 3359 4391
f 3359 3361 4391
f 4391 3361 3363
f 3351 3353 4391
f 3353 3355 4391
f 4391 3355 3357
f 3345 3347 4392
f 3347 3301 4392
f 4392 3301 3303
f 3339 3341 4392
f 3341 3343 4392
f 4392 3343 3345
f 3333 3335 4392
f 3335 3337 4392
f 4392 3337 3339
f 3327 3329 4392
f 3329 3331 4392
f 4392 3331 3333
f 3321 3323 4392
f 3323 3325 4392
f 4392 3325 3327
f 3315 3317 4392
f 3317 3319 4392
f 4392 3319 3321
f 3309 3311 4392
f 3311 3313 4392
f 4392 3313 3315
f 3303 3305 4392
f 3305 3307 4392
f 4392 3307 3309
f 3297 3299 4393
f 3299 3253 4393
f 4393 3253 3255
f 3291 3293 4393
f 3293 3295 4393
f 4393 3295 3297
f 3285 3287 4393
f 3287 3289 4393
f 4393 3289 3291
f 3279 3281 4393
f 3281 3283 4393
f 4393 3283 3285
f 3273 3275 4393
f 3275 3277 4393
f 4393 3277 3279
f 3267 3269 4393
f 3269 3271 4393
f 4393 3271 3273
f 3261 3263 4393
f 3263 3265 4393
f 4393 3265 3267
f 3255 3257 4393
f 3257 3259 4393
f 4393 3259 3261
f 3238 3239 4394
f 3239 3240 4394
f 4394 3240 3241
f 3247 3243 4394
f 3243 3242 4394
f 4394 3242 3238
f 3244 3245 4394
f 3245 3246 4394
f 4394 3246 3247
f 3252 3249 4394
f 3249 3248 4394
f 4394 3248 3244
f 3231 3250 4394
f 3250 3251 4394
f 4394 3251 3252
f 3235 3229 4394
f 3229 3230 4394
f 4394 3230 3231
f 3232 3233 4394
f 3233 3234 4394
f 4394 3234 3235
f 3241 3237 4394
f 3237 3236 4394
f 4394 3236 3232
f 4368 4564 4445
f 4368 4445 4447
f 4368 4447 4446
f 4368 4446 4450
f 4368 4450 4451
f 4368 4451 4448
f 4368 4448 4452
f 4368 4452 4560
f 4564 4589 4377
f 4564 4377 4379
f 4564 4379 4378
f 4564 4378 4493
f 4564 4493 4495
f 4564 4495 4365
f 4564 4365 4518
f 4564 4518 4366
f 4564 4366 4414
f 4564 4414 4437
f 4564 4437 4445
f 4589 4385 4532
f 4589 4532 4533
f 4589 4533 4484
f 4589 4484 4480
f 4589 4480 4468
f 4589 4468 4469
f 4589 4469 4376
f 4589 4376 4377
f 4533 4563 4487
f 4533 4487 4484
f 4563 4587 4487
f 4587 4575 4487
f 4575 4585 4487
f 4585 4573 4487
f 4573 4348 4489
f 4573 4489 4487
f 4348 4347 4489
f 4347 4374 4491
f 4347 4418 4470
f 4347 4470 4489
f 4347 4486 4418
f 4347 4514 4486
f 4347 4488 4514
f 4347 4515 4488
f 4347 4490 4515
f 4347 4516 4490
f 4347 4491 4516
f 4374 4529 4373
f 4374 4466 4491
f 4374 4467 4466
f 4374 4409 4467
f 4374 4410 4409
f 4374 4413 4410
f 4374 4421 4413
f 4374 4373 4444
f 4374 4444 4372
f 4374 4372 4421
f 4529 4561 4373
f 4561 4581 4373
f 4581 4570 4439
f 4581 4439 4373
f 4570 4579 4439
f 4579 4583 4439
f 4583 4571 4439
f 4571 4519 4439
f 4519 4370 4548
f 4519 4548 4443
f 4519 4443 4439
f 4548 4369 4552
f 4548 4442 4453
f 4548 4453 4438
f 4548 4438 4443
f 4548 4552 4440
f 4548 4440 4442
f 4369 4562 4461
f 4369 4461 4481
f 4369 4481 4460
f 4369 4460 4485
f 4369 4485 4463
f 4369 4463 4508
f 4369 4508 4381
f 4369 4381 4382
f 4369 4382 4384
f 4369 4384 4554
f 4369 4554 4552
f 4562 4367 4475
f 4562 4475 4479
f 4562 4479 4474
f 4562 4474 4483
f 4562 4483 4473
f 4562 4473 4482
f 4562 4482 4461
f 4367 4560 4355
f 4367 4498 4478
f 4367 4478 4475
f 4367 4578 4356
f 4367 4535 4578
f 4367 4537 4535
f 4367 4580 4537
f 4367 4354 4580
f 4367 4355 4354
f 4367 4356 4498
f 4560 4452 4449
f 4560 4449 4441
f 4560 4441 4557
f 4560 4527 4355
f 4560 4524 4527
f 4560 4525 4524
f 4560 4530 4525
f 4560 4534 4530
f 4560 4557 4534
f 4499 4418 4486
f 4499 4513 4497
f 4499 4486 4513
f 4495 4502 4403
f 4495 4403 4365
f 4502 4503 4416
f 4502 4416 4403
f 4503 4380 4417
f 4503 4417 4416
f 4380 4430 4494
f 4380 4494 4417
f 4430 4472 4496
f 4430 4496 4494
f 4472 4471 4412
f 4472 4412 4496
f 4471 4477 4510
f 4471 4510 4549
f 4471 4549 4412
f 4477 4476 4512
f 4477 4512 4510
f 4476 4497 4509
f 4476 4509 4512
f 4497 4513 4509
f 4508 4462 4531
f 4508 4531 4381
f 4462 4464 4458
f 4462 4458 4531
f 4464 4465 4457
f 4464 4457 4458
f 4465 4404 4455
f 4465 4455 4457
f 4404 4517 4456
f 4404 4456 4455
f 4517 4405 4454
f 4517 4454 4456
f 4405 4501 4545
f 4405 4507 4454
f 4405 4545 4507
f 4501 4406 4539
f 4501 4539 4545
f 4406 4500 4550
f 4406 4550 4539
f 4500 4407 4567
f 4500 4567 4550
f 4407 4498 4356
f 4407 4356 4567
f 4420 4421 4435
f 4420 4435 4432
f 4420 4432 4505
f 4505 4432 4436
f 4505 4436 4419
f 4419 4436 4459
f 4419 4459 4507
f 4507 4459 4454
f 4507 4545 4504
f 4504 4541 4506
f 4504 4545 4541
f 4506 4543 4511
f 4506 4541 4543
f 4511 4542 4510
f 4511 4543 4542
f 4510 4542 4549
f 4421 4372 4435
f 4492 4411 4559
f 4492 4558 4415
f 4492 4559 4558
f 4411 4408 4547
f 4411 4547 4559
f 4408 4412 4549
f 4408 4549 4547
f 4441 4415 4557
f 4415 4558 4557
f 4662 4355 1799
f 4662 4354 4355
f 4358 4354 4662
f 4358 4580 4354
f 4357 4580 4358
f 4357 4537 4580
f 4664 4537 4357
f 4664 4535 4537
f 4661 4535 4664
f 4661 4578 4535
f 4349 4578 4661
f 4349 4356 4578
f 4350 4356 4349
f 4350 4567 4356
f 4637 4567 4350
f 4637 4550 4567
f 4576 4550 4637
f 4576 4539 4550
f 4643 4539 4576
f 4643 4545 4539
f 4577 4545 4643
f 4577 4541 4545
f 4644 4541 4577
f 4644 4543 4541
f 4565 4543 4644
f 4565 4542 4543
f 4566 4542 4565
f 4566 4549 4542
f 4371 4549 4566
f 4371 4547 4549
f 4346 4547 4371
f 4346 4559 4547
f 4657 4559 4346
f 4657 4558 4559
f 4658 4558 4657
f 4658 4557 4558
f 4659 4557 4658
f 4659 4534 4557
f 4656 4534 4659
f 4656 4530 4534
f 4538 4530 4656
f 4538 4525 4530
f 4660 4525 4538
f 4660 4524 4525
f 4536 4524 4660
f 4536 4527 4524
f 1799 4527 4536
f 1799 4355 4527
f 4352 4458 4431
f 4352 4531 4458
f 4351 4531 4352
f 4351 4381 4531
f 4609 4381 4351
f 4609 4382 4381
f 4569 4382 4609
f 4569 4384 4382
f 4639 4384 4569
f 4639 4554 4384
f 4572 4554 4639
f 4572 4552 4554
f 4613 4552 4572
f 4613 4440 4552
f 4388 4440 4613
f 4388 4442 4440
f 4612 4442 4388
f 4612 4453 4442
f 4389 4453 4612
f 4389 4438 4453
f 4623 4438 4389
f 4623 4443 4438
f 4610 4443 4623
f 4610 4439 4443
f 4621 4439 4610
f 4621 4373 4439
f 4620 4373 4621
f 4620 4444 4373
f 4598 4444 4620
f 4598 4372 4444
f 4359 4372 4598
f 4359 4435 4372
f 4595 4435 4359
f 4595 4432 4435
f 4353 4432 4595
f 4353 4436 4432
f 4596 4436 4353
f 4596 4459 4436
f 4607 4459 4596
f 4607 4454 4459
f 4568 4454 4607
f 4568 4456 4454
f 4608 4456 4568
f 4608 4455 4456
f 4526 4455 4608
f 4526 4457 4455
f 4431 4457 4526
f 4431 4458 4457
f 4651 4448 4594
f 4651 4452 4448
f 4387 4452 4651
f 4387 4449 4452
f 4650 4449 4387
f 4650 4441 4449
f 4342 4441 4650
f 4342 4415 4441
f 4345 4415 4342
f 4345 4492 4415
f 4343 4492 4345
f 4343 4411 4492
f 4364 4411 4343
f 4364 4408 4411
f 4363 4408 4364
f 4363 4412 4408
f 4635 4412 4363
f 4635 4496 4412
f 4630 4496 4635
f 4630 4494 4496
f 4626 4494 4630
f 4626 4417 4494
f 4614 4417 4626
f 4614 4416 4417
f 4616 4416 4614
f 4616 4403 4416
f 4399 4403 4616
f 4399 4365 4403
f 4398 4365 4399
f 4398 4518 4365
f 4397 4518 4398
f 4397 4366 4518
f 4655 4366 4397
f 4655 4414 4366
f 4649 4414 4655
f 4649 4437 4414
f 4654 4437 4649
f 4654 4445 4437
f 4625 4445 4654
f 4625 4447 4445
f 4653 4447 4625
f 4653 4446 4447
f 4624 4446 4653
f 4624 4450 4446
f 4652 4450 4624
f 4652 4451 4450
f 4594 4451 4652
f 4594 4448 4451
f 4632 4506 4633
f 4632 4504 4506
f 4615 4504 4632
f 4615 4507 4504
f 4631 4507 4615
f 4631 4419 4507
f 4617 4419 4631
f 4617 4505 4419
f 4599 4505 4617
f 4599 4420 4505
f 4396 4420 4599
f 4396 4421 4420
f 4395 4421 4396
f 4395 4413 4421
f 4642 4413 4395
f 4642 4410 4413
f 4645 4410 4642
f 4645 4409 4410
f 4641 4409 4645
f 4641 4467 4409
f 4646 4467 4641
f 4646 4466 4467
f 4640 4466 4646
f 4640 4491 4466
f 4647 4491 4640
f 4647 4516 4491
f 4628 4516 4647
f 4628 4490 4516
f 4402 4490 4628
f 4402 4515 4490
f 4611 4515 4402
f 4611 4488 4515
f 4428 4488 4611
f 4428 4514 4488
f 4429 4514 4428
f 4429 4486 4514
f 4600 4486 4429
f 4600 4513 4486
f 4605 4513 4600
f 4605 4509 4513
f 4648 4509 4605
f 4648 4512 4509
f 4634 4512 4648
f 4634 4510 4512
f 4627 4510 4634
f 4627 4511 4510
f 4633 4511 4627
f 4633 4506 4511
f 4386 4479 4433
f 4386 4474 4479
f 4422 4474 4386
f 4422 4483 4474
f 4401 4483 4422
f 4401 4473 4483
f 4400 4473 4401
f 4400 4482 4473
f 4425 4482 4400
f 4425 4461 4482
f 4424 4461 4425
f 4424 4481 4461
f 4423 4481 4424
f 4423 4460 4481
f 4602 4460 4423
f 4602 4485 4460
f 4362 4485 4602
f 4362 4463 4485
f 4361 4463 4362
f 4361 4508 4463
f 4360 4508 4361
f 4360 4462 4508
f 4597 4462 4360
f 4597 4464 4462
f 4622 4464 4597
f 4622 4465 4464
f 4619 4465 4622
f 4619 4404 4465
f 4618 4404 4619
f 4618 4517 4404
f 4604 4517 4618
f 4604 4405 4517
f 4603 4405 4604
f 4603 4501 4405
f 4629 4501 4603
f 4629 4406 4501
f 4636 4406 4629
f 4636 4500 4406
f 4606 4500 4636
f 4606 4407 4500
f 4601 4407 4606
f 4601 4498 4407
f 4427 4498 4601
f 4427 4478 4498
f 4434 4478 4427
f 4434 4475 4478
f 4433 4475 4434
f 4433 4479 4475
f 4546 4503 4592
f 4546 4380 4503
f 4593 4380 4546
f 4593 4430 4380
f 4540 4430 4593
f 4540 4472 4430
f 4383 4472 4540
f 4383 4471 4472
f 4344 4471 4383
f 4344 4477 4471
f 4426 4477 4344
f 4426 4476 4477
f 4375 4476 4426
f 4375 4497 4476
f 4520 4497 4375
f 4520 4499 4497
f 4528 4499 4520
f 4528 4418 4499
f 4591 4418 4528
f 4591 4470 4418
f 4523 4470 4591
f 4523 4489 4470
f 4522 4489 4523
f 4522 4487 4489
f 4521 4487 4522
f 4521 4484 4487
f 4590 4484 4521
f 4590 4480 4484
f 4556 4480 4590
f 4556 4468 4480
f 4588 4468 4556
f 4588 4469 4468
f 4555 4469 4588
f 4555 4376 4469
f 4586 4376 4555
f 4586 4377 4376
f 4553 4377 4586
f 4553 4379 4377
f 4584 4379 4553
f 4584 4378 4379
f 4551 4378 4584
f 4551 4493 4378
f 4582 4493 4551
f 4582 4495 4493
f 4544 4495 4582
f 4544 4502 4495
f 4592 4502 4544
f 4592 4503 4502
f 4574 4564 4368
f 4589 4564 4638
f 4574 4638 4564
f 4638 4385 4589
f 4533 4638 4563
f 4563 4638 4587
f 4665 4587 4638
f 4575 4587 4665
f 4665 4585 4575
f 4573 4585 4665
f 4348 4573 4665
f 4665 4583 4579
f 4665 4571 4583
f 4665 4581 4561
f 4570 4581 4665
f 4579 4570 4665
f 4665 4347 4348
f 4374 4347 4665
f 4529 4374 4665
f 4519 4571 4665
f 4665 4561 4529
f 4665 4370 4519
f 4532 4638 4533
f 4385 4638 4532
f 4665 4548 4370
f 4369 4548 4665
f 4663 4369 4665
f 4663 4562 4369
f 4367 4663 4560
f 4574 4560 4663
f 4574 4368 4560
f 4367 4562 4663
f 4375 4426 2027
f 2025 4375 2027
f 4520 4375 2025
f 2023 4520 2025
f 4528 4520 2023
f 2021 4528 2023
f 4591 4528 2021
f 2019 4591 2021
f 4523 4591 2019
f 2017 4523 2019
f 4522 4523 2017
f 2015 4522 2017
f 4521 4522 2015
f 2013 4521 2015
f 4590 4521 2013
f 2011 4590 2013
f 4556 4590 2011
f 2009 4556 2011
f 4588 4556 2009
f 2007 4588 2009
f 4555 4588 2007
f 2005 4555 2007
f 4586 4555 2005
f 2003 4586 2005
f 4553 4586 2003
f 2049 4553 2003
f 4584 4553 2049
f 2047 4584 2049
f 4551 4584 2047
f 2045 4551 2047
f 4582 4551 2045
f 2043 4582 2045
f 4544 4582 2043
f 2041 4544 2043
f 4592 4544 2041
f 2039 4592 2041
f 4546 4592 2039
f 2037 4546 2039
f 4593 4546 2037
f 2035 4593 2037
f 4540 4593 2035
f 2033 4540 2035
f 4383 4540 2033
f 2031 4383 2033
f 4344 4383 2031
f 2029 4344 2031
f 4426 4344 2029
f 2027 4426 2029
f 4427 4601 2093
f 2091 4427 2093
f 4434 4427 2091
f 2089 4434 2091
f 4433 4434 2089
f 2087 4433 2089
f 4386 4433 2087
f 2085 4386 2087
f 4422 4386 2085
f 2083 4422 2085
f 4401 4422 2083
f 2081 4401 2083
f 4400 4401 2081
f 2079 4400 2081
f 4425 4400 2079
f 2077 4425 2079
f 4424 4425 2077
f 2075 4424 2077
f 4423 4424 2075
f 2073 4423 2075
f 4602 4423 2073
f 2071 4602 2073
f 4362 4602 2071
f 2069 4362 2071
f 4361 4362 2069
f 2067 4361 2069
f 4360 4361 2067
f 2065 4360 2067
f 4597 4360 2065
f 2063 4597 2065
f 4622 4597 2063
f 2061 4622 2063
f 4619 4622 2061
f 2059 4619 2061
f 4618 4619 2059
f 2057 4618 2059
f 4604 4618 2057
f 2055 4604 2057
f 4603 4604 2055
f 2053 4603 2055
f 4629 4603 2053
f 2051 4629 2053
f 4636 4629 2051
f 2097 4636 2051
f 4606 4636 2097
f 2095 4606 2097
f 4601 4606 2095
f 2093 4601 2095
f 4642 4395 2337
f 2335 4642 2337
f 4645 4642 2335
f 2333 4645 2335
f 4641 4645 2333
f 2331 4641 2333
f 4646 4641 2331
f 2329 4646 2331
f 4640 4646 2329
f 2327 4640 2329
f 4647 4640 2327
f 2325 4647 2327
f 4628 4647 2325
f 2323 4628 2325
f 4402 4628 2323
f 2321 4402 2323
f 4611 4402 2321
f 2319 4611 2321
f 4428 4611 2319
f 2317 4428 2319
f 4429 4428 2317
f 2315 4429 2317
f 4600 4429 2315
f 2361 4600 2315
f 4605 4600 2361
f 2359 4605 2361
f 4648 4605 2359
f 2357 4648 2359
f 4634 4648 2357
f 2355 4634 2357
f 4627 4634 2355
f 2353 4627 2355
f 4633 4627 2353
f 2351 4633 2353
f 4632 4633 2351
f 2349 4632 2351
f 4615 4632 2349
f 2347 4615 2349
f 4631 4615 2347
f 2345 4631 2347
f 4617 4631 2345
f 2343 4617 2345
f 4599 4617 2343
f 2341 4599 2343
f 4396 4599 2341
f 2339 4396 2341
f 4395 4396 2339
f 2337 4395 2339
f 4342 4650 1985
f 1983 4342 1985
f 4345 4342 1983
f 1981 4345 1983
f 4343 4345 1981
f 1979 4343 1981
f 4364 4343 1979
f 1977 4364 1979
f 4363 4364 1977
f 1975 4363 1977
f 4635 4363 1975
f 1973 4635 1975
f 4630 4635 1973
f 1971 4630 1973
f 4626 4630 1971
f 1969 4626 1971
f 4614 4626 1969
f 1967 4614 1969
f 4616 4614 1967
f 1965 4616 1967
f 4399 4616 1965
f 1963 4399 1965
f 4398 4399 1963
f 1961 4398 1963
f 4397 4398 1961
f 1959 4397 1961
f 4655 4397 1959
f 1957 4655 1959
f 4649 4655 1957
f 1955 4649 1957
f 4654 4649 1955
f 2001 4654 1955
f 4625 4654 2001
f 1999 4625 2001
f 4653 4625 1999
f 1997 4653 1999
f 4624 4653 1997
f 1995 4624 1997
f 4652 4624 1995
f 1993 4652 1995
f 4594 4652 1993
f 1991 4594 1993
f 4651 4594 1991
f 1989 4651 1991
f 4387 4651 1989
f 1987 4387 1989
f 4650 4387 1987
f 1985 4650 1987
f 4613 4572 2123
f 2121 4613 2123
f 4388 4613 2121
f 2119 4388 2121
f 4612 4388 2119
f 2117 4612 2119
f 4389 4612 2117
f 2115 4389 2117
f 4623 4389 2115
f 2113 4623 2115
f 4610 4623 2113
f 2111 4610 2113
f 4621 4610 2111
f 2109 4621 2111
f 4620 4621 2109
f 2107 4620 2109
f 4598 4620 2107
f 2105 4598 2107
f 4359 4598 2105
f 2103 4359 2105
f 4595 4359 2103
f 2101 4595 2103
f 4353 4595 2101
f 2099 4353 2101
f 4596 4353 2099
f 2145 4596 2099
f 4607 4596 2145
f 2143 4607 2145
f 4568 4607 2143
f 2141 4568 2143
f 4608 4568 2141
f 2139 4608 2141
f 4526 4608 2139
f 2137 4526 2139
f 4431 4526 2137
f 2135 4431 2137
f 4352 4431 2135
f 2133 4352 2135
f 4351 4352 2133
f 2131 4351 2133
f 4609 4351 2131
f 2129 4609 2131
f 4569 4609 2129
f 2127 4569 2129
f 4639 4569 2127
f 2125 4639 2127
f 4572 4639 2125
f 2123 4572 2125
f 1800 4665 4638
f 1809 1800 4638
f 3446 4574 4663
f 1798 3446 4663
f 4574 3449 3453
f 3452 4574 3453
f 4638 4574 3452
f 3451 4638 3452
f 1809 4638 3451
f 3447 3449 4574
f 3446 3447 4574
f 4637 4350 2289
f 2287 4637 2289
f 4576 4637 2287
f 2285 4576 2287
f 4643 4576 2285
f 2283 4643 2285
f 4577 4643 2283
f 2281 4577 2283
f 4644 4577 2281
f 2279 4644 2281
f 4565 4644 2279
f 2277 4565 2279
f 4566 4565 2277
f 2275 4566 2277
f 4371 4566 2275
f 2273 4371 2275
f 4346 4371 2273
f 2271 4346 2273
f 4657 4346 2271
f 2269 4657 2271
f 4658 4657 2269
f 2267 4658 2269
f 4659 4658 2267
f 2265 4659 2267
f 4656 4659 2265
f 2263 4656 2265
f 4538 4656 2263
f 2261 4538 2263
f 4660 4538 2261
f 2259 4660 2261
f 4536 4660 2259
f 2257 4536 2259
f 1799 4536 2257
f 2255 1799 2257
f 4662 1799 2255
f 2253 4662 2255
f 4358 4662 2253
f 2251 4358 2253
f 4357 4358 2251
f 2249 4357 2251
f 4664 4357 2249
f 2247 4664 2249
f 4661 4664 2247
f 2245 4661 2247
f 4349 4661 2245
f 2243 4349 2245
f 4350 4349 2243
f 2289 4350 2243
f 4663 1803 1805
f 1804 4663 1805
f 1798 4663 1804
f 4665 1803 4663
f 1802 1803 4665
f 1801 1802 4665
f 4665 1800 1801
# 4665 vertices
# 0 texture params
# 0 normals
# 9390 facets

# 1 groups
